#pragma once
#include <stdint.h>

#define ICON_SPOTIFY_WIDTH 80
#define ICON_SPOTIFY_HEIGHT 80
// RGB565A8: 6400 RGB565 pixels (little-endian) followed by 6400 alpha bytes
// Source: assets/icon_spotify.png (Spotify logo), resized 50->80, colors preserved (no tint)
static const uint8_t icon_spotify_data[19200] = {
    0x00, 0x00, 0x00, 0x00, 0x00, 0x00, 0x00, 0x00, 0x00, 0x00, 0x00, 0x00, 0x00, 0x00, 0x00, 0x00,
    0x00, 0x00, 0x00, 0x00, 0x00, 0x00, 0x00, 0x00, 0x00, 0x00, 0x00, 0x00, 0x00, 0x00, 0x00, 0x00,
    0x00, 0x00, 0x00, 0x00, 0x00, 0x00, 0x00, 0x00, 0x00, 0x00, 0x00, 0x00, 0x00, 0x00, 0xE0, 0x07,
    0xEF, 0x07, 0x4A, 0x05, 0x4A, 0x05, 0xEF, 0x07, 0xE0, 0x07, 0x00, 0x00, 0x00, 0x00, 0x00, 0x00,
    0x00, 0x00, 0x00, 0x00, 0x00, 0x00, 0x00, 0x00, 0xEA, 0x57, 0x0B, 0x1E, 0x8C, 0x26, 0xCB, 0x26,
    0x0C, 0x1F, 0x8B, 0x26, 0x0D, 0x1E, 0xAA, 0x52, 0x00, 0x00, 0x00, 0x00, 0x00, 0x00, 0x00, 0x00,
    0x00, 0x00, 0x00, 0x00, 0x00, 0x00, 0xE0, 0x07, 0xEF, 0x07, 0x4A, 0x05, 0x4A, 0x05, 0xEF, 0x07,
    0xE0, 0x07, 0x00, 0x00, 0x00, 0x00, 0x00, 0x00, 0x00, 0x00, 0x00, 0x00, 0x00, 0x00, 0x00, 0x00,
    0x00, 0x00, 0x00, 0x00, 0x00, 0x00, 0x00, 0x00, 0x00, 0x00, 0x00, 0x00, 0x00, 0x00, 0x00, 0x00,
    0x00, 0x00, 0x00, 0x00, 0x00, 0x00, 0x00, 0x00, 0x00, 0x00, 0x00, 0x00, 0x00, 0x00, 0x00, 0x00,
    0x00, 0x00, 0x00, 0x00, 0x00, 0x00, 0x00, 0x00, 0x00, 0x00, 0x00, 0x00, 0x00, 0x00, 0x00, 0x00,
    0x00, 0x00, 0x00, 0x00, 0x00, 0x00, 0x00, 0x00, 0x00, 0x00, 0x00, 0x00, 0x00, 0x00, 0x00, 0x00,
    0x00, 0x00, 0x00, 0x00, 0x00, 0x00, 0x00, 0x00, 0xE0, 0x07, 0xEF, 0x03, 0xEF, 0x03, 0x00, 0x00,
    0x00, 0x00, 0x00, 0x00, 0x00, 0x00, 0x00, 0x00, 0xEF, 0x03, 0xEB, 0x1E, 0x8B, 0x1E, 0xAB, 0x1E,
    0xAC, 0x1E, 0xAC, 0x1E, 0xCC, 0x1E, 0xCB, 0x1E, 0xAB, 0x1E, 0xAB, 0x1E, 0xAB, 0x1E, 0xCB, 0x1E,
    0xAC, 0x1E, 0xAC, 0x1E, 0xAC, 0x1E, 0xAB, 0x1E, 0xAB, 0x1E, 0xAC, 0x1E, 0xAC, 0x1E, 0xCC, 0x1E,
    0xAB, 0x1E, 0xCB, 0x1E, 0xEC, 0x26, 0xFF, 0x07, 0x00, 0x00, 0x00, 0x00, 0x00, 0x00, 0x00, 0x00,
    0x00, 0x00, 0xE0, 0x03, 0xEF, 0x03, 0xE0, 0x07, 0x00, 0x00, 0x00, 0x00, 0x00, 0x00, 0x00, 0x00,
    0x00, 0x00, 0x00, 0x00, 0x00, 0x00, 0x00, 0x00, 0x00, 0x00, 0x00, 0x00, 0x00, 0x00, 0x00, 0x00,
    0x00, 0x00, 0x00, 0x00, 0x00, 0x00, 0x00, 0x00, 0x00, 0x00, 0x00, 0x00, 0x00, 0x00, 0x00, 0x00,
    0x00, 0x00, 0x00, 0x00, 0x00, 0x00, 0x00, 0x00, 0x00, 0x00, 0x00, 0x00, 0x00, 0x00, 0x00, 0x00,
    0x00, 0x00, 0x00, 0x00, 0x00, 0x00, 0x00, 0x00, 0x00, 0x00, 0x00, 0x00, 0x00, 0x00, 0x00, 0x00,
    0x00, 0x00, 0x00, 0x00, 0x00, 0x00, 0x00, 0x00, 0x00, 0x00, 0x00, 0x00, 0x00, 0x00, 0x00, 0x00,
    0x55, 0x05, 0x29, 0x16, 0xCB, 0x1E, 0xCB, 0x1E, 0xCC, 0x1E, 0xAC, 0x1E, 0xCB, 0x1E, 0xCB, 0x1E,
    0xAC, 0x1E, 0xAC, 0x1E, 0xAB, 0x1E, 0xCC, 0x1E, 0xEC, 0x1E, 0x0C, 0x1F, 0xEC, 0x1E, 0xEC, 0x1E,
    0xEC, 0x1E, 0xEC, 0x1E, 0x0C, 0x1F, 0xEC, 0x1E, 0xCC, 0x1E, 0xAB, 0x1E, 0xAC, 0x1E, 0xCB, 0x1E,
    0xCC, 0x1E, 0xCC, 0x1E, 0xAC, 0x1E, 0xEC, 0x1E, 0x0C, 0x1F, 0x0C, 0x1F, 0xAA, 0x16, 0x4A, 0x05,
    0x00, 0x00, 0x00, 0x00, 0x00, 0x00, 0x00, 0x00, 0x00, 0x00, 0x00, 0x00, 0x00, 0x00, 0x00, 0x00,
    0x00, 0x00, 0x00, 0x00, 0x00, 0x00, 0x00, 0x00, 0x00, 0x00, 0x00, 0x00, 0x00, 0x00, 0x00, 0x00,
    0x00, 0x00, 0x00, 0x00, 0x00, 0x00, 0x00, 0x00, 0x00, 0x00, 0x00, 0x00, 0x00, 0x00, 0x00, 0x00,
    0x00, 0x00, 0x00, 0x00, 0x00, 0x00, 0x00, 0x00, 0x00, 0x00, 0x00, 0x00, 0x00, 0x00, 0x00, 0x00,
    0x00, 0x00, 0x00, 0x00, 0x00, 0x00, 0x00, 0x00, 0x00, 0x00, 0x00, 0x00, 0x00, 0x00, 0x00, 0x00,
    0x00, 0x00, 0x00, 0x00, 0xEF, 0x07, 0x4A, 0x05, 0xEF, 0x03, 0x00, 0x00, 0x00, 0x00, 0x2C, 0x37,
    0x8C, 0x1E, 0xAC, 0x1E, 0xCC, 0x1E, 0xAC, 0x1E, 0xCC, 0x1E, 0xAC, 0x1E, 0xAB, 0x1E, 0xCC, 0x1E,
    0xCC, 0x1E, 0xEC, 0x1E, 0x0C, 0x27, 0x2C, 0x27, 0x2C, 0x27, 0x2C, 0x27, 0x2C, 0x27, 0x2C, 0x27,
    0x2C, 0x27, 0x2C, 0x27, 0x2C, 0x27, 0x2C, 0x27, 0x2C, 0x27, 0x0C, 0x27, 0xEC, 0x1E, 0xCC, 0x1E,
    0xCC, 0x1E, 0xCC, 0x1E, 0xAC, 0x1E, 0xCC, 0x1E, 0xAC, 0x1E, 0xCC, 0x1E, 0xCC, 0x1E, 0xAC, 0x1E,
    0x2C, 0x37, 0x00, 0x00, 0x00, 0x00, 0xEF, 0x03, 0xAA, 0x06, 0xEF, 0x07, 0x00, 0x00, 0x00, 0x00,
    0x00, 0x00, 0x00, 0x00, 0x00, 0x00, 0x00, 0x00, 0x00, 0x00, 0x00, 0x00, 0x00, 0x00, 0x00, 0x00,
    0x00, 0x00, 0x00, 0x00, 0x00, 0x00, 0x00, 0x00, 0x00, 0x00, 0x00, 0x00, 0x00, 0x00, 0x00, 0x00,
    0x00, 0x00, 0x00, 0x00, 0x00, 0x00, 0x00, 0x00, 0x00, 0x00, 0x00, 0x00, 0x00, 0x00, 0x00, 0x00,
    0x00, 0x00, 0x00, 0x00, 0x00, 0x00, 0x00, 0x00, 0x00, 0x00, 0x00, 0x00, 0x00, 0x00, 0x00, 0x00,
    0xE0, 0x07, 0xE0, 0x07, 0x00, 0x00, 0x00, 0x00, 0x00, 0x00, 0x2C, 0x1F, 0xAC, 0x1E, 0xAC, 0x1E,
    0xAC, 0x1E, 0xAB, 0x1E, 0xAC, 0x1E, 0xAC, 0x1E, 0xEC, 0x1E, 0x2C, 0x27, 0x0C, 0x1F, 0xCC, 0x1E,
    0xAC, 0x1E, 0xAB, 0x1E, 0xAB, 0x1E, 0xAC, 0x1E, 0xAB, 0x1E, 0xAB, 0x1E, 0xAC, 0x1E, 0xAC, 0x1E,
    0xAC, 0x1E, 0xAC, 0x1E, 0xAB, 0x1E, 0xAB, 0x1E, 0xAC, 0x1E, 0xAB, 0x1E, 0xAB, 0x1E, 0xAC, 0x1E,
    0xCC, 0x1E, 0x0C, 0x1F, 0x2C, 0x27, 0xEC, 0x1E, 0xAC, 0x1E, 0xAC, 0x1E, 0xAB, 0x1E, 0xCB, 0x1E,
    0xAB, 0x1E, 0xAC, 0x1E, 0x2B, 0x16, 0x00, 0x00, 0x00, 0x00, 0x00, 0x00, 0xE0, 0x07, 0xE0, 0x07,
    0x00, 0x00, 0x00, 0x00, 0x00, 0x00, 0x00, 0x00, 0x00, 0x00, 0x00, 0x00, 0x00, 0x00, 0x00, 0x00,
    0x00, 0x00, 0x00, 0x00, 0x00, 0x00, 0x00, 0x00, 0x00, 0x00, 0x00, 0x00, 0x00, 0x00, 0x00, 0x00,
    0x00, 0x00, 0x00, 0x00, 0x00, 0x00, 0x00, 0x00, 0x00, 0x00, 0x00, 0x00, 0x00, 0x00, 0x00, 0x00,
    0x00, 0x00, 0x00, 0x00, 0x00, 0x00, 0x00, 0x00, 0x00, 0x00, 0x00, 0x00, 0x00, 0x00, 0x00, 0x00,
    0xE0, 0x07, 0xFF, 0x07, 0x00, 0x00, 0x00, 0x00, 0xAB, 0x26, 0xAC, 0x1E, 0xAC, 0x1E, 0xAC, 0x1E,
    0xAC, 0x1E, 0xAC, 0x1E, 0xAC, 0x1E, 0xCC, 0x1E, 0xCC, 0x1E, 0xCC, 0x1E, 0xCC, 0x1E, 0xCC, 0x1E,
    0xCC, 0x1E, 0xAC, 0x1E, 0xAC, 0x1E, 0xAC, 0x1E, 0xAC, 0x1E, 0xAC, 0x1E, 0xAC, 0x1E, 0xAC, 0x1E,
    0xAC, 0x1E, 0xAC, 0x1E, 0xAC, 0x1E, 0xAC, 0x1E, 0xAC, 0x1E, 0xAC, 0x1E, 0xAC, 0x1E, 0xCC, 0x1E,
    0xCC, 0x1E, 0xCC, 0x1E, 0xCC, 0x1E, 0xCC, 0x1E, 0xCC, 0x1E, 0xAC, 0x1E, 0xAC, 0x1E, 0xAC, 0x1E,
    0xAB, 0x1E, 0xAC, 0x1E, 0x8C, 0x1E, 0xAB, 0x26, 0x00, 0x00, 0x00, 0x00, 0xEF, 0x03, 0xE0, 0x07,
    0x00, 0x00, 0x00, 0x00, 0x00, 0x00, 0x00, 0x00, 0x00, 0x00, 0x00, 0x00, 0x00, 0x00, 0x00, 0x00,
    0x00, 0x00, 0x00, 0x00, 0x00, 0x00, 0x00, 0x00, 0x00, 0x00, 0x00, 0x00, 0x00, 0x00, 0x00, 0x00,
    0x00, 0x00, 0x00, 0x00, 0x00, 0x00, 0x00, 0x00, 0x00, 0x00, 0x00, 0x00, 0x00, 0x00, 0x00, 0x00,
    0x00, 0x00, 0x00, 0x00, 0x00, 0x00, 0x00, 0x00, 0x00, 0x00, 0x00, 0x00, 0xEF, 0x07, 0xEF, 0x07,
    0x00, 0x00, 0x00, 0x00, 0xEB, 0x1E, 0xAB, 0x1E, 0xAB, 0x1E, 0xAC, 0x1E, 0xAC, 0x1E, 0xAC, 0x1E,
    0xEC, 0x1E, 0xEC, 0x1E, 0xCC, 0x1E, 0xAC, 0x1E, 0xAB, 0x1E, 0xAC, 0x1E, 0xAC, 0x1E, 0xAB, 0x1E,
    0xAC, 0x1E, 0xAC, 0x1E, 0xAC, 0x1E, 0xAC, 0x1E, 0xAC, 0x1E, 0xAC, 0x1E, 0xAC, 0x1E, 0xAC, 0x1E,
    0xAC, 0x1E, 0xAC, 0x1E, 0xAC, 0x1E, 0xAC, 0x1E, 0xAC, 0x1E, 0xAC, 0x1E, 0xAC, 0x1E, 0xAC, 0x1E,
    0xAB, 0x1E, 0xAC, 0x1E, 0xAC, 0x1E, 0xAB, 0x1E, 0xAC, 0x1E, 0xCC, 0x1E, 0xEC, 0x1E, 0xEC, 0x1E,
    0xAB, 0x1E, 0xAC, 0x1E, 0xAB, 0x1E, 0xAB, 0x1E, 0xAB, 0x1E, 0xEC, 0x26, 0x00, 0x00, 0x00, 0x00,
    0xEF, 0x07, 0xEF, 0x07, 0x00, 0x00, 0x00, 0x00, 0x00, 0x00, 0x00, 0x00, 0x00, 0x00, 0x00, 0x00,
    0x00, 0x00, 0x00, 0x00, 0x00, 0x00, 0x00, 0x00, 0x00, 0x00, 0x00, 0x00, 0x00, 0x00, 0x00, 0x00,
    0x00, 0x00, 0x00, 0x00, 0x00, 0x00, 0x00, 0x00, 0x00, 0x00, 0x00, 0x00, 0x00, 0x00, 0x00, 0x00,
    0x00, 0x00, 0x00, 0x00, 0x00, 0x00, 0x00, 0x00, 0x00, 0x00, 0x00, 0x00, 0x00, 0x00, 0x00, 0x00,
    0x0A, 0x1F, 0xAC, 0x26, 0xCC, 0x1E, 0xAB, 0x1E, 0xAB, 0x1E, 0xAC, 0x1E, 0xAC, 0x1E, 0xAC, 0x1E,
    0xAC, 0x1E, 0xAC, 0x1E, 0xAB, 0x1E, 0xAC, 0x1E, 0xAC, 0x1E, 0xAC, 0x1E, 0xAC, 0x1E, 0xAC, 0x1E,
    0xAC, 0x1E, 0xAC, 0x1E, 0xAC, 0x1E, 0xAC, 0x1E, 0xAC, 0x1E, 0xAC, 0x1E, 0xAC, 0x1E, 0xAC, 0x1E,
    0xAC, 0x1E, 0xAC, 0x1E, 0xAC, 0x1E, 0xAC, 0x1E, 0xAC, 0x1E, 0xAC, 0x1E, 0xAC, 0x1E, 0xAC, 0x1E,
    0xAC, 0x1E, 0xAC, 0x1E, 0xAC, 0x1E, 0xAC, 0x1E, 0xAC, 0x1E, 0xAB, 0x1E, 0xAC, 0x1E, 0xAC, 0x1E,
    0xAC, 0x1E, 0xAC, 0x1E, 0xAC, 0x1E, 0xAB, 0x1E, 0xAB, 0x1E, 0xCC, 0x1E, 0xAC, 0x26, 0x2A, 0x1E,
    0x00, 0x00, 0x00, 0x00, 0x00, 0x00, 0x00, 0x00, 0x00, 0x00, 0x00, 0x00, 0x00, 0x00, 0x00, 0x00,
    0x00, 0x00, 0x00, 0x00, 0x00, 0x00, 0x00, 0x00, 0x00, 0x00, 0x00, 0x00, 0x00, 0x00, 0x00, 0x00,
    0x00, 0x00, 0x00, 0x00, 0x00, 0x00, 0x00, 0x00, 0x00, 0x00, 0x00, 0x00, 0x00, 0x00, 0x00, 0x00,
    0x00, 0x00, 0x00, 0x00, 0x00, 0x00, 0x00, 0x00, 0xEA, 0x07, 0xE7, 0x05, 0x00, 0x00, 0xCD, 0x26,
    0xCB, 0x1E, 0xCB, 0x1E, 0xAB, 0x1E, 0xCC, 0x1E, 0xCC, 0x1E, 0xCC, 0x1E, 0xCC, 0x1E, 0xCC, 0x1E,
    0xAC, 0x1E, 0xAC, 0x1E, 0xAC, 0x1E, 0xAC, 0x1E, 0xAC, 0x1E, 0xAC, 0x1E, 0xAC, 0x1E, 0xAC, 0x1E,
    0xAC, 0x1E, 0xAC, 0x1E, 0xAC, 0x1E, 0xAC, 0x1E, 0xAC, 0x1E, 0xAC, 0x1E, 0xAC, 0x1E, 0xAC, 0x1E,
    0xAC, 0x1E, 0xAC, 0x1E, 0xAC, 0x1E, 0xAC, 0x1E, 0xAC, 0x1E, 0xAC, 0x1E, 0xAC, 0x1E, 0xAC, 0x1E,
    0xAC, 0x1E, 0xAC, 0x1E, 0xAC, 0x1E, 0xAC, 0x1E, 0xAC, 0x1E, 0xAC, 0x1E, 0xAC, 0x1E, 0xAC, 0x1E,
    0xCC, 0x1E, 0xCC, 0x1E, 0xCC, 0x1E, 0xCC, 0x1E, 0xCC, 0x1E, 0xCB, 0x1E, 0xAB, 0x1E, 0xAB, 0x1E,
    0x89, 0x24, 0x00, 0x00, 0xE7, 0x05, 0xEA, 0x07, 0x00, 0x00, 0x00, 0x00, 0x00, 0x00, 0x00, 0x00,
    0x00, 0x00, 0x00, 0x00, 0x00, 0x00, 0x00, 0x00, 0x00, 0x00, 0x00, 0x00, 0x00, 0x00, 0x00, 0x00,
    0x00, 0x00, 0x00, 0x00, 0x00, 0x00, 0x00, 0x00, 0x00, 0x00, 0x00, 0x00, 0x00, 0x00, 0x00, 0x00,
    0x00, 0x00, 0x00, 0x00, 0xE0, 0x07, 0xEA, 0x07, 0x00, 0x00, 0x00, 0x00, 0xCB, 0x26, 0xAB, 0x1E,
    0xAB, 0x1E, 0xCC, 0x1E, 0xEC, 0x1E, 0xEC, 0x1E, 0xAB, 0x1E, 0xAB, 0x1E, 0xAB, 0x1E, 0xAC, 0x1E,
    0xAC, 0x1E, 0xAC, 0x1E, 0xAC, 0x1E, 0xAC, 0x1E, 0xAC, 0x1E, 0xAC, 0x1E, 0xAC, 0x1E, 0xAC, 0x1E,
    0xAC, 0x1E, 0xAC, 0x1E, 0xAC, 0x1E, 0xAC, 0x1E, 0xAC, 0x1E, 0xAC, 0x1E, 0xAC, 0x1E, 0xAC, 0x1E,
    0xAC, 0x1E, 0xAC, 0x1E, 0xAC, 0x1E, 0xAC, 0x1E, 0xAC, 0x1E, 0xAC, 0x1E, 0xAC, 0x1E, 0xAC, 0x1E,
    0xAC, 0x1E, 0xAC, 0x1E, 0xAC, 0x1E, 0xAC, 0x1E, 0xAC, 0x1E, 0xAC, 0x1E, 0xAC, 0x1E, 0xAC, 0x1E,
    0xAC, 0x1E, 0xAB, 0x1E, 0xAB, 0x1E, 0xAB, 0x1E, 0xEC, 0x1E, 0x0C, 0x1F, 0xCC, 0x1E, 0xAB, 0x1E,
    0xAC, 0x1E, 0x8B, 0x26, 0x00, 0x00, 0x00, 0x00, 0xEA, 0x07, 0x00, 0x00, 0x00, 0x00, 0x00, 0x00,
    0x00, 0x00, 0x00, 0x00, 0x00, 0x00, 0x00, 0x00, 0x00, 0x00, 0x00, 0x00, 0x00, 0x00, 0x00, 0x00,
    0x00, 0x00, 0x00, 0x00, 0x00, 0x00, 0x00, 0x00, 0x00, 0x00, 0x00, 0x00, 0x00, 0x00, 0x00, 0x00,
    0x00, 0x00, 0x00, 0x00, 0x00, 0x00, 0xE0, 0x07, 0xE0, 0x07, 0xAB, 0x1E, 0xCB, 0x1E, 0xAB, 0x1E,
    0xCC, 0x1E, 0xCC, 0x1E, 0xAC, 0x1E, 0xAC, 0x1E, 0xAC, 0x1E, 0xAC, 0x1E, 0xAC, 0x1E, 0xAC, 0x1E,
    0xAC, 0x1E, 0xAC, 0x1E, 0xAC, 0x1E, 0xAC, 0x1E, 0xAC, 0x1E, 0xAC, 0x1E, 0xAC, 0x1E, 0xAC, 0x1E,
    0xAC, 0x1E, 0xAC, 0x1E, 0xAC, 0x1E, 0xAC, 0x1E, 0xAC, 0x1E, 0xAC, 0x1E, 0xAC, 0x1E, 0xAC, 0x1E,
    0xAC, 0x1E, 0xAC, 0x1E, 0xAC, 0x1E, 0xAC, 0x1E, 0xAC, 0x1E, 0xAC, 0x1E, 0xAC, 0x1E, 0xAC, 0x1E,
    0xAC, 0x1E, 0xAC, 0x1E, 0xAC, 0x1E, 0xAC, 0x1E, 0xAC, 0x1E, 0xAC, 0x1E, 0xAC, 0x1E, 0xAC, 0x1E,
    0xAC, 0x1E, 0xAC, 0x1E, 0xAC, 0x1E, 0xAC, 0x1E, 0xAC, 0x1E, 0xAB, 0x1E, 0xCC, 0x1E, 0xCC, 0x1E,
    0xCC, 0x1E, 0xCB, 0x1E, 0xEB, 0x26, 0xE0, 0x07, 0xE0, 0x07, 0x00, 0x00, 0x00, 0x00, 0x00, 0x00,
    0x00, 0x00, 0x00, 0x00, 0x00, 0x00, 0x00, 0x00, 0x00, 0x00, 0x00, 0x00, 0x00, 0x00, 0x00, 0x00,
    0x00, 0x00, 0x00, 0x00, 0x00, 0x00, 0x00, 0x00, 0x00, 0x00, 0x00, 0x00, 0x00, 0x00, 0x00, 0x00,
    0xE0, 0x07, 0x4A, 0x05, 0xFF, 0x07, 0x00, 0x00, 0x0C, 0x1F, 0xAC, 0x1E, 0xAB, 0x1E, 0xAB, 0x1E,
    0xEC, 0x1E, 0xCC, 0x1E, 0xAC, 0x1E, 0xAC, 0x1E, 0xAC, 0x1E, 0xAC, 0x1E, 0xAC, 0x1E, 0xAC, 0x1E,
    0xAC, 0x1E, 0xAC, 0x1E, 0xAC, 0x1E, 0xAC, 0x1E, 0xAC, 0x1E, 0xAC, 0x1E, 0xAC, 0x1E, 0xAC, 0x1E,
    0xAC, 0x1E, 0xAC, 0x1E, 0xAC, 0x1E, 0xAC, 0x1E, 0xAC, 0x1E, 0xAC, 0x1E, 0xAC, 0x1E, 0xAC, 0x1E,
    0xAC, 0x1E, 0xAC, 0x1E, 0xAC, 0x1E, 0xAC, 0x1E, 0xAC, 0x1E, 0xAC, 0x1E, 0xAC, 0x1E, 0xAC, 0x1E,
    0xAC, 0x1E, 0xAC, 0x1E, 0xAC, 0x1E, 0xAC, 0x1E, 0xAC, 0x1E, 0xAC, 0x1E, 0xAC, 0x1E, 0xAC, 0x1E,
    0xAC, 0x1E, 0xAC, 0x1E, 0xAC, 0x1E, 0xAC, 0x1E, 0xAC, 0x1E, 0xAC, 0x1E, 0xCC, 0x1E, 0xEC, 0x1E,
    0xAB, 0x1E, 0xCB, 0x1E, 0xAC, 0x1E, 0x8B, 0x1E, 0x00, 0x00, 0xE0, 0x07, 0xEA, 0x07, 0xE0, 0x07,
    0x00, 0x00, 0x00, 0x00, 0x00, 0x00, 0x00, 0x00, 0x00, 0x00, 0x00, 0x00, 0x00, 0x00, 0x00, 0x00,
    0x00, 0x00, 0x00, 0x00, 0x00, 0x00, 0x00, 0x00, 0x00, 0x00, 0x00, 0x00, 0x00, 0x00, 0x00, 0x00,
    0xEA, 0x07, 0x00, 0x00, 0x00, 0x00, 0xCB, 0x1E, 0xAB, 0x1E, 0xAB, 0x1E, 0xCC, 0x1E, 0xCC, 0x1E,
    0xCC, 0x1E, 0xAB, 0x1E, 0xAC, 0x1E, 0xAC, 0x1E, 0xAC, 0x1E, 0xAC, 0x1E, 0xAC, 0x1E, 0xAC, 0x1E,
    0xAC, 0x1E, 0xAC, 0x1E, 0xAC, 0x1E, 0xAC, 0x1E, 0xAC, 0x1E, 0xAC, 0x1E, 0xAC, 0x1E, 0xAC, 0x1E,
    0xAC, 0x1E, 0xAC, 0x1E, 0xAC, 0x1E, 0xAC, 0x1E, 0xAC, 0x1E, 0xAC, 0x1E, 0xAC, 0x1E, 0xAC, 0x1E,
    0xAC, 0x1E, 0xAC, 0x1E, 0xAC, 0x1E, 0xAC, 0x1E, 0xAC, 0x1E, 0xAC, 0x1E, 0xAC, 0x1E, 0xAC, 0x1E,
    0xAC, 0x1E, 0xAC, 0x1E, 0xAC, 0x1E, 0xAC, 0x1E, 0xAC, 0x1E, 0xAC, 0x1E, 0xAC, 0x1E, 0xAC, 0x1E,
    0xAC, 0x1E, 0xAC, 0x1E, 0xAC, 0x1E, 0xAC, 0x1E, 0xAC, 0x1E, 0xAC, 0x1E, 0xAB, 0x1E, 0xCC, 0x1E,
    0xCC, 0x1E, 0xCC, 0x1E, 0xAC, 0x1E, 0xAB, 0x1E, 0xCB, 0x1E, 0x00, 0x00, 0x00, 0x00, 0x4A, 0x05,
    0x00, 0x00, 0x00, 0x00, 0x00, 0x00, 0x00, 0x00, 0x00, 0x00, 0x00, 0x00, 0x00, 0x00, 0x00, 0x00,
    0x00, 0x00, 0x00, 0x00, 0x00, 0x00, 0x00, 0x00, 0x00, 0x00, 0x00, 0x00, 0xE0, 0x07, 0x00, 0x00,
    0xEA, 0x07, 0x00, 0x00, 0xEC, 0x26, 0xAC, 0x1E, 0xAB, 0x1E, 0xAC, 0x1E, 0xCC, 0x1E, 0xAB, 0x1E,
    0xAC, 0x1E, 0xAC, 0x1E, 0xAC, 0x1E, 0xAC, 0x1E, 0xAC, 0x1E, 0xAC, 0x1E, 0xAC, 0x1E, 0xAC, 0x1E,
    0xAC, 0x1E, 0xAC, 0x1E, 0xAC, 0x1E, 0xAC, 0x1E, 0xAC, 0x1E, 0xAC, 0x1E, 0xAC, 0x1E, 0xAC, 0x1E,
    0xAC, 0x1E, 0xAC, 0x1E, 0xAC, 0x1E, 0xAC, 0x1E, 0xAC, 0x1E, 0xAC, 0x1E, 0xAC, 0x1E, 0xAC, 0x1E,
    0xAC, 0x1E, 0xAC, 0x1E, 0xAC, 0x1E, 0xAC, 0x1E, 0xAC, 0x1E, 0xAC, 0x1E, 0xAC, 0x1E, 0xAC, 0x1E,
    0xAC, 0x1E, 0xAC, 0x1E, 0xAC, 0x1E, 0xAC, 0x1E, 0xAC, 0x1E, 0xAC, 0x1E, 0xAC, 0x1E, 0xAC, 0x1E,
    0xAC, 0x1E, 0xAC, 0x1E, 0xAC, 0x1E, 0xAC, 0x1E, 0xAC, 0x1E, 0xAC, 0x1E, 0xAC, 0x1E, 0xAC, 0x1E,
    0xAB, 0x1E, 0xCC, 0x1E, 0xAB, 0x1E, 0xAC, 0x1E, 0xCC, 0x1E, 0x8C, 0x26, 0x00, 0x00, 0xEA, 0x07,
    0x00, 0x00, 0xE0, 0x07, 0x00, 0x00, 0x00, 0x00, 0x00, 0x00, 0x00, 0x00, 0x00, 0x00, 0x00, 0x00,
    0x00, 0x00, 0x00, 0x00, 0x00, 0x00, 0x00, 0x00, 0x00, 0x00, 0x00, 0x00, 0xEA, 0x07, 0xE0, 0x07,
    0x00, 0x00, 0x8C, 0x1E, 0xAB, 0x1E, 0xAB, 0x1E, 0xCC, 0x1E, 0xCC, 0x1E, 0xCB, 0x1E, 0xAB, 0x1E,
    0xAC, 0x1E, 0xAC, 0x1E, 0xAC, 0x1E, 0xAC, 0x1E, 0xAC, 0x1E, 0xAC, 0x1E, 0xAC, 0x1E, 0xAC, 0x1E,
    0xAC, 0x1E, 0xAC, 0x1E, 0xAC, 0x1E, 0xAC, 0x1E, 0xAC, 0x1E, 0xAC, 0x1E, 0xAC, 0x1E, 0xAC, 0x1E,
    0xAC, 0x1E, 0xAC, 0x1E, 0xAC, 0x1E, 0xAC, 0x1E, 0xAC, 0x1E, 0xAC, 0x1E, 0xAC, 0x1E, 0xAC, 0x1E,
    0xAC, 0x1E, 0xAC, 0x1E, 0xAC, 0x1E, 0xAC, 0x1E, 0xAC, 0x1E, 0xAC, 0x1E, 0xAC, 0x1E, 0xAC, 0x1E,
    0xAC, 0x1E, 0xAC, 0x1E, 0xAC, 0x1E, 0xAC, 0x1E, 0xAC, 0x1E, 0xAC, 0x1E, 0xAC, 0x1E, 0xAC, 0x1E,
    0xAC, 0x1E, 0xAC, 0x1E, 0xAC, 0x1E, 0xAC, 0x1E, 0xAC, 0x1E, 0xAC, 0x1E, 0xAC, 0x1E, 0xAC, 0x1E,
    0xAB, 0x1E, 0xCC, 0x1E, 0xCC, 0x1E, 0xCC, 0x1E, 0xAB, 0x1E, 0xAB, 0x1E, 0xCB, 0x1E, 0x00, 0x00,
    0xE0, 0x07, 0xEA, 0x07, 0x00, 0x00, 0x00, 0x00, 0x00, 0x00, 0x00, 0x00, 0x00, 0x00, 0x00, 0x00,
    0x00, 0x00, 0x00, 0x00, 0x00, 0x00, 0x00, 0x00, 0x00, 0x00, 0x00, 0x00, 0xEF, 0x07, 0x00, 0x00,
    0x6C, 0x1E, 0x8B, 0x1E, 0xAB, 0x1E, 0xCC, 0x1E, 0xCC, 0x1E, 0xAB, 0x1E, 0xAB, 0x1E, 0xAC, 0x1E,
    0xAC, 0x1E, 0xAC, 0x1E, 0xAC, 0x1E, 0xAC, 0x1E, 0xAC, 0x1E, 0xAC, 0x1E, 0xAC, 0x1E, 0xAC, 0x1E,
    0xAC, 0x1E, 0xAC, 0x1E, 0xAC, 0x1E, 0xAC, 0x1E, 0xAC, 0x1E, 0xAC, 0x1E, 0xAC, 0x1E, 0xAC, 0x1E,
    0xAC, 0x1E, 0xAC, 0x1E, 0xAC, 0x1E, 0xAC, 0x1E, 0xAC, 0x1E, 0xAC, 0x1E, 0xAC, 0x1E, 0xAC, 0x1E,
    0xAC, 0x1E, 0xAC, 0x1E, 0xAC, 0x1E, 0xAC, 0x1E, 0xAC, 0x1E, 0xAC, 0x1E, 0xAC, 0x1E, 0xAC, 0x1E,
    0xAC, 0x1E, 0xAC, 0x1E, 0xAC, 0x1E, 0xAC, 0x1E, 0xAC, 0x1E, 0xAC, 0x1E, 0xAC, 0x1E, 0xAC, 0x1E,
    0xAC, 0x1E, 0xAC, 0x1E, 0xAC, 0x1E, 0xAC, 0x1E, 0xAC, 0x1E, 0xAC, 0x1E, 0xAC, 0x1E, 0xAC, 0x1E,
    0xAC, 0x1E, 0xAB, 0x1E, 0xAB, 0x1E, 0xCC, 0x1E, 0xCC, 0x1E, 0xAB, 0x1E, 0xAB, 0x1E, 0x0A, 0x1F,
    0x00, 0x00, 0xEF, 0x07, 0x00, 0x00, 0x00, 0x00, 0x00, 0x00, 0x00, 0x00, 0x00, 0x00, 0x00, 0x00,
    0x00, 0x00, 0x00, 0x00, 0x00, 0x00, 0x00, 0x00, 0xFF, 0x07, 0xEF, 0x03, 0xFF, 0x07, 0xEB, 0x1E,
    0xCC, 0x1E, 0xAB, 0x1E, 0xAC, 0x1E, 0xEC, 0x1E, 0xAC, 0x1E, 0xAC, 0x1E, 0xAC, 0x1E, 0xAC, 0x1E,
    0xAC, 0x1E, 0xAC, 0x1E, 0xAC, 0x1E, 0xAC, 0x1E, 0xAC, 0x1E, 0xAC, 0x1E, 0xAC, 0x1E, 0xAC, 0x1E,
    0xAC, 0x1E, 0xAC, 0x1E, 0xAC, 0x1E, 0xAC, 0x1E, 0xAC, 0x1E, 0xAC, 0x1E, 0xAC, 0x1E, 0xAC, 0x1E,
    0xAC, 0x1E, 0xAC, 0x1E, 0xAC, 0x1E, 0xAC, 0x1E, 0xAC, 0x1E, 0xAC, 0x1E, 0xAC, 0x1E, 0xAC, 0x1E,
    0xAC, 0x1E, 0xAC, 0x1E, 0xAC, 0x1E, 0xAC, 0x1E, 0xAC, 0x1E, 0xAC, 0x1E, 0xAC, 0x1E, 0xAC, 0x1E,
    0xAC, 0x1E, 0xAC, 0x1E, 0xAC, 0x1E, 0xAC, 0x1E, 0xAC, 0x1E, 0xAC, 0x1E, 0xAC, 0x1E, 0xAC, 0x1E,
    0xAC, 0x1E, 0xAC, 0x1E, 0xAC, 0x1E, 0xAC, 0x1E, 0xAC, 0x1E, 0xAC, 0x1E, 0xAC, 0x1E, 0xAC, 0x1E,
    0xAC, 0x1E, 0xAC, 0x1E, 0xAC, 0x1E, 0xAC, 0x1E, 0xEC, 0x1E, 0xCC, 0x1E, 0xAB, 0x1E, 0xCC, 0x1E,
    0xCD, 0x26, 0xEF, 0x03, 0xFF, 0x07, 0xFF, 0x07, 0x00, 0x00, 0x00, 0x00, 0x00, 0x00, 0x00, 0x00,
    0x00, 0x00, 0x00, 0x00, 0x00, 0x00, 0xE0, 0x07, 0xFF, 0x07, 0xEF, 0x03, 0x00, 0x00, 0xAB, 0x26,
    0xAC, 0x1E, 0xCC, 0x1E, 0xCC, 0x1E, 0xCC, 0x1E, 0xAC, 0x1E, 0xAC, 0x1E, 0xAC, 0x1E, 0xAC, 0x1E,
    0xAC, 0x1E, 0xAC, 0x1E, 0xAC, 0x1E, 0xAC, 0x1E, 0xAC, 0x1E, 0xAC, 0x1E, 0xAC, 0x1E, 0xAC, 0x1E,
    0xAC, 0x1E, 0xAC, 0x1E, 0xAC, 0x1E, 0xAC, 0x1E, 0xAC, 0x1E, 0xAC, 0x1E, 0xAC, 0x1E, 0xAC, 0x1E,
    0xAC, 0x1E, 0xAC, 0x1E, 0xAC, 0x1E, 0xAC, 0x1E, 0xAC, 0x1E, 0xAC, 0x1E, 0xAC, 0x1E, 0xAC, 0x1E,
    0xAC, 0x1E, 0xAC, 0x1E, 0xAC, 0x1E, 0xAC, 0x1E, 0xAC, 0x1E, 0xAC, 0x1E, 0xAC, 0x1E, 0xAC, 0x1E,
    0xAC, 0x1E, 0xAC, 0x1E, 0xAC, 0x1E, 0xAC, 0x1E, 0xAC, 0x1E, 0xAC, 0x1E, 0xAC, 0x1E, 0xAC, 0x1E,
    0xAC, 0x1E, 0xAC, 0x1E, 0xAC, 0x1E, 0xAC, 0x1E, 0xAC, 0x1E, 0xAC, 0x1E, 0xAC, 0x1E, 0xAC, 0x1E,
    0xAC, 0x1E, 0xAC, 0x1E, 0xAC, 0x1E, 0xAC, 0x1E, 0xCC, 0x1E, 0xCC, 0x1E, 0xCC, 0x1E, 0xCC, 0x1E,
    0xEC, 0x26, 0x00, 0x00, 0xFF, 0x07, 0xFF, 0x07, 0xE0, 0x07, 0x00, 0x00, 0x00, 0x00, 0x00, 0x00,
    0x00, 0x00, 0x00, 0x00, 0x00, 0x00, 0xEF, 0x07, 0x00, 0x00, 0x00, 0x00, 0xAD, 0x16, 0xCB, 0x1E,
    0xAC, 0x1E, 0xEC, 0x1E, 0xAB, 0x1E, 0xAC, 0x1E, 0xAC, 0x1E, 0xAC, 0x1E, 0xAC, 0x1E, 0xAC, 0x1E,
    0xAC, 0x1E, 0xAC, 0x1E, 0xAC, 0x1E, 0xAC, 0x1E, 0xAC, 0x1E, 0xAC, 0x1E, 0xAC, 0x1E, 0xAC, 0x1E,
    0xAC, 0x1E, 0xAC, 0x1E, 0xAC, 0x1E, 0xAC, 0x1E, 0xAC, 0x1E, 0xAC, 0x1E, 0xAC, 0x1E, 0xAC, 0x1E,
    0xAC, 0x1E, 0xAC, 0x1E, 0xAC, 0x1E, 0xAC, 0x1E, 0xAC, 0x1E, 0xAC, 0x1E, 0xAC, 0x1E, 0xAC, 0x1E,
    0xAC, 0x1E, 0xAC, 0x1E, 0xAC, 0x1E, 0xAC, 0x1E, 0xAC, 0x1E, 0xAC, 0x1E, 0xAC, 0x1E, 0xAC, 0x1E,
    0xAC, 0x1E, 0xAC, 0x1E, 0xAC, 0x1E, 0xAC, 0x1E, 0xAC, 0x1E, 0xAC, 0x1E, 0xAC, 0x1E, 0xAC, 0x1E,
    0xAC, 0x1E, 0xAC, 0x1E, 0xAC, 0x1E, 0xAC, 0x1E, 0xAC, 0x1E, 0xAC, 0x1E, 0xAC, 0x1E, 0xAC, 0x1E,
    0xAC, 0x1E, 0xAC, 0x1E, 0xAC, 0x1E, 0xAC, 0x1E, 0xAC, 0x1E, 0xAB, 0x1E, 0xEC, 0x1E, 0xAC, 0x1E,
    0xCC, 0x1E, 0xEB, 0x16, 0x00, 0x00, 0x00, 0x00, 0xEF, 0x07, 0x00, 0x00, 0x00, 0x00, 0x00, 0x00,
    0x00, 0x00, 0x00, 0x00, 0x00, 0x00, 0xE7, 0x05, 0x00, 0x00, 0x00, 0x00, 0xCC, 0x1E, 0xAC, 0x1E,
    0xAC, 0x1E, 0xEC, 0x1E, 0xAB, 0x1E, 0xAC, 0x1E, 0xAC, 0x1E, 0xAC, 0x1E, 0xAC, 0x1E, 0xAC, 0x1E,
    0xAC, 0x1E, 0xAC, 0x1E, 0xAB, 0x1E, 0xAB, 0x1E, 0xAB, 0x1E, 0xAC, 0x1E, 0xAC, 0x1E, 0xAC, 0x1E,
    0xAC, 0x1E, 0xAC, 0x1E, 0xAC, 0x1E, 0xAC, 0x1E, 0xAC, 0x1E, 0xAC, 0x1E, 0xAC, 0x1E, 0xAC, 0x1E,
    0xAC, 0x1E, 0xAC, 0x1E, 0xAC, 0x1E, 0xAC, 0x1E, 0xAC, 0x1E, 0xAC, 0x1E, 0xAC, 0x1E, 0xAC, 0x1E,
    0xAC, 0x1E, 0xAC, 0x1E, 0xAB, 0x1E, 0xAB, 0x1E, 0xAB, 0x1E, 0xAB, 0x1E, 0xAC, 0x1E, 0xAC, 0x1E,
    0xAC, 0x1E, 0xAC, 0x1E, 0xAC, 0x1E, 0xAC, 0x1E, 0xAC, 0x1E, 0xAC, 0x1E, 0xAC, 0x1E, 0xAC, 0x1E,
    0xAC, 0x1E, 0xAC, 0x1E, 0xAC, 0x1E, 0xAC, 0x1E, 0xAC, 0x1E, 0xAC, 0x1E, 0xAC, 0x1E, 0xAC, 0x1E,
    0xAC, 0x1E, 0xAC, 0x1E, 0xAC, 0x1E, 0xAC, 0x1E, 0xAC, 0x1E, 0xAB, 0x1E, 0xEC, 0x1E, 0xAC, 0x1E,
    0xAC, 0x1E, 0xCB, 0x1E, 0x00, 0x00, 0x00, 0x00, 0xEF, 0x05, 0x00, 0x00, 0x00, 0x00, 0x00, 0x00,
    0x00, 0x00, 0x00, 0x00, 0x00, 0x00, 0x4A, 0x05, 0xEA, 0x07, 0xAC, 0x1E, 0xAC, 0x1E, 0xAC, 0x1E,
    0xCC, 0x1E, 0xAB, 0x1E, 0xAC, 0x1E, 0xAC, 0x1E, 0xAC, 0x1E, 0xAC, 0x1E, 0xAC, 0x1E, 0xAC, 0x1E,
    0xAC, 0x1E, 0xCC, 0x1E, 0xCC, 0x1E, 0xCC, 0x1E, 0xCC, 0x1E, 0xCC, 0x1E, 0xCC, 0x1E, 0xCC, 0x1E,
    0xEC, 0x1E, 0xEC, 0x1E, 0xEC, 0x1E, 0xEC, 0x1E, 0xEC, 0x1E, 0xEC, 0x1E, 0xEC, 0x1E, 0xEC, 0x1E,
    0xEC, 0x1E, 0xEC, 0x1E, 0xEC, 0x1E, 0xEC, 0x1E, 0xEC, 0x1E, 0xEC, 0x1E, 0xEC, 0x1E, 0xEC, 0x1E,
    0xCC, 0x1E, 0xCC, 0x1E, 0xCC, 0x1E, 0xCC, 0x1E, 0xCC, 0x1E, 0xCC, 0x1E, 0xAC, 0x1E, 0xAC, 0x1E,
    0xAB, 0x1E, 0xAB, 0x1E, 0xAC, 0x1E, 0xAC, 0x1E, 0xAC, 0x1E, 0xAC, 0x1E, 0xAC, 0x1E, 0xAC, 0x1E,
    0xAC, 0x1E, 0xAC, 0x1E, 0xAC, 0x1E, 0xAC, 0x1E, 0xAC, 0x1E, 0xAC, 0x1E, 0xAC, 0x1E, 0xAC, 0x1E,
    0xAC, 0x1E, 0xAC, 0x1E, 0xAC, 0x1E, 0xAC, 0x1E, 0xAC, 0x1E, 0xAC, 0x1E, 0xAB, 0x1E, 0xCC, 0x1E,
    0xAB, 0x1E, 0xAB, 0x1E, 0xAB, 0x1E, 0xEA, 0x07, 0x55, 0x05, 0x00, 0x00, 0x00, 0x00, 0x00, 0x00,
    0x00, 0x00, 0xEF, 0x03, 0x00, 0x00, 0x00, 0x00, 0xCC, 0x1E, 0xAC, 0x1E, 0xAC, 0x1E, 0xAC, 0x1E,
    0xCC, 0x1E, 0xAB, 0x1E, 0xAC, 0x1E, 0xAC, 0x1E, 0xAC, 0x1E, 0xAC, 0x1E, 0xAC, 0x1E, 0xAC, 0x1E,
    0xAC, 0x1E, 0xAC, 0x1E, 0xAC, 0x1E, 0xAC, 0x1E, 0xCC, 0x1E, 0xCC, 0x1E, 0xCC, 0x1E, 0xAC, 0x1E,
    0xAC, 0x1E, 0xAB, 0x1E, 0xAC, 0x1E, 0xAB, 0x1E, 0xAC, 0x1E, 0xAB, 0x1E, 0xAC, 0x1E, 0xAC, 0x1E,
    0xAC, 0x1E, 0xAC, 0x1E, 0xAC, 0x1E, 0xCC, 0x1E, 0xAC, 0x1E, 0xAC, 0x1E, 0xAC, 0x1E, 0xCC, 0x1E,
    0xCC, 0x1E, 0xCC, 0x1E, 0xCC, 0x1E, 0xAC, 0x1E, 0xAC, 0x1E, 0xAC, 0x1E, 0xAC, 0x1E, 0xAB, 0x1E,
    0xAB, 0x1E, 0xAB, 0x1E, 0xAC, 0x1E, 0xAC, 0x1E, 0xAC, 0x1E, 0xAC, 0x1E, 0xAC, 0x1E, 0xAC, 0x1E,
    0xAC, 0x1E, 0xAC, 0x1E, 0xAC, 0x1E, 0xAC, 0x1E, 0xAC, 0x1E, 0xAC, 0x1E, 0xAC, 0x1E, 0xAC, 0x1E,
    0xAC, 0x1E, 0xAC, 0x1E, 0xAC, 0x1E, 0xAC, 0x1E, 0xAC, 0x1E, 0xAC, 0x1E, 0xAB, 0x1E, 0xCC, 0x1E,
    0xAB, 0x1E, 0xAB, 0x1E, 0xAC, 0x1E, 0xCA, 0x1E, 0x00, 0x00, 0x00, 0x00, 0xEF, 0x03, 0x00, 0x00,
    0x00, 0x00, 0xFF, 0x07, 0x00, 0x00, 0x00, 0x00, 0xAB, 0x1E, 0xCC, 0x1E, 0xAC, 0x1E, 0xAC, 0x1E,
    0xCC, 0x1E, 0xAB, 0x1E, 0xAC, 0x1E, 0xAC, 0x1E, 0xAC, 0x1E, 0xAC, 0x1E, 0xCC, 0x1E, 0xEC, 0x1E,
    0xCC, 0x1E, 0xAC, 0x1E, 0xAB, 0x1E, 0xAB, 0x1E, 0xAB, 0x1E, 0xAC, 0x1E, 0xAC, 0x1E, 0xAC, 0x1E,
    0xAB, 0x1E, 0xAC, 0x1E, 0xAB, 0x1E, 0xAB, 0x1E, 0xAC, 0x1E, 0xCC, 0x1E, 0xAB, 0x1E, 0xAB, 0x1E,
    0xAB, 0x1E, 0xCB, 0x1E, 0xCB, 0x1E, 0xAC, 0x1E, 0xAC, 0x1E, 0xAC, 0x1E, 0xAC, 0x1E, 0xAB, 0x1E,
    0xAC, 0x1E, 0xAB, 0x1E, 0xCB, 0x1E, 0xAC, 0x1E, 0xAC, 0x1E, 0xAC, 0x1E, 0xCC, 0x1E, 0xEC, 0x1E,
    0x0C, 0x27, 0x0C, 0x1F, 0xEC, 0x1E, 0xCC, 0x1E, 0xAC, 0x1E, 0xAC, 0x1E, 0xAB, 0x1E, 0xAC, 0x1E,
    0xAB, 0x1E, 0xAC, 0x1E, 0xAC, 0x1E, 0xAC, 0x1E, 0xAC, 0x1E, 0xAC, 0x1E, 0xAC, 0x1E, 0xAC, 0x1E,
    0xAC, 0x1E, 0xAC, 0x1E, 0xAC, 0x1E, 0xAC, 0x1E, 0xAC, 0x1E, 0xAC, 0x1E, 0xAB, 0x1E, 0xCC, 0x1E,
    0xAC, 0x1E, 0xAB, 0x1E, 0xAC, 0x1E, 0xCB, 0x1E, 0x00, 0x00, 0x00, 0x00, 0xFF, 0x07, 0x00, 0x00,
    0xE0, 0x07, 0x00, 0x00, 0x00, 0x00, 0x0E, 0x1F, 0xAB, 0x1E, 0xCC, 0x1E, 0xCC, 0x1E, 0xAC, 0x1E,
    0xCC, 0x1E, 0xAB, 0x1E, 0xAC, 0x1E, 0xAC, 0x1E, 0xCC, 0x1E, 0xAC, 0x1E, 0xAC, 0x1E, 0xAC, 0x1E,
    0xAC, 0x1E, 0xAB, 0x1E, 0xAC, 0x1E, 0xAB, 0x1E, 0xAC, 0x1E, 0xAC, 0x1E, 0xAC, 0x1E, 0xCC, 0x1E,
    0xAB, 0x1E, 0xAB, 0x1E, 0xAB, 0x1E, 0xAC, 0x1E, 0xEC, 0x1E, 0xEC, 0x1E, 0xAB, 0x1E, 0xAB, 0x1E,
    0xEB, 0x1E, 0xEB, 0x1E, 0xCB, 0x1E, 0xAC, 0x1E, 0x8B, 0x1E, 0x8B, 0x1E, 0xAC, 0x1E, 0xAB, 0x1E,
    0xAC, 0x1E, 0xAB, 0x1E, 0xCB, 0x1E, 0xAB, 0x1E, 0xCC, 0x1E, 0xAC, 0x1E, 0xAC, 0x1E, 0xCC, 0x1E,
    0xAC, 0x1E, 0xAC, 0x1E, 0xAB, 0x1E, 0xAC, 0x1E, 0xCC, 0x1E, 0xEC, 0x1E, 0xEC, 0x1E, 0xCC, 0x1E,
    0xCC, 0x1E, 0xAC, 0x1E, 0xAC, 0x1E, 0xAC, 0x1E, 0xAC, 0x1E, 0xAC, 0x1E, 0xAC, 0x1E, 0xAC, 0x1E,
    0xAC, 0x1E, 0xAC, 0x1E, 0xAC, 0x1E, 0xAC, 0x1E, 0xAC, 0x1E, 0xAC, 0x1E, 0xAB, 0x1E, 0xCC, 0x1E,
    0xAC, 0x1E, 0xCC, 0x1E, 0xAC, 0x1E, 0xAB, 0x1E, 0xEB, 0x1E, 0x00, 0x00, 0x00, 0x00, 0xE0, 0x07,
    0xEF, 0x07, 0x00, 0x00, 0xEA, 0x07, 0xAC, 0x26, 0xAC, 0x1E, 0xAC, 0x1E, 0xEC, 0x1E, 0xAC, 0x1E,
    0xAC, 0x1E, 0xAC, 0x1E, 0xAC, 0x1E, 0xAC, 0x1E, 0xCC, 0x1E, 0xAB, 0x1E, 0xAC, 0x1E, 0xAB, 0x1E,
    0xAB, 0x1E, 0xAB, 0x1E, 0xCC, 0x1E, 0x8B, 0x26, 0xAC, 0x26, 0xEB, 0x1E, 0x2C, 0x1F, 0xCB, 0x1E,
    0x6B, 0x1E, 0xAA, 0x16, 0xCD, 0x26, 0xE7, 0x05, 0xE0, 0x07, 0x00, 0x00, 0x00, 0x00, 0x00, 0x00,
    0x00, 0x00, 0x00, 0x00, 0xE0, 0x07, 0xE7, 0x05, 0xAD, 0x25, 0x8B, 0x16, 0x6B, 0x1E, 0xAB, 0x1E,
    0xED, 0x26, 0xEB, 0x1E, 0xCB, 0x26, 0xEB, 0x26, 0xEC, 0x1E, 0xAB, 0x1E, 0xAC, 0x1E, 0xAB, 0x1E,
    0xAC, 0x1E, 0xCB, 0x1E, 0xCB, 0x1E, 0xAC, 0x1E, 0xAC, 0x1E, 0xEC, 0x1E, 0x0C, 0x1F, 0xEC, 0x1E,
    0xCC, 0x1E, 0xAC, 0x1E, 0xAB, 0x1E, 0xAB, 0x1E, 0xAB, 0x1E, 0xAC, 0x1E, 0xAC, 0x1E, 0xAC, 0x1E,
    0xAC, 0x1E, 0xAC, 0x1E, 0xAC, 0x1E, 0xAC, 0x1E, 0xAC, 0x1E, 0xAC, 0x1E, 0xAC, 0x1E, 0xAC, 0x1E,
    0xAC, 0x1E, 0xEC, 0x1E, 0xAB, 0x1E, 0xAB, 0x1E, 0xAC, 0x1E, 0xEA, 0x07, 0x00, 0x00, 0xEF, 0x07,
    0xEA, 0x07, 0x00, 0x00, 0xAC, 0x16, 0xAB, 0x1E, 0xAC, 0x1E, 0xAC, 0x1E, 0xEC, 0x1E, 0xAC, 0x1E,
    0xAC, 0x1E, 0xAC, 0x1E, 0xAC, 0x1E, 0xAC, 0x1E, 0xCC, 0x1E, 0xAB, 0x1E, 0xAC, 0x1E, 0xCB, 0x26,
    0x69, 0x1E, 0xE0, 0x07, 0x00, 0x00, 0x00, 0x00, 0x00, 0x00, 0x00, 0x00, 0x00, 0x00, 0x00, 0x00,
    0x00, 0x00, 0x00, 0x00, 0x00, 0x00, 0x00, 0x00, 0x00, 0x00, 0x00, 0x00, 0x00, 0x00, 0x00, 0x00,
    0x00, 0x00, 0x00, 0x00, 0x00, 0x00, 0x00, 0x00, 0x00, 0x00, 0x00, 0x00, 0x00, 0x00, 0x00, 0x00,
    0x00, 0x00, 0x00, 0x00, 0x00, 0x00, 0x00, 0x00, 0x00, 0x00, 0x00, 0x00, 0xAC, 0x26, 0xAC, 0x26,
    0x8B, 0x26, 0xAB, 0x1E, 0xCB, 0x1E, 0xAC, 0x1E, 0xCC, 0x1E, 0xCC, 0x1E, 0xAB, 0x1E, 0xAB, 0x1E,
    0xAB, 0x1E, 0xEC, 0x1E, 0x2C, 0x27, 0x2C, 0x27, 0xCC, 0x1E, 0xAC, 0x1E, 0xAB, 0x1E, 0xAB, 0x1E,
    0xAC, 0x1E, 0xAC, 0x1E, 0xAC, 0x1E, 0xAC, 0x1E, 0xAC, 0x1E, 0xAC, 0x1E, 0xAC, 0x1E, 0xAC, 0x1E,
    0xAC, 0x1E, 0xEC, 0x1E, 0xAC, 0x1E, 0xAC, 0x1E, 0xAC, 0x1E, 0x4D, 0x17, 0x00, 0x00, 0xEA, 0x07,
    0xEA, 0x07, 0x00, 0x00, 0x6B, 0x1E, 0xAC, 0x1E, 0xAB, 0x1E, 0xAC, 0x1E, 0xCC, 0x1E, 0xAB, 0x1E,
    0xAC, 0x1E, 0xAB, 0x1E, 0xCC, 0x1E, 0xCC, 0x1E, 0xAB, 0x1E, 0xAB, 0x1E, 0xAB, 0x1E, 0x00, 0x00,
    0x00, 0x00, 0xE7, 0x05, 0xE0, 0x07, 0xEF, 0x03, 0xEF, 0x03, 0xEF, 0x07, 0xEF, 0x07, 0xEF, 0x07,
    0xEF, 0x03, 0xFF, 0x07, 0xE0, 0x07, 0xE0, 0x07, 0xE0, 0x07, 0xE0, 0x07, 0xE0, 0x07, 0xE0, 0x07,
    0xE0, 0x07, 0xE0, 0x07, 0xE0, 0x07, 0xE0, 0x07, 0xE0, 0x07, 0xFF, 0x07, 0xEF, 0x03, 0xEF, 0x07,
    0xEF, 0x07, 0xEF, 0x07, 0xEF, 0x07, 0xEF, 0x03, 0xEF, 0x03, 0xE0, 0x07, 0x00, 0x00, 0x00, 0x00,
    0x00, 0x00, 0x00, 0x00, 0x66, 0x06, 0xCB, 0x16, 0xCB, 0x1E, 0xAC, 0x1E, 0xCC, 0x1E, 0xCC, 0x1E,
    0xAB, 0x1E, 0xAB, 0x1E, 0xAB, 0x1E, 0xCC, 0x1E, 0xAC, 0x1E, 0xCC, 0x1E, 0xCC, 0x1E, 0xCC, 0x1E,
    0xAC, 0x1E, 0xAC, 0x1E, 0xAC, 0x1E, 0xAC, 0x1E, 0xAC, 0x1E, 0xAC, 0x1E, 0xAC, 0x1E, 0xAC, 0x1E,
    0xAB, 0x1E, 0xCC, 0x1E, 0xAC, 0x1E, 0xAB, 0x1E, 0xAC, 0x1E, 0xAB, 0x1E, 0x00, 0x00, 0xEA, 0x07,
    0xEA, 0x07, 0x00, 0x00, 0x8C, 0x1E, 0xAC, 0x1E, 0xCC, 0x1E, 0xCC, 0x1E, 0xAC, 0x1E, 0xAC, 0x1E,
    0xAC, 0x1E, 0xAB, 0x1E, 0xCC, 0x1E, 0xCC, 0x1E, 0xAB, 0x1E, 0xCB, 0x1E, 0xAB, 0x1E, 0x00, 0x00,
    0x00, 0x00, 0xEA, 0x07, 0xEF, 0x03, 0xEF, 0x07, 0xCD, 0x26, 0xEB, 0x1E, 0x0A, 0x1F, 0x0A, 0x1F,
    0x0A, 0x1F, 0x0A, 0x1F, 0x2A, 0x1E, 0x2A, 0x1E, 0x2A, 0x1E, 0x2A, 0x1E, 0x2A, 0x1E, 0x2A, 0x1E,
    0x2A, 0x1E, 0x2A, 0x1E, 0x2A, 0x1E, 0x2A, 0x1E, 0x2A, 0x1E, 0x0A, 0x1F, 0x0A, 0x1F, 0x0A, 0x1F,
    0x2A, 0x1E, 0x2A, 0x1E, 0xCD, 0x26, 0x6C, 0x06, 0xEF, 0x07, 0xE0, 0x07, 0x00, 0x00, 0x00, 0x00,
    0x00, 0x00, 0x00, 0x00, 0x00, 0x00, 0x00, 0x00, 0x00, 0x00, 0xE7, 0x07, 0xEB, 0x1E, 0x8C, 0x1E,
    0xCB, 0x26, 0xCB, 0x1E, 0xAB, 0x1E, 0xCB, 0x1E, 0xAB, 0x1E, 0x4D, 0x27, 0x8D, 0x27, 0xEC, 0x1E,
    0xAC, 0x1E, 0xAB, 0x1E, 0xAB, 0x1E, 0xAB, 0x1E, 0xAC, 0x1E, 0xAC, 0x1E, 0xAC, 0x1E, 0xAC, 0x1E,
    0xAC, 0x1E, 0xAC, 0x1E, 0xCC, 0x1E, 0xAC, 0x1E, 0xAC, 0x1E, 0xAC, 0x1E, 0x00, 0x00, 0xEA, 0x07,
    0xFF, 0x07, 0xEF, 0x07, 0xAC, 0x1E, 0xAB, 0x1E, 0x0C, 0x1F, 0xCC, 0x1E, 0xAC, 0x1E, 0xAC, 0x1E,
    0xAC, 0x1E, 0xAB, 0x1E, 0xCC, 0x1E, 0xCC, 0x1E, 0xAB, 0x1E, 0xAC, 0x1E, 0x8B, 0x1E, 0x00, 0x00,
    0x00, 0x00, 0xAA, 0x06, 0x00, 0x00, 0x00, 0x00, 0x00, 0x00, 0x00, 0x00, 0x00, 0x00, 0x00, 0x00,
    0x00, 0x00, 0x00, 0x00, 0x00, 0x00, 0x00, 0x00, 0x00, 0x00, 0x00, 0x00, 0x00, 0x00, 0x00, 0x00,
    0x00, 0x00, 0x00, 0x00, 0x00, 0x00, 0x00, 0x00, 0x00, 0x00, 0x00, 0x00, 0x00, 0x00, 0x00, 0x00,
    0x00, 0x00, 0x00, 0x00, 0x00, 0x00, 0x00, 0x00, 0x00, 0x00, 0xE0, 0x07, 0xEF, 0x07, 0xEA, 0x07,
    0xEF, 0x3D, 0x6C, 0x36, 0x6C, 0x36, 0xE7, 0x05, 0xEF, 0x07, 0x00, 0x00, 0x00, 0x00, 0x00, 0x00,
    0x00, 0x00, 0x00, 0x00, 0xEA, 0x26, 0xCB, 0x1E, 0xCB, 0x1E, 0xAB, 0x1E, 0x0C, 0x1F, 0xAB, 0x1E,
    0xEC, 0x1E, 0x2C, 0x27, 0xEC, 0x1E, 0xCC, 0x1E, 0xAC, 0x1E, 0xAC, 0x1E, 0xAC, 0x1E, 0xAC, 0x1E,
    0xAC, 0x1E, 0xAB, 0x1E, 0xCC, 0x1E, 0x0C, 0x1F, 0xAC, 0x1E, 0x8B, 0x1E, 0xEF, 0x03, 0xFF, 0x07,
    0x00, 0x00, 0x6B, 0x1E, 0x8B, 0x1E, 0xAB, 0x1E, 0x2C, 0x27, 0xCC, 0x1E, 0xAC, 0x1E, 0xAC, 0x1E,
    0xAC, 0x1E, 0xAB, 0x1E, 0xCC, 0x1E, 0xCC, 0x1E, 0xAB, 0x1E, 0xAC, 0x1E, 0xAC, 0x1E, 0x00, 0x00,
    0x00, 0x00, 0xAA, 0x06, 0xE0, 0x07, 0x00, 0x00, 0x00, 0x00, 0x00, 0x00, 0x00, 0x00, 0x00, 0x00,
    0x00, 0x00, 0x00, 0x00, 0x00, 0x00, 0x00, 0x00, 0x00, 0x00, 0x00, 0x00, 0x00, 0x00, 0x00, 0x00,
    0x00, 0x00, 0x00, 0x00, 0x00, 0x00, 0x00, 0x00, 0x00, 0x00, 0x00, 0x00, 0x00, 0x00, 0x00, 0x00,
    0x00, 0x00, 0x00, 0x00, 0x00, 0x00, 0x00, 0x00, 0x00, 0x00, 0xFF, 0x07, 0xEF, 0x03, 0xEF, 0x03,
    0xEF, 0x03, 0xFF, 0x07, 0xE0, 0x07, 0x00, 0x00, 0x00, 0x00, 0x00, 0x00, 0x00, 0x00, 0x00, 0x00,
    0x00, 0x00, 0x00, 0x00, 0x00, 0x00, 0xEF, 0x05, 0xCD, 0x26, 0x2B, 0x27, 0xEB, 0x1E, 0xAB, 0x1E,
    0xCC, 0x1E, 0x0C, 0x27, 0xCC, 0x1E, 0xAC, 0x1E, 0xAC, 0x1E, 0xAC, 0x1E, 0xAC, 0x1E, 0xAC, 0x1E,
    0xAC, 0x1E, 0xAC, 0x1E, 0xCC, 0x1E, 0x2C, 0x27, 0xCB, 0x1E, 0x8B, 0x1E, 0x6A, 0x16, 0x00, 0x00,
    0x00, 0x00, 0xAC, 0x1E, 0xAB, 0x1E, 0xAB, 0x1E, 0x0C, 0x27, 0xCC, 0x1E, 0xAC, 0x1E, 0xAC, 0x1E,
    0xAC, 0x1E, 0xAC, 0x1E, 0xAC, 0x1E, 0xCC, 0x1E, 0xCC, 0x1E, 0xAB, 0x1E, 0xAC, 0x1E, 0xAC, 0x1E,
    0xAA, 0x2E, 0x00, 0x00, 0x00, 0x00, 0xAC, 0x1E, 0xAB, 0x1E, 0xAC, 0x1E, 0xAC, 0x1E, 0xAB, 0x1E,
    0xCC, 0x1E, 0xCB, 0x1E, 0xAB, 0x1E, 0xAC, 0x1E, 0xAC, 0x1E, 0xAC, 0x1E, 0xAC, 0x1E, 0xAC, 0x1E,
    0xAC, 0x1E, 0xAC, 0x1E, 0xAC, 0x1E, 0xAC, 0x1E, 0xAC, 0x1E, 0xAB, 0x1E, 0xAB, 0x1E, 0xAB, 0x1E,
    0xAB, 0x1E, 0xCB, 0x1E, 0xAC, 0x1E, 0xCC, 0x26, 0xCD, 0x26, 0x00, 0x00, 0x00, 0x00, 0x00, 0x00,
    0x00, 0x00, 0x00, 0x00, 0x00, 0x00, 0x00, 0x00, 0x00, 0x00, 0xEF, 0x07, 0x6C, 0x36, 0x6C, 0x36,
    0xE7, 0x05, 0xEF, 0x07, 0x00, 0x00, 0x00, 0x00, 0x00, 0x00, 0x00, 0x00, 0x00, 0x00, 0xAB, 0x1E,
    0xAB, 0x1E, 0xCC, 0x1E, 0xAC, 0x1E, 0xAC, 0x1E, 0x0C, 0x1F, 0xCC, 0x1E, 0xAB, 0x1E, 0xAC, 0x1E,
    0xAC, 0x1E, 0xAC, 0x1E, 0xCC, 0x1E, 0x0C, 0x27, 0xAB, 0x1E, 0xAB, 0x1E, 0x8B, 0x1E, 0x00, 0x00,
    0x00, 0x00, 0xAC, 0x1E, 0xAB, 0x1E, 0xAB, 0x1E, 0xCC, 0x1E, 0xCC, 0x1E, 0xAB, 0x1E, 0xAC, 0x1E,
    0xAC, 0x1E, 0xAC, 0x1E, 0xAC, 0x1E, 0xAC, 0x1E, 0xCC, 0x1E, 0xCC, 0x1E, 0xAB, 0x1E, 0xAB, 0x1E,
    0xCC, 0x26, 0x8B, 0x1E, 0xCC, 0x1E, 0xCC, 0x1E, 0xAB, 0x1E, 0xCB, 0x1E, 0xCC, 0x1E, 0xCC, 0x1E,
    0x0C, 0x27, 0x2C, 0x27, 0x2C, 0x27, 0x2C, 0x27, 0x2C, 0x27, 0x4C, 0x27, 0x4C, 0x27, 0x4C, 0x27,
    0x4C, 0x27, 0x4C, 0x27, 0x2C, 0x27, 0x2C, 0x27, 0x2C, 0x27, 0x0C, 0x27, 0xEC, 0x1E, 0xEC, 0x1E,
    0xAB, 0x1E, 0xAC, 0x1E, 0xAC, 0x1E, 0xAC, 0x1E, 0xAB, 0x1E, 0xAB, 0x1E, 0xAB, 0x1E, 0xAB, 0x1E,
    0xCC, 0x1E, 0xAB, 0x1E, 0xEC, 0x37, 0xFF, 0x07, 0x00, 0x00, 0x00, 0x00, 0x00, 0x00, 0x00, 0x00,
    0x00, 0x00, 0x00, 0x00, 0xEF, 0x03, 0x4A, 0x05, 0x6C, 0x36, 0x6C, 0x36, 0xEF, 0x07, 0x00, 0x00,
    0x00, 0x00, 0x2A, 0x1E, 0xAB, 0x1E, 0xAB, 0x1E, 0xAB, 0x1E, 0xAB, 0x1E, 0xCC, 0x1E, 0xAC, 0x1E,
    0xAC, 0x1E, 0xAB, 0x1E, 0xCC, 0x1E, 0xCC, 0x1E, 0xAB, 0x1E, 0xCB, 0x1E, 0xAB, 0x1E, 0x00, 0x00,
    0x00, 0x00, 0xAB, 0x1E, 0xAB, 0x1E, 0xCC, 0x1E, 0xAC, 0x1E, 0xAC, 0x1E, 0xAC, 0x1E, 0xAC, 0x1E,
    0xAC, 0x1E, 0xAC, 0x1E, 0xAC, 0x1E, 0xAC, 0x1E, 0xCC, 0x1E, 0xCC, 0x1E, 0xAC, 0x1E, 0xAB, 0x1E,
    0xAB, 0x1E, 0xAC, 0x1E, 0xAC, 0x1E, 0xAB, 0x1E, 0xAB, 0x1E, 0xCC, 0x1E, 0xEC, 0x1E, 0xEC, 0x1E,
    0xEC, 0x1E, 0xEC, 0x1E, 0xEC, 0x1E, 0xEC, 0x1E, 0xEC, 0x1E, 0xEC, 0x1E, 0xEC, 0x1E, 0xEC, 0x1E,
    0xEC, 0x1E, 0xEC, 0x1E, 0xEC, 0x1E, 0xEC, 0x1E, 0xEC, 0x1E, 0xEC, 0x1E, 0xEC, 0x1E, 0xEC, 0x1E,
    0xEC, 0x1E, 0xEC, 0x1E, 0xAB, 0x1E, 0xAC, 0x1E, 0xAC, 0x1E, 0xAB, 0x1E, 0xAB, 0x1E, 0xAC, 0x1E,
    0xAB, 0x1E, 0xAC, 0x1E, 0xEC, 0x1E, 0xCB, 0x1E, 0xCC, 0x1E, 0xEC, 0x26, 0x00, 0x00, 0x00, 0x00,
    0x00, 0x00, 0xE0, 0x07, 0xEF, 0x07, 0xEF, 0x05, 0x4A, 0x05, 0xE0, 0x07, 0x00, 0x00, 0x00, 0x00,
    0x00, 0x00, 0x00, 0x00, 0xAD, 0x2E, 0xCC, 0x26, 0xAC, 0x1E, 0xAC, 0x1E, 0x0C, 0x27, 0xAB, 0x1E,
    0xAC, 0x1E, 0xAC, 0x1E, 0xAC, 0x1E, 0xAC, 0x1E, 0xCC, 0x1E, 0xCB, 0x1E, 0xCC, 0x26, 0x00, 0x00,
    0x00, 0x00, 0xAB, 0x1E, 0xAB, 0x1E, 0xEC, 0x26, 0xAC, 0x1E, 0xAC, 0x1E, 0xAC, 0x1E, 0xAC, 0x1E,
    0xAC, 0x1E, 0xAC, 0x1E, 0xAC, 0x1E, 0xAC, 0x1E, 0xAC, 0x1E, 0xAB, 0x1E, 0xCC, 0x1E, 0x0C, 0x1F,
    0x4D, 0x27, 0x4D, 0x27, 0x4D, 0x27, 0x0C, 0x1F, 0xCC, 0x1E, 0xAC, 0x1E, 0xAC, 0x1E, 0xAC, 0x1E,
    0xAC, 0x1E, 0xAC, 0x1E, 0xCC, 0x1E, 0xCC, 0x1E, 0xCC, 0x1E, 0xCC, 0x1E, 0xCC, 0x1E, 0xCC, 0x1E,
    0xCC, 0x1E, 0xCC, 0x1E, 0xCC, 0x1E, 0xCC, 0x1E, 0xCC, 0x1E, 0xCC, 0x1E, 0xAB, 0x1E, 0xAC, 0x1E,
    0xAB, 0x1E, 0xAB, 0x1E, 0xAB, 0x1E, 0xEC, 0x1E, 0x2C, 0x27, 0x4D, 0x27, 0x2C, 0x27, 0x2D, 0x27,
    0x0C, 0x27, 0xAB, 0x1E, 0xAC, 0x1E, 0xAB, 0x1E, 0xAC, 0x1E, 0xCB, 0x1E, 0xCB, 0x1E, 0xCB, 0x26,
    0xCC, 0x26, 0x00, 0x00, 0x00, 0x00, 0x00, 0x00, 0x00, 0x00, 0x4A, 0x05, 0xEF, 0x3F, 0x6C, 0x36,
    0xCD, 0x26, 0xEA, 0x57, 0x00, 0x00, 0x00, 0x00, 0xAC, 0x1E, 0xAC, 0x1E, 0x4C, 0x27, 0xAC, 0x1E,
    0xAC, 0x1E, 0xAC, 0x1E, 0xAC, 0x1E, 0xAC, 0x1E, 0xEC, 0x26, 0xAB, 0x1E, 0xCB, 0x1E, 0x00, 0x00,
    0x00, 0x00, 0xAB, 0x1E, 0xAB, 0x1E, 0x0C, 0x27, 0xAB, 0x1E, 0xAC, 0x1E, 0xAC, 0x1E, 0xAC, 0x1E,
    0xAC, 0x1E, 0xAC, 0x1E, 0xAC, 0x1E, 0xAC, 0x1E, 0xAC, 0x1E, 0xAC, 0x1E, 0xAC, 0x1E, 0xAB, 0x1E,
    0xAB, 0x1E, 0xAB, 0x1E, 0xAC, 0x1E, 0xCC, 0x1E, 0xCC, 0x1E, 0xCC, 0x1E, 0xCC, 0x1E, 0xCC, 0x1E,
    0xAC, 0x1E, 0xAB, 0x1E, 0xAC, 0x1E, 0xAC, 0x1E, 0xAC, 0x1E, 0xAC, 0x1E, 0xAC, 0x1E, 0xAC, 0x1E,
    0xAC, 0x1E, 0xAC, 0x1E, 0xAC, 0x1E, 0xAC, 0x1E, 0xAC, 0x1E, 0xAB, 0x1E, 0xAC, 0x1E, 0xCC, 0x1E,
    0xCC, 0x1E, 0xCC, 0x1E, 0xCC, 0x1E, 0xCC, 0x1E, 0xAC, 0x1E, 0xAC, 0x1E, 0xAC, 0x1E, 0xAB, 0x1E,
    0xAB, 0x1E, 0xCC, 0x1E, 0xCC, 0x1E, 0xCC, 0x1E, 0xAB, 0x1E, 0xAB, 0x1E, 0xAB, 0x1E, 0xAB, 0x1E,
    0xAC, 0x1E, 0x8B, 0x1E, 0x6B, 0x1E, 0x6C, 0x36, 0xE0, 0x07, 0x00, 0x00, 0x00, 0x00, 0x00, 0x00,
    0x00, 0x00, 0xAA, 0x2E, 0xE0, 0x07, 0x00, 0x00, 0xAC, 0x1E, 0xAB, 0x1E, 0x4D, 0x27, 0xAC, 0x1E,
    0xAC, 0x1E, 0xAC, 0x1E, 0xAC, 0x1E, 0xAB, 0x1E, 0x0C, 0x27, 0xAB, 0x1E, 0xAB, 0x1E, 0x00, 0x00,
    0x00, 0x00, 0xAB, 0x1E, 0xEC, 0x1E, 0x2C, 0x27, 0xAB, 0x1E, 0xAC, 0x1E, 0xAC, 0x1E, 0xAC, 0x1E,
    0xAC, 0x1E, 0xAC, 0x1E, 0xAC, 0x1E, 0xAC, 0x1E, 0xAC, 0x1E, 0xAC, 0x1E, 0xAC, 0x1E, 0xAC, 0x1E,
    0xAC, 0x1E, 0xCC, 0x1E, 0x0C, 0x27, 0x2C, 0x27, 0x2C, 0x27, 0x4D, 0x27, 0x2C, 0x27, 0xCC, 0x1E,
    0xAC, 0x1E, 0xAC, 0x1E, 0xAB, 0x1E, 0xAB, 0x1E, 0xAB, 0x1E, 0xAB, 0x1E, 0xAB, 0x1E, 0xAB, 0x1E,
    0xAB, 0x1E, 0xAB, 0x1E, 0xAB, 0x1E, 0xAB, 0x1E, 0xAC, 0x1E, 0xAB, 0x1E, 0xAC, 0x1E, 0xAC, 0x1E,
    0x2C, 0x27, 0x6D, 0x27, 0x4D, 0x27, 0x2C, 0x27, 0x0C, 0x27, 0x0C, 0x1F, 0xCC, 0x1E, 0xAB, 0x1E,
    0xAC, 0x1E, 0xAC, 0x1E, 0xCC, 0x1E, 0x0C, 0x1F, 0x0C, 0x1F, 0xCC, 0x1E, 0xAC, 0x1E, 0xAB, 0x1E,
    0xAC, 0x1E, 0xAC, 0x1E, 0xAC, 0x1E, 0xCB, 0x1E, 0xAB, 0x1E, 0x00, 0x00, 0x00, 0x00, 0x00, 0x00,
    0xC6, 0x04, 0xAD, 0x16, 0xE7, 0x05, 0x00, 0x00, 0xCC, 0x1E, 0xAB, 0x1E, 0x4D, 0x27, 0xAC, 0x1E,
    0xAC, 0x1E, 0xAC, 0x1E, 0xAC, 0x1E, 0xAB, 0x1E, 0x2D, 0x27, 0xCC, 0x1E, 0xAB, 0x1E, 0x00, 0x00,
    0x6C, 0x06, 0xCB, 0x1E, 0xEC, 0x1E, 0x4C, 0x27, 0xAB, 0x1E, 0xAC, 0x1E, 0xAC, 0x1E, 0xAC, 0x1E,
    0xAC, 0x1E, 0xAC, 0x1E, 0xAC, 0x1E, 0xAC, 0x1E, 0xAC, 0x1E, 0xAC, 0x1E, 0xCC, 0x1E, 0xCC, 0x1E,
    0xCC, 0x1E, 0xAB, 0x1E, 0xAB, 0x1E, 0xAC, 0x1E, 0xAB, 0x1E, 0xAB, 0x1E, 0xAB, 0x1E, 0xAB, 0x1E,
    0xAC, 0x1E, 0xAB, 0x1E, 0xAC, 0x1E, 0xAB, 0x1E, 0xAB, 0x1E, 0xCC, 0x1E, 0xCC, 0x1E, 0xAC, 0x1E,
    0xAC, 0x1E, 0xAB, 0x1E, 0xAB, 0x1E, 0xAB, 0x1E, 0xAC, 0x1E, 0xAC, 0x1E, 0xAC, 0x1E, 0xAB, 0x1E,
    0xAC, 0x1E, 0xCC, 0x1E, 0xAB, 0x1E, 0xAC, 0x1E, 0xAB, 0x1E, 0xAB, 0x1E, 0xAB, 0x1E, 0x0C, 0x27,
    0x2C, 0x27, 0x2C, 0x27, 0xEC, 0x1E, 0xAC, 0x1E, 0xAB, 0x1E, 0xAB, 0x1E, 0xCC, 0x1E, 0xEC, 0x1E,
    0x0C, 0x27, 0xAC, 0x1E, 0xAC, 0x1E, 0xCC, 0x1E, 0xAC, 0x1E, 0xAC, 0x1E, 0xCC, 0x1E, 0xCC, 0x1E,
    0x00, 0x00, 0x00, 0x00, 0x00, 0x00, 0x8B, 0x1E, 0xAB, 0x1E, 0xAC, 0x1E, 0x2C, 0x27, 0xAB, 0x1E,
    0xAC, 0x1E, 0xAC, 0x1E, 0xAC, 0x1E, 0xAB, 0x1E, 0x4D, 0x27, 0xEC, 0x1E, 0xAB, 0x1E, 0xEF, 0x07,
    0x2B, 0x1F, 0xCC, 0x1E, 0xEC, 0x1E, 0x2C, 0x27, 0xAB, 0x1E, 0xAC, 0x1E, 0xAC, 0x1E, 0xAC, 0x1E,
    0xAC, 0x1E, 0xAC, 0x1E, 0xAC, 0x1E, 0xAC, 0x1E, 0xAC, 0x1E, 0xAC, 0x1E, 0xCC, 0x1E, 0xAC, 0x1E,
    0xAC, 0x1E, 0xAC, 0x1E, 0xAB, 0x1E, 0xCB, 0x1E, 0xCB, 0x1E, 0xAB, 0x1E, 0xCC, 0x1E, 0xCB, 0x26,
    0x6C, 0x26, 0xAA, 0x1E, 0x8B, 0x2E, 0xED, 0x07, 0xED, 0x07, 0xCD, 0x06, 0xEF, 0x07, 0xEF, 0x07,
    0xCD, 0x06, 0xCD, 0x06, 0xCD, 0x06, 0xCD, 0x06, 0x0A, 0x07, 0x6C, 0x27, 0x0C, 0x27, 0xAB, 0x1E,
    0xCC, 0x1E, 0xCB, 0x1E, 0xCC, 0x1E, 0xCC, 0x1E, 0xCC, 0x1E, 0xAC, 0x1E, 0xCB, 0x1E, 0xAC, 0x1E,
    0xEC, 0x1E, 0xEC, 0x1E, 0xEC, 0x1E, 0xCC, 0x1E, 0xAC, 0x1E, 0xAB, 0x1E, 0xAC, 0x1E, 0xAC, 0x1E,
    0xCC, 0x1E, 0xCC, 0x1E, 0xAC, 0x1E, 0xCC, 0x1E, 0xAC, 0x1E, 0xCC, 0x1E, 0xAC, 0x1E, 0xAC, 0x1E,
    0x0D, 0x1F, 0x00, 0x00, 0x0C, 0x1F, 0xAB, 0x1E, 0xAC, 0x1E, 0xAC, 0x1E, 0xEC, 0x1E, 0xAB, 0x1E,
    0xAC, 0x1E, 0xAC, 0x1E, 0xAC, 0x1E, 0xAB, 0x1E, 0x2C, 0x27, 0x0C, 0x1F, 0xAC, 0x1E, 0xAC, 0x1E,
    0xEB, 0x1E, 0xAC, 0x1E, 0xEC, 0x1E, 0x2C, 0x27, 0xAC, 0x1E, 0xAC, 0x1E, 0xAC, 0x1E, 0xAC, 0x1E,
    0xAC, 0x1E, 0xAC, 0x1E, 0xAC, 0x1E, 0xAB, 0x1E, 0xAC, 0x1E, 0xAC, 0x1E, 0xCC, 0x1E, 0xAB, 0x1E,
    0xAC, 0x1E, 0xAB, 0x1E, 0x8B, 0x16, 0x2A, 0x1E, 0xAA, 0x06, 0x00, 0x00, 0x00, 0x00, 0x00, 0x00,
    0x00, 0x00, 0x00, 0x00, 0x00, 0x00, 0x00, 0x00, 0x00, 0x00, 0x00, 0x00, 0x00, 0x00, 0x00, 0x00,
    0x00, 0x00, 0x00, 0x00, 0x00, 0x00, 0x00, 0x00, 0x00, 0x00, 0x00, 0x00, 0x00, 0x00, 0x00, 0x00,
    0x00, 0x00, 0x00, 0x00, 0xEF, 0x07, 0x2E, 0x17, 0x0D, 0x1F, 0xEB, 0x16, 0xCB, 0x1E, 0xAC, 0x1E,
    0xAB, 0x1E, 0xAB, 0x1E, 0xAB, 0x1E, 0xAB, 0x1E, 0x6D, 0x27, 0x8D, 0x27, 0x2C, 0x27, 0xCC, 0x1E,
    0xAB, 0x1E, 0xAC, 0x1E, 0xAC, 0x1E, 0xEC, 0x1E, 0xEC, 0x1E, 0xCC, 0x1E, 0xAB, 0x1E, 0xAB, 0x1E,
    0xCC, 0x1E, 0xAB, 0x1E, 0xAB, 0x1E, 0xAC, 0x1E, 0xAB, 0x1E, 0xAC, 0x1E, 0xAC, 0x1E, 0xAC, 0x1E,
    0xAC, 0x1E, 0xAC, 0x1E, 0xAC, 0x1E, 0xAC, 0x1E, 0x2C, 0x27, 0x0C, 0x1F, 0xAB, 0x1E, 0xCB, 0x26,
    0xAC, 0x26, 0xAB, 0x1E, 0xEC, 0x1E, 0x2C, 0x27, 0xAC, 0x1E, 0xAC, 0x1E, 0xAC, 0x1E, 0xAC, 0x1E,
    0xAC, 0x1E, 0xAC, 0x1E, 0xAC, 0x1E, 0xAB, 0x1E, 0xCC, 0x1E, 0xAC, 0x1E, 0xAB, 0x1E, 0xCB, 0x1E,
    0x8B, 0x1E, 0x00, 0x00, 0x00, 0x00, 0x00, 0x00, 0x00, 0x00, 0x00, 0x00, 0x00, 0x00, 0x00, 0x00,
    0x00, 0x00, 0x00, 0x00, 0x00, 0x00, 0x00, 0x00, 0x00, 0x00, 0x00, 0x00, 0x00, 0x00, 0x00, 0x00,
    0x00, 0x00, 0x00, 0x00, 0x00, 0x00, 0x00, 0x00, 0x00, 0x00, 0x00, 0x00, 0x00, 0x00, 0x00, 0x00,
    0x00, 0x00, 0x00, 0x00, 0x00, 0x00, 0x00, 0x00, 0x00, 0x00, 0x00, 0x00, 0x00, 0x00, 0x00, 0x00,
    0x00, 0x00, 0x00, 0x00, 0xED, 0x26, 0xAB, 0x1E, 0xAB, 0x1E, 0xAB, 0x1E, 0xAC, 0x1E, 0xAC, 0x1E,
    0xCC, 0x1E, 0xEC, 0x1E, 0xCC, 0x1E, 0xAC, 0x1E, 0xAC, 0x1E, 0xAB, 0x1E, 0xCC, 0x1E, 0xCC, 0x1E,
    0xEC, 0x1E, 0xEC, 0x1E, 0xEC, 0x1E, 0xCC, 0x1E, 0xAC, 0x1E, 0xAC, 0x1E, 0xAC, 0x1E, 0xAC, 0x1E,
    0xAC, 0x1E, 0xAC, 0x1E, 0xAC, 0x1E, 0xAC, 0x1E, 0x2C, 0x27, 0xEC, 0x1E, 0xCB, 0x1E, 0x0B, 0x27,
    0xAC, 0x26, 0xAB, 0x1E, 0xEC, 0x1E, 0x2C, 0x27, 0xAC, 0x1E, 0xAC, 0x1E, 0xAC, 0x1E, 0xAC, 0x1E,
    0xAC, 0x1E, 0xAC, 0x1E, 0xAC, 0x1E, 0xAB, 0x1E, 0xCC, 0x1E, 0xCC, 0x1E, 0xAB, 0x1E, 0xAC, 0x1E,
    0xAC, 0x1E, 0x00, 0x00, 0xE0, 0x07, 0xE0, 0x07, 0x00, 0x00, 0x00, 0x00, 0x00, 0x00, 0x00, 0x00,
    0x00, 0x00, 0x00, 0x00, 0x00, 0x00, 0x00, 0x00, 0x00, 0x00, 0x00, 0x00, 0x00, 0x00, 0x00, 0x00,
    0x00, 0x00, 0x00, 0x00, 0x00, 0x00, 0x00, 0x00, 0x00, 0x00, 0x00, 0x00, 0x00, 0x00, 0x00, 0x00,
    0x00, 0x00, 0xE0, 0x07, 0x00, 0x00, 0x00, 0x00, 0x00, 0x00, 0x00, 0x00, 0x00, 0x00, 0x00, 0x00,
    0x00, 0x00, 0x00, 0x00, 0x00, 0x00, 0xEB, 0x1E, 0x8B, 0x1E, 0x8B, 0x1E, 0xAC, 0x1E, 0xAC, 0x1E,
    0xAC, 0x1E, 0x0C, 0x1F, 0xCC, 0x1E, 0xAC, 0x1E, 0xAB, 0x1E, 0xAB, 0x1E, 0xCC, 0x1E, 0xCC, 0x1E,
    0xEC, 0x1E, 0xEC, 0x1E, 0xEC, 0x1E, 0xCC, 0x1E, 0xCC, 0x1E, 0xAC, 0x1E, 0xAC, 0x1E, 0xAC, 0x1E,
    0xAC, 0x1E, 0xAC, 0x1E, 0xAC, 0x1E, 0xAC, 0x1E, 0x2C, 0x27, 0xEC, 0x1E, 0xCB, 0x1E, 0x0B, 0x27,
    0xEB, 0x1E, 0xAC, 0x1E, 0xEC, 0x1E, 0x2C, 0x27, 0xAC, 0x1E, 0xAC, 0x1E, 0xAC, 0x1E, 0xAC, 0x1E,
    0xAC, 0x1E, 0xAC, 0x1E, 0xAC, 0x1E, 0xAB, 0x1E, 0xCC, 0x1E, 0xAC, 0x1E, 0xAB, 0x1E, 0xAC, 0x1E,
    0xAB, 0x26, 0x00, 0x00, 0x00, 0x00, 0x00, 0x00, 0x00, 0x00, 0x00, 0x00, 0xEF, 0x03, 0xA9, 0x25,
    0xCD, 0x26, 0xAC, 0x1E, 0x6B, 0x1E, 0xCC, 0x1E, 0xCC, 0x1E, 0xCC, 0x26, 0x6B, 0x1E, 0xCB, 0x1E,
    0x6B, 0x1E, 0x8C, 0x26, 0xCC, 0x26, 0x2B, 0x1F, 0x2B, 0x1F, 0xAC, 0x1E, 0xCD, 0x26, 0xEB, 0x1E,
    0xE0, 0x07, 0x00, 0x00, 0x00, 0x00, 0x00, 0x00, 0x00, 0x00, 0x00, 0x00, 0x00, 0x00, 0xE0, 0x07,
    0xE7, 0x05, 0xEB, 0x1D, 0xEA, 0x07, 0x00, 0x00, 0x00, 0x00, 0x00, 0x00, 0x6B, 0x1E, 0xAC, 0x1E,
    0xAC, 0x1E, 0xCC, 0x1E, 0xAC, 0x1E, 0xAB, 0x1E, 0xCC, 0x1E, 0xEC, 0x1E, 0xCC, 0x1E, 0xAC, 0x1E,
    0xAB, 0x1E, 0xAB, 0x1E, 0xAB, 0x1E, 0xAC, 0x1E, 0xAC, 0x1E, 0xAC, 0x1E, 0xAC, 0x1E, 0xAC, 0x1E,
    0xAC, 0x1E, 0xAC, 0x1E, 0xAC, 0x1E, 0xAC, 0x1E, 0x2C, 0x27, 0xEC, 0x1E, 0xAB, 0x1E, 0xCB, 0x26,
    0xCA, 0x1E, 0xAB, 0x1E, 0xEC, 0x1E, 0x2C, 0x27, 0xAB, 0x1E, 0xAC, 0x1E, 0xAC, 0x1E, 0xAC, 0x1E,
    0xAC, 0x1E, 0xAC, 0x1E, 0xAC, 0x1E, 0xAC, 0x1E, 0xAC, 0x1E, 0xAC, 0x1E, 0xCC, 0x1E, 0xAC, 0x1E,
    0x8B, 0x1E, 0x6C, 0x1E, 0xEC, 0x26, 0x0C, 0x1F, 0xCB, 0x1E, 0xCC, 0x1E, 0xAC, 0x1E, 0xAB, 0x1E,
    0xCC, 0x1E, 0xAC, 0x1E, 0xAC, 0x1E, 0xAC, 0x1E, 0xAC, 0x1E, 0xAC, 0x1E, 0xAB, 0x1E, 0xAB, 0x1E,
    0xAB, 0x1E, 0xAB, 0x1E, 0xAC, 0x1E, 0xCC, 0x1E, 0xCC, 0x1E, 0xCC, 0x1E, 0xCC, 0x1E, 0xCB, 0x1E,
    0xCC, 0x1E, 0xAB, 0x1E, 0x8C, 0x1E, 0xAC, 0x26, 0x4D, 0x26, 0xAA, 0x06, 0xEF, 0x07, 0xE0, 0x07,
    0x00, 0x00, 0x00, 0x00, 0x00, 0x00, 0x00, 0x00, 0xEF, 0x07, 0x4A, 0x05, 0xEA, 0x07, 0x00, 0x00,
    0x00, 0x00, 0xAB, 0x16, 0xCC, 0x1E, 0xAC, 0x1E, 0xAB, 0x1E, 0xAC, 0x1E, 0xAB, 0x1E, 0xAC, 0x1E,
    0xAC, 0x1E, 0xAC, 0x1E, 0xAC, 0x1E, 0xAC, 0x1E, 0xAC, 0x1E, 0xAC, 0x1E, 0xAC, 0x1E, 0xAC, 0x1E,
    0xAC, 0x1E, 0xAC, 0x1E, 0xAC, 0x1E, 0xAB, 0x1E, 0x2C, 0x27, 0x0C, 0x1F, 0xAC, 0x1E, 0x0D, 0x1F,
    0x6C, 0x06, 0xAB, 0x1E, 0xEC, 0x1E, 0x4C, 0x27, 0xAB, 0x1E, 0xAC, 0x1E, 0xAC, 0x1E, 0xAC, 0x1E,
    0xAC, 0x1E, 0xAC, 0x1E, 0xAC, 0x1E, 0xAC, 0x1E, 0xAC, 0x1E, 0xAC, 0x1E, 0xCC, 0x1E, 0xAC, 0x1E,
    0xAC, 0x1E, 0xAC, 0x1E, 0xAC, 0x1E, 0xCB, 0x1E, 0xCC, 0x1E, 0xAC, 0x1E, 0xCC, 0x1E, 0xAB, 0x1E,
    0xAC, 0x1E, 0xAC, 0x1E, 0xAC, 0x1E, 0xAC, 0x1E, 0xAC, 0x1E, 0xAC, 0x1E, 0xAC, 0x1E, 0xAB, 0x1E,
    0xAB, 0x1E, 0xAB, 0x1E, 0xAC, 0x1E, 0xAC, 0x1E, 0xAC, 0x1E, 0xAC, 0x1E, 0xAC, 0x1E, 0xAB, 0x1E,
    0xAC, 0x1E, 0xAB, 0x1E, 0xAC, 0x1E, 0xAB, 0x1E, 0xAB, 0x1E, 0xCB, 0x1E, 0xCB, 0x1E, 0xAC, 0x26,
    0x2E, 0x3E, 0x00, 0x00, 0x00, 0x00, 0x00, 0x00, 0x00, 0x00, 0xC9, 0x26, 0xE7, 0x05, 0x00, 0x00,
    0x00, 0x00, 0x00, 0x00, 0xAB, 0x1E, 0xAC, 0x1E, 0xCB, 0x1E, 0xAC, 0x1E, 0xAC, 0x1E, 0xAC, 0x1E,
    0xCC, 0x1E, 0xAB, 0x1E, 0xAC, 0x1E, 0xAC, 0x1E, 0xAC, 0x1E, 0xAC, 0x1E, 0xAC, 0x1E, 0xAC, 0x1E,
    0xAC, 0x1E, 0xAC, 0x1E, 0xAC, 0x1E, 0xAB, 0x1E, 0x4D, 0x27, 0xEC, 0x1E, 0xAB, 0x1E, 0xEF, 0x07,
    0x00, 0x00, 0xAB, 0x1E, 0xEC, 0x1E, 0x2C, 0x27, 0xAB, 0x1E, 0xAC, 0x1E, 0xAC, 0x1E, 0xAC, 0x1E,
    0xAC, 0x1E, 0xAC, 0x1E, 0xAC, 0x1E, 0xAC, 0x1E, 0xAC, 0x1E, 0xAC, 0x1E, 0xAC, 0x1E, 0xCC, 0x1E,
    0x0C, 0x1F, 0xAC, 0x1E, 0xAC, 0x1E, 0xAB, 0x1E, 0xCC, 0x1E, 0x4D, 0x27, 0x4D, 0x27, 0x2C, 0x27,
    0x2C, 0x27, 0x0C, 0x27, 0x0C, 0x27, 0x0C, 0x27, 0x0C, 0x27, 0x0C, 0x27, 0x0C, 0x1F, 0x0C, 0x1F,
    0x0C, 0x27, 0x0C, 0x27, 0x0C, 0x27, 0x0C, 0x27, 0x0C, 0x27, 0x0C, 0x27, 0x2C, 0x27, 0x2C, 0x27,
    0x4D, 0x27, 0x4D, 0x27, 0xEC, 0x1E, 0xAB, 0x1E, 0xAC, 0x1E, 0xCB, 0x1E, 0xCC, 0x26, 0xAC, 0x26,
    0xCC, 0x1E, 0x8C, 0x1E, 0xCB, 0x1E, 0xAB, 0x1E, 0xC9, 0x26, 0x00, 0x00, 0x00, 0x00, 0x00, 0x00,
    0xAA, 0x2E, 0xEC, 0x37, 0x00, 0x00, 0x00, 0x00, 0x00, 0x00, 0xCC, 0x1E, 0xAB, 0x1E, 0xAC, 0x1E,
    0xAB, 0x1E, 0xCC, 0x1E, 0xAC, 0x1E, 0xAC, 0x1E, 0xAC, 0x1E, 0xAC, 0x1E, 0xAC, 0x1E, 0xAC, 0x1E,
    0xAC, 0x1E, 0xAC, 0x1E, 0xAC, 0x1E, 0xAB, 0x1E, 0x2D, 0x27, 0xCC, 0x1E, 0xAB, 0x1E, 0x00, 0x00,
    0x00, 0x00, 0xAB, 0x1E, 0xCB, 0x1E, 0x2C, 0x27, 0xAB, 0x1E, 0xAC, 0x1E, 0xAC, 0x1E, 0xAC, 0x1E,
    0xAC, 0x1E, 0xAC, 0x1E, 0xAC, 0x1E, 0xAC, 0x1E, 0xAC, 0x1E, 0xAC, 0x1E, 0xAC, 0x1E, 0xCC, 0x1E,
    0xCC, 0x1E, 0xAC, 0x1E, 0xAB, 0x1E, 0xAC, 0x1E, 0xCC, 0x1E, 0xCC, 0x1E, 0xCC, 0x1E, 0xCC, 0x1E,
    0xAC, 0x1E, 0xAC, 0x1E, 0xAC, 0x1E, 0xAC, 0x1E, 0xAC, 0x1E, 0xAC, 0x1E, 0xAC, 0x1E, 0xAC, 0x1E,
    0xAC, 0x1E, 0xAC, 0x1E, 0xAC, 0x1E, 0xAC, 0x1E, 0xAC, 0x1E, 0xAC, 0x1E, 0xAC, 0x1E, 0xCC, 0x1E,
    0xCC, 0x1E, 0xCC, 0x1E, 0xCC, 0x1E, 0xAC, 0x1E, 0xAB, 0x1E, 0xAC, 0x1E, 0xCC, 0x1E, 0xAC, 0x1E,
    0xAC, 0x1E, 0xAB, 0x1E, 0xCC, 0x1E, 0xAB, 0x1E, 0xCC, 0x1E, 0x2B, 0x17, 0x00, 0x00, 0x00, 0x00,
    0xE0, 0x07, 0xEF, 0x03, 0x00, 0x00, 0x00, 0x00, 0x00, 0x00, 0xEC, 0x37, 0xAB, 0x26, 0xAB, 0x1E,
    0xAB, 0x1E, 0x0C, 0x27, 0xAB, 0x1E, 0xAB, 0x1E, 0xAC, 0x1E, 0xAC, 0x1E, 0xAC, 0x1E, 0xAC, 0x1E,
    0xAC, 0x1E, 0xAC, 0x1E, 0xAC, 0x1E, 0xAB, 0x1E, 0x0C, 0x27, 0xAB, 0x1E, 0x8B, 0x1E, 0x00, 0x00,
    0x00, 0x00, 0xCB, 0x1E, 0xAB, 0x1E, 0x0C, 0x27, 0xAC, 0x1E, 0xAC, 0x1E, 0xAC, 0x1E, 0xAC, 0x1E,
    0xAC, 0x1E, 0xAC, 0x1E, 0xAC, 0x1E, 0xAC, 0x1E, 0xAC, 0x1E, 0xAC, 0x1E, 0xAC, 0x1E, 0xAC, 0x1E,
    0xAC, 0x1E, 0xCC, 0x1E, 0xCC, 0x1E, 0xAB, 0x1E, 0xAB, 0x1E, 0xAB, 0x1E, 0xAB, 0x1E, 0xEC, 0x1E,
    0x2C, 0x27, 0x4D, 0x27, 0x4D, 0x27, 0x4D, 0x27, 0x2D, 0x27, 0x2C, 0x27, 0x2C, 0x27, 0x2C, 0x27,
    0x2C, 0x27, 0x2C, 0x27, 0x2D, 0x27, 0x4D, 0x27, 0x4D, 0x27, 0x4D, 0x27, 0x2C, 0x27, 0x0C, 0x1F,
    0xAB, 0x1E, 0xAC, 0x1E, 0xAB, 0x1E, 0xAC, 0x1E, 0xCC, 0x1E, 0xCC, 0x1E, 0x0C, 0x27, 0x0C, 0x1F,
    0xAC, 0x1E, 0xAC, 0x1E, 0xAC, 0x1E, 0xAB, 0x1E, 0xAC, 0x1E, 0xCC, 0x1E, 0xAC, 0x1E, 0xAB, 0x1E,
    0xEF, 0x7F, 0x00, 0x00, 0x00, 0x00, 0xCD, 0x26, 0x2A, 0x1E, 0x00, 0x00, 0x8A, 0x26, 0xAB, 0x1E,
    0xAB, 0x1E, 0x2C, 0x27, 0xAB, 0x1E, 0xAB, 0x1E, 0xAC, 0x1E, 0xAC, 0x1E, 0xAC, 0x1E, 0xAC, 0x1E,
    0xAC, 0x1E, 0xAC, 0x1E, 0xAC, 0x1E, 0xAC, 0x1E, 0xEC, 0x26, 0xAB, 0x1E, 0x8B, 0x1E, 0x00, 0x00,
    0x00, 0x00, 0xCB, 0x1E, 0xCB, 0x1E, 0xCC, 0x1E, 0xAC, 0x1E, 0xAC, 0x1E, 0xAC, 0x1E, 0xAC, 0x1E,
    0xAC, 0x1E, 0xAC, 0x1E, 0xAC, 0x1E, 0xAC, 0x1E, 0xAC, 0x1E, 0xAC, 0x1E, 0xAC, 0x1E, 0xAC, 0x1E,
    0xAC, 0x1E, 0xCC, 0x1E, 0xCC, 0x1E, 0xEC, 0x1E, 0xEC, 0x1E, 0xEC, 0x1E, 0xAB, 0x1E, 0xAB, 0x1E,
    0xAB, 0x1E, 0xAB, 0x1E, 0xAC, 0x1E, 0xAB, 0x1E, 0xAB, 0x1E, 0xAB, 0x1E, 0xAC, 0x1E, 0xAC, 0x1E,
    0xAB, 0x1E, 0xAB, 0x1E, 0xAC, 0x1E, 0xAC, 0x1E, 0xAC, 0x1E, 0xAC, 0x1E, 0xAC, 0x1E, 0xAC, 0x1E,
    0xAB, 0x1E, 0xEC, 0x1E, 0xEC, 0x1E, 0xEC, 0x1E, 0xEC, 0x1E, 0xCC, 0x1E, 0xAC, 0x1E, 0xAC, 0x1E,
    0xAB, 0x1E, 0xCC, 0x1E, 0xCC, 0x1E, 0xCC, 0x1E, 0xAC, 0x1E, 0xAC, 0x1E, 0xAC, 0x1E, 0xAB, 0x1E,
    0xCC, 0x26, 0xCC, 0x1E, 0xEA, 0x26, 0x00, 0x00, 0x00, 0x00, 0xEF, 0x7F, 0xAB, 0x1E, 0xCB, 0x1E,
    0xAC, 0x1E, 0x0C, 0x27, 0xAB, 0x1E, 0xAB, 0x1E, 0xAC, 0x1E, 0xAC, 0x1E, 0xAC, 0x1E, 0xAC, 0x1E,
    0xAC, 0x1E, 0xAC, 0x1E, 0xAC, 0x1E, 0xAC, 0x1E, 0xCC, 0x1E, 0xAC, 0x1E, 0xAC, 0x26, 0x00, 0x00,
    0x00, 0x00, 0xAC, 0x1E, 0xCB, 0x1E, 0xAB, 0x1E, 0xCC, 0x1E, 0xCC, 0x1E, 0xAB, 0x1E, 0xAC, 0x1E,
    0xAC, 0x1E, 0xAC, 0x1E, 0xAC, 0x1E, 0xAC, 0x1E, 0xAC, 0x1E, 0xAC, 0x1E, 0xAC, 0x1E, 0xAC, 0x1E,
    0xAC, 0x1E, 0xCC, 0x1E, 0x0C, 0x1F, 0x0C, 0x1F, 0xEC, 0x26, 0xAC, 0x1E, 0xAC, 0x1E, 0xAC, 0x1E,
    0xCC, 0x1E, 0xAC, 0x1E, 0x8C, 0x1E, 0xAB, 0x1E, 0xAC, 0x1E, 0xAB, 0x1E, 0x8B, 0x1E, 0x8B, 0x1E,
    0x8B, 0x1E, 0xAB, 0x1E, 0xAC, 0x1E, 0xAC, 0x1E, 0xCC, 0x1E, 0xCC, 0x1E, 0xAC, 0x1E, 0xAC, 0x1E,
    0xAB, 0x1E, 0xAC, 0x1E, 0xCC, 0x1E, 0x0C, 0x27, 0x2C, 0x27, 0x0C, 0x27, 0xCC, 0x1E, 0xAB, 0x1E,
    0xAB, 0x1E, 0xAC, 0x1E, 0xAC, 0x1E, 0xCC, 0x1E, 0xCC, 0x1E, 0xCC, 0x1E, 0xAC, 0x1E, 0xAB, 0x1E,
    0xAC, 0x1E, 0xAC, 0x1E, 0xCC, 0x1E, 0xCC, 0x1E, 0x00, 0x00, 0xEB, 0x26, 0xCC, 0x1E, 0xAB, 0x1E,
    0xCC, 0x1E, 0xCC, 0x1E, 0xAC, 0x1E, 0xAC, 0x1E, 0xAC, 0x1E, 0xAC, 0x1E, 0xAC, 0x1E, 0xAC, 0x1E,
    0xAC, 0x1E, 0xAB, 0x1E, 0xCC, 0x1E, 0xCC, 0x1E, 0xAC, 0x1E, 0xCB, 0x1E, 0xCB, 0x1E, 0x00, 0x00,
    0x00, 0x00, 0xAC, 0x1E, 0xCB, 0x1E, 0xAB, 0x1E, 0x0C, 0x27, 0xCC, 0x1E, 0xAC, 0x1E, 0xAC, 0x1E,
    0xAC, 0x1E, 0xAC, 0x1E, 0xAC, 0x1E, 0xAC, 0x1E, 0xAC, 0x1E, 0xAC, 0x1E, 0xAB, 0x1E, 0xCC, 0x1E,
    0xCC, 0x1E, 0xAC, 0x1E, 0xCC, 0x1E, 0xAB, 0x1E, 0xAB, 0x1E, 0xAC, 0x1E, 0xAC, 0x26, 0xAC, 0x26,
    0xEC, 0x26, 0x00, 0x00, 0x00, 0x00, 0x00, 0x00, 0x00, 0x00, 0x00, 0x00, 0x00, 0x00, 0x00, 0x00,
    0x00, 0x00, 0x00, 0x00, 0x00, 0x00, 0x00, 0x00, 0x00, 0x00, 0x00, 0x00, 0xEB, 0x1E, 0xCC, 0x26,
    0xAC, 0x26, 0xCC, 0x1E, 0xCC, 0x1E, 0xCB, 0x1E, 0xCB, 0x1E, 0xAC, 0x1E, 0xAB, 0x1E, 0xCC, 0x1E,
    0x2C, 0x27, 0x2C, 0x27, 0xEC, 0x1E, 0xCC, 0x1E, 0xAC, 0x1E, 0xAB, 0x1E, 0xAC, 0x1E, 0xEC, 0x1E,
    0x0C, 0x27, 0xAB, 0x1E, 0xAC, 0x1E, 0xAB, 0x1E, 0xAB, 0x1E, 0xCB, 0x1E, 0xAC, 0x1E, 0x0C, 0x27,
    0xEC, 0x1E, 0xAB, 0x1E, 0xAC, 0x1E, 0xAC, 0x1E, 0xAC, 0x1E, 0xAC, 0x1E, 0xAC, 0x1E, 0xAC, 0x1E,
    0xAC, 0x1E, 0xAC, 0x1E, 0xCC, 0x1E, 0x0C, 0x27, 0xAC, 0x1E, 0xCC, 0x1E, 0xCB, 0x1E, 0x00, 0x00,
    0x00, 0x00, 0x6B, 0x1E, 0xAB, 0x1E, 0xCB, 0x1E, 0x2C, 0x27, 0xCC, 0x1E, 0xAC, 0x1E, 0xAC, 0x1E,
    0xAC, 0x1E, 0xAC, 0x1E, 0xAC, 0x1E, 0xAC, 0x1E, 0xAC, 0x1E, 0xAC, 0x1E, 0xAB, 0x1E, 0xEC, 0x1E,
    0x0C, 0x1F, 0xAB, 0x1E, 0xEB, 0x1E, 0xEA, 0x2F, 0x00, 0x00, 0x00, 0x00, 0x00, 0x00, 0x00, 0x00,
    0x00, 0x00, 0x00, 0x00, 0x00, 0x00, 0x00, 0x00, 0x00, 0x00, 0x00, 0x00, 0x00, 0x00, 0x00, 0x00,
    0x00, 0x00, 0x00, 0x00, 0x00, 0x00, 0x00, 0x00, 0x00, 0x00, 0x00, 0x00, 0x00, 0x00, 0x00, 0x00,
    0x00, 0x00, 0x00, 0x00, 0x00, 0x00, 0x00, 0x00, 0xE7, 0x05, 0xAB, 0x1E, 0xAB, 0x1E, 0xAB, 0x1E,
    0xAC, 0x1E, 0xAC, 0x1E, 0xAC, 0x1E, 0xAC, 0x1E, 0xCC, 0x1E, 0xCC, 0x1E, 0xAC, 0x1E, 0xAC, 0x1E,
    0xAB, 0x1E, 0xAC, 0x1E, 0xCC, 0x1E, 0xEC, 0x1E, 0xEC, 0x1E, 0xEC, 0x1E, 0xCC, 0x1E, 0xAB, 0x1E,
    0xAC, 0x1E, 0xAC, 0x1E, 0xAC, 0x1E, 0xAC, 0x1E, 0xAC, 0x1E, 0xAC, 0x1E, 0xAC, 0x1E, 0xAC, 0x1E,
    0xAC, 0x1E, 0xAC, 0x1E, 0xCC, 0x1E, 0x2C, 0x27, 0xCB, 0x1E, 0xAB, 0x1E, 0x6A, 0x16, 0x00, 0x00,
    0xFF, 0x07, 0xEF, 0x07, 0xAC, 0x1E, 0xAB, 0x1E, 0x0C, 0x1F, 0xCC, 0x1E, 0xAC, 0x1E, 0xAC, 0x1E,
    0xAC, 0x1E, 0xAC, 0x1E, 0xAC, 0x1E, 0xAC, 0x1E, 0xAC, 0x1E, 0xAC, 0x1E, 0xAC, 0x1E, 0xEC, 0x1E,
    0x2C, 0x27, 0xAC, 0x1E, 0xAB, 0x1E, 0x00, 0x00, 0x00, 0x00, 0x00, 0x00, 0x00, 0x00, 0x00, 0x00,
    0x00, 0x00, 0x00, 0x00, 0x00, 0x00, 0x00, 0x00, 0x00, 0x00, 0x00, 0x00, 0x00, 0x00, 0x00, 0x00,
    0x00, 0x00, 0x00, 0x00, 0x00, 0x00, 0x00, 0x00, 0x00, 0x00, 0x00, 0x00, 0x00, 0x00, 0x00, 0x00,
    0x00, 0x00, 0x00, 0x00, 0x00, 0x00, 0x00, 0x00, 0x00, 0x00, 0xEB, 0x1E, 0xAB, 0x26, 0xAC, 0x1E,
    0xCB, 0x1E, 0xAB, 0x1E, 0xAB, 0x1E, 0xAB, 0x1E, 0xAC, 0x1E, 0xCC, 0x1E, 0xCC, 0x1E, 0xAB, 0x1E,
    0xAB, 0x1E, 0xAC, 0x1E, 0xEC, 0x1E, 0x2C, 0x27, 0x2C, 0x27, 0x2C, 0x27, 0xEC, 0x1E, 0xAC, 0x1E,
    0xAC, 0x1E, 0xAC, 0x1E, 0xAC, 0x1E, 0xAC, 0x1E, 0xAC, 0x1E, 0xAC, 0x1E, 0xAC, 0x1E, 0xAC, 0x1E,
    0xAC, 0x1E, 0xAB, 0x1E, 0xCC, 0x1E, 0x0C, 0x1F, 0xAC, 0x1E, 0xAC, 0x1E, 0xEF, 0x03, 0xFF, 0x07,
    0xEA, 0x07, 0x00, 0x00, 0xAC, 0x1E, 0xAC, 0x1E, 0xCC, 0x1E, 0xCC, 0x1E, 0xAC, 0x1E, 0xAC, 0x1E,
    0xAC, 0x1E, 0xAC, 0x1E, 0xAC, 0x1E, 0xAC, 0x1E, 0xAC, 0x1E, 0xAC, 0x1E, 0xAB, 0x1E, 0xEC, 0x1E,
    0x2C, 0x27, 0xAC, 0x1E, 0x6B, 0x1E, 0xAC, 0x26, 0x8B, 0x16, 0x4C, 0x27, 0xEB, 0x1E, 0xCC, 0x1E,
    0xCC, 0x1E, 0xCC, 0x1E, 0xCC, 0x26, 0xAB, 0x1E, 0xAB, 0x1E, 0xAC, 0x26, 0xCC, 0x1E, 0xAB, 0x1E,
    0xAC, 0x1E, 0xAC, 0x26, 0xCC, 0x26, 0xCC, 0x1E, 0xCB, 0x26, 0xCB, 0x1E, 0xAC, 0x1E, 0xCC, 0x26,
    0xEB, 0x1E, 0xEC, 0x26, 0x2C, 0x1F, 0xEC, 0x37, 0x00, 0x00, 0x00, 0x00, 0x00, 0x00, 0x00, 0x00,
    0x00, 0x00, 0xCB, 0x15, 0xCC, 0x1E, 0xCB, 0x1E, 0xAC, 0x1E, 0xAC, 0x1E, 0xAB, 0x1E, 0xAB, 0x1E,
    0xEC, 0x1E, 0xCC, 0x1E, 0xAC, 0x1E, 0xAB, 0x1E, 0xAC, 0x1E, 0xAC, 0x1E, 0xAC, 0x1E, 0xAC, 0x1E,
    0xAC, 0x1E, 0xAC, 0x1E, 0xAC, 0x1E, 0xAC, 0x1E, 0xAC, 0x1E, 0xAC, 0x1E, 0xAC, 0x1E, 0xAC, 0x1E,
    0xAC, 0x1E, 0xAC, 0x1E, 0xCC, 0x1E, 0xAC, 0x1E, 0xAC, 0x1E, 0x8C, 0x1E, 0x00, 0x00, 0xEA, 0x07,
    0xEA, 0x07, 0x00, 0x00, 0xAB, 0x1E, 0xAC, 0x1E, 0xAB, 0x1E, 0xAC, 0x1E, 0xCC, 0x1E, 0xAB, 0x1E,
    0xAC, 0x1E, 0xAC, 0x1E, 0xAC, 0x1E, 0xAC, 0x1E, 0xAC, 0x1E, 0xAC, 0x1E, 0xAC, 0x1E, 0xCC, 0x1E,
    0xEC, 0x1E, 0xAC, 0x1E, 0xAB, 0x1E, 0x8B, 0x1E, 0xCC, 0x1E, 0xAB, 0x1E, 0xAB, 0x1E, 0xAC, 0x1E,
    0xAC, 0x1E, 0xCC, 0x1E, 0xAB, 0x1E, 0xAB, 0x1E, 0xAC, 0x1E, 0xAC, 0x1E, 0xAB, 0x1E, 0xAC, 0x1E,
    0xAC, 0x1E, 0xAC, 0x1E, 0xAB, 0x1E, 0xAC, 0x1E, 0xAB, 0x1E, 0xCB, 0x1E, 0xCB, 0x1E, 0xAC, 0x1E,
    0xAC, 0x1E, 0xAB, 0x1E, 0xAB, 0x1E, 0xAA, 0x1E, 0xEC, 0x26, 0xE7, 0x05, 0x00, 0x00, 0x00, 0x00,
    0x00, 0x00, 0xE0, 0x03, 0xEC, 0x37, 0x0E, 0x1F, 0xEB, 0x1E, 0xCC, 0x1E, 0xAB, 0x1E, 0xAC, 0x1E,
    0xAB, 0x1E, 0xAC, 0x1E, 0xAC, 0x1E, 0xAC, 0x1E, 0xAC, 0x1E, 0xAC, 0x1E, 0xAC, 0x1E, 0xAC, 0x1E,
    0xAC, 0x1E, 0xAC, 0x1E, 0xAC, 0x1E, 0xAC, 0x1E, 0xAC, 0x1E, 0xAC, 0x1E, 0xAC, 0x1E, 0xAC, 0x1E,
    0xAB, 0x1E, 0xCC, 0x1E, 0xAC, 0x1E, 0xAB, 0x1E, 0xAC, 0x1E, 0xAB, 0x1E, 0x00, 0x00, 0xEA, 0x07,
    0xEA, 0x07, 0x00, 0x00, 0x4D, 0x17, 0xAB, 0x1E, 0xAC, 0x1E, 0xAC, 0x1E, 0xEC, 0x1E, 0xAC, 0x1E,
    0xAC, 0x1E, 0xAC, 0x1E, 0xAC, 0x1E, 0xAC, 0x1E, 0xAC, 0x1E, 0xAC, 0x1E, 0xAC, 0x1E, 0xCC, 0x1E,
    0xCC, 0x1E, 0xCC, 0x1E, 0xAC, 0x1E, 0xAB, 0x1E, 0xAB, 0x1E, 0xAC, 0x1E, 0xAB, 0x1E, 0xAB, 0x1E,
    0xAC, 0x1E, 0xAB, 0x1E, 0xAB, 0x1E, 0xAB, 0x1E, 0xAC, 0x1E, 0xEC, 0x1E, 0x0C, 0x27, 0x0C, 0x27,
    0x0C, 0x27, 0xEC, 0x1E, 0xCC, 0x1E, 0xAC, 0x1E, 0xAC, 0x1E, 0xAB, 0x1E, 0xAC, 0x1E, 0xAC, 0x1E,
    0xAC, 0x1E, 0xAB, 0x1E, 0xAB, 0x1E, 0xAC, 0x1E, 0xAC, 0x1E, 0xAB, 0x1E, 0xAC, 0x1E, 0xCC, 0x16,
    0xCD, 0x06, 0x00, 0x00, 0x00, 0x00, 0x00, 0x00, 0x00, 0x00, 0x4D, 0x17, 0xCC, 0x1E, 0xCC, 0x1E,
    0xAB, 0x1E, 0xAC, 0x1E, 0xAC, 0x1E, 0xCC, 0x1E, 0xAB, 0x1E, 0xAC, 0x1E, 0xAC, 0x1E, 0xAC, 0x1E,
    0xAC, 0x1E, 0xAC, 0x1E, 0xAC, 0x1E, 0xAC, 0x1E, 0xAC, 0x1E, 0xAC, 0x1E, 0xAC, 0x1E, 0xAC, 0x1E,
    0xAC, 0x1E, 0xEC, 0x1E, 0xAC, 0x1E, 0xAC, 0x1E, 0xAC, 0x1E, 0xAD, 0x16, 0x00, 0x00, 0xEA, 0x07,
    0xEF, 0x07, 0x00, 0x00, 0xEA, 0x07, 0xAC, 0x26, 0xAC, 0x1E, 0xAC, 0x1E, 0xEC, 0x1E, 0xAC, 0x1E,
    0xAC, 0x1E, 0xAC, 0x1E, 0xAC, 0x1E, 0xAC, 0x1E, 0xAC, 0x1E, 0xAC, 0x1E, 0xAC, 0x1E, 0xAC, 0x1E,
    0xAC, 0x1E, 0xCC, 0x1E, 0xEC, 0x1E, 0xEC, 0x1E, 0xEC, 0x1E, 0x0C, 0x27, 0x0C, 0x1F, 0xEC, 0x1E,
    0xEC, 0x1E, 0xCC, 0x1E, 0xCC, 0x1E, 0xCC, 0x1E, 0xAC, 0x1E, 0xAC, 0x1E, 0xAC, 0x1E, 0xAB, 0x1E,
    0xAB, 0x1E, 0xAC, 0x1E, 0xAC, 0x1E, 0xCC, 0x1E, 0xCC, 0x1E, 0xCC, 0x1E, 0xCC, 0x1E, 0xEC, 0x1E,
    0x0C, 0x1F, 0x0C, 0x27, 0xEC, 0x1E, 0xAC, 0x1E, 0xAC, 0x1E, 0xAB, 0x1E, 0xCC, 0x1E, 0xAB, 0x1E,
    0xCC, 0x1E, 0xAC, 0x1E, 0x8C, 0x16, 0xCD, 0x26, 0x00, 0x00, 0x00, 0x00, 0x00, 0x00, 0xE0, 0x07,
    0x0B, 0x17, 0xAC, 0x1E, 0xAC, 0x1E, 0xEC, 0x1E, 0xAC, 0x1E, 0xAC, 0x1E, 0xAC, 0x1E, 0xAC, 0x1E,
    0xAC, 0x1E, 0xAC, 0x1E, 0xAC, 0x1E, 0xAC, 0x1E, 0xAC, 0x1E, 0xAC, 0x1E, 0xAC, 0x1E, 0xAC, 0x1E,
    0xAC, 0x1E, 0xEC, 0x1E, 0xAB, 0x1E, 0xAB, 0x1E, 0xAC, 0x1E, 0x4A, 0x05, 0x00, 0x00, 0xEF, 0x07,
    0xE0, 0x07, 0x00, 0x00, 0x00, 0x00, 0x0E, 0x1F, 0xAB, 0x1E, 0xCC, 0x1E, 0xCC, 0x1E, 0xAC, 0x1E,
    0xCC, 0x1E, 0xAB, 0x1E, 0xAC, 0x1E, 0xAC, 0x1E, 0xAC, 0x1E, 0xAC, 0x1E, 0xAC, 0x1E, 0xAC, 0x1E,
    0xAC, 0x1E, 0xCC, 0x1E, 0xCC, 0x1E, 0xEC, 0x1E, 0xEC, 0x1E, 0xEC, 0x1E, 0xEC, 0x1E, 0xCC, 0x1E,
    0xCC, 0x1E, 0xCC, 0x1E, 0xCC, 0x1E, 0xCC, 0x1E, 0xCC, 0x1E, 0xAC, 0x1E, 0xAC, 0x1E, 0xAC, 0x1E,
    0xAC, 0x1E, 0xAC, 0x1E, 0xCC, 0x1E, 0xCC, 0x1E, 0xCC, 0x1E, 0xCC, 0x1E, 0xCC, 0x1E, 0xCC, 0x1E,
    0xEC, 0x1E, 0xEC, 0x1E, 0xEC, 0x1E, 0xCC, 0x1E, 0xAB, 0x1E, 0xAB, 0x1E, 0xAC, 0x1E, 0xAB, 0x1E,
    0xAC, 0x1E, 0xAC, 0x1E, 0xAC, 0x1E, 0xAC, 0x1E, 0x00, 0x00, 0x00, 0x00, 0x00, 0x00, 0x00, 0x00,
    0xEC, 0x37, 0xCB, 0x1E, 0xCB, 0x1E, 0xCC, 0x1E, 0xAB, 0x1E, 0xAC, 0x1E, 0xAC, 0x1E, 0xAC, 0x1E,
    0xAC, 0x1E, 0xAC, 0x1E, 0xAC, 0x1E, 0xAC, 0x1E, 0xAC, 0x1E, 0xAC, 0x1E, 0xAB, 0x1E, 0xCC, 0x1E,
    0xAC, 0x1E, 0xCC, 0x1E, 0xAC, 0x1E, 0xAB, 0x1E, 0xEB, 0x1E, 0x00, 0x00, 0x00, 0x00, 0xE0, 0x07,
    0x00, 0x00, 0xFF, 0x07, 0x00, 0x00, 0x00, 0x00, 0xAB, 0x1E, 0xAC, 0x1E, 0xAC, 0x1E, 0xAC, 0x1E,
    0xCC, 0x1E, 0xAB, 0x1E, 0xAC, 0x1E, 0xAC, 0x1E, 0xAC, 0x1E, 0xAC, 0x1E, 0xAC, 0x1E, 0xAC, 0x1E,
    0xAC, 0x1E, 0xAC, 0x1E, 0xAC, 0x1E, 0xAC, 0x1E, 0xAB, 0x1E, 0xAB, 0x1E, 0xAB, 0x1E, 0xAC, 0x1E,
    0xAC, 0x1E, 0xAC, 0x1E, 0xAB, 0x1E, 0xAB, 0x1E, 0xAC, 0x1E, 0xAC, 0x1E, 0xAC, 0x1E, 0xAC, 0x1E,
    0xAC, 0x1E, 0xAC, 0x1E, 0xAC, 0x1E, 0xAB, 0x1E, 0xAB, 0x1E, 0xAC, 0x1E, 0xAC, 0x1E, 0xAC, 0x1E,
    0xAB, 0x1E, 0xAB, 0x1E, 0xAC, 0x1E, 0xAC, 0x1E, 0xCC, 0x1E, 0xEC, 0x1E, 0xEC, 0x1E, 0xEC, 0x26,
    0xAC, 0x1E, 0xAB, 0x1E, 0xAC, 0x1E, 0xAC, 0x1E, 0xAC, 0x1E, 0xAC, 0x1E, 0xAB, 0x1E, 0x00, 0x00,
    0x00, 0x00, 0xCC, 0x1E, 0xAB, 0x1E, 0xEC, 0x1E, 0xAC, 0x1E, 0xAC, 0x1E, 0xAC, 0x1E, 0xAC, 0x1E,
    0xAC, 0x1E, 0xAC, 0x1E, 0xAC, 0x1E, 0xAC, 0x1E, 0xAC, 0x1E, 0xAC, 0x1E, 0xAB, 0x1E, 0xCC, 0x1E,
    0xAC, 0x1E, 0xAB, 0x1E, 0xCC, 0x1E, 0xCB, 0x1E, 0x00, 0x00, 0x00, 0x00, 0xFF, 0x07, 0x00, 0x00,
    0x00, 0x00, 0xEF, 0x03, 0x00, 0x00, 0x00, 0x00, 0xCC, 0x1E, 0xAC, 0x1E, 0xAC, 0x1E, 0xAC, 0x1E,
    0xCC, 0x1E, 0xAB, 0x1E, 0xAC, 0x1E, 0xAC, 0x1E, 0xAC, 0x1E, 0xAC, 0x1E, 0xAC, 0x1E, 0xAC, 0x1E,
    0xAC, 0x1E, 0xAC, 0x1E, 0xAC, 0x1E, 0xAC, 0x1E, 0xAC, 0x1E, 0xAC, 0x1E, 0xAC, 0x1E, 0xAC, 0x1E,
    0xAC, 0x1E, 0xAC, 0x1E, 0xAC, 0x1E, 0xAC, 0x1E, 0xAC, 0x1E, 0xAC, 0x1E, 0xAC, 0x1E, 0xAC, 0x1E,
    0xAC, 0x1E, 0xAC, 0x1E, 0xAC, 0x1E, 0xAC, 0x1E, 0xAC, 0x1E, 0xAC, 0x1E, 0xAC, 0x1E, 0xAC, 0x1E,
    0xAC, 0x1E, 0xAC, 0x1E, 0xAC, 0x1E, 0xAC, 0x1E, 0xAC, 0x1E, 0xAC, 0x1E, 0xAB, 0x1E, 0xAC, 0x1E,
    0xAC, 0x1E, 0xAC, 0x1E, 0xAC, 0x1E, 0xAB, 0x1E, 0xAB, 0x1E, 0xAC, 0x1E, 0xAC, 0x1E, 0xAB, 0x16,
    0xAB, 0x1E, 0xAC, 0x1E, 0xAC, 0x1E, 0xEC, 0x1E, 0xAC, 0x1E, 0xAC, 0x1E, 0xAC, 0x1E, 0xAC, 0x1E,
    0xAC, 0x1E, 0xAC, 0x1E, 0xAC, 0x1E, 0xAC, 0x1E, 0xAC, 0x1E, 0xAC, 0x1E, 0xAB, 0x1E, 0xCC, 0x1E,
    0xAB, 0x1E, 0xAB, 0x1E, 0xCC, 0x1E, 0xCA, 0x1E, 0x00, 0x00, 0x00, 0x00, 0xEF, 0x03, 0x00, 0x00,
    0x00, 0x00, 0x00, 0x00, 0x00, 0x00, 0x4A, 0x05, 0xEA, 0x07, 0x6C, 0x1E, 0xAC, 0x1E, 0xAC, 0x1E,
    0xCC, 0x1E, 0xAB, 0x1E, 0xAC, 0x1E, 0xAC, 0x1E, 0xAC, 0x1E, 0xAC, 0x1E, 0xAC, 0x1E, 0xAC, 0x1E,
    0xAC, 0x1E, 0xAC, 0x1E, 0xAC, 0x1E, 0xAC, 0x1E, 0xAC, 0x1E, 0xAC, 0x1E, 0xAC, 0x1E, 0xAC, 0x1E,
    0xAC, 0x1E, 0xAC, 0x1E, 0xAC, 0x1E, 0xAC, 0x1E, 0xAC, 0x1E, 0xAC, 0x1E, 0xAC, 0x1E, 0xAC, 0x1E,
    0xAC, 0x1E, 0xAC, 0x1E, 0xAC, 0x1E, 0xAC, 0x1E, 0xAC, 0x1E, 0xAC, 0x1E, 0xAC, 0x1E, 0xAC, 0x1E,
    0xAC, 0x1E, 0xAC, 0x1E, 0xAC, 0x1E, 0xAC, 0x1E, 0xAC, 0x1E, 0xAC, 0x1E, 0xAC, 0x1E, 0xAC, 0x1E,
    0xCC, 0x1E, 0xCC, 0x1E, 0xEC, 0x1E, 0xEC, 0x1E, 0xCC, 0x1E, 0xAC, 0x1E, 0xAB, 0x1E, 0xAB, 0x1E,
    0xAB, 0x1E, 0xAB, 0x1E, 0xAC, 0x1E, 0xCC, 0x1E, 0xAC, 0x1E, 0xAC, 0x1E, 0xAC, 0x1E, 0xAC, 0x1E,
    0xAC, 0x1E, 0xAC, 0x1E, 0xAC, 0x1E, 0xAC, 0x1E, 0xAC, 0x1E, 0xAC, 0x1E, 0xAB, 0x1E, 0xCC, 0x1E,
    0xAB, 0x1E, 0xAB, 0x1E, 0xAB, 0x1E, 0xEA, 0x07, 0x55, 0x05, 0x00, 0x00, 0x00, 0x00, 0x00, 0x00,
    0x00, 0x00, 0x00, 0x00, 0x00, 0x00, 0xE7, 0x05, 0x00, 0x00, 0x00, 0x00, 0xAC, 0x1E, 0xAC, 0x1E,
    0xAC, 0x1E, 0xEC, 0x1E, 0xAB, 0x1E, 0xAC, 0x1E, 0xAC, 0x1E, 0xAC, 0x1E, 0xAC, 0x1E, 0xAC, 0x1E,
    0xAC, 0x1E, 0xAC, 0x1E, 0xAC, 0x1E, 0xAC, 0x1E, 0xAC, 0x1E, 0xAC, 0x1E, 0xAC, 0x1E, 0xAC, 0x1E,
    0xAC, 0x1E, 0xAC, 0x1E, 0xAC, 0x1E, 0xAC, 0x1E, 0xAC, 0x1E, 0xAC, 0x1E, 0xAC, 0x1E, 0xAC, 0x1E,
    0xAC, 0x1E, 0xAC, 0x1E, 0xAC, 0x1E, 0xAC, 0x1E, 0xAC, 0x1E, 0xAC, 0x1E, 0xAC, 0x1E, 0xAC, 0x1E,
    0xAC, 0x1E, 0xAC, 0x1E, 0xAC, 0x1E, 0xAC, 0x1E, 0xAC, 0x1E, 0xAC, 0x1E, 0xAC, 0x1E, 0xAC, 0x1E,
    0xAC, 0x1E, 0xAB, 0x1E, 0xAC, 0x1E, 0xAC, 0x1E, 0xAB, 0x1E, 0xCC, 0x1E, 0x2C, 0x27, 0x6D, 0x27,
    0x4D, 0x27, 0x0C, 0x27, 0xCC, 0x1E, 0xAC, 0x1E, 0xAC, 0x1E, 0xAC, 0x1E, 0xAC, 0x1E, 0xAC, 0x1E,
    0xAC, 0x1E, 0xAC, 0x1E, 0xAC, 0x1E, 0xAC, 0x1E, 0xAC, 0x1E, 0xAB, 0x1E, 0xEC, 0x1E, 0xAC, 0x1E,
    0xAC, 0x1E, 0xCB, 0x1E, 0x00, 0x00, 0x00, 0x00, 0xEF, 0x05, 0x00, 0x00, 0x00, 0x00, 0x00, 0x00,
    0x00, 0x00, 0x00, 0x00, 0x00, 0x00, 0xEF, 0x07, 0x00, 0x00, 0x00, 0x00, 0x4D, 0x16, 0xCC, 0x1E,
    0xAC, 0x1E, 0xEC, 0x1E, 0xAB, 0x1E, 0xAC, 0x1E, 0xAC, 0x1E, 0xAC, 0x1E, 0xAC, 0x1E, 0xAC, 0x1E,
    0xAC, 0x1E, 0xAC, 0x1E, 0xAC, 0x1E, 0xAC, 0x1E, 0xAC, 0x1E, 0xAC, 0x1E, 0xAC, 0x1E, 0xAC, 0x1E,
    0xAC, 0x1E, 0xAC, 0x1E, 0xAC, 0x1E, 0xAC, 0x1E, 0xAC, 0x1E, 0xAC, 0x1E, 0xAC, 0x1E, 0xAC, 0x1E,
    0xAC, 0x1E, 0xAC, 0x1E, 0xAC, 0x1E, 0xAC, 0x1E, 0xAC, 0x1E, 0xAC, 0x1E, 0xAC, 0x1E, 0xAC, 0x1E,
    0xAC, 0x1E, 0xAC, 0x1E, 0xAC, 0x1E, 0xAC, 0x1E, 0xAC, 0x1E, 0xAC, 0x1E, 0xAC, 0x1E, 0xAC, 0x1E,
    0xAC, 0x1E, 0xAC, 0x1E, 0xAC, 0x1E, 0xAC, 0x1E, 0xAC, 0x1E, 0xCC, 0x1E, 0xCC, 0x1E, 0xCC, 0x1E,
    0xCC, 0x1E, 0xCC, 0x1E, 0xAC, 0x1E, 0xAC, 0x1E, 0xAC, 0x1E, 0xAC, 0x1E, 0xAC, 0x1E, 0xAC, 0x1E,
    0xAC, 0x1E, 0xAC, 0x1E, 0xAC, 0x1E, 0xAC, 0x1E, 0xAC, 0x1E, 0xAB, 0x1E, 0xEC, 0x1E, 0xAC, 0x1E,
    0xCC, 0x1E, 0x8B, 0x16, 0x00, 0x00, 0x00, 0x00, 0xEF, 0x07, 0x00, 0x00, 0x00, 0x00, 0x00, 0x00,
    0x00, 0x00, 0x00, 0x00, 0x00, 0x00, 0xE0, 0x07, 0xFF, 0x07, 0xEF, 0x03, 0x00, 0x00, 0xAB, 0x26,
    0xAC, 0x1E, 0xCC, 0x1E, 0xCC, 0x1E, 0xCC, 0x1E, 0xAC, 0x1E, 0xAC, 0x1E, 0xAC, 0x1E, 0xAC, 0x1E,
    0xAC, 0x1E, 0xAC, 0x1E, 0xAC, 0x1E, 0xAC, 0x1E, 0xAC, 0x1E, 0xAC, 0x1E, 0xAC, 0x1E, 0xAC, 0x1E,
    0xAC, 0x1E, 0xAC, 0x1E, 0xAC, 0x1E, 0xAC, 0x1E, 0xAC, 0x1E, 0xAC, 0x1E, 0xAC, 0x1E, 0xAC, 0x1E,
    0xAC, 0x1E, 0xAC, 0x1E, 0xAC, 0x1E, 0xAC, 0x1E, 0xAC, 0x1E, 0xAC, 0x1E, 0xAC, 0x1E, 0xAC, 0x1E,
    0xAC, 0x1E, 0xAC, 0x1E, 0xAC, 0x1E, 0xAC, 0x1E, 0xAC, 0x1E, 0xAC, 0x1E, 0xAC, 0x1E, 0xAC, 0x1E,
    0xAC, 0x1E, 0xAC, 0x1E, 0xAC, 0x1E, 0xAC, 0x1E, 0xAC, 0x1E, 0xAB, 0x1E, 0xAC, 0x1E, 0xAB, 0x1E,
    0xAB, 0x1E, 0xAC, 0x1E, 0xAC, 0x1E, 0xAC, 0x1E, 0xAC, 0x1E, 0xAC, 0x1E, 0xAC, 0x1E, 0xAC, 0x1E,
    0xAC, 0x1E, 0xAC, 0x1E, 0xAC, 0x1E, 0xAC, 0x1E, 0xCC, 0x1E, 0xCC, 0x1E, 0xCC, 0x1E, 0xCC, 0x1E,
    0xAB, 0x26, 0x00, 0x00, 0xFF, 0x07, 0xFF, 0x07, 0xE0, 0x07, 0x00, 0x00, 0x00, 0x00, 0x00, 0x00,
    0x00, 0x00, 0x00, 0x00, 0x00, 0x00, 0x00, 0x00, 0xFF, 0x07, 0xEF, 0x03, 0xFF, 0x07, 0xEB, 0x1E,
    0xAC, 0x1E, 0xAC, 0x1E, 0xCC, 0x1E, 0xEC, 0x1E, 0xAC, 0x1E, 0xAC, 0x1E, 0xAC, 0x1E, 0xAC, 0x1E,
    0xAC, 0x1E, 0xAC, 0x1E, 0xAC, 0x1E, 0xAC, 0x1E, 0xAC, 0x1E, 0xAC, 0x1E, 0xAC, 0x1E, 0xAC, 0x1E,
    0xAC, 0x1E, 0xAC, 0x1E, 0xAC, 0x1E, 0xAC, 0x1E, 0xAC, 0x1E, 0xAC, 0x1E, 0xAC, 0x1E, 0xAC, 0x1E,
    0xAC, 0x1E, 0xAC, 0x1E, 0xAC, 0x1E, 0xAC, 0x1E, 0xAC, 0x1E, 0xAC, 0x1E, 0xAC, 0x1E, 0xAC, 0x1E,
    0xAC, 0x1E, 0xAC, 0x1E, 0xAC, 0x1E, 0xAC, 0x1E, 0xAC, 0x1E, 0xAC, 0x1E, 0xAC, 0x1E, 0xAC, 0x1E,
    0xAC, 0x1E, 0xAC, 0x1E, 0xAC, 0x1E, 0xAC, 0x1E, 0xAC, 0x1E, 0xAC, 0x1E, 0xAC, 0x1E, 0xAC, 0x1E,
    0xAC, 0x1E, 0xAC, 0x1E, 0xAC, 0x1E, 0xAC, 0x1E, 0xAC, 0x1E, 0xAC, 0x1E, 0xAC, 0x1E, 0xAC, 0x1E,
    0xAC, 0x1E, 0xAC, 0x1E, 0xAC, 0x1E, 0xAC, 0x1E, 0xEC, 0x1E, 0xCC, 0x1E, 0xAB, 0x1E, 0xCC, 0x1E,
    0xCD, 0x26, 0xEF, 0x03, 0xFF, 0x07, 0xFF, 0x07, 0x00, 0x00, 0x00, 0x00, 0x00, 0x00, 0x00, 0x00,
    0x00, 0x00, 0x00, 0x00, 0x00, 0x00, 0x00, 0x00, 0x00, 0x00, 0x00, 0x00, 0xEF, 0x07, 0x00, 0x00,
    0x6C, 0x1E, 0xAC, 0x1E, 0xCC, 0x1E, 0xCC, 0x1E, 0xCC, 0x1E, 0xAB, 0x1E, 0xAB, 0x1E, 0xAC, 0x1E,
    0xAC, 0x1E, 0xAC, 0x1E, 0xAC, 0x1E, 0xAC, 0x1E, 0xAC, 0x1E, 0xAC, 0x1E, 0xAC, 0x1E, 0xAC, 0x1E,
    0xAC, 0x1E, 0xAC, 0x1E, 0xAC, 0x1E, 0xAC, 0x1E, 0xAC, 0x1E, 0xAC, 0x1E, 0xAC, 0x1E, 0xAC, 0x1E,
    0xAC, 0x1E, 0xAC, 0x1E, 0xAC, 0x1E, 0xAC, 0x1E, 0xAC, 0x1E, 0xAC, 0x1E, 0xAC, 0x1E, 0xAC, 0x1E,
    0xAC, 0x1E, 0xAC, 0x1E, 0xAC, 0x1E, 0xAC, 0x1E, 0xAC, 0x1E, 0xAC, 0x1E, 0xAC, 0x1E, 0xAC, 0x1E,
    0xAC, 0x1E, 0xAC, 0x1E, 0xAC, 0x1E, 0xAC, 0x1E, 0xAC, 0x1E, 0xAC, 0x1E, 0xAC, 0x1E, 0xAC, 0x1E,
    0xAC, 0x1E, 0xAC, 0x1E, 0xAC, 0x1E, 0xAC, 0x1E, 0xAC, 0x1E, 0xAC, 0x1E, 0xAC, 0x1E, 0xAC, 0x1E,
    0xAC, 0x1E, 0xAB, 0x1E, 0xAB, 0x1E, 0xCC, 0x1E, 0xCC, 0x1E, 0xAB, 0x1E, 0xAB, 0x1E, 0x0A, 0x1F,
    0x00, 0x00, 0xEF, 0x07, 0x00, 0x00, 0x00, 0x00, 0x00, 0x00, 0x00, 0x00, 0x00, 0x00, 0x00, 0x00,
    0x00, 0x00, 0x00, 0x00, 0x00, 0x00, 0x00, 0x00, 0x00, 0x00, 0x00, 0x00, 0xEA, 0x07, 0xE0, 0x07,
    0x00, 0x00, 0xCC, 0x1E, 0xCB, 0x1E, 0xAB, 0x1E, 0xCC, 0x1E, 0xCC, 0x1E, 0xCB, 0x1E, 0xAB, 0x1E,
    0xAC, 0x1E, 0xAC, 0x1E, 0xAC, 0x1E, 0xAC, 0x1E, 0xAC, 0x1E, 0xAC, 0x1E, 0xAC, 0x1E, 0xAC, 0x1E,
    0xAC, 0x1E, 0xAC, 0x1E, 0xAC, 0x1E, 0xAC, 0x1E, 0xAC, 0x1E, 0xAC, 0x1E, 0xAC, 0x1E, 0xAC, 0x1E,
    0xAC, 0x1E, 0xAC, 0x1E, 0xAC, 0x1E, 0xAC, 0x1E, 0xAC, 0x1E, 0xAC, 0x1E, 0xAC, 0x1E, 0xAC, 0x1E,
    0xAC, 0x1E, 0xAC, 0x1E, 0xAC, 0x1E, 0xAC, 0x1E, 0xAC, 0x1E, 0xAC, 0x1E, 0xAC, 0x1E, 0xAC, 0x1E,
    0xAC, 0x1E, 0xAC, 0x1E, 0xAC, 0x1E, 0xAC, 0x1E, 0xAC, 0x1E, 0xAC, 0x1E, 0xAC, 0x1E, 0xAC, 0x1E,
    0xAC, 0x1E, 0xAC, 0x1E, 0xAC, 0x1E, 0xAC, 0x1E, 0xAC, 0x1E, 0xAC, 0x1E, 0xAC, 0x1E, 0xAC, 0x1E,
    0xAB, 0x1E, 0xCC, 0x1E, 0xCC, 0x1E, 0xCC, 0x1E, 0xAB, 0x1E, 0xAB, 0x1E, 0xCB, 0x1E, 0x00, 0x00,
    0xE0, 0x07, 0xEA, 0x07, 0x00, 0x00, 0x00, 0x00, 0x00, 0x00, 0x00, 0x00, 0x00, 0x00, 0x00, 0x00,
    0x00, 0x00, 0x00, 0x00, 0x00, 0x00, 0x00, 0x00, 0x00, 0x00, 0x00, 0x00, 0xE0, 0x07, 0x00, 0x00,
    0xEA, 0x07, 0x00, 0x00, 0xEC, 0x26, 0xAC, 0x1E, 0xAB, 0x1E, 0xAC, 0x1E, 0xCC, 0x1E, 0xAB, 0x1E,
    0xAC, 0x1E, 0xAC, 0x1E, 0xAC, 0x1E, 0xAC, 0x1E, 0xAC, 0x1E, 0xAC, 0x1E, 0xAC, 0x1E, 0xAC, 0x1E,
    0xAC, 0x1E, 0xAC, 0x1E, 0xAC, 0x1E, 0xAC, 0x1E, 0xAC, 0x1E, 0xAC, 0x1E, 0xAC, 0x1E, 0xAC, 0x1E,
    0xAC, 0x1E, 0xAC, 0x1E, 0xAC, 0x1E, 0xAC, 0x1E, 0xAC, 0x1E, 0xAC, 0x1E, 0xAC, 0x1E, 0xAC, 0x1E,
    0xAC, 0x1E, 0xAC, 0x1E, 0xAC, 0x1E, 0xAC, 0x1E, 0xAC, 0x1E, 0xAC, 0x1E, 0xAC, 0x1E, 0xAC, 0x1E,
    0xAC, 0x1E, 0xAC, 0x1E, 0xAC, 0x1E, 0xAC, 0x1E, 0xAC, 0x1E, 0xAC, 0x1E, 0xAC, 0x1E, 0xAC, 0x1E,
    0xAC, 0x1E, 0xAC, 0x1E, 0xAC, 0x1E, 0xAC, 0x1E, 0xAC, 0x1E, 0xAC, 0x1E, 0xAC, 0x1E, 0xAC, 0x1E,
    0xAB, 0x1E, 0xCC, 0x1E, 0xAB, 0x1E, 0xAC, 0x1E, 0xCC, 0x1E, 0x8C, 0x26, 0x00, 0x00, 0xEA, 0x07,
    0x00, 0x00, 0xE0, 0x07, 0x00, 0x00, 0x00, 0x00, 0x00, 0x00, 0x00, 0x00, 0x00, 0x00, 0x00, 0x00,
    0x00, 0x00, 0x00, 0x00, 0x00, 0x00, 0x00, 0x00, 0x00, 0x00, 0x00, 0x00, 0x00, 0x00, 0x00, 0x00,
    0x4A, 0x05, 0x00, 0x00, 0x00, 0x00, 0xCB, 0x1E, 0xAB, 0x1E, 0xAB, 0x1E, 0xCC, 0x1E, 0xCC, 0x1E,
    0xCC, 0x1E, 0xAB, 0x1E, 0xAC, 0x1E, 0xAC, 0x1E, 0xAC, 0x1E, 0xAC, 0x1E, 0xAC, 0x1E, 0xAC, 0x1E,
    0xAC, 0x1E, 0xAC, 0x1E, 0xAC, 0x1E, 0xAC, 0x1E, 0xAC, 0x1E, 0xAC, 0x1E, 0xAC, 0x1E, 0xAC, 0x1E,
    0xAC, 0x1E, 0xAC, 0x1E, 0xAC, 0x1E, 0xAC, 0x1E, 0xAC, 0x1E, 0xAC, 0x1E, 0xAC, 0x1E, 0xAC, 0x1E,
    0xAC, 0x1E, 0xAC, 0x1E, 0xAC, 0x1E, 0xAC, 0x1E, 0xAC, 0x1E, 0xAC, 0x1E, 0xAC, 0x1E, 0xAC, 0x1E,
    0xAC, 0x1E, 0xAC, 0x1E, 0xAC, 0x1E, 0xAC, 0x1E, 0xAC, 0x1E, 0xAC, 0x1E, 0xAC, 0x1E, 0xAC, 0x1E,
    0xAC, 0x1E, 0xAC, 0x1E, 0xAC, 0x1E, 0xAC, 0x1E, 0xAC, 0x1E, 0xAC, 0x1E, 0xAB, 0x1E, 0xCC, 0x1E,
    0xCC, 0x1E, 0xCC, 0x1E, 0xAC, 0x1E, 0xAB, 0x1E, 0xCB, 0x1E, 0x00, 0x00, 0x00, 0x00, 0x4A, 0x05,
    0x00, 0x00, 0x00, 0x00, 0x00, 0x00, 0x00, 0x00, 0x00, 0x00, 0x00, 0x00, 0x00, 0x00, 0x00, 0x00,
    0x00, 0x00, 0x00, 0x00, 0x00, 0x00, 0x00, 0x00, 0x00, 0x00, 0x00, 0x00, 0x00, 0x00, 0x00, 0x00,
    0xE0, 0x07, 0x4A, 0x05, 0xFF, 0x07, 0x00, 0x00, 0x0C, 0x1F, 0xAC, 0x1E, 0xAC, 0x1E, 0xAC, 0x1E,
    0xEC, 0x1E, 0xCC, 0x1E, 0xAC, 0x1E, 0xAC, 0x1E, 0xAC, 0x1E, 0xAC, 0x1E, 0xAC, 0x1E, 0xAC, 0x1E,
    0xAC, 0x1E, 0xAC, 0x1E, 0xAC, 0x1E, 0xAC, 0x1E, 0xAC, 0x1E, 0xAC, 0x1E, 0xAC, 0x1E, 0xAC, 0x1E,
    0xAC, 0x1E, 0xAC, 0x1E, 0xAC, 0x1E, 0xAC, 0x1E, 0xAC, 0x1E, 0xAC, 0x1E, 0xAC, 0x1E, 0xAC, 0x1E,
    0xAC, 0x1E, 0xAC, 0x1E, 0xAC, 0x1E, 0xAC, 0x1E, 0xAC, 0x1E, 0xAC, 0x1E, 0xAC, 0x1E, 0xAC, 0x1E,
    0xAC, 0x1E, 0xAC, 0x1E, 0xAC, 0x1E, 0xAC, 0x1E, 0xAC, 0x1E, 0xAC, 0x1E, 0xAC, 0x1E, 0xAC, 0x1E,
    0xAC, 0x1E, 0xAC, 0x1E, 0xAC, 0x1E, 0xAC, 0x1E, 0xAC, 0x1E, 0xAC, 0x1E, 0xCC, 0x1E, 0xEC, 0x1E,
    0xAB, 0x1E, 0xCB, 0x1E, 0xAC, 0x1E, 0x8B, 0x1E, 0x00, 0x00, 0xE0, 0x07, 0xEA, 0x07, 0xE0, 0x07,
    0x00, 0x00, 0x00, 0x00, 0x00, 0x00, 0x00, 0x00, 0x00, 0x00, 0x00, 0x00, 0x00, 0x00, 0x00, 0x00,
    0x00, 0x00, 0x00, 0x00, 0x00, 0x00, 0x00, 0x00, 0x00, 0x00, 0x00, 0x00, 0x00, 0x00, 0x00, 0x00,
    0x00, 0x00, 0x00, 0x00, 0x00, 0x00, 0xE0, 0x07, 0xE0, 0x07, 0xAB, 0x1E, 0xAB, 0x1E, 0xAC, 0x1E,
    0xCC, 0x1E, 0xCC, 0x1E, 0xAC, 0x1E, 0xAC, 0x1E, 0xAC, 0x1E, 0xAC, 0x1E, 0xAC, 0x1E, 0xAC, 0x1E,
    0xAC, 0x1E, 0xAC, 0x1E, 0xAC, 0x1E, 0xAC, 0x1E, 0xAC, 0x1E, 0xAC, 0x1E, 0xAC, 0x1E, 0xAC, 0x1E,
    0xAC, 0x1E, 0xAC, 0x1E, 0xAC, 0x1E, 0xAC, 0x1E, 0xAC, 0x1E, 0xAC, 0x1E, 0xAC, 0x1E, 0xAC, 0x1E,
    0xAC, 0x1E, 0xAC, 0x1E, 0xAC, 0x1E, 0xAC, 0x1E, 0xAC, 0x1E, 0xAC, 0x1E, 0xAC, 0x1E, 0xAC, 0x1E,
    0xAC, 0x1E, 0xAC, 0x1E, 0xAC, 0x1E, 0xAC, 0x1E, 0xAC, 0x1E, 0xAC, 0x1E, 0xAC, 0x1E, 0xAC, 0x1E,
    0xAC, 0x1E, 0xAC, 0x1E, 0xAC, 0x1E, 0xAC, 0x1E, 0xAC, 0x1E, 0xAB, 0x1E, 0xCC, 0x1E, 0xCC, 0x1E,
    0xCC, 0x1E, 0xCB, 0x1E, 0xEB, 0x26, 0xE0, 0x07, 0xE0, 0x07, 0x00, 0x00, 0x00, 0x00, 0x00, 0x00,
    0x00, 0x00, 0x00, 0x00, 0x00, 0x00, 0x00, 0x00, 0x00, 0x00, 0x00, 0x00, 0x00, 0x00, 0x00, 0x00,
    0x00, 0x00, 0x00, 0x00, 0x00, 0x00, 0x00, 0x00, 0x00, 0x00, 0x00, 0x00, 0x00, 0x00, 0x00, 0x00,
    0x00, 0x00, 0x00, 0x00, 0xE0, 0x07, 0xEA, 0x07, 0x00, 0x00, 0x00, 0x00, 0xCC, 0x26, 0xAC, 0x1E,
    0xAB, 0x1E, 0xCC, 0x1E, 0xEC, 0x1E, 0xEC, 0x1E, 0xAB, 0x1E, 0xAC, 0x1E, 0xAB, 0x1E, 0xAC, 0x1E,
    0xAC, 0x1E, 0xAC, 0x1E, 0xAC, 0x1E, 0xAC, 0x1E, 0xAC, 0x1E, 0xAC, 0x1E, 0xAC, 0x1E, 0xAC, 0x1E,
    0xAC, 0x1E, 0xAC, 0x1E, 0xAC, 0x1E, 0xAC, 0x1E, 0xAC, 0x1E, 0xAC, 0x1E, 0xAC, 0x1E, 0xAC, 0x1E,
    0xAC, 0x1E, 0xAC, 0x1E, 0xAC, 0x1E, 0xAC, 0x1E, 0xAC, 0x1E, 0xAC, 0x1E, 0xAC, 0x1E, 0xAC, 0x1E,
    0xAC, 0x1E, 0xAC, 0x1E, 0xAC, 0x1E, 0xAC, 0x1E, 0xAC, 0x1E, 0xAC, 0x1E, 0xAC, 0x1E, 0xAC, 0x1E,
    0xAC, 0x1E, 0xAB, 0x1E, 0xAB, 0x1E, 0xAB, 0x1E, 0xEC, 0x1E, 0x0C, 0x1F, 0xCC, 0x1E, 0xAB, 0x1E,
    0xAC, 0x1E, 0x8B, 0x26, 0x00, 0x00, 0x00, 0x00, 0xEA, 0x07, 0x00, 0x00, 0x00, 0x00, 0x00, 0x00,
    0x00, 0x00, 0x00, 0x00, 0x00, 0x00, 0x00, 0x00, 0x00, 0x00, 0x00, 0x00, 0x00, 0x00, 0x00, 0x00,
    0x00, 0x00, 0x00, 0x00, 0x00, 0x00, 0x00, 0x00, 0x00, 0x00, 0x00, 0x00, 0x00, 0x00, 0x00, 0x00,
    0x00, 0x00, 0x00, 0x00, 0x00, 0x00, 0x00, 0x00, 0xEA, 0x07, 0xE7, 0x05, 0x00, 0x00, 0xEF, 0x2F,
    0xAC, 0x1E, 0xAB, 0x1E, 0xAB, 0x1E, 0xCC, 0x1E, 0xCC, 0x1E, 0xCC, 0x1E, 0xCC, 0x1E, 0xCC, 0x1E,
    0xAC, 0x1E, 0xAC, 0x1E, 0xAC, 0x1E, 0xAC, 0x1E, 0xAC, 0x1E, 0xAC, 0x1E, 0xAC, 0x1E, 0xAC, 0x1E,
    0xAC, 0x1E, 0xAC, 0x1E, 0xAC, 0x1E, 0xAC, 0x1E, 0xAC, 0x1E, 0xAC, 0x1E, 0xAC, 0x1E, 0xAC, 0x1E,
    0xAC, 0x1E, 0xAC, 0x1E, 0xAC, 0x1E, 0xAC, 0x1E, 0xAC, 0x1E, 0xAC, 0x1E, 0xAC, 0x1E, 0xAC, 0x1E,
    0xAC, 0x1E, 0xAC, 0x1E, 0xAC, 0x1E, 0xAC, 0x1E, 0xAC, 0x1E, 0xAC, 0x1E, 0xAC, 0x1E, 0xAC, 0x1E,
    0xCC, 0x1E, 0xCC, 0x1E, 0xCC, 0x1E, 0xCC, 0x1E, 0xCC, 0x1E, 0xCB, 0x1E, 0xAB, 0x1E, 0xAB, 0x1E,
    0x89, 0x24, 0x00, 0x00, 0xE7, 0x05, 0xEA, 0x07, 0x00, 0x00, 0x00, 0x00, 0x00, 0x00, 0x00, 0x00,
    0x00, 0x00, 0x00, 0x00, 0x00, 0x00, 0x00, 0x00, 0x00, 0x00, 0x00, 0x00, 0x00, 0x00, 0x00, 0x00,
    0x00, 0x00, 0x00, 0x00, 0x00, 0x00, 0x00, 0x00, 0x00, 0x00, 0x00, 0x00, 0x00, 0x00, 0x00, 0x00,
    0x00, 0x00, 0x00, 0x00, 0x00, 0x00, 0x00, 0x00, 0x00, 0x00, 0x00, 0x00, 0x00, 0x00, 0x00, 0x00,
    0x0A, 0x1F, 0xAC, 0x26, 0xAB, 0x1E, 0xAB, 0x1E, 0xAB, 0x1E, 0xAC, 0x1E, 0xAC, 0x1E, 0xAC, 0x1E,
    0xAC, 0x1E, 0xAC, 0x1E, 0xAB, 0x1E, 0xAC, 0x1E, 0xAC, 0x1E, 0xAC, 0x1E, 0xAC, 0x1E, 0xAC, 0x1E,
    0xAC, 0x1E, 0xAC, 0x1E, 0xAC, 0x1E, 0xAC, 0x1E, 0xAC, 0x1E, 0xAC, 0x1E, 0xAC, 0x1E, 0xAC, 0x1E,
    0xAC, 0x1E, 0xAC, 0x1E, 0xAC, 0x1E, 0xAC, 0x1E, 0xAC, 0x1E, 0xAC, 0x1E, 0xAC, 0x1E, 0xAC, 0x1E,
    0xAC, 0x1E, 0xAC, 0x1E, 0xAC, 0x1E, 0xAC, 0x1E, 0xAC, 0x1E, 0xAB, 0x1E, 0xAC, 0x1E, 0xAC, 0x1E,
    0xAC, 0x1E, 0xAC, 0x1E, 0xAC, 0x1E, 0xAB, 0x1E, 0xAB, 0x1E, 0xCC, 0x1E, 0xAC, 0x26, 0x2A, 0x1E,
    0x00, 0x00, 0x00, 0x00, 0x00, 0x00, 0x00, 0x00, 0x00, 0x00, 0x00, 0x00, 0x00, 0x00, 0x00, 0x00,
    0x00, 0x00, 0x00, 0x00, 0x00, 0x00, 0x00, 0x00, 0x00, 0x00, 0x00, 0x00, 0x00, 0x00, 0x00, 0x00,
    0x00, 0x00, 0x00, 0x00, 0x00, 0x00, 0x00, 0x00, 0x00, 0x00, 0x00, 0x00, 0x00, 0x00, 0x00, 0x00,
    0x00, 0x00, 0x00, 0x00, 0x00, 0x00, 0x00, 0x00, 0x00, 0x00, 0x00, 0x00, 0xEF, 0x07, 0xEF, 0x07,
    0x00, 0x00, 0x00, 0x00, 0xAC, 0x1E, 0xAB, 0x1E, 0xAB, 0x1E, 0xAC, 0x1E, 0xAC, 0x1E, 0xAC, 0x1E,
    0xEC, 0x1E, 0xEC, 0x1E, 0xCC, 0x1E, 0xAC, 0x1E, 0xAB, 0x1E, 0xAC, 0x1E, 0xAC, 0x1E, 0xAB, 0x1E,
    0xAC, 0x1E, 0xAC, 0x1E, 0xAC, 0x1E, 0xAC, 0x1E, 0xAC, 0x1E, 0xAC, 0x1E, 0xAC, 0x1E, 0xAC, 0x1E,
    0xAC, 0x1E, 0xAC, 0x1E, 0xAC, 0x1E, 0xAC, 0x1E, 0xAC, 0x1E, 0xAC, 0x1E, 0xAC, 0x1E, 0xAC, 0x1E,
    0xAB, 0x1E, 0xAC, 0x1E, 0xAC, 0x1E, 0xAB, 0x1E, 0xAC, 0x1E, 0xCC, 0x1E, 0xEC, 0x1E, 0xEC, 0x1E,
    0xAB, 0x1E, 0xCC, 0x1E, 0xCC, 0x1E, 0xAB, 0x1E, 0xAB, 0x1E, 0xEC, 0x26, 0x00, 0x00, 0x00, 0x00,
    0xEF, 0x07, 0xEF, 0x07, 0x00, 0x00, 0x00, 0x00, 0x00, 0x00, 0x00, 0x00, 0x00, 0x00, 0x00, 0x00,
    0x00, 0x00, 0x00, 0x00, 0x00, 0x00, 0x00, 0x00, 0x00, 0x00, 0x00, 0x00, 0x00, 0x00, 0x00, 0x00,
    0x00, 0x00, 0x00, 0x00, 0x00, 0x00, 0x00, 0x00, 0x00, 0x00, 0x00, 0x00, 0x00, 0x00, 0x00, 0x00,
    0x00, 0x00, 0x00, 0x00, 0x00, 0x00, 0x00, 0x00, 0x00, 0x00, 0x00, 0x00, 0x00, 0x00, 0x00, 0x00,
    0xE0, 0x07, 0xFF, 0x07, 0x00, 0x00, 0x00, 0x00, 0x6C, 0x26, 0xAC, 0x1E, 0xAB, 0x1E, 0xAC, 0x1E,
    0xAC, 0x1E, 0xAC, 0x1E, 0xAC, 0x1E, 0xCC, 0x1E, 0xCC, 0x1E, 0xCC, 0x1E, 0xCC, 0x1E, 0xCC, 0x1E,
    0xCC, 0x1E, 0xAC, 0x1E, 0xAC, 0x1E, 0xAC, 0x1E, 0xAC, 0x1E, 0xAC, 0x1E, 0xAC, 0x1E, 0xAC, 0x1E,
    0xAC, 0x1E, 0xAC, 0x1E, 0xAC, 0x1E, 0xAC, 0x1E, 0xAC, 0x1E, 0xAC, 0x1E, 0xAC, 0x1E, 0xCC, 0x1E,
    0xCC, 0x1E, 0xCC, 0x1E, 0xCC, 0x1E, 0xCC, 0x1E, 0xCC, 0x1E, 0xAC, 0x1E, 0xAC, 0x1E, 0xAC, 0x1E,
    0xAB, 0x1E, 0xAC, 0x1E, 0xCC, 0x1E, 0xCC, 0x26, 0x00, 0x00, 0x00, 0x00, 0xEF, 0x03, 0xE0, 0x07,
    0x00, 0x00, 0x00, 0x00, 0x00, 0x00, 0x00, 0x00, 0x00, 0x00, 0x00, 0x00, 0x00, 0x00, 0x00, 0x00,
    0x00, 0x00, 0x00, 0x00, 0x00, 0x00, 0x00, 0x00, 0x00, 0x00, 0x00, 0x00, 0x00, 0x00, 0x00, 0x00,
    0x00, 0x00, 0x00, 0x00, 0x00, 0x00, 0x00, 0x00, 0x00, 0x00, 0x00, 0x00, 0x00, 0x00, 0x00, 0x00,
    0x00, 0x00, 0x00, 0x00, 0x00, 0x00, 0x00, 0x00, 0x00, 0x00, 0x00, 0x00, 0x00, 0x00, 0x00, 0x00,
    0xE0, 0x07, 0xE0, 0x07, 0x00, 0x00, 0x00, 0x00, 0x00, 0x00, 0xEB, 0x16, 0xAC, 0x1E, 0xAC, 0x1E,
    0xCC, 0x1E, 0xAB, 0x1E, 0xAC, 0x1E, 0xAC, 0x1E, 0xEC, 0x1E, 0x2C, 0x27, 0x0C, 0x1F, 0xCC, 0x1E,
    0xAC, 0x1E, 0xAB, 0x1E, 0xAB, 0x1E, 0xAC, 0x1E, 0xAB, 0x1E, 0xAB, 0x1E, 0xAC, 0x1E, 0xAC, 0x1E,
    0xAC, 0x1E, 0xAC, 0x1E, 0xAB, 0x1E, 0xAB, 0x1E, 0xAC, 0x1E, 0xAB, 0x1E, 0xAB, 0x1E, 0xAC, 0x1E,
    0xCC, 0x1E, 0x0C, 0x1F, 0x2C, 0x27, 0xEC, 0x1E, 0xAC, 0x1E, 0xAC, 0x1E, 0xAB, 0x1E, 0xCB, 0x1E,
    0xAB, 0x1E, 0xAC, 0x1E, 0xCC, 0x1E, 0x00, 0x00, 0x00, 0x00, 0x00, 0x00, 0xE0, 0x07, 0xE0, 0x07,
    0x00, 0x00, 0x00, 0x00, 0x00, 0x00, 0x00, 0x00, 0x00, 0x00, 0x00, 0x00, 0x00, 0x00, 0x00, 0x00,
    0x00, 0x00, 0x00, 0x00, 0x00, 0x00, 0x00, 0x00, 0x00, 0x00, 0x00, 0x00, 0x00, 0x00, 0x00, 0x00,
    0x00, 0x00, 0x00, 0x00, 0x00, 0x00, 0x00, 0x00, 0x00, 0x00, 0x00, 0x00, 0x00, 0x00, 0x00, 0x00,
    0x00, 0x00, 0x00, 0x00, 0x00, 0x00, 0x00, 0x00, 0x00, 0x00, 0x00, 0x00, 0x00, 0x00, 0x00, 0x00,
    0x00, 0x00, 0x00, 0x00, 0xEF, 0x07, 0x4A, 0x05, 0xEF, 0x03, 0x00, 0x00, 0x00, 0x00, 0x2C, 0x37,
    0xCC, 0x1E, 0xAC, 0x1E, 0xAC, 0x1E, 0xAC, 0x1E, 0xCC, 0x1E, 0xAC, 0x1E, 0xAB, 0x1E, 0xCC, 0x1E,
    0xCC, 0x1E, 0xEC, 0x1E, 0x0C, 0x27, 0x2C, 0x27, 0x2C, 0x27, 0x2C, 0x27, 0x2C, 0x27, 0x2C, 0x27,
    0x2C, 0x27, 0x2C, 0x27, 0x2C, 0x27, 0x2C, 0x27, 0x2C, 0x27, 0x0C, 0x27, 0xEC, 0x1E, 0xCC, 0x1E,
    0xCC, 0x1E, 0xCC, 0x1E, 0xAC, 0x1E, 0xCC, 0x1E, 0xAC, 0x1E, 0xAB, 0x1E, 0xAB, 0x1E, 0xAC, 0x1E,
    0x2C, 0x37, 0x00, 0x00, 0x00, 0x00, 0xEF, 0x03, 0xAA, 0x06, 0xEF, 0x07, 0x00, 0x00, 0x00, 0x00,
    0x00, 0x00, 0x00, 0x00, 0x00, 0x00, 0x00, 0x00, 0x00, 0x00, 0x00, 0x00, 0x00, 0x00, 0x00, 0x00,
    0x00, 0x00, 0x00, 0x00, 0x00, 0x00, 0x00, 0x00, 0x00, 0x00, 0x00, 0x00, 0x00, 0x00, 0x00, 0x00,
    0x00, 0x00, 0x00, 0x00, 0x00, 0x00, 0x00, 0x00, 0x00, 0x00, 0x00, 0x00, 0x00, 0x00, 0x00, 0x00,
    0x00, 0x00, 0x00, 0x00, 0x00, 0x00, 0x00, 0x00, 0x00, 0x00, 0x00, 0x00, 0x00, 0x00, 0x00, 0x00,
    0x00, 0x00, 0x00, 0x00, 0x00, 0x00, 0x00, 0x00, 0x00, 0x00, 0x00, 0x00, 0x00, 0x00, 0x00, 0x00,
    0x55, 0x05, 0x29, 0x16, 0xCB, 0x1E, 0xCB, 0x1E, 0xCC, 0x1E, 0xAC, 0x1E, 0xCB, 0x1E, 0xCC, 0x1E,
    0xAB, 0x1E, 0xAC, 0x1E, 0xAB, 0x1E, 0xCC, 0x1E, 0xEC, 0x1E, 0x0C, 0x1F, 0xEC, 0x1E, 0xEC, 0x1E,
    0xEC, 0x1E, 0xEC, 0x1E, 0x0C, 0x1F, 0xEC, 0x1E, 0xCC, 0x1E, 0xAB, 0x1E, 0xAC, 0x1E, 0xAB, 0x1E,
    0xCB, 0x1E, 0xCC, 0x1E, 0xAC, 0x1E, 0xEC, 0x1E, 0x0C, 0x1F, 0x0C, 0x1F, 0xAA, 0x16, 0x4A, 0x05,
    0x00, 0x00, 0x00, 0x00, 0x00, 0x00, 0x00, 0x00, 0x00, 0x00, 0x00, 0x00, 0x00, 0x00, 0x00, 0x00,
    0x00, 0x00, 0x00, 0x00, 0x00, 0x00, 0x00, 0x00, 0x00, 0x00, 0x00, 0x00, 0x00, 0x00, 0x00, 0x00,
    0x00, 0x00, 0x00, 0x00, 0x00, 0x00, 0x00, 0x00, 0x00, 0x00, 0x00, 0x00, 0x00, 0x00, 0x00, 0x00,
    0x00, 0x00, 0x00, 0x00, 0x00, 0x00, 0x00, 0x00, 0x00, 0x00, 0x00, 0x00, 0x00, 0x00, 0x00, 0x00,
    0x00, 0x00, 0x00, 0x00, 0x00, 0x00, 0x00, 0x00, 0x00, 0x00, 0x00, 0x00, 0x00, 0x00, 0x00, 0x00,
    0x00, 0x00, 0x00, 0x00, 0x00, 0x00, 0x00, 0x00, 0xE0, 0x07, 0xEF, 0x03, 0xEF, 0x03, 0x00, 0x00,
    0x00, 0x00, 0x00, 0x00, 0x00, 0x00, 0x00, 0x00, 0xEF, 0x03, 0xEB, 0x1E, 0x8B, 0x1E, 0xAB, 0x1E,
    0xAB, 0x1E, 0xAC, 0x1E, 0xCC, 0x1E, 0xAB, 0x1E, 0xAB, 0x1E, 0xAC, 0x1E, 0xAC, 0x1E, 0xAC, 0x1E,
    0xCB, 0x1E, 0xAB, 0x1E, 0xAB, 0x1E, 0xAB, 0x1E, 0xAB, 0x1E, 0xCC, 0x1E, 0xAC, 0x1E, 0xAB, 0x1E,
    0xCB, 0x1E, 0xCB, 0x1E, 0xEC, 0x26, 0xFF, 0x07, 0x00, 0x00, 0x00, 0x00, 0x00, 0x00, 0x00, 0x00,
    0x00, 0x00, 0xE0, 0x07, 0xEF, 0x03, 0xE0, 0x07, 0x00, 0x00, 0x00, 0x00, 0x00, 0x00, 0x00, 0x00,
    0x00, 0x00, 0x00, 0x00, 0x00, 0x00, 0x00, 0x00, 0x00, 0x00, 0x00, 0x00, 0x00, 0x00, 0x00, 0x00,
    0x00, 0x00, 0x00, 0x00, 0x00, 0x00, 0x00, 0x00, 0x00, 0x00, 0x00, 0x00, 0x00, 0x00, 0x00, 0x00,
    0x00, 0x00, 0x00, 0x00, 0x00, 0x00, 0x00, 0x00, 0x00, 0x00, 0x00, 0x00, 0x00, 0x00, 0x00, 0x00,
    0x00, 0x00, 0x00, 0x00, 0x00, 0x00, 0x00, 0x00, 0x00, 0x00, 0x00, 0x00, 0x00, 0x00, 0x00, 0x00,
    0x00, 0x00, 0x00, 0x00, 0x00, 0x00, 0x00, 0x00, 0x00, 0x00, 0x00, 0x00, 0x00, 0x00, 0xE0, 0x07,
    0xEF, 0x07, 0x4A, 0x05, 0x4A, 0x05, 0xEF, 0x07, 0xE0, 0x07, 0x00, 0x00, 0x00, 0x00, 0x00, 0x00,
    0x00, 0x00, 0x00, 0x00, 0x00, 0x00, 0x00, 0x00, 0xAA, 0x52, 0x0D, 0x1E, 0x8B, 0x26, 0x0C, 0x27,
    0xCB, 0x26, 0x8C, 0x26, 0x0B, 0x1E, 0xAA, 0x52, 0x00, 0x00, 0x00, 0x00, 0x00, 0x00, 0x00, 0x00,
    0x00, 0x00, 0x00, 0x00, 0x00, 0x00, 0xE0, 0x07, 0xEF, 0x07, 0x4A, 0x05, 0x4A, 0x05, 0xEF, 0x07,
    0xE0, 0x07, 0x00, 0x00, 0x00, 0x00, 0x00, 0x00, 0x00, 0x00, 0x00, 0x00, 0x00, 0x00, 0x00, 0x00,
    0x00, 0x00, 0x00, 0x00, 0x00, 0x00, 0x00, 0x00, 0x00, 0x00, 0x00, 0x00, 0x00, 0x00, 0x00, 0x00,
    0x00, 0x00, 0x00, 0x00, 0x00, 0x00, 0x00, 0x00, 0x00, 0x00, 0x00, 0x00, 0x00, 0x00, 0x00, 0x00,
    0x00, 0x00, 0x00, 0x00, 0x00, 0x00, 0x00, 0x00, 0x00, 0x00, 0x00, 0x00, 0x00, 0x00, 0x00, 0x00,
    0x00, 0x00, 0x00, 0x00, 0x00, 0x00, 0x00, 0x01, 0x02, 0x03, 0x03, 0x02, 0x01, 0x00, 0x00, 0x00,
    0x00, 0x00, 0x00, 0x00, 0x03, 0x11, 0x1D, 0x23, 0x21, 0x1C, 0x11, 0x03, 0x00, 0x00, 0x00, 0x00,
    0x00, 0x00, 0x00, 0x01, 0x02, 0x03, 0x03, 0x02, 0x01, 0x00, 0x00, 0x00, 0x00, 0x00, 0x00, 0x00,
    0x00, 0x00, 0x00, 0x00, 0x00, 0x00, 0x00, 0x00, 0x00, 0x00, 0x00, 0x00, 0x00, 0x00, 0x00, 0x00,
    0x00, 0x00, 0x00, 0x00, 0x00, 0x00, 0x00, 0x00, 0x00, 0x00, 0x00, 0x00, 0x00, 0x00, 0x00, 0x00,
    0x00, 0x00, 0x00, 0x00, 0x01, 0x02, 0x02, 0x00, 0x00, 0x00, 0x00, 0x00, 0x02, 0x10, 0x29, 0x40,
    0x50, 0x5A, 0x61, 0x68, 0x70, 0x79, 0x80, 0x83, 0x82, 0x7F, 0x79, 0x70, 0x68, 0x61, 0x5A, 0x4F,
    0x40, 0x28, 0x0F, 0x01, 0x00, 0x00, 0x00, 0x00, 0x00, 0x02, 0x02, 0x01, 0x00, 0x00, 0x00, 0x00,
    0x00, 0x00, 0x00, 0x00, 0x00, 0x00, 0x00, 0x00, 0x00, 0x00, 0x00, 0x00, 0x00, 0x00, 0x00, 0x00,
    0x00, 0x00, 0x00, 0x00, 0x00, 0x00, 0x00, 0x00, 0x00, 0x00, 0x00, 0x00, 0x00, 0x00, 0x00, 0x00,
    0x00, 0x00, 0x00, 0x00, 0x00, 0x00, 0x00, 0x00, 0x03, 0x0D, 0x1B, 0x2B, 0x3C, 0x5B, 0x8B, 0xB8,
    0xD6, 0xE7, 0xF5, 0xFF, 0xFF, 0xFF, 0xFF, 0xFF, 0xFF, 0xFF, 0xFF, 0xFF, 0xFF, 0xF5, 0xE7, 0xD5,
    0xB7, 0x8A, 0x5A, 0x3B, 0x2A, 0x1A, 0x0C, 0x03, 0x00, 0x00, 0x00, 0x00, 0x00, 0x00, 0x00, 0x00,
    0x00, 0x00, 0x00, 0x00, 0x00, 0x00, 0x00, 0x00, 0x00, 0x00, 0x00, 0x00, 0x00, 0x00, 0x00, 0x00,
    0x00, 0x00, 0x00, 0x00, 0x00, 0x00, 0x00, 0x00, 0x00, 0x00, 0x00, 0x00, 0x00, 0x00, 0x00, 0x00,
    0x00, 0x00, 0x02, 0x06, 0x02, 0x00, 0x00, 0x0A, 0x29, 0x54, 0x80, 0xA6, 0xBF, 0xD6, 0xE8, 0xF6,
    0xFF, 0xFF, 0xFF, 0xFF, 0xFF, 0xFF, 0xFF, 0xFF, 0xFF, 0xFF, 0xFF, 0xFF, 0xFF, 0xFF, 0xFF, 0xFF,
    0xF6, 0xE7, 0xD6, 0xBF, 0xA6, 0x80, 0x53, 0x2A, 0x0A, 0x00, 0x00, 0x02, 0x06, 0x02, 0x00, 0x00,
    0x00, 0x00, 0x00, 0x00, 0x00, 0x00, 0x00, 0x00, 0x00, 0x00, 0x00, 0x00, 0x00, 0x00, 0x00, 0x00,
    0x00, 0x00, 0x00, 0x00, 0x00, 0x00, 0x00, 0x00, 0x00, 0x00, 0x00, 0x00, 0x00, 0x00, 0x00, 0x00,
    0x01, 0x01, 0x00, 0x00, 0x00, 0x15, 0x34, 0x58, 0x84, 0xB0, 0xD9, 0xF7, 0xFF, 0xFF, 0xFF, 0xFF,
    0xFF, 0xFD, 0xFB, 0xF9, 0xF8, 0xF8, 0xF9, 0xF9, 0xF9, 0xF9, 0xF8, 0xF8, 0xF9, 0xFB, 0xFD, 0xFF,
    0xFF, 0xFF, 0xFF, 0xFF, 0xF7, 0xD9, 0xB0, 0x83, 0x58, 0x34, 0x16, 0x00, 0x00, 0x00, 0x01, 0x01,
    0x00, 0x00, 0x00, 0x00, 0x00, 0x00, 0x00, 0x00, 0x00, 0x00, 0x00, 0x00, 0x00, 0x00, 0x00, 0x00,
    0x00, 0x00, 0x00, 0x00, 0x00, 0x00, 0x00, 0x00, 0x00, 0x00, 0x00, 0x00, 0x00, 0x00, 0x00, 0x00,
    0x01, 0x01, 0x00, 0x00, 0x1E, 0x60, 0x9F, 0xCC, 0xE9, 0xF6, 0xFE, 0xFF, 0xFF, 0xFF, 0xFF, 0xFF,
    0xFF, 0xFF, 0xFF, 0xFF, 0xFF, 0xFF, 0xFF, 0xFF, 0xFF, 0xFF, 0xFF, 0xFF, 0xFF, 0xFF, 0xFF, 0xFF,
    0xFF, 0xFF, 0xFF, 0xFF, 0xFF, 0xFE, 0xF6, 0xE8, 0xCB, 0x9F, 0x61, 0x1E, 0x00, 0x00, 0x02, 0x01,
    0x00, 0x00, 0x00, 0x00, 0x00, 0x00, 0x00, 0x00, 0x00, 0x00, 0x00, 0x00, 0x00, 0x00, 0x00, 0x00,
    0x00, 0x00, 0x00, 0x00, 0x00, 0x00, 0x00, 0x00, 0x00, 0x00, 0x00, 0x00, 0x00, 0x00, 0x04, 0x02,
    0x00, 0x00, 0x18, 0x59, 0x95, 0xC1, 0xE7, 0xFE, 0xFF, 0xFF, 0xFF, 0xFF, 0xFD, 0xFC, 0xFC, 0xFD,
    0xFE, 0xFE, 0xFF, 0xFF, 0xFF, 0xFF, 0xFF, 0xFF, 0xFF, 0xFF, 0xFF, 0xFF, 0xFF, 0xFF, 0xFE, 0xFE,
    0xFD, 0xFC, 0xFC, 0xFD, 0xFF, 0xFF, 0xFF, 0xFF, 0xFD, 0xE7, 0xC2, 0x95, 0x58, 0x17, 0x00, 0x00,
    0x02, 0x04, 0x00, 0x00, 0x00, 0x00, 0x00, 0x00, 0x00, 0x00, 0x00, 0x00, 0x00, 0x00, 0x00, 0x00,
    0x00, 0x00, 0x00, 0x00, 0x00, 0x00, 0x00, 0x00, 0x00, 0x00, 0x00, 0x00, 0x00, 0x00, 0x00, 0x00,
    0x09, 0x27, 0x6A, 0xC4, 0xF8, 0xFE, 0xFF, 0xFE, 0xFC, 0xFC, 0xFD, 0xFE, 0xFF, 0xFF, 0xFF, 0xFF,
    0xFF, 0xFF, 0xFF, 0xFF, 0xFF, 0xFF, 0xFF, 0xFF, 0xFF, 0xFF, 0xFF, 0xFF, 0xFF, 0xFF, 0xFF, 0xFF,
    0xFF, 0xFF, 0xFF, 0xFF, 0xFE, 0xFD, 0xFC, 0xFC, 0xFE, 0xFF, 0xFE, 0xF8, 0xC3, 0x69, 0x26, 0x09,
    0x00, 0x00, 0x00, 0x00, 0x00, 0x00, 0x00, 0x00, 0x00, 0x00, 0x00, 0x00, 0x00, 0x00, 0x00, 0x00,
    0x00, 0x00, 0x00, 0x00, 0x00, 0x00, 0x00, 0x00, 0x00, 0x00, 0x00, 0x00, 0x03, 0x04, 0x00, 0x07,
    0x4B, 0x9D, 0xDD, 0xFA, 0xFF, 0xFF, 0xFF, 0xFF, 0xFF, 0xFF, 0xFF, 0xFF, 0xFF, 0xFF, 0xFF, 0xFF,
    0xFF, 0xFF, 0xFF, 0xFF, 0xFF, 0xFF, 0xFF, 0xFF, 0xFF, 0xFF, 0xFF, 0xFF, 0xFF, 0xFF, 0xFF, 0xFF,
    0xFF, 0xFF, 0xFF, 0xFF, 0xFF, 0xFF, 0xFF, 0xFF, 0xFF, 0xFF, 0xFF, 0xFF, 0xFA, 0xDB, 0x9C, 0x4B,
    0x07, 0x00, 0x04, 0x03, 0x00, 0x00, 0x00, 0x00, 0x00, 0x00, 0x00, 0x00, 0x00, 0x00, 0x00, 0x00,
    0x00, 0x00, 0x00, 0x00, 0x00, 0x00, 0x00, 0x00, 0x00, 0x00, 0x01, 0x03, 0x00, 0x00, 0x1C, 0x5B,
    0xAE, 0xEC, 0xFF, 0xFF, 0xFB, 0xFD, 0xFD, 0xFE, 0xFF, 0xFF, 0xFF, 0xFF, 0xFF, 0xFF, 0xFF, 0xFF,
    0xFF, 0xFF, 0xFF, 0xFF, 0xFF, 0xFF, 0xFF, 0xFF, 0xFF, 0xFF, 0xFF, 0xFF, 0xFF, 0xFF, 0xFF, 0xFF,
    0xFF, 0xFF, 0xFF, 0xFF, 0xFF, 0xFF, 0xFF, 0xFF, 0xFE, 0xFD, 0xFD, 0xFB, 0xFF, 0xFF, 0xEC, 0xAE,
    0x5A, 0x1C, 0x00, 0x00, 0x03, 0x01, 0x00, 0x00, 0x00, 0x00, 0x00, 0x00, 0x00, 0x00, 0x00, 0x00,
    0x00, 0x00, 0x00, 0x00, 0x00, 0x00, 0x00, 0x00, 0x00, 0x00, 0x00, 0x02, 0x01, 0x18, 0x6C, 0xC8,
    0xF9, 0xFF, 0xFC, 0xFD, 0xFF, 0xFF, 0xFF, 0xFF, 0xFF, 0xFF, 0xFF, 0xFF, 0xFF, 0xFF, 0xFF, 0xFF,
    0xFF, 0xFF, 0xFF, 0xFF, 0xFF, 0xFF, 0xFF, 0xFF, 0xFF, 0xFF, 0xFF, 0xFF, 0xFF, 0xFF, 0xFF, 0xFF,
    0xFF, 0xFF, 0xFF, 0xFF, 0xFF, 0xFF, 0xFF, 0xFF, 0xFF, 0xFF, 0xFF, 0xFF, 0xFD, 0xFD, 0xFF, 0xF9,
    0xC7, 0x6B, 0x17, 0x01, 0x02, 0x00, 0x00, 0x00, 0x00, 0x00, 0x00, 0x00, 0x00, 0x00, 0x00, 0x00,
    0x00, 0x00, 0x00, 0x00, 0x00, 0x00, 0x00, 0x00, 0x01, 0x03, 0x01, 0x00, 0x22, 0x7B, 0xCD, 0xFA,
    0xFF, 0xFF, 0xFE, 0xFE, 0xFF, 0xFF, 0xFF, 0xFF, 0xFF, 0xFF, 0xFF, 0xFF, 0xFF, 0xFF, 0xFF, 0xFF,
    0xFF, 0xFF, 0xFF, 0xFF, 0xFF, 0xFF, 0xFF, 0xFF, 0xFF, 0xFF, 0xFF, 0xFF, 0xFF, 0xFF, 0xFF, 0xFF,
    0xFF, 0xFF, 0xFF, 0xFF, 0xFF, 0xFF, 0xFF, 0xFF, 0xFF, 0xFF, 0xFF, 0xFF, 0xFE, 0xFE, 0xFF, 0xFF,
    0xFA, 0xCB, 0x7A, 0x23, 0x00, 0x01, 0x03, 0x01, 0x00, 0x00, 0x00, 0x00, 0x00, 0x00, 0x00, 0x00,
    0x00, 0x00, 0x00, 0x00, 0x00, 0x00, 0x00, 0x00, 0x03, 0x00, 0x00, 0x22, 0x75, 0xD5, 0xFF, 0xFF,
    0xFC, 0xFB, 0xFF, 0xFF, 0xFF, 0xFF, 0xFF, 0xFF, 0xFF, 0xFF, 0xFF, 0xFF, 0xFF, 0xFF, 0xFF, 0xFF,
    0xFF, 0xFF, 0xFF, 0xFF, 0xFF, 0xFF, 0xFF, 0xFF, 0xFF, 0xFF, 0xFF, 0xFF, 0xFF, 0xFF, 0xFF, 0xFF,
    0xFF, 0xFF, 0xFF, 0xFF, 0xFF, 0xFF, 0xFF, 0xFF, 0xFF, 0xFF, 0xFF, 0xFF, 0xFF, 0xFF, 0xFB, 0xFC,
    0xFF, 0xFE, 0xD4, 0x75, 0x22, 0x00, 0x00, 0x03, 0x00, 0x00, 0x00, 0x00, 0x00, 0x00, 0x00, 0x00,
    0x00, 0x00, 0x00, 0x00, 0x00, 0x00, 0x01, 0x00, 0x03, 0x00, 0x17, 0x7C, 0xD6, 0xFB, 0xFF, 0xFE,
    0xFF, 0xFF, 0xFF, 0xFF, 0xFF, 0xFF, 0xFF, 0xFF, 0xFF, 0xFF, 0xFF, 0xFF, 0xFF, 0xFF, 0xFF, 0xFF,
    0xFF, 0xFF, 0xFF, 0xFF, 0xFF, 0xFF, 0xFF, 0xFF, 0xFF, 0xFF, 0xFF, 0xFF, 0xFF, 0xFF, 0xFF, 0xFF,
    0xFF, 0xFF, 0xFF, 0xFF, 0xFF, 0xFF, 0xFF, 0xFF, 0xFF, 0xFF, 0xFF, 0xFF, 0xFF, 0xFF, 0xFF, 0xFF,
    0xFE, 0xFF, 0xFB, 0xD4, 0x7A, 0x17, 0x00, 0x03, 0x00, 0x01, 0x00, 0x00, 0x00, 0x00, 0x00, 0x00,
    0x00, 0x00, 0x00, 0x00, 0x00, 0x00, 0x03, 0x01, 0x00, 0x1C, 0x6E, 0xCF, 0xFF, 0xFF, 0xFD, 0xFD,
    0xFF, 0xFF, 0xFF, 0xFF, 0xFF, 0xFF, 0xFF, 0xFF, 0xFF, 0xFF, 0xFF, 0xFF, 0xFF, 0xFF, 0xFF, 0xFF,
    0xFF, 0xFF, 0xFF, 0xFF, 0xFF, 0xFF, 0xFF, 0xFF, 0xFF, 0xFF, 0xFF, 0xFF, 0xFF, 0xFF, 0xFF, 0xFF,
    0xFF, 0xFF, 0xFF, 0xFF, 0xFF, 0xFF, 0xFF, 0xFF, 0xFF, 0xFF, 0xFF, 0xFF, 0xFF, 0xFF, 0xFF, 0xFF,
    0xFD, 0xFD, 0xFF, 0xFE, 0xCD, 0x6C, 0x1B, 0x00, 0x01, 0x03, 0x00, 0x00, 0x00, 0x00, 0x00, 0x00,
    0x00, 0x00, 0x00, 0x00, 0x00, 0x00, 0x02, 0x00, 0x0A, 0x5D, 0xCA, 0xFA, 0xFD, 0xFD, 0xFE, 0xFF,
    0xFF, 0xFF, 0xFF, 0xFF, 0xFF, 0xFF, 0xFF, 0xFF, 0xFF, 0xFF, 0xFF, 0xFF, 0xFF, 0xFF, 0xFF, 0xFF,
    0xFF, 0xFF, 0xFF, 0xFF, 0xFF, 0xFF, 0xFF, 0xFF, 0xFF, 0xFF, 0xFF, 0xFF, 0xFF, 0xFF, 0xFF, 0xFF,
    0xFF, 0xFF, 0xFF, 0xFF, 0xFF, 0xFF, 0xFF, 0xFF, 0xFF, 0xFF, 0xFF, 0xFF, 0xFF, 0xFF, 0xFF, 0xFF,
    0xFF, 0xFD, 0xFD, 0xFE, 0xF9, 0xC9, 0x5B, 0x09, 0x00, 0x02, 0x00, 0x00, 0x00, 0x00, 0x00, 0x00,
    0x00, 0x00, 0x00, 0x00, 0x01, 0x02, 0x01, 0x08, 0x4C, 0xB0, 0xF9, 0xFF, 0xFD, 0xFF, 0xFF, 0xFF,
    0xFF, 0xFF, 0xFF, 0xFF, 0xFF, 0xFF, 0xFF, 0xFF, 0xFF, 0xFF, 0xFF, 0xFF, 0xFF, 0xFF, 0xFF, 0xFF,
    0xFF, 0xFF, 0xFF, 0xFF, 0xFF, 0xFF, 0xFF, 0xFF, 0xFF, 0xFF, 0xFF, 0xFF, 0xFF, 0xFF, 0xFF, 0xFF,
    0xFF, 0xFF, 0xFF, 0xFF, 0xFF, 0xFF, 0xFF, 0xFF, 0xFF, 0xFF, 0xFF, 0xFF, 0xFF, 0xFF, 0xFF, 0xFF,
    0xFF, 0xFF, 0xFF, 0xFD, 0xFF, 0xF9, 0xAE, 0x4A, 0x07, 0x02, 0x01, 0x01, 0x00, 0x00, 0x00, 0x00,
    0x00, 0x00, 0x00, 0x01, 0x01, 0x02, 0x00, 0x27, 0x9C, 0xEA, 0xFF, 0xFD, 0xFB, 0xFF, 0xFF, 0xFF,
    0xFF, 0xFF, 0xFF, 0xFF, 0xFF, 0xFF, 0xFF, 0xFF, 0xFF, 0xFF, 0xFF, 0xFF, 0xFF, 0xFF, 0xFF, 0xFF,
    0xFF, 0xFF, 0xFF, 0xFF, 0xFF, 0xFF, 0xFF, 0xFF, 0xFF, 0xFF, 0xFF, 0xFF, 0xFF, 0xFF, 0xFF, 0xFF,
    0xFF, 0xFF, 0xFF, 0xFF, 0xFF, 0xFF, 0xFF, 0xFF, 0xFF, 0xFF, 0xFF, 0xFF, 0xFF, 0xFF, 0xFF, 0xFF,
    0xFF, 0xFF, 0xFF, 0xFB, 0xFD, 0xFF, 0xE9, 0x9A, 0x25, 0x00, 0x01, 0x01, 0x01, 0x00, 0x00, 0x00,
    0x00, 0x00, 0x00, 0x02, 0x00, 0x00, 0x18, 0x6B, 0xDC, 0xFF, 0xFD, 0xFE, 0xFE, 0xFF, 0xFF, 0xFF,
    0xFF, 0xFF, 0xFF, 0xFF, 0xFF, 0xFF, 0xFF, 0xFF, 0xFF, 0xFF, 0xFF, 0xFF, 0xFF, 0xFF, 0xFF, 0xFF,
    0xFF, 0xFF, 0xFF, 0xFF, 0xFF, 0xFF, 0xFF, 0xFF, 0xFF, 0xFF, 0xFF, 0xFF, 0xFF, 0xFF, 0xFF, 0xFF,
    0xFF, 0xFF, 0xFF, 0xFF, 0xFF, 0xFF, 0xFF, 0xFF, 0xFF, 0xFF, 0xFF, 0xFF, 0xFF, 0xFF, 0xFF, 0xFF,
    0xFF, 0xFF, 0xFF, 0xFE, 0xFE, 0xFD, 0xFF, 0xDB, 0x68, 0x16, 0x00, 0x00, 0x02, 0x00, 0x00, 0x00,
    0x00, 0x00, 0x00, 0x04, 0x00, 0x00, 0x57, 0xC3, 0xFC, 0xFF, 0xFD, 0xFE, 0xFF, 0xFF, 0xFF, 0xFF,
    0xFE, 0xFE, 0xFD, 0xFD, 0xFD, 0xFC, 0xFC, 0xFC, 0xFC, 0xFC, 0xFC, 0xFC, 0xFC, 0xFC, 0xFC, 0xFC,
    0xFC, 0xFC, 0xFC, 0xFC, 0xFC, 0xFC, 0xFC, 0xFC, 0xFC, 0xFC, 0xFD, 0xFD, 0xFD, 0xFE, 0xFE, 0xFF,
    0xFF, 0xFF, 0xFF, 0xFF, 0xFF, 0xFF, 0xFF, 0xFF, 0xFF, 0xFF, 0xFF, 0xFF, 0xFF, 0xFF, 0xFF, 0xFF,
    0xFF, 0xFF, 0xFF, 0xFF, 0xFE, 0xFD, 0xFF, 0xFB, 0xC1, 0x56, 0x00, 0x00, 0x04, 0x00, 0x00, 0x00,
    0x00, 0x01, 0x00, 0x03, 0x03, 0x1F, 0x95, 0xF6, 0xFF, 0xFD, 0xFE, 0xFF, 0xFF, 0xFF, 0xFE, 0xFE,
    0xFF, 0xFF, 0xFF, 0xFF, 0xFF, 0xFF, 0xFF, 0xFF, 0xFF, 0xFF, 0xFF, 0xFF, 0xFF, 0xFF, 0xFF, 0xFF,
    0xFF, 0xFF, 0xFF, 0xFF, 0xFF, 0xFF, 0xFF, 0xFF, 0xFF, 0xFF, 0xFF, 0xFF, 0xFF, 0xFF, 0xFF, 0xFE,
    0xFE, 0xFE, 0xFE, 0xFE, 0xFF, 0xFF, 0xFF, 0xFF, 0xFF, 0xFF, 0xFF, 0xFF, 0xFF, 0xFF, 0xFF, 0xFF,
    0xFF, 0xFF, 0xFF, 0xFF, 0xFF, 0xFE, 0xFD, 0xFF, 0xF6, 0x94, 0x1E, 0x03, 0x03, 0x00, 0x01, 0x00,
    0x00, 0x02, 0x00, 0x01, 0x15, 0x60, 0xC1, 0xFE, 0xFF, 0xFD, 0xFF, 0xFF, 0xFF, 0xFF, 0xFE, 0xFE,
    0xFE, 0xFE, 0xFF, 0xFF, 0xFF, 0xFF, 0xFF, 0xFF, 0xFD, 0xFB, 0xF7, 0xF3, 0xF1, 0xF1, 0xF1, 0xF1,
    0xF1, 0xF1, 0xF1, 0xF3, 0xF6, 0xF9, 0xFD, 0xFF, 0xFF, 0xFF, 0xFF, 0xFF, 0xFF, 0xFE, 0xFE, 0xFE,
    0xFD, 0xFE, 0xFE, 0xFE, 0xFF, 0xFF, 0xFF, 0xFF, 0xFF, 0xFF, 0xFF, 0xFF, 0xFF, 0xFF, 0xFF, 0xFF,
    0xFF, 0xFF, 0xFF, 0xFF, 0xFF, 0xFF, 0xFD, 0xFF, 0xFE, 0xC0, 0x5E, 0x15, 0x01, 0x00, 0x02, 0x00,
    0x00, 0x01, 0x00, 0x00, 0x33, 0x9D, 0xE7, 0xFF, 0xFE, 0xFD, 0xFF, 0xFF, 0xFE, 0xFF, 0xFF, 0xFF,
    0xFF, 0xFC, 0xF8, 0xF0, 0xE8, 0xE1, 0xDE, 0xD9, 0xCB, 0xB9, 0xA6, 0x95, 0x8C, 0x86, 0x86, 0x86,
    0x86, 0x86, 0x8B, 0x95, 0xA3, 0xB6, 0xCC, 0xDB, 0xDF, 0xE0, 0xE5, 0xEF, 0xF6, 0xFA, 0xFF, 0xFF,
    0xFF, 0xFF, 0xFF, 0xFF, 0xFF, 0xFB, 0xFB, 0xFC, 0xFD, 0xFE, 0xFF, 0xFF, 0xFF, 0xFF, 0xFF, 0xFF,
    0xFF, 0xFF, 0xFF, 0xFF, 0xFF, 0xFF, 0xFD, 0xFE, 0xFF, 0xE6, 0x9B, 0x32, 0x00, 0x00, 0x01, 0x00,
    0x01, 0x00, 0x00, 0x09, 0x58, 0xC9, 0xFB, 0xFE, 0xFF, 0xFD, 0xFF, 0xFF, 0xFF, 0xFF, 0xF6, 0xE4,
    0xCB, 0xBA, 0xAF, 0xA2, 0x94, 0x89, 0x85, 0x7E, 0x6E, 0x59, 0x43, 0x30, 0x25, 0x1F, 0x1E, 0x1E,
    0x1E, 0x1F, 0x24, 0x30, 0x40, 0x56, 0x6F, 0x80, 0x86, 0x88, 0x90, 0xA1, 0xAC, 0xB6, 0xC8, 0xDC,
    0xEB, 0xF3, 0xF8, 0xFC, 0xFF, 0xFF, 0xFF, 0xFF, 0xFF, 0xFF, 0xFE, 0xFE, 0xFF, 0xFF, 0xFF, 0xFF,
    0xFF, 0xFF, 0xFF, 0xFF, 0xFF, 0xFF, 0xFD, 0xFF, 0xFE, 0xFB, 0xC9, 0x57, 0x08, 0x00, 0x00, 0x01,
    0x02, 0x00, 0x03, 0x27, 0x81, 0xE8, 0xFF, 0xFC, 0xFF, 0xFE, 0xFF, 0xFE, 0xFF, 0xF5, 0xC5, 0x88,
    0x59, 0x3E, 0x31, 0x27, 0x1F, 0x18, 0x15, 0x14, 0x10, 0x0C, 0x07, 0x04, 0x01, 0x00, 0x00, 0x00,
    0x00, 0x00, 0x01, 0x04, 0x07, 0x0B, 0x10, 0x13, 0x16, 0x18, 0x1C, 0x26, 0x2D, 0x39, 0x55, 0x73,
    0x8B, 0xA3, 0xBE, 0xD3, 0xEC, 0xFF, 0xFF, 0xFF, 0xFF, 0xFC, 0xFA, 0xFB, 0xFD, 0xFF, 0xFF, 0xFF,
    0xFF, 0xFF, 0xFF, 0xFF, 0xFF, 0xFF, 0xFF, 0xFF, 0xFC, 0xFF, 0xE8, 0x80, 0x26, 0x03, 0x00, 0x02,
    0x03, 0x00, 0x0D, 0x53, 0xAF, 0xF7, 0xFF, 0xFC, 0xFF, 0xFE, 0xFF, 0xFE, 0xF9, 0xD2, 0x7C, 0x2E,
    0x10, 0x01, 0x00, 0x00, 0x00, 0x00, 0x00, 0x00, 0x00, 0x00, 0x00, 0x00, 0x00, 0x00, 0x00, 0x00,
    0x00, 0x00, 0x00, 0x00, 0x00, 0x00, 0x00, 0x00, 0x00, 0x00, 0x00, 0x00, 0x00, 0x00, 0x0D, 0x1F,
    0x2F, 0x41, 0x58, 0x6E, 0x8A, 0xAB, 0xC5, 0xDA, 0xF3, 0xFF, 0xFF, 0xFF, 0xFF, 0xFB, 0xFB, 0xFD,
    0xFE, 0xFF, 0xFF, 0xFF, 0xFF, 0xFF, 0xFF, 0xFF, 0xFC, 0xFF, 0xF7, 0xAE, 0x52, 0x0C, 0x00, 0x03,
    0x03, 0x00, 0x1A, 0x82, 0xDB, 0xFE, 0xFF, 0xFD, 0xFF, 0xFE, 0xFF, 0xFF, 0xE9, 0xA1, 0x3C, 0x00,
    0x00, 0x04, 0x01, 0x02, 0x02, 0x02, 0x02, 0x02, 0x02, 0x01, 0x01, 0x01, 0x01, 0x01, 0x01, 0x01,
    0x01, 0x01, 0x01, 0x01, 0x01, 0x01, 0x02, 0x02, 0x02, 0x02, 0x02, 0x02, 0x02, 0x01, 0x00, 0x00,
    0x00, 0x00, 0x05, 0x0E, 0x1C, 0x34, 0x55, 0x7F, 0xB2, 0xDB, 0xF3, 0xF9, 0xFC, 0xFF, 0xFF, 0xFF,
    0xFF, 0xFF, 0xFF, 0xFF, 0xFF, 0xFF, 0xFF, 0xFF, 0xFD, 0xFF, 0xFE, 0xDA, 0x80, 0x19, 0x00, 0x03,
    0x03, 0x00, 0x27, 0xA7, 0xF9, 0xFF, 0xFE, 0xFE, 0xFF, 0xFD, 0xFF, 0xFF, 0xD9, 0x7D, 0x24, 0x00,
    0x00, 0x03, 0x02, 0x04, 0x07, 0x08, 0x09, 0x09, 0x09, 0x09, 0x09, 0x09, 0x09, 0x09, 0x09, 0x09,
    0x09, 0x09, 0x09, 0x09, 0x09, 0x09, 0x09, 0x09, 0x09, 0x09, 0x07, 0x05, 0x02, 0x01, 0x00, 0x00,
    0x00, 0x00, 0x00, 0x00, 0x00, 0x04, 0x10, 0x23, 0x3E, 0x56, 0x71, 0x91, 0xD0, 0xFF, 0xFF, 0xFF,
    0xFC, 0xF8, 0xFB, 0xFE, 0xFF, 0xFF, 0xFF, 0xFF, 0xFE, 0xFE, 0xFF, 0xF8, 0xA6, 0x26, 0x00, 0x03,
    0x01, 0x02, 0x38, 0xC0, 0xFF, 0xFF, 0xFC, 0xFE, 0xFF, 0xFD, 0xFF, 0xFF, 0xDD, 0x81, 0x23, 0x00,
    0x00, 0x06, 0x00, 0x00, 0x00, 0x00, 0x00, 0x00, 0x00, 0x00, 0x00, 0x00, 0x00, 0x00, 0x00, 0x00,
    0x00, 0x00, 0x00, 0x00, 0x00, 0x00, 0x00, 0x00, 0x00, 0x00, 0x00, 0x00, 0x00, 0x01, 0x02, 0x03,
    0x04, 0x05, 0x05, 0x04, 0x02, 0x00, 0x00, 0x00, 0x00, 0x00, 0x0F, 0x2F, 0x6D, 0xB7, 0xC8, 0xE0,
    0xFF, 0xFF, 0xFF, 0xFF, 0xFE, 0xFF, 0xFF, 0xFF, 0xFE, 0xFD, 0xFF, 0xFF, 0xBF, 0x38, 0x02, 0x01,
    0x00, 0x10, 0x5C, 0xD6, 0xFF, 0xFF, 0xFC, 0xFF, 0xFF, 0xFD, 0xFF, 0xFF, 0xF0, 0xAB, 0x3D, 0x00,
    0x01, 0x06, 0x01, 0x00, 0x00, 0x00, 0x00, 0x00, 0x00, 0x00, 0x00, 0x00, 0x00, 0x00, 0x00, 0x00,
    0x00, 0x00, 0x00, 0x00, 0x00, 0x00, 0x00, 0x00, 0x00, 0x00, 0x00, 0x00, 0x00, 0x01, 0x02, 0x02,
    0x02, 0x01, 0x01, 0x01, 0x00, 0x00, 0x00, 0x00, 0x00, 0x00, 0x00, 0x04, 0x07, 0x16, 0x36, 0x83,
    0xE5, 0xFF, 0xFF, 0xFE, 0xFE, 0xFF, 0xFF, 0xFF, 0xFF, 0xFC, 0xFF, 0xFF, 0xD5, 0x5A, 0x0F, 0x00,
    0x00, 0x2A, 0x90, 0xEA, 0xFE, 0xFF, 0xFC, 0xFF, 0xFF, 0xFE, 0xFF, 0xFD, 0xFD, 0xE2, 0x8C, 0x34,
    0x06, 0x00, 0x00, 0x2A, 0x59, 0x79, 0x84, 0x85, 0x8A, 0x8D, 0x90, 0x91, 0x91, 0x92, 0x92, 0x92,
    0x92, 0x92, 0x91, 0x91, 0x90, 0x8D, 0x8B, 0x88, 0x81, 0x7D, 0x64, 0x2F, 0x07, 0x00, 0x00, 0x00,
    0x00, 0x00, 0x00, 0x00, 0x00, 0x02, 0x05, 0x05, 0x04, 0x02, 0x00, 0x00, 0x00, 0x00, 0x00, 0x26,
    0x5B, 0x8A, 0xC1, 0xF7, 0xFF, 0xFF, 0xFE, 0xFF, 0xFF, 0xFC, 0xFF, 0xFE, 0xEA, 0x8D, 0x29, 0x00,
    0x00, 0x42, 0xBD, 0xF8, 0xFF, 0xFF, 0xFD, 0xFF, 0xFF, 0xFF, 0xFF, 0xFC, 0xFF, 0xFF, 0xDA, 0x95,
    0x55, 0x38, 0x4C, 0x86, 0xC7, 0xF2, 0xFF, 0xFF, 0xFF, 0xFF, 0xFF, 0xFF, 0xFF, 0xFF, 0xFF, 0xFF,
    0xFF, 0xFF, 0xFF, 0xFF, 0xFF, 0xFF, 0xFF, 0xFF, 0xFD, 0xF7, 0xD6, 0x8E, 0x58, 0x45, 0x3D, 0x3C,
    0x35, 0x1F, 0x05, 0x01, 0x01, 0x00, 0x00, 0x00, 0x00, 0x00, 0x02, 0x03, 0x05, 0x05, 0x04, 0x00,
    0x00, 0x12, 0x5D, 0xAD, 0xE5, 0xFD, 0xFE, 0xFE, 0xFF, 0xFD, 0xFF, 0xFF, 0xF8, 0xBB, 0x41, 0x00,
    0x00, 0x50, 0xD9, 0xFF, 0xFE, 0xFF, 0xFE, 0xFF, 0xFF, 0xFF, 0xFF, 0xFE, 0xFF, 0xFF, 0xFC, 0xF0,
    0xE2, 0xDC, 0xE1, 0xED, 0xFA, 0xFF, 0xFF, 0xFF, 0xFF, 0xFF, 0xFF, 0xFF, 0xFF, 0xFF, 0xFF, 0xFF,
    0xFF, 0xFF, 0xFF, 0xFF, 0xFF, 0xFF, 0xFF, 0xFF, 0xFF, 0xFF, 0xFD, 0xEF, 0xE3, 0xDE, 0xD8, 0xD6,
    0xCA, 0x87, 0x3B, 0x28, 0x22, 0x0F, 0x00, 0x00, 0x00, 0x01, 0x04, 0x04, 0x03, 0x01, 0x00, 0x00,
    0x00, 0x00, 0x0C, 0x2A, 0x89, 0xF4, 0xFF, 0xFB, 0xFE, 0xFE, 0xFF, 0xFE, 0xFF, 0xD8, 0x4F, 0x00,
    0x00, 0x58, 0xEB, 0xFF, 0xFC, 0xFF, 0xFF, 0xFF, 0xFF, 0xFF, 0xFF, 0xFF, 0xFF, 0xFD, 0xFF, 0xFF,
    0xFF, 0xFF, 0xFF, 0xFF, 0xFF, 0xF9, 0xF7, 0xF9, 0xFC, 0xFF, 0xFF, 0xFF, 0xFF, 0xFF, 0xFF, 0xFF,
    0xFF, 0xFF, 0xFF, 0xFF, 0xFF, 0xFF, 0xFD, 0xF9, 0xF8, 0xF8, 0xFD, 0xFF, 0xFF, 0xFF, 0xFF, 0xFF,
    0xFF, 0xDD, 0xA8, 0x99, 0x8F, 0x70, 0x4B, 0x2B, 0x14, 0x00, 0x00, 0x00, 0x00, 0x03, 0x04, 0x05,
    0x07, 0x03, 0x00, 0x00, 0x51, 0xEE, 0xFF, 0xF9, 0xFE, 0xFE, 0xFF, 0xFC, 0xFF, 0xEA, 0x58, 0x00,
    0x00, 0x61, 0xF9, 0xFF, 0xFA, 0xFF, 0xFF, 0xFF, 0xFF, 0xFF, 0xFF, 0xFF, 0xFF, 0xFF, 0xFE, 0xFD,
    0xFD, 0xFE, 0xFF, 0xFF, 0xFF, 0xFF, 0xFF, 0xFF, 0xFF, 0xFD, 0xFC, 0xFC, 0xFC, 0xFC, 0xFC, 0xFC,
    0xFC, 0xFC, 0xFC, 0xFC, 0xFC, 0xFD, 0xFE, 0xFF, 0xFF, 0xFF, 0xFF, 0xFF, 0xFF, 0xFF, 0xFE, 0xFD,
    0xFD, 0xFF, 0xFF, 0xFF, 0xFA, 0xE0, 0xB7, 0x8B, 0x60, 0x34, 0x10, 0x05, 0x02, 0x00, 0x00, 0x00,
    0x00, 0x06, 0x01, 0x00, 0x47, 0xED, 0xFF, 0xF9, 0xFE, 0xFE, 0xFF, 0xFA, 0xFF, 0xF8, 0x61, 0x00,
    0x00, 0x68, 0xFF, 0xFF, 0xF8, 0xFF, 0xFF, 0xFF, 0xFF, 0xFF, 0xFF, 0xFF, 0xFF, 0xFF, 0xFE, 0xFC,
    0xFC, 0xFF, 0xFF, 0xFF, 0xFF, 0xFF, 0xFF, 0xFF, 0xE7, 0xCE, 0xC0, 0xBB, 0xBB, 0xBA, 0xBA, 0xBA,
    0xBA, 0xBB, 0xBB, 0xBB, 0xBE, 0xCB, 0xE2, 0xFE, 0xFF, 0xFF, 0xFF, 0xFF, 0xFF, 0xFF, 0xFF, 0xF8,
    0xF7, 0xFC, 0xFF, 0xFF, 0xFF, 0xFF, 0xF4, 0xE6, 0xD1, 0xAD, 0x81, 0x5C, 0x2A, 0x00, 0x00, 0x00,
    0x05, 0x0C, 0x04, 0x00, 0x44, 0xED, 0xFF, 0xF9, 0xFE, 0xFF, 0xFF, 0xF8, 0xFF, 0xFE, 0x68, 0x00,
    0x05, 0x70, 0xFF, 0xFF, 0xF8, 0xFF, 0xFF, 0xFF, 0xFF, 0xFF, 0xFF, 0xFF, 0xFF, 0xFF, 0xFF, 0xFF,
    0xFF, 0xEE, 0xD8, 0xCF, 0xCD, 0xC8, 0xC5, 0xB2, 0x8F, 0x70, 0x5F, 0x58, 0x58, 0x57, 0x57, 0x57,
    0x57, 0x58, 0x58, 0x58, 0x5C, 0x6C, 0x89, 0xAB, 0xC4, 0xC8, 0xCA, 0xD1, 0xD5, 0xDD, 0xF6, 0xFF,
    0xFF, 0xFF, 0xFF, 0xFE, 0xF8, 0xFB, 0xFF, 0xFF, 0xFF, 0xFC, 0xE0, 0xBF, 0x87, 0x45, 0x2A, 0x14,
    0x00, 0x00, 0x00, 0x1C, 0x7B, 0xF3, 0xFF, 0xFA, 0xFE, 0xFF, 0xFF, 0xF8, 0xFF, 0xFF, 0x70, 0x04,
    0x14, 0x7A, 0xFF, 0xFF, 0xF8, 0xFF, 0xFF, 0xFF, 0xFF, 0xFF, 0xFF, 0xFF, 0xFE, 0xFE, 0xFF, 0xFE,
    0xE0, 0xA2, 0x64, 0x4B, 0x44, 0x38, 0x35, 0x2E, 0x1F, 0x12, 0x0B, 0x07, 0x07, 0x07, 0x06, 0x06,
    0x07, 0x07, 0x07, 0x07, 0x09, 0x0F, 0x1C, 0x2B, 0x36, 0x38, 0x3D, 0x50, 0x5C, 0x74, 0xB9, 0xF7,
    0xFF, 0xFF, 0xFF, 0xFF, 0xFC, 0xFD, 0xFE, 0xFF, 0xFF, 0xFF, 0xFE, 0xFB, 0xEE, 0xCC, 0xA4, 0x60,
    0x11, 0x00, 0x19, 0x79, 0xD1, 0xFC, 0xFF, 0xFD, 0xFF, 0xFF, 0xFF, 0xF8, 0xFF, 0xFF, 0x79, 0x12,
    0x20, 0x81, 0xFF, 0xFF, 0xF9, 0xFF, 0xFF, 0xFF, 0xFF, 0xFF, 0xFF, 0xFF, 0xFE, 0xFE, 0xFD, 0xD8,
    0x82, 0x39, 0x17, 0x09, 0x06, 0x00, 0x00, 0x00, 0x00, 0x00, 0x00, 0x00, 0x00, 0x00, 0x00, 0x00,
    0x00, 0x00, 0x00, 0x00, 0x00, 0x00, 0x00, 0x00, 0x00, 0x00, 0x02, 0x0B, 0x11, 0x20, 0x48, 0x6D,
    0x7B, 0x73, 0x8D, 0xE2, 0xFF, 0xFF, 0xFF, 0xFF, 0xFA, 0xF9, 0xFF, 0xFF, 0xFF, 0xFF, 0xED, 0xC5,
    0x97, 0x88, 0x9D, 0xD4, 0xFB, 0xFF, 0xFF, 0xFF, 0xFF, 0xFF, 0xFF, 0xF9, 0xFF, 0xFF, 0x80, 0x1C,
    0x26, 0x85, 0xFF, 0xFF, 0xF9, 0xFF, 0xFF, 0xFF, 0xFF, 0xFF, 0xFF, 0xFE, 0xFF, 0xFF, 0xF4, 0xA9,
    0x2F, 0x00, 0x00, 0x00, 0x00, 0x00, 0x00, 0x00, 0x00, 0x00, 0x00, 0x00, 0x00, 0x00, 0x00, 0x00,
    0x00, 0x00, 0x00, 0x00, 0x00, 0x00, 0x00, 0x00, 0x00, 0x00, 0x00, 0x00, 0x00, 0x00, 0x00, 0x00,
    0x00, 0x00, 0x16, 0x8B, 0xD8, 0xDA, 0xE4, 0xF6, 0xFF, 0xFF, 0xFF, 0xFF, 0xFC, 0xFD, 0xFF, 0xFF,
    0xFF, 0xFF, 0xFF, 0xFF, 0xFF, 0xFF, 0xFF, 0xFF, 0xFF, 0xFF, 0xFF, 0xF9, 0xFF, 0xFF, 0x83, 0x21,
    0x26, 0x85, 0xFF, 0xFF, 0xF9, 0xFF, 0xFF, 0xFF, 0xFF, 0xFF, 0xFF, 0xFD, 0xFF, 0xFF, 0xE8, 0x96,
    0x24, 0x00, 0x01, 0x01, 0x01, 0x00, 0x00, 0x00, 0x00, 0x00, 0x00, 0x00, 0x00, 0x00, 0x00, 0x00,
    0x00, 0x00, 0x00, 0x00, 0x00, 0x00, 0x00, 0x00, 0x00, 0x01, 0x00, 0x00, 0x00, 0x00, 0x00, 0x00,
    0x00, 0x00, 0x00, 0x18, 0x26, 0x28, 0x61, 0xB5, 0xF6, 0xFF, 0xFF, 0xFF, 0xFD, 0xFD, 0xFF, 0xFF,
    0xFF, 0xFF, 0xFF, 0xFF, 0xFF, 0xFF, 0xFF, 0xFF, 0xFF, 0xFF, 0xFF, 0xF9, 0xFF, 0xFF, 0x83, 0x21,
    0x20, 0x82, 0xFF, 0xFF, 0xF9, 0xFF, 0xFF, 0xFF, 0xFF, 0xFF, 0xFF, 0xFD, 0xFF, 0xFE, 0xF0, 0xA8,
    0x36, 0x00, 0x00, 0x00, 0x00, 0x00, 0x02, 0x07, 0x0E, 0x12, 0x14, 0x14, 0x14, 0x15, 0x19, 0x1B,
    0x1A, 0x17, 0x14, 0x13, 0x13, 0x12, 0x0E, 0x08, 0x01, 0x00, 0x00, 0x00, 0x00, 0x00, 0x00, 0x01,
    0x04, 0x08, 0x03, 0x00, 0x00, 0x00, 0x10, 0x4C, 0x7C, 0xA4, 0xCF, 0xF1, 0xFF, 0xFF, 0xFF, 0xFC,
    0xFA, 0xFA, 0xFA, 0xFC, 0xFE, 0xFF, 0xFF, 0xFF, 0xFF, 0xFF, 0xFF, 0xF9, 0xFF, 0xFF, 0x80, 0x1C,
    0x15, 0x7B, 0xFF, 0xFF, 0xF8, 0xFF, 0xFF, 0xFF, 0xFF, 0xFF, 0xFF, 0xFE, 0xFF, 0xFE, 0xFF, 0xD2,
    0x70, 0x25, 0x0F, 0x19, 0x2E, 0x37, 0x3D, 0x46, 0x55, 0x5E, 0x5F, 0x61, 0x61, 0x62, 0x68, 0x6D,
    0x6B, 0x65, 0x61, 0x5F, 0x5F, 0x5D, 0x56, 0x49, 0x3A, 0x37, 0x31, 0x1E, 0x0E, 0x06, 0x02, 0x01,
    0x00, 0x00, 0x00, 0x00, 0x02, 0x03, 0x03, 0x00, 0x00, 0x20, 0x6E, 0xAA, 0xD1, 0xEF, 0xFC, 0xFF,
    0xFF, 0xFF, 0xFF, 0xFF, 0xFF, 0xFF, 0xFF, 0xFF, 0xFF, 0xFF, 0xFF, 0xF8, 0xFF, 0xFF, 0x79, 0x11,
    0x05, 0x72, 0xFF, 0xFF, 0xF8, 0xFF, 0xFF, 0xFF, 0xFF, 0xFF, 0xFF, 0xFF, 0xFF, 0xFF, 0xFF, 0xF6,
    0xD6, 0x94, 0x6A, 0x83, 0xB0, 0xC7, 0xCA, 0xCD, 0xD3, 0xD6, 0xD6, 0xD7, 0xD7, 0xD7, 0xD9, 0xDB,
    0xDA, 0xD8, 0xD7, 0xD6, 0xD6, 0xD5, 0xD3, 0xCE, 0xC8, 0xC8, 0xB8, 0x8B, 0x68, 0x53, 0x39, 0x1F,
    0x09, 0x00, 0x00, 0x00, 0x00, 0x07, 0x04, 0x00, 0x00, 0x00, 0x18, 0x2C, 0x4B, 0x92, 0xD4, 0xF9,
    0xFF, 0xFF, 0xFF, 0xFF, 0xFF, 0xFF, 0xFF, 0xFF, 0xFF, 0xFF, 0xFF, 0xF8, 0xFF, 0xFF, 0x70, 0x04,
    0x00, 0x69, 0xFF, 0xFF, 0xF8, 0xFF, 0xFF, 0xFF, 0xFF, 0xFF, 0xFF, 0xFF, 0xFF, 0xFF, 0xFD, 0xFF,
    0xFF, 0xE9, 0xC9, 0xDE, 0xFF, 0xFF, 0xFF, 0xFF, 0xFF, 0xFF, 0xFF, 0xFF, 0xFF, 0xFF, 0xFF, 0xFF,
    0xFF, 0xFF, 0xFF, 0xFF, 0xFF, 0xFF, 0xFF, 0xFF, 0xFF, 0xFF, 0xFF, 0xE3, 0xC7, 0xB5, 0x9D, 0x7F,
    0x58, 0x3D, 0x28, 0x19, 0x07, 0x00, 0x00, 0x00, 0x06, 0x05, 0x00, 0x00, 0x00, 0x35, 0x88, 0xD0,
    0xFB, 0xFF, 0xFE, 0xFE, 0xFF, 0xFF, 0xFF, 0xFF, 0xFF, 0xFF, 0xFF, 0xF8, 0xFF, 0xFE, 0x68, 0x00,
    0x00, 0x61, 0xF9, 0xFF, 0xFA, 0xFF, 0xFF, 0xFF, 0xFF, 0xFF, 0xFF, 0xFF, 0xFF, 0xFF, 0xFF, 0xFF,
    0xFF, 0xFF, 0xFD, 0xFE, 0xFF, 0xFF, 0xFF, 0xFF, 0xFF, 0xFF, 0xFF, 0xFF, 0xFF, 0xFF, 0xFF, 0xFF,
    0xFF, 0xFF, 0xFF, 0xFF, 0xFF, 0xFF, 0xFF, 0xFF, 0xFF, 0xFF, 0xFF, 0xFE, 0xFD, 0xFB, 0xFA, 0xF1,
    0xCF, 0xB3, 0x97, 0x71, 0x3D, 0x0B, 0x00, 0x00, 0x01, 0x02, 0x00, 0x01, 0x00, 0x05, 0x3C, 0x98,
    0xF0, 0xFF, 0xFD, 0xFD, 0xFF, 0xFF, 0xFF, 0xFF, 0xFF, 0xFF, 0xFF, 0xFA, 0xFF, 0xF8, 0x61, 0x00,
    0x00, 0x58, 0xEB, 0xFF, 0xFC, 0xFF, 0xFF, 0xFF, 0xFF, 0xFF, 0xFF, 0xFF, 0xFF, 0xFF, 0xFF, 0xFE,
    0xFC, 0xFF, 0xFF, 0xFD, 0xF8, 0xF8, 0xFD, 0xFF, 0xFF, 0xFF, 0xFF, 0xFF, 0xFF, 0xFF, 0xFF, 0xFF,
    0xFF, 0xFF, 0xFF, 0xFF, 0xFF, 0xFF, 0xFF, 0xFF, 0xFD, 0xF7, 0xF8, 0xFC, 0xFF, 0xFF, 0xFF, 0xFF,
    0xFF, 0xF4, 0xE7, 0xD0, 0xAC, 0x7E, 0x5B, 0x34, 0x02, 0x00, 0x00, 0x07, 0x09, 0x00, 0x1D, 0x79,
    0xEB, 0xFF, 0xFD, 0xFD, 0xFF, 0xFF, 0xFF, 0xFF, 0xFF, 0xFF, 0xFF, 0xFC, 0xFF, 0xEA, 0x58, 0x00,
    0x00, 0x50, 0xD9, 0xFF, 0xFE, 0xFF, 0xFE, 0xFF, 0xFF, 0xFF, 0xFF, 0xFF, 0xFF, 0xFF, 0xFF, 0xFF,
    0xFF, 0xFF, 0xFF, 0xFF, 0xFF, 0xFF, 0xFD, 0xF2, 0xE5, 0xE0, 0xDF, 0xDF, 0xDD, 0xDA, 0xD9, 0xD9,
    0xDA, 0xDB, 0xDC, 0xDF, 0xDE, 0xDF, 0xE3, 0xEE, 0xFE, 0xFF, 0xFF, 0xFF, 0xFF, 0xFF, 0xFF, 0xFC,
    0xFD, 0xFF, 0xFF, 0xFF, 0xFD, 0xEA, 0xC8, 0x91, 0x4B, 0x22, 0x0F, 0x00, 0x00, 0x02, 0x41, 0x9F,
    0xF1, 0xFE, 0xFD, 0xFD, 0xFF, 0xFF, 0xFF, 0xFF, 0xFF, 0xFE, 0xFF, 0xFE, 0xFF, 0xD7, 0x4E, 0x00,
    0x00, 0x42, 0xBE, 0xF9, 0xFF, 0xFF, 0xFD, 0xFF, 0xFF, 0xFF, 0xFF, 0xFF, 0xFF, 0xFF, 0xFF, 0xFF,
    0xFF, 0xFF, 0xFF, 0xFF, 0xFF, 0xF8, 0xD6, 0x9E, 0x60, 0x45, 0x46, 0x44, 0x44, 0x42, 0x41, 0x41,
    0x41, 0x42, 0x43, 0x46, 0x42, 0x44, 0x56, 0x8B, 0xD8, 0xFE, 0xFF, 0xFF, 0xFF, 0xFF, 0xFF, 0xFD,
    0xFB, 0xFC, 0xFF, 0xFF, 0xFF, 0xFF, 0xF7, 0xEB, 0xD4, 0xAC, 0x65, 0x14, 0x00, 0x16, 0x8C, 0xEE,
    0xFD, 0xFC, 0xFF, 0xFF, 0xFF, 0xFF, 0xFF, 0xFF, 0xFF, 0xFD, 0xFF, 0xFF, 0xF7, 0xBA, 0x40, 0x00,
    0x00, 0x2A, 0x90, 0xEB, 0xFE, 0xFF, 0xFC, 0xFF, 0xFF, 0xFF, 0xFF, 0xFF, 0xFF, 0xFF, 0xFE, 0xFF,
    0xFF, 0xEC, 0xC1, 0x98, 0x8B, 0x7F, 0x67, 0x3D, 0x0F, 0x00, 0x00, 0x00, 0x00, 0x00, 0x00, 0x00,
    0x00, 0x00, 0x00, 0x00, 0x00, 0x00, 0x08, 0x2F, 0x67, 0x83, 0x86, 0x8D, 0x98, 0xB7, 0xE0, 0xFF,
    0xFF, 0xFF, 0xFF, 0xFF, 0xFC, 0xFD, 0xFF, 0xFF, 0xFF, 0xFA, 0xC7, 0x8B, 0x6E, 0x8C, 0xD9, 0xFF,
    0xFF, 0xFD, 0xFF, 0xFF, 0xFF, 0xFF, 0xFF, 0xFF, 0xFF, 0xFC, 0xFF, 0xFE, 0xE9, 0x8C, 0x28, 0x00,
    0x00, 0x10, 0x5C, 0xD6, 0xFF, 0xFF, 0xFC, 0xFF, 0xFF, 0xFF, 0xFF, 0xFF, 0xFF, 0xFF, 0xFB, 0xFF,
    0xFF, 0xC4, 0x51, 0x06, 0x00, 0x00, 0x00, 0x00, 0x00, 0x00, 0x00, 0x00, 0x00, 0x00, 0x00, 0x00,
    0x00, 0x00, 0x00, 0x00, 0x00, 0x00, 0x00, 0x00, 0x00, 0x00, 0x00, 0x00, 0x04, 0x3A, 0x8A, 0xCA,
    0xE6, 0xF1, 0xF9, 0xFE, 0xFF, 0xFF, 0xFF, 0xFE, 0xFD, 0xFF, 0xFF, 0xFF, 0xFF, 0xFF, 0xFF, 0xFE,
    0xFF, 0xFF, 0xFF, 0xFF, 0xFF, 0xFF, 0xFF, 0xFF, 0xFF, 0xFC, 0xFF, 0xFF, 0xD5, 0x59, 0x0F, 0x00,
    0x01, 0x02, 0x38, 0xC0, 0xFF, 0xFF, 0xFC, 0xFE, 0xFF, 0xFF, 0xFF, 0xFF, 0xFF, 0xFF, 0xF9, 0xFF,
    0xFF, 0xA7, 0x19, 0x00, 0x00, 0x00, 0x00, 0x00, 0x00, 0x00, 0x00, 0x00, 0x00, 0x00, 0x00, 0x00,
    0x01, 0x00, 0x00, 0x00, 0x00, 0x00, 0x00, 0x00, 0x00, 0x00, 0x00, 0x00, 0x00, 0x08, 0x27, 0x3A,
    0x43, 0x6B, 0xB0, 0xE0, 0xF7, 0xFF, 0xFF, 0xFE, 0xFB, 0xFF, 0xFF, 0xFF, 0xFF, 0xFF, 0xFF, 0xFE,
    0xFF, 0xFF, 0xFF, 0xFF, 0xFF, 0xFF, 0xFF, 0xFF, 0xFE, 0xFD, 0xFF, 0xFF, 0xBF, 0x37, 0x02, 0x01,
    0x03, 0x00, 0x26, 0xA7, 0xF8, 0xFF, 0xFE, 0xFE, 0xFF, 0xFF, 0xFF, 0xFF, 0xFF, 0xFF, 0xFA, 0xFF,
    0xFF, 0xAF, 0x2F, 0x0D, 0x0B, 0x0D, 0x18, 0x21, 0x28, 0x2E, 0x35, 0x41, 0x4E, 0x57, 0x5C, 0x5D,
    0x5C, 0x57, 0x4D, 0x41, 0x36, 0x2E, 0x2A, 0x24, 0x18, 0x0F, 0x0A, 0x05, 0x00, 0x00, 0x00, 0x00,
    0x00, 0x0B, 0x4F, 0x7D, 0x9B, 0xBD, 0xE1, 0xFC, 0xFF, 0xFF, 0xFB, 0xF8, 0xF7, 0xF8, 0xFC, 0xFF,
    0xFF, 0xFF, 0xFF, 0xFF, 0xFF, 0xFF, 0xFF, 0xFF, 0xFE, 0xFE, 0xFF, 0xF8, 0xA6, 0x27, 0x00, 0x03,
    0x03, 0x00, 0x19, 0x81, 0xDA, 0xFE, 0xFF, 0xFD, 0xFF, 0xFF, 0xFF, 0xFF, 0xFF, 0xFF, 0xFC, 0xFF,
    0xFF, 0xD4, 0x7D, 0x41, 0x2F, 0x40, 0x5B, 0x74, 0x89, 0x94, 0xA1, 0xB7, 0xCC, 0xDC, 0xE5, 0xE7,
    0xE4, 0xDC, 0xCD, 0xB7, 0xA3, 0x94, 0x8D, 0x7C, 0x5A, 0x43, 0x33, 0x20, 0x0F, 0x04, 0x00, 0x00,
    0x00, 0x02, 0x05, 0x09, 0x18, 0x45, 0x8F, 0xCF, 0xEE, 0xF9, 0xFE, 0xFF, 0xFF, 0xFF, 0xFF, 0xFF,
    0xFF, 0xFF, 0xFF, 0xFF, 0xFF, 0xFF, 0xFF, 0xFF, 0xFD, 0xFF, 0xFE, 0xDA, 0x80, 0x19, 0x00, 0x03,
    0x03, 0x00, 0x0C, 0x53, 0xAE, 0xF7, 0xFF, 0xFC, 0xFF, 0xFF, 0xFF, 0xFF, 0xFF, 0xFF, 0xFE, 0xFF,
    0xFF, 0xF4, 0xD8, 0xB5, 0xAB, 0xB9, 0xC8, 0xD5, 0xDF, 0xE5, 0xEB, 0xF6, 0xFF, 0xFF, 0xFF, 0xFF,
    0xFF, 0xFF, 0xFF, 0xF6, 0xEC, 0xE5, 0xE1, 0xD9, 0xC7, 0xBB, 0xAC, 0x8E, 0x71, 0x57, 0x3D, 0x22,
    0x07, 0x00, 0x00, 0x00, 0x00, 0x0C, 0x31, 0x5A, 0x88, 0xC8, 0xFB, 0xFF, 0xFD, 0xFF, 0xFF, 0xFF,
    0xFF, 0xFF, 0xFF, 0xFF, 0xFF, 0xFF, 0xFF, 0xFF, 0xFC, 0xFF, 0xF7, 0xAE, 0x52, 0x0C, 0x00, 0x03,
    0x02, 0x00, 0x03, 0x27, 0x82, 0xE8, 0xFF, 0xFC, 0xFF, 0xFF, 0xFF, 0xFF, 0xFF, 0xFF, 0xFF, 0xFF,
    0xFF, 0xFF, 0xFF, 0xFF, 0xFF, 0xFF, 0xFF, 0xFF, 0xFF, 0xFF, 0xFF, 0xFF, 0xFE, 0xFC, 0xFB, 0xFB,
    0xFB, 0xFC, 0xFE, 0xFF, 0xFF, 0xFF, 0xFF, 0xFF, 0xFF, 0xFF, 0xFF, 0xEE, 0xD6, 0xBB, 0x99, 0x70,
    0x42, 0x26, 0x17, 0x07, 0x00, 0x00, 0x00, 0x01, 0x22, 0x86, 0xEF, 0xFF, 0xFC, 0xFF, 0xFF, 0xFF,
    0xFF, 0xFF, 0xFF, 0xFF, 0xFF, 0xFF, 0xFF, 0xFF, 0xFC, 0xFF, 0xE8, 0x80, 0x26, 0x03, 0x00, 0x02,
    0x01, 0x00, 0x00, 0x09, 0x58, 0xC9, 0xFB, 0xFE, 0xFF, 0xFD, 0xFF, 0xFF, 0xFF, 0xFF, 0xFF, 0xFF,
    0xFF, 0xFF, 0xFF, 0xFF, 0xFF, 0xFF, 0xFF, 0xFF, 0xFF, 0xFF, 0xFF, 0xFF, 0xFF, 0xFF, 0xFF, 0xFF,
    0xFF, 0xFF, 0xFF, 0xFF, 0xFF, 0xFF, 0xFF, 0xFF, 0xFF, 0xFF, 0xFF, 0xFF, 0xFD, 0xF8, 0xEE, 0xDC,
    0xBC, 0xA4, 0x79, 0x2D, 0x00, 0x00, 0x00, 0x00, 0x05, 0x5E, 0xE0, 0xFF, 0xFD, 0xFF, 0xFE, 0xFF,
    0xFF, 0xFF, 0xFF, 0xFF, 0xFF, 0xFF, 0xFD, 0xFF, 0xFE, 0xFB, 0xC9, 0x57, 0x08, 0x00, 0x00, 0x01,
    0x00, 0x01, 0x00, 0x00, 0x33, 0x9D, 0xE7, 0xFF, 0xFE, 0xFD, 0xFF, 0xFF, 0xFF, 0xFF, 0xFF, 0xFF,
    0xFF, 0xFE, 0xFC, 0xFB, 0xFA, 0xFA, 0xFB, 0xFB, 0xFC, 0xFC, 0xFD, 0xFD, 0xFE, 0xFE, 0xFF, 0xFF,
    0xFE, 0xFE, 0xFE, 0xFD, 0xFD, 0xFC, 0xFC, 0xFC, 0xFB, 0xFA, 0xFB, 0xFE, 0xFF, 0xFF, 0xFF, 0xFF,
    0xFC, 0xF2, 0xD3, 0x94, 0x62, 0x42, 0x19, 0x00, 0x00, 0x55, 0xE1, 0xFF, 0xFC, 0xFF, 0xFE, 0xFF,
    0xFF, 0xFF, 0xFF, 0xFF, 0xFF, 0xFF, 0xFD, 0xFE, 0xFF, 0xE6, 0x9B, 0x32, 0x00, 0x00, 0x01, 0x00,
    0x00, 0x02, 0x00, 0x01, 0x15, 0x60, 0xC1, 0xFE, 0xFF, 0xFD, 0xFF, 0xFF, 0xFF, 0xFF, 0xFF, 0xFF,
    0xFF, 0xFF, 0xFF, 0xFF, 0xFF, 0xFF, 0xFF, 0xFF, 0xFF, 0xFF, 0xFF, 0xFF, 0xFF, 0xFF, 0xFF, 0xFF,
    0xFF, 0xFF, 0xFF, 0xFF, 0xFF, 0xFF, 0xFF, 0xFF, 0xFF, 0xFF, 0xFF, 0xFF, 0xFE, 0xFE, 0xFE, 0xFE,
    0xFE, 0xFF, 0xFF, 0xF5, 0xE2, 0xB0, 0x5C, 0x18, 0x1E, 0x84, 0xF0, 0xFF, 0xFC, 0xFF, 0xFE, 0xFF,
    0xFF, 0xFF, 0xFF, 0xFF, 0xFF, 0xFF, 0xFD, 0xFF, 0xFE, 0xC0, 0x5E, 0x15, 0x01, 0x00, 0x02, 0x00,
    0x00, 0x01, 0x00, 0x03, 0x03, 0x1F, 0x95, 0xF6, 0xFF, 0xFD, 0xFE, 0xFF, 0xFF, 0xFF, 0xFF, 0xFF,
    0xFF, 0xFF, 0xFF, 0xFF, 0xFF, 0xFF, 0xFF, 0xFF, 0xFF, 0xFF, 0xFF, 0xFF, 0xFF, 0xFF, 0xFF, 0xFF,
    0xFF, 0xFF, 0xFF, 0xFF, 0xFF, 0xFF, 0xFF, 0xFF, 0xFF, 0xFF, 0xFF, 0xFF, 0xFE, 0xFE, 0xFE, 0xFE,
    0xFF, 0xFF, 0xFF, 0xFF, 0xFF, 0xF2, 0xD3, 0xBB, 0xBE, 0xDD, 0xFC, 0xFF, 0xFE, 0xFF, 0xFF, 0xFF,
    0xFF, 0xFF, 0xFF, 0xFF, 0xFF, 0xFE, 0xFD, 0xFF, 0xF6, 0x94, 0x1E, 0x03, 0x03, 0x00, 0x01, 0x00,
    0x00, 0x00, 0x00, 0x04, 0x00, 0x00, 0x57, 0xC3, 0xFB, 0xFF, 0xFD, 0xFE, 0xFF, 0xFF, 0xFF, 0xFF,
    0xFF, 0xFF, 0xFF, 0xFF, 0xFF, 0xFF, 0xFF, 0xFF, 0xFF, 0xFF, 0xFF, 0xFF, 0xFF, 0xFF, 0xFF, 0xFF,
    0xFF, 0xFF, 0xFF, 0xFF, 0xFF, 0xFF, 0xFF, 0xFF, 0xFF, 0xFF, 0xFF, 0xFF, 0xFF, 0xFF, 0xFF, 0xFF,
    0xFE, 0xFD, 0xFC, 0xFB, 0xFD, 0xFF, 0xFF, 0xFF, 0xFF, 0xFF, 0xFF, 0xFF, 0xFF, 0xFF, 0xFF, 0xFF,
    0xFF, 0xFF, 0xFF, 0xFF, 0xFE, 0xFD, 0xFF, 0xFB, 0xC1, 0x56, 0x00, 0x00, 0x04, 0x00, 0x00, 0x00,
    0x00, 0x00, 0x00, 0x02, 0x00, 0x00, 0x18, 0x6A, 0xDB, 0xFF, 0xFD, 0xFE, 0xFE, 0xFF, 0xFF, 0xFF,
    0xFF, 0xFF, 0xFF, 0xFF, 0xFF, 0xFF, 0xFF, 0xFF, 0xFF, 0xFF, 0xFF, 0xFF, 0xFF, 0xFF, 0xFF, 0xFF,
    0xFF, 0xFF, 0xFF, 0xFF, 0xFF, 0xFF, 0xFF, 0xFF, 0xFF, 0xFF, 0xFF, 0xFF, 0xFF, 0xFF, 0xFF, 0xFF,
    0xFF, 0xFF, 0xFF, 0xFF, 0xFF, 0xFF, 0xFF, 0xFF, 0xFF, 0xFF, 0xFF, 0xFF, 0xFF, 0xFF, 0xFF, 0xFF,
    0xFF, 0xFF, 0xFF, 0xFE, 0xFE, 0xFD, 0xFF, 0xDB, 0x69, 0x17, 0x00, 0x00, 0x02, 0x00, 0x00, 0x00,
    0x00, 0x00, 0x00, 0x01, 0x01, 0x02, 0x00, 0x27, 0x9C, 0xEA, 0xFF, 0xFD, 0xFB, 0xFF, 0xFF, 0xFF,
    0xFF, 0xFF, 0xFF, 0xFF, 0xFF, 0xFF, 0xFF, 0xFF, 0xFF, 0xFF, 0xFF, 0xFF, 0xFF, 0xFF, 0xFF, 0xFF,
    0xFF, 0xFF, 0xFF, 0xFF, 0xFF, 0xFF, 0xFF, 0xFF, 0xFF, 0xFF, 0xFF, 0xFF, 0xFF, 0xFF, 0xFF, 0xFF,
    0xFF, 0xFF, 0xFF, 0xFF, 0xFE, 0xFD, 0xFC, 0xFA, 0xFA, 0xFC, 0xFF, 0xFF, 0xFF, 0xFF, 0xFF, 0xFF,
    0xFF, 0xFF, 0xFF, 0xFB, 0xFD, 0xFF, 0xE9, 0x9A, 0x26, 0x00, 0x01, 0x01, 0x01, 0x00, 0x00, 0x00,
    0x00, 0x00, 0x00, 0x00, 0x01, 0x02, 0x01, 0x08, 0x4C, 0xAF, 0xF9, 0xFF, 0xFD, 0xFF, 0xFF, 0xFF,
    0xFF, 0xFF, 0xFF, 0xFF, 0xFF, 0xFF, 0xFF, 0xFF, 0xFF, 0xFF, 0xFF, 0xFF, 0xFF, 0xFF, 0xFF, 0xFF,
    0xFF, 0xFF, 0xFF, 0xFF, 0xFF, 0xFF, 0xFF, 0xFF, 0xFF, 0xFF, 0xFF, 0xFF, 0xFF, 0xFF, 0xFF, 0xFF,
    0xFF, 0xFF, 0xFF, 0xFF, 0xFF, 0xFF, 0xFF, 0xFF, 0xFF, 0xFF, 0xFF, 0xFF, 0xFF, 0xFF, 0xFF, 0xFF,
    0xFF, 0xFF, 0xFF, 0xFD, 0xFF, 0xF9, 0xAE, 0x4A, 0x07, 0x02, 0x01, 0x01, 0x00, 0x00, 0x00, 0x00,
    0x00, 0x00, 0x00, 0x00, 0x00, 0x00, 0x02, 0x00, 0x0A, 0x5C, 0xC9, 0xF9, 0xFD, 0xFD, 0xFE, 0xFF,
    0xFF, 0xFF, 0xFF, 0xFF, 0xFF, 0xFF, 0xFF, 0xFF, 0xFF, 0xFF, 0xFF, 0xFF, 0xFF, 0xFF, 0xFF, 0xFF,
    0xFF, 0xFF, 0xFF, 0xFF, 0xFF, 0xFF, 0xFF, 0xFF, 0xFF, 0xFF, 0xFF, 0xFF, 0xFF, 0xFF, 0xFF, 0xFF,
    0xFF, 0xFF, 0xFF, 0xFF, 0xFF, 0xFF, 0xFF, 0xFF, 0xFF, 0xFF, 0xFF, 0xFF, 0xFF, 0xFF, 0xFF, 0xFF,
    0xFF, 0xFD, 0xFD, 0xFE, 0xF9, 0xC9, 0x5B, 0x09, 0x00, 0x02, 0x00, 0x00, 0x00, 0x00, 0x00, 0x00,
    0x00, 0x00, 0x00, 0x00, 0x00, 0x00, 0x03, 0x01, 0x00, 0x1B, 0x6D, 0xCE, 0xFF, 0xFF, 0xFD, 0xFD,
    0xFF, 0xFF, 0xFF, 0xFF, 0xFF, 0xFF, 0xFF, 0xFF, 0xFF, 0xFF, 0xFF, 0xFF, 0xFF, 0xFF, 0xFF, 0xFF,
    0xFF, 0xFF, 0xFF, 0xFF, 0xFF, 0xFF, 0xFF, 0xFF, 0xFF, 0xFF, 0xFF, 0xFF, 0xFF, 0xFF, 0xFF, 0xFF,
    0xFF, 0xFF, 0xFF, 0xFF, 0xFF, 0xFF, 0xFF, 0xFF, 0xFF, 0xFF, 0xFF, 0xFF, 0xFF, 0xFF, 0xFF, 0xFF,
    0xFD, 0xFD, 0xFF, 0xFE, 0xCD, 0x6C, 0x1B, 0x00, 0x01, 0x03, 0x00, 0x00, 0x00, 0x00, 0x00, 0x00,
    0x00, 0x00, 0x00, 0x00, 0x00, 0x00, 0x01, 0x00, 0x03, 0x00, 0x17, 0x7C, 0xD6, 0xFB, 0xFF, 0xFE,
    0xFF, 0xFF, 0xFF, 0xFF, 0xFF, 0xFF, 0xFF, 0xFF, 0xFF, 0xFF, 0xFF, 0xFF, 0xFF, 0xFF, 0xFF, 0xFF,
    0xFF, 0xFF, 0xFF, 0xFF, 0xFF, 0xFF, 0xFF, 0xFF, 0xFF, 0xFF, 0xFF, 0xFF, 0xFF, 0xFF, 0xFF, 0xFF,
    0xFF, 0xFF, 0xFF, 0xFF, 0xFF, 0xFF, 0xFF, 0xFF, 0xFF, 0xFF, 0xFF, 0xFF, 0xFF, 0xFF, 0xFF, 0xFF,
    0xFE, 0xFF, 0xFB, 0xD4, 0x7A, 0x17, 0x00, 0x03, 0x00, 0x01, 0x00, 0x00, 0x00, 0x00, 0x00, 0x00,
    0x00, 0x00, 0x00, 0x00, 0x00, 0x00, 0x00, 0x00, 0x03, 0x00, 0x00, 0x22, 0x75, 0xD5, 0xFF, 0xFF,
    0xFC, 0xFB, 0xFF, 0xFF, 0xFF, 0xFF, 0xFF, 0xFF, 0xFF, 0xFF, 0xFF, 0xFF, 0xFF, 0xFF, 0xFF, 0xFF,
    0xFF, 0xFF, 0xFF, 0xFF, 0xFF, 0xFF, 0xFF, 0xFF, 0xFF, 0xFF, 0xFF, 0xFF, 0xFF, 0xFF, 0xFF, 0xFF,
    0xFF, 0xFF, 0xFF, 0xFF, 0xFF, 0xFF, 0xFF, 0xFF, 0xFF, 0xFF, 0xFF, 0xFF, 0xFF, 0xFF, 0xFB, 0xFC,
    0xFF, 0xFE, 0xD4, 0x75, 0x22, 0x00, 0x00, 0x03, 0x00, 0x00, 0x00, 0x00, 0x00, 0x00, 0x00, 0x00,
    0x00, 0x00, 0x00, 0x00, 0x00, 0x00, 0x00, 0x00, 0x01, 0x03, 0x01, 0x00, 0x22, 0x7B, 0xCD, 0xFB,
    0xFF, 0xFF, 0xFE, 0xFE, 0xFF, 0xFF, 0xFF, 0xFF, 0xFF, 0xFF, 0xFF, 0xFF, 0xFF, 0xFF, 0xFF, 0xFF,
    0xFF, 0xFF, 0xFF, 0xFF, 0xFF, 0xFF, 0xFF, 0xFF, 0xFF, 0xFF, 0xFF, 0xFF, 0xFF, 0xFF, 0xFF, 0xFF,
    0xFF, 0xFF, 0xFF, 0xFF, 0xFF, 0xFF, 0xFF, 0xFF, 0xFF, 0xFF, 0xFF, 0xFF, 0xFE, 0xFE, 0xFF, 0xFF,
    0xFA, 0xCB, 0x7A, 0x23, 0x00, 0x01, 0x03, 0x01, 0x00, 0x00, 0x00, 0x00, 0x00, 0x00, 0x00, 0x00,
    0x00, 0x00, 0x00, 0x00, 0x00, 0x00, 0x00, 0x00, 0x00, 0x00, 0x00, 0x02, 0x01, 0x18, 0x6D, 0xC9,
    0xF9, 0xFF, 0xFC, 0xFD, 0xFF, 0xFF, 0xFF, 0xFF, 0xFF, 0xFF, 0xFF, 0xFF, 0xFF, 0xFF, 0xFF, 0xFF,
    0xFF, 0xFF, 0xFF, 0xFF, 0xFF, 0xFF, 0xFF, 0xFF, 0xFF, 0xFF, 0xFF, 0xFF, 0xFF, 0xFF, 0xFF, 0xFF,
    0xFF, 0xFF, 0xFF, 0xFF, 0xFF, 0xFF, 0xFF, 0xFF, 0xFF, 0xFF, 0xFF, 0xFF, 0xFD, 0xFD, 0xFF, 0xF9,
    0xC7, 0x6B, 0x17, 0x01, 0x02, 0x00, 0x00, 0x00, 0x00, 0x00, 0x00, 0x00, 0x00, 0x00, 0x00, 0x00,
    0x00, 0x00, 0x00, 0x00, 0x00, 0x00, 0x00, 0x00, 0x00, 0x00, 0x01, 0x03, 0x00, 0x00, 0x1C, 0x5B,
    0xAE, 0xED, 0xFF, 0xFF, 0xFB, 0xFC, 0xFD, 0xFE, 0xFF, 0xFF, 0xFF, 0xFF, 0xFF, 0xFF, 0xFF, 0xFF,
    0xFF, 0xFF, 0xFF, 0xFF, 0xFF, 0xFF, 0xFF, 0xFF, 0xFF, 0xFF, 0xFF, 0xFF, 0xFF, 0xFF, 0xFF, 0xFF,
    0xFF, 0xFF, 0xFF, 0xFF, 0xFF, 0xFF, 0xFF, 0xFF, 0xFE, 0xFD, 0xFD, 0xFB, 0xFF, 0xFF, 0xEC, 0xAE,
    0x5A, 0x1C, 0x00, 0x00, 0x03, 0x01, 0x00, 0x00, 0x00, 0x00, 0x00, 0x00, 0x00, 0x00, 0x00, 0x00,
    0x00, 0x00, 0x00, 0x00, 0x00, 0x00, 0x00, 0x00, 0x00, 0x00, 0x00, 0x00, 0x03, 0x04, 0x00, 0x06,
    0x4C, 0x9E, 0xDD, 0xFA, 0xFF, 0xFF, 0xFF, 0xFF, 0xFF, 0xFF, 0xFF, 0xFF, 0xFF, 0xFF, 0xFF, 0xFF,
    0xFF, 0xFF, 0xFF, 0xFF, 0xFF, 0xFF, 0xFF, 0xFF, 0xFF, 0xFF, 0xFF, 0xFF, 0xFF, 0xFF, 0xFF, 0xFF,
    0xFF, 0xFF, 0xFF, 0xFF, 0xFF, 0xFF, 0xFF, 0xFF, 0xFF, 0xFF, 0xFF, 0xFF, 0xFA, 0xDB, 0x9C, 0x4B,
    0x07, 0x00, 0x04, 0x03, 0x00, 0x00, 0x00, 0x00, 0x00, 0x00, 0x00, 0x00, 0x00, 0x00, 0x00, 0x00,
    0x00, 0x00, 0x00, 0x00, 0x00, 0x00, 0x00, 0x00, 0x00, 0x00, 0x00, 0x00, 0x00, 0x00, 0x00, 0x00,
    0x09, 0x27, 0x6B, 0xC4, 0xF8, 0xFF, 0xFF, 0xFE, 0xFC, 0xFC, 0xFD, 0xFE, 0xFF, 0xFF, 0xFF, 0xFF,
    0xFF, 0xFF, 0xFF, 0xFF, 0xFF, 0xFF, 0xFF, 0xFF, 0xFF, 0xFF, 0xFF, 0xFF, 0xFF, 0xFF, 0xFF, 0xFF,
    0xFF, 0xFF, 0xFF, 0xFF, 0xFE, 0xFD, 0xFC, 0xFC, 0xFE, 0xFF, 0xFE, 0xF8, 0xC3, 0x69, 0x26, 0x09,
    0x00, 0x00, 0x00, 0x00, 0x00, 0x00, 0x00, 0x00, 0x00, 0x00, 0x00, 0x00, 0x00, 0x00, 0x00, 0x00,
    0x00, 0x00, 0x00, 0x00, 0x00, 0x00, 0x00, 0x00, 0x00, 0x00, 0x00, 0x00, 0x00, 0x00, 0x04, 0x02,
    0x00, 0x00, 0x19, 0x59, 0x96, 0xC3, 0xE7, 0xFE, 0xFF, 0xFF, 0xFF, 0xFF, 0xFD, 0xFC, 0xFC, 0xFD,
    0xFE, 0xFE, 0xFF, 0xFF, 0xFF, 0xFF, 0xFF, 0xFF, 0xFF, 0xFF, 0xFF, 0xFF, 0xFF, 0xFF, 0xFE, 0xFE,
    0xFD, 0xFC, 0xFC, 0xFD, 0xFF, 0xFF, 0xFF, 0xFF, 0xFD, 0xE6, 0xC1, 0x95, 0x58, 0x17, 0x00, 0x00,
    0x02, 0x04, 0x00, 0x00, 0x00, 0x00, 0x00, 0x00, 0x00, 0x00, 0x00, 0x00, 0x00, 0x00, 0x00, 0x00,
    0x00, 0x00, 0x00, 0x00, 0x00, 0x00, 0x00, 0x00, 0x00, 0x00, 0x00, 0x00, 0x00, 0x00, 0x00, 0x00,
    0x01, 0x01, 0x00, 0x00, 0x1F, 0x61, 0xA0, 0xCC, 0xE9, 0xF7, 0xFE, 0xFF, 0xFF, 0xFF, 0xFF, 0xFF,
    0xFF, 0xFF, 0xFF, 0xFF, 0xFF, 0xFF, 0xFF, 0xFF, 0xFF, 0xFF, 0xFF, 0xFF, 0xFF, 0xFF, 0xFF, 0xFF,
    0xFF, 0xFF, 0xFF, 0xFF, 0xFF, 0xFE, 0xF6, 0xE8, 0xCB, 0x9E, 0x5F, 0x1D, 0x00, 0x00, 0x02, 0x01,
    0x00, 0x00, 0x00, 0x00, 0x00, 0x00, 0x00, 0x00, 0x00, 0x00, 0x00, 0x00, 0x00, 0x00, 0x00, 0x00,
    0x00, 0x00, 0x00, 0x00, 0x00, 0x00, 0x00, 0x00, 0x00, 0x00, 0x00, 0x00, 0x00, 0x00, 0x00, 0x00,
    0x01, 0x01, 0x00, 0x00, 0x00, 0x16, 0x34, 0x58, 0x84, 0xB0, 0xD9, 0xF7, 0xFF, 0xFF, 0xFF, 0xFF,
    0xFF, 0xFD, 0xFB, 0xF9, 0xF8, 0xF8, 0xF9, 0xF9, 0xF9, 0xF9, 0xF8, 0xF8, 0xF9, 0xFB, 0xFD, 0xFF,
    0xFF, 0xFF, 0xFF, 0xFF, 0xF7, 0xD9, 0xB0, 0x83, 0x58, 0x34, 0x15, 0x00, 0x00, 0x00, 0x01, 0x01,
    0x00, 0x00, 0x00, 0x00, 0x00, 0x00, 0x00, 0x00, 0x00, 0x00, 0x00, 0x00, 0x00, 0x00, 0x00, 0x00,
    0x00, 0x00, 0x00, 0x00, 0x00, 0x00, 0x00, 0x00, 0x00, 0x00, 0x00, 0x00, 0x00, 0x00, 0x00, 0x00,
    0x00, 0x00, 0x02, 0x06, 0x02, 0x00, 0x00, 0x0A, 0x29, 0x54, 0x80, 0xA6, 0xBF, 0xD6, 0xE8, 0xF6,
    0xFF, 0xFF, 0xFF, 0xFF, 0xFF, 0xFF, 0xFF, 0xFF, 0xFF, 0xFF, 0xFF, 0xFF, 0xFF, 0xFF, 0xFF, 0xFF,
    0xF6, 0xE7, 0xD6, 0xBF, 0xA6, 0x80, 0x53, 0x2A, 0x0A, 0x00, 0x00, 0x02, 0x06, 0x02, 0x00, 0x00,
    0x00, 0x00, 0x00, 0x00, 0x00, 0x00, 0x00, 0x00, 0x00, 0x00, 0x00, 0x00, 0x00, 0x00, 0x00, 0x00,
    0x00, 0x00, 0x00, 0x00, 0x00, 0x00, 0x00, 0x00, 0x00, 0x00, 0x00, 0x00, 0x00, 0x00, 0x00, 0x00,
    0x00, 0x00, 0x00, 0x00, 0x00, 0x00, 0x00, 0x00, 0x03, 0x0D, 0x1B, 0x2B, 0x3C, 0x5B, 0x8B, 0xB7,
    0xD6, 0xE7, 0xF5, 0xFF, 0xFF, 0xFF, 0xFF, 0xFF, 0xFF, 0xFF, 0xFF, 0xFF, 0xFF, 0xF5, 0xE7, 0xD6,
    0xB8, 0x8A, 0x5A, 0x3B, 0x2A, 0x1A, 0x0C, 0x03, 0x00, 0x00, 0x00, 0x00, 0x00, 0x00, 0x00, 0x00,
    0x00, 0x00, 0x00, 0x00, 0x00, 0x00, 0x00, 0x00, 0x00, 0x00, 0x00, 0x00, 0x00, 0x00, 0x00, 0x00,
    0x00, 0x00, 0x00, 0x00, 0x00, 0x00, 0x00, 0x00, 0x00, 0x00, 0x00, 0x00, 0x00, 0x00, 0x00, 0x00,
    0x00, 0x00, 0x00, 0x00, 0x01, 0x02, 0x02, 0x00, 0x00, 0x00, 0x00, 0x00, 0x02, 0x10, 0x29, 0x40,
    0x50, 0x5A, 0x61, 0x68, 0x70, 0x79, 0x7F, 0x82, 0x83, 0x80, 0x79, 0x70, 0x68, 0x61, 0x5A, 0x50,
    0x40, 0x28, 0x0F, 0x01, 0x00, 0x00, 0x00, 0x00, 0x00, 0x01, 0x02, 0x01, 0x00, 0x00, 0x00, 0x00,
    0x00, 0x00, 0x00, 0x00, 0x00, 0x00, 0x00, 0x00, 0x00, 0x00, 0x00, 0x00, 0x00, 0x00, 0x00, 0x00,
    0x00, 0x00, 0x00, 0x00, 0x00, 0x00, 0x00, 0x00, 0x00, 0x00, 0x00, 0x00, 0x00, 0x00, 0x00, 0x00,
    0x00, 0x00, 0x00, 0x00, 0x00, 0x00, 0x00, 0x01, 0x02, 0x03, 0x03, 0x02, 0x01, 0x00, 0x00, 0x00,
    0x00, 0x00, 0x00, 0x00, 0x03, 0x11, 0x1C, 0x21, 0x23, 0x1D, 0x11, 0x03, 0x00, 0x00, 0x00, 0x00,
    0x00, 0x00, 0x00, 0x01, 0x02, 0x03, 0x03, 0x02, 0x01, 0x00, 0x00, 0x00, 0x00, 0x00, 0x00, 0x00,
    0x00, 0x00, 0x00, 0x00, 0x00, 0x00, 0x00, 0x00, 0x00, 0x00, 0x00, 0x00, 0x00, 0x00, 0x00, 0x00,
};
