#pragma once
#include <stdint.h>

#define ICON_SPOTIFY_BIG_WIDTH 200
#define ICON_SPOTIFY_BIG_HEIGHT 200
// RGB565A8: 40000 RGB565 pixels (little-endian) + 40000 alpha bytes
// Source: assets/icon_spotify.png upscaled 50->200 (idle/paused state on the lyrics page)
static const uint8_t icon_spotify_big_data[120000] = {
    0x00, 0x00, 0x00, 0x00, 0x00, 0x00, 0x00, 0x00, 0x00, 0x00, 0x00, 0x00, 0x00, 0x00, 0x00, 0x00,
    0x00, 0x00, 0x00, 0x00, 0x00, 0x00, 0x00, 0x00, 0x00, 0x00, 0x00, 0x00, 0x00, 0x00, 0x00, 0x00,
    0x00, 0x00, 0x00, 0x00, 0x00, 0x00, 0x00, 0x00, 0x00, 0x00, 0x00, 0x00, 0x00, 0x00, 0x00, 0x00,
    0x00, 0x00, 0x00, 0x00, 0x00, 0x00, 0x00, 0x00, 0x00, 0x00, 0x00, 0x00, 0x00, 0x00, 0x00, 0x00,
    0x00, 0x00, 0x00, 0x00, 0x00, 0x00, 0x00, 0x00, 0x00, 0x00, 0x00, 0x00, 0x00, 0x00, 0x00, 0x00,
    0x00, 0x00, 0x00, 0x00, 0x00, 0x00, 0x00, 0x00, 0x00, 0x00, 0x00, 0x00, 0x00, 0x00, 0x00, 0x00,
    0x00, 0x00, 0x00, 0x00, 0x00, 0x00, 0x00, 0x00, 0x00, 0x00, 0x00, 0x00, 0x00, 0x00, 0x00, 0x00,
    0xE0, 0x07, 0xE0, 0x07, 0xEF, 0x03, 0xEF, 0x07, 0xEA, 0x07, 0xE7, 0x05, 0xEF, 0x3D, 0xEF, 0x07,
    0xEF, 0x3D, 0xEF, 0x05, 0xE7, 0x3D, 0xEA, 0x07, 0x4A, 0x05, 0xEF, 0x03, 0xE0, 0x07, 0x00, 0x00,
    0x00, 0x00, 0x00, 0x00, 0x00, 0x00, 0x00, 0x00, 0x00, 0x00, 0x00, 0x00, 0x00, 0x00, 0x00, 0x00,
    0x00, 0x00, 0x00, 0x00, 0x00, 0x00, 0x00, 0x00, 0x00, 0x00, 0x00, 0x00, 0x00, 0x00, 0x00, 0x00,
    0x00, 0x00, 0x00, 0x00, 0x00, 0x00, 0x00, 0x00, 0x00, 0x00, 0x00, 0x00, 0xEF, 0x03, 0x2E, 0x3E,
    0xAC, 0x3E, 0xED, 0x2E, 0x2B, 0x2F, 0x2B, 0x27, 0x2B, 0x2F, 0xAA, 0x1E, 0xEC, 0x26, 0x4D, 0x2F,
    0xEB, 0x06, 0xEF, 0x03, 0x00, 0x00, 0x00, 0x00, 0x00, 0x00, 0x00, 0x00, 0x00, 0x00, 0x00, 0x00,
    0x00, 0x00, 0x00, 0x00, 0x00, 0x00, 0x00, 0x00, 0x00, 0x00, 0x00, 0x00, 0x00, 0x00, 0x00, 0x00,
    0x00, 0x00, 0x00, 0x00, 0x00, 0x00, 0x00, 0x00, 0x00, 0x00, 0x00, 0x00, 0x00, 0x00, 0x00, 0x00,
    0x00, 0x00, 0xE0, 0x07, 0xEF, 0x03, 0x4A, 0x05, 0xE7, 0x05, 0xE7, 0x3D, 0xEF, 0x05, 0xEF, 0x3D,
    0xE7, 0x07, 0xEF, 0x3D, 0xE7, 0x05, 0xEA, 0x07, 0xEF, 0x07, 0xEF, 0x03, 0xE0, 0x07, 0xE0, 0x07,
    0x00, 0x00, 0x00, 0x00, 0x00, 0x00, 0x00, 0x00, 0x00, 0x00, 0x00, 0x00, 0x00, 0x00, 0x00, 0x00,
    0x00, 0x00, 0x00, 0x00, 0x00, 0x00, 0x00, 0x00, 0x00, 0x00, 0x00, 0x00, 0x00, 0x00, 0x00, 0x00,
    0x00, 0x00, 0x00, 0x00, 0x00, 0x00, 0x00, 0x00, 0x00, 0x00, 0x00, 0x00, 0x00, 0x00, 0x00, 0x00,
    0x00, 0x00, 0x00, 0x00, 0x00, 0x00, 0x00, 0x00, 0x00, 0x00, 0x00, 0x00, 0x00, 0x00, 0x00, 0x00,
    0x00, 0x00, 0x00, 0x00, 0x00, 0x00, 0x00, 0x00, 0x00, 0x00, 0x00, 0x00, 0x00, 0x00, 0x00, 0x00,
    0x00, 0x00, 0x00, 0x00, 0x00, 0x00, 0x00, 0x00, 0x00, 0x00, 0x00, 0x00, 0x00, 0x00, 0x00, 0x00,
    0x00, 0x00, 0x00, 0x00, 0x00, 0x00, 0x00, 0x00, 0x00, 0x00, 0x00, 0x00, 0x00, 0x00, 0x00, 0x00,
    0x00, 0x00, 0x00, 0x00, 0x00, 0x00, 0x00, 0x00, 0x00, 0x00, 0x00, 0x00, 0x00, 0x00, 0x00, 0x00,
    0x00, 0x00, 0x00, 0x00, 0x00, 0x00, 0x00, 0x00, 0x00, 0x00, 0x00, 0x00, 0x00, 0x00, 0x00, 0x00,
    0x00, 0x00, 0x00, 0x00, 0x00, 0x00, 0x00, 0x00, 0x00, 0x00, 0x00, 0x00, 0x00, 0x00, 0x00, 0x00,
    0x00, 0x00, 0x00, 0x00, 0x00, 0x00, 0x00, 0x00, 0x00, 0x00, 0x00, 0x00, 0x00, 0x00, 0x00, 0x00,
    0x00, 0x00, 0x00, 0x00, 0x00, 0x00, 0x00, 0x00, 0x00, 0x00, 0x00, 0x00, 0x00, 0x00, 0x00, 0x00,
    0x00, 0x00, 0x00, 0x00, 0x00, 0x00, 0x00, 0x00, 0x00, 0x00, 0x00, 0x00, 0x00, 0x00, 0x00, 0x00,
    0x00, 0x00, 0x00, 0x00, 0x00, 0x00, 0x00, 0x00, 0x00, 0x00, 0x00, 0x00, 0x00, 0x00, 0x00, 0x00,
    0x00, 0x00, 0x00, 0x00, 0xE0, 0x07, 0xE0, 0x07, 0xFF, 0x07, 0xEF, 0x07, 0xEF, 0x07, 0xEF, 0x07,
    0xEF, 0x07, 0xEF, 0x07, 0xEF, 0x07, 0xEF, 0x07, 0xEF, 0x07, 0xEF, 0x03, 0xE0, 0x07, 0x00, 0x00,
    0xE0, 0x07, 0x00, 0x00, 0x00, 0x00, 0x00, 0x00, 0x00, 0x00, 0x00, 0x00, 0x00, 0x00, 0x00, 0x00,
    0x00, 0xF8, 0xE0, 0x7B, 0x00, 0xF8, 0xFF, 0x07, 0xFF, 0x07, 0xFF, 0x07, 0xEF, 0x07, 0xEA, 0x07,
    0xEA, 0x07, 0x6C, 0x36, 0xE7, 0x1D, 0xAA, 0x2E, 0xEB, 0x1E, 0x2B, 0x26, 0x6B, 0x1E, 0x6B, 0x1E,
    0xCC, 0x26, 0xAD, 0x26, 0xCC, 0x1E, 0xCC, 0x1E, 0xCC, 0x1E, 0xCB, 0x1E, 0xAC, 0x1E, 0x0D, 0x1F,
    0xAB, 0x1E, 0x6B, 0x1E, 0x2B, 0x26, 0x8B, 0x1E, 0x4A, 0x2D, 0xEB, 0x1C, 0xCC, 0x34, 0xEA, 0x07,
    0x4A, 0x05, 0xEF, 0x07, 0xFF, 0x07, 0xFF, 0x07, 0x00, 0x00, 0x00, 0x00, 0xE0, 0xFF, 0x00, 0x00,
    0x00, 0x00, 0x00, 0x00, 0x00, 0x00, 0x00, 0x00, 0x00, 0x00, 0x00, 0x00, 0x00, 0x00, 0xE0, 0x07,
    0x00, 0x00, 0xE0, 0x07, 0xEF, 0x03, 0xEF, 0x07, 0xEF, 0x07, 0xEF, 0x07, 0xEF, 0x07, 0xEF, 0x07,
    0xEF, 0x07, 0xEF, 0x07, 0xEF, 0x07, 0xFF, 0x07, 0xE0, 0x07, 0xE0, 0x07, 0x00, 0x00, 0x00, 0x00,
    0x00, 0x00, 0x00, 0x00, 0x00, 0x00, 0x00, 0x00, 0x00, 0x00, 0x00, 0x00, 0x00, 0x00, 0x00, 0x00,
    0x00, 0x00, 0x00, 0x00, 0x00, 0x00, 0x00, 0x00, 0x00, 0x00, 0x00, 0x00, 0x00, 0x00, 0x00, 0x00,
    0x00, 0x00, 0x00, 0x00, 0x00, 0x00, 0x00, 0x00, 0x00, 0x00, 0x00, 0x00, 0x00, 0x00, 0x00, 0x00,
    0x00, 0x00, 0x00, 0x00, 0x00, 0x00, 0x00, 0x00, 0x00, 0x00, 0x00, 0x00, 0x00, 0x00, 0x00, 0x00,
    0x00, 0x00, 0x00, 0x00, 0x00, 0x00, 0x00, 0x00, 0x00, 0x00, 0x00, 0x00, 0x00, 0x00, 0x00, 0x00,
    0x00, 0x00, 0x00, 0x00, 0x00, 0x00, 0x00, 0x00, 0x00, 0x00, 0x00, 0x00, 0x00, 0x00, 0x00, 0x00,
    0x00, 0x00, 0x00, 0x00, 0x00, 0x00, 0x00, 0x00, 0x00, 0x00, 0x00, 0x00, 0x00, 0x00, 0x00, 0x00,
    0x00, 0x00, 0x00, 0x00, 0x00, 0x00, 0x00, 0x00, 0x00, 0x00, 0x00, 0x00, 0x00, 0x00, 0x00, 0x00,
    0x00, 0x00, 0x00, 0x00, 0x00, 0x00, 0x00, 0x00, 0x00, 0x00, 0x00, 0x00, 0x00, 0x00, 0x00, 0x00,
    0x00, 0x00, 0x00, 0x00, 0x00, 0x00, 0x00, 0x00, 0x00, 0x00, 0x00, 0x00, 0x00, 0x00, 0x00, 0x00,
    0x00, 0x00, 0x00, 0x00, 0x00, 0x00, 0x00, 0x00, 0x00, 0x00, 0x00, 0x00, 0x00, 0x00, 0x00, 0x00,
    0x00, 0x00, 0x00, 0x00, 0x00, 0x00, 0x00, 0x00, 0x00, 0x00, 0x00, 0x00, 0x00, 0x00, 0x00, 0x00,
    0x00, 0x00, 0x00, 0x00, 0x00, 0x00, 0x00, 0x00, 0x00, 0x00, 0x00, 0x00, 0x00, 0x00, 0x00, 0x00,
    0x00, 0x00, 0x00, 0x00, 0x00, 0x00, 0x00, 0x00, 0x00, 0x00, 0x00, 0x00, 0x00, 0x00, 0x00, 0x00,
    0x00, 0x00, 0x00, 0x00, 0x00, 0x00, 0x00, 0x00, 0x00, 0x00, 0x00, 0x00, 0x00, 0x00, 0x00, 0x00,
    0x00, 0x00, 0x00, 0x00, 0x00, 0x00, 0x00, 0x00, 0x00, 0x00, 0x00, 0x00, 0x00, 0x00, 0x00, 0x00,
    0xE0, 0x07, 0xF5, 0x07, 0xAA, 0x06, 0xEE, 0x1F, 0xCB, 0x26, 0x2C, 0x1E, 0x8A, 0x16, 0xAB, 0x16,
    0x6A, 0x26, 0x8C, 0x26, 0x6B, 0x26, 0xAB, 0x1E, 0x0C, 0x1F, 0xCC, 0x1E, 0xCC, 0x1E, 0xEC, 0x1E,
    0xEB, 0x1E, 0x8B, 0x1E, 0xAB, 0x1E, 0x8B, 0x26, 0xAB, 0x1E, 0x8B, 0x1E, 0xCC, 0x1E, 0x8C, 0x1E,
    0xAC, 0x26, 0xCC, 0x26, 0xCB, 0x1E, 0xCB, 0x1E, 0xCB, 0x1E, 0xCC, 0x1E, 0xAC, 0x1E, 0xCC, 0x1E,
    0xAB, 0x1E, 0xCC, 0x1E, 0x8B, 0x1E, 0x8B, 0x1E, 0x8B, 0x26, 0xAB, 0x1E, 0x8B, 0x1E, 0xAB, 0x1E,
    0xAC, 0x1E, 0xCC, 0x1E, 0xCC, 0x1E, 0x0C, 0x1F, 0xEC, 0x26, 0x8C, 0x26, 0xCC, 0x26, 0xAB, 0x26,
    0xAB, 0x16, 0xCA, 0x1E, 0x2C, 0x1E, 0x4B, 0x26, 0x0E, 0x1F, 0xAA, 0x06, 0xEA, 0x07, 0xE0, 0x07,
    0x00, 0x00, 0x00, 0x00, 0x00, 0x00, 0x00, 0x00, 0x00, 0x00, 0x00, 0x00, 0x00, 0x00, 0x00, 0x00,
    0x00, 0x00, 0x00, 0x00, 0x00, 0x00, 0x00, 0x00, 0x00, 0x00, 0x00, 0x00, 0x00, 0x00, 0x00, 0x00,
    0x00, 0x00, 0x00, 0x00, 0x00, 0x00, 0x00, 0x00, 0x00, 0x00, 0x00, 0x00, 0x00, 0x00, 0x00, 0x00,
    0x00, 0x00, 0x00, 0x00, 0x00, 0x00, 0x00, 0x00, 0x00, 0x00, 0x00, 0x00, 0x00, 0x00, 0x00, 0x00,
    0x00, 0x00, 0x00, 0x00, 0x00, 0x00, 0x00, 0x00, 0x00, 0x00, 0x00, 0x00, 0x00, 0x00, 0x00, 0x00,
    0x00, 0x00, 0x00, 0x00, 0x00, 0x00, 0x00, 0x00, 0x00, 0x00, 0x00, 0x00, 0x00, 0x00, 0x00, 0x00,
    0x00, 0x00, 0x00, 0x00, 0x00, 0x00, 0x00, 0x00, 0x00, 0x00, 0x00, 0x00, 0x00, 0x00, 0x00, 0x00,
    0x00, 0x00, 0x00, 0x00, 0x00, 0x00, 0x00, 0x00, 0x00, 0x00, 0x00, 0x00, 0x00, 0x00, 0x00, 0x00,
    0x00, 0x00, 0x00, 0x00, 0x00, 0x00, 0x00, 0x00, 0x00, 0x00, 0x00, 0x00, 0x00, 0x00, 0x00, 0x00,
    0x00, 0x00, 0x00, 0x00, 0x00, 0x00, 0x00, 0x00, 0x00, 0x00, 0x00, 0x00, 0x00, 0x00, 0x00, 0x00,
    0x00, 0x00, 0x00, 0x00, 0x00, 0x00, 0x00, 0x00, 0x00, 0x00, 0x00, 0x00, 0x00, 0x00, 0x00, 0x00,
    0x00, 0x00, 0x00, 0x00, 0x00, 0x00, 0x00, 0x00, 0x00, 0x00, 0x00, 0x00, 0x00, 0x00, 0x00, 0x00,
    0x00, 0x00, 0x00, 0x00, 0x00, 0x00, 0x00, 0x00, 0x00, 0x00, 0x00, 0x00, 0x00, 0x00, 0x00, 0x00,
    0x00, 0x00, 0x00, 0x00, 0x00, 0x00, 0x00, 0x00, 0x00, 0x00, 0x00, 0x00, 0x00, 0x00, 0x00, 0x00,
    0x00, 0x00, 0x00, 0x00, 0x00, 0x00, 0x00, 0x00, 0x00, 0x00, 0x00, 0x00, 0x00, 0x00, 0x00, 0x00,
    0x00, 0x00, 0x00, 0x00, 0x00, 0x00, 0xE0, 0x07, 0xE0, 0x07, 0xE0, 0x07, 0xFF, 0x07, 0xFF, 0x07,
    0xE0, 0x07, 0x00, 0x00, 0x00, 0x00, 0x00, 0x00, 0x00, 0x00, 0x00, 0x00, 0x00, 0x00, 0x00, 0x00,
    0x00, 0x00, 0x00, 0x00, 0x00, 0x00, 0x00, 0x00, 0x00, 0x00, 0x00, 0x00, 0x00, 0x00, 0xE0, 0x07,
    0xEC, 0x37, 0x2B, 0x17, 0xAC, 0x1E, 0x0C, 0x1F, 0xAB, 0x26, 0x8B, 0x1E, 0x8B, 0x1E, 0xCB, 0x1E,
    0x8B, 0x1E, 0x8B, 0x1E, 0xAB, 0x1E, 0xAC, 0x1E, 0xCC, 0x26, 0xCC, 0x1E, 0xAC, 0x1E, 0xCB, 0x1E,
    0xCB, 0x1E, 0xCC, 0x1E, 0xAB, 0x1E, 0xAC, 0x1E, 0xCB, 0x1E, 0xAC, 0x1E, 0xAB, 0x1E, 0xAB, 0x1E,
    0xAC, 0x1E, 0xAC, 0x1E, 0xCB, 0x1E, 0xCB, 0x1E, 0xCB, 0x1E, 0xAB, 0x1E, 0xAC, 0x1E, 0xCC, 0x1E,
    0xAC, 0x1E, 0xAB, 0x1E, 0xAC, 0x1E, 0xAB, 0x1E, 0xAC, 0x1E, 0xAB, 0x1E, 0xAC, 0x1E, 0xAB, 0x1E,
    0xAC, 0x1E, 0xAC, 0x1E, 0xAC, 0x1E, 0xCC, 0x26, 0xCC, 0x1E, 0xAC, 0x1E, 0xAC, 0x1E, 0xAB, 0x1E,
    0xCB, 0x1E, 0x8B, 0x1E, 0xAC, 0x1E, 0xAB, 0x26, 0xAC, 0x1E, 0x8B, 0x1E, 0x2C, 0x1F, 0xE6, 0x37,
    0xE0, 0x07, 0x00, 0x00, 0x00, 0x00, 0x00, 0x00, 0x00, 0x00, 0x00, 0x00, 0x00, 0x00, 0x00, 0x00,
    0x00, 0x00, 0x00, 0x00, 0x00, 0x00, 0x00, 0x00, 0x00, 0x00, 0x00, 0x00, 0x00, 0x00, 0xE0, 0x07,
    0xFF, 0x07, 0xFF, 0x07, 0xE0, 0x07, 0xE0, 0x07, 0xE0, 0x07, 0x00, 0x00, 0x00, 0x00, 0x00, 0x00,
    0x00, 0x00, 0x00, 0x00, 0x00, 0x00, 0x00, 0x00, 0x00, 0x00, 0x00, 0x00, 0x00, 0x00, 0x00, 0x00,
    0x00, 0x00, 0x00, 0x00, 0x00, 0x00, 0x00, 0x00, 0x00, 0x00, 0x00, 0x00, 0x00, 0x00, 0x00, 0x00,
    0x00, 0x00, 0x00, 0x00, 0x00, 0x00, 0x00, 0x00, 0x00, 0x00, 0x00, 0x00, 0x00, 0x00, 0x00, 0x00,
    0x00, 0x00, 0x00, 0x00, 0x00, 0x00, 0x00, 0x00, 0x00, 0x00, 0x00, 0x00, 0x00, 0x00, 0x00, 0x00,
    0x00, 0x00, 0x00, 0x00, 0x00, 0x00, 0x00, 0x00, 0x00, 0x00, 0x00, 0x00, 0x00, 0x00, 0x00, 0x00,
    0x00, 0x00, 0x00, 0x00, 0x00, 0x00, 0x00, 0x00, 0x00, 0x00, 0x00, 0x00, 0x00, 0x00, 0x00, 0x00,
    0x00, 0x00, 0x00, 0x00, 0x00, 0x00, 0x00, 0x00, 0x00, 0x00, 0x00, 0x00, 0x00, 0x00, 0x00, 0x00,
    0x00, 0x00, 0x00, 0x00, 0x00, 0x00, 0x00, 0x00, 0x00, 0x00, 0x00, 0x00, 0x00, 0x00, 0x00, 0x00,
    0x00, 0x00, 0x00, 0x00, 0x00, 0x00, 0x00, 0x00, 0x00, 0x00, 0x00, 0x00, 0x00, 0x00, 0x00, 0x00,
    0x00, 0x00, 0x00, 0x00, 0x00, 0x00, 0x00, 0x00, 0x00, 0x00, 0x00, 0x00, 0x00, 0x00, 0x00, 0x00,
    0x00, 0x00, 0x00, 0x00, 0x00, 0x00, 0x00, 0x00, 0x00, 0x00, 0x00, 0x00, 0x00, 0x00, 0x00, 0x00,
    0x00, 0x00, 0x00, 0x00, 0x00, 0x00, 0x00, 0x00, 0x00, 0x00, 0x00, 0x00, 0x00, 0x00, 0x00, 0x00,
    0x00, 0x00, 0x00, 0x00, 0xE0, 0x07, 0xE0, 0x07, 0xEF, 0x07, 0xEF, 0x07, 0x4A, 0x05, 0x4A, 0x05,
    0x4A, 0x05, 0xEF, 0x07, 0xE0, 0x07, 0x00, 0x00, 0x00, 0x00, 0x00, 0x00, 0x00, 0x00, 0x00, 0x00,
    0x00, 0x00, 0x00, 0x00, 0x00, 0x00, 0x00, 0x00, 0x00, 0x00, 0xF5, 0x57, 0xAF, 0x2E, 0x8B, 0x16,
    0xAC, 0x2E, 0x0B, 0x1F, 0xAC, 0x26, 0xCC, 0x1E, 0xAC, 0x1E, 0xAC, 0x1E, 0xAB, 0x1E, 0xAB, 0x1E,
    0xAB, 0x1E, 0x8C, 0x1E, 0xAC, 0x1E, 0xCC, 0x1E, 0xAC, 0x1E, 0xAC, 0x1E, 0xCC, 0x1E, 0xAB, 0x1E,
    0xAB, 0x1E, 0xAC, 0x1E, 0xAB, 0x1E, 0xAC, 0x1E, 0xCC, 0x1E, 0xAC, 0x1E, 0xAC, 0x1E, 0xAC, 0x1E,
    0xAC, 0x1E, 0xAC, 0x1E, 0xAC, 0x1E, 0xAC, 0x1E, 0xAC, 0x1E, 0xAB, 0x1E, 0xAB, 0x1E, 0xAC, 0x1E,
    0xAB, 0x1E, 0xAC, 0x1E, 0xAC, 0x1E, 0xAB, 0x1E, 0xAC, 0x1E, 0xAB, 0x1E, 0xAC, 0x1E, 0xAB, 0x1E,
    0xAC, 0x1E, 0xAC, 0x1E, 0xAC, 0x1E, 0xAC, 0x1E, 0xCC, 0x1E, 0xCB, 0x1E, 0xAC, 0x1E, 0xAB, 0x1E,
    0xCC, 0x1E, 0xAB, 0x1E, 0xAC, 0x1E, 0xAC, 0x1E, 0xAC, 0x1E, 0xAB, 0x26, 0xCB, 0x1E, 0x0B, 0x2F,
    0x8B, 0x16, 0xAF, 0x2E, 0xF5, 0x57, 0x1F, 0x00, 0x00, 0x00, 0x00, 0x00, 0x00, 0x00, 0x00, 0x00,
    0x00, 0x00, 0x00, 0x00, 0x00, 0x00, 0x00, 0x00, 0x00, 0x00, 0xE0, 0x07, 0xEF, 0x07, 0x4A, 0x05,
    0xEA, 0x07, 0xEA, 0x07, 0xEF, 0x07, 0xEF, 0x07, 0xE0, 0x07, 0xE0, 0x07, 0x00, 0x00, 0x00, 0x00,
    0x00, 0x00, 0x00, 0x00, 0x00, 0x00, 0x00, 0x00, 0x00, 0x00, 0x00, 0x00, 0x00, 0x00, 0x00, 0x00,
    0x00, 0x00, 0x00, 0x00, 0x00, 0x00, 0x00, 0x00, 0x00, 0x00, 0x00, 0x00, 0x00, 0x00, 0x00, 0x00,
    0x00, 0x00, 0x00, 0x00, 0x00, 0x00, 0x00, 0x00, 0x00, 0x00, 0x00, 0x00, 0x00, 0x00, 0x00, 0x00,
    0x00, 0x00, 0x00, 0x00, 0x00, 0x00, 0x00, 0x00, 0x00, 0x00, 0x00, 0x00, 0x00, 0x00, 0x00, 0x00,
    0x00, 0x00, 0x00, 0x00, 0x00, 0x00, 0x00, 0x00, 0x00, 0x00, 0x00, 0x00, 0x00, 0x00, 0x00, 0x00,
    0x00, 0x00, 0x00, 0x00, 0x00, 0x00, 0x00, 0x00, 0x00, 0x00, 0x00, 0x00, 0x00, 0x00, 0x00, 0x00,
    0x00, 0x00, 0x00, 0x00, 0x00, 0x00, 0x00, 0x00, 0x00, 0x00, 0x00, 0x00, 0x00, 0x00, 0x00, 0x00,
    0x00, 0x00, 0x00, 0x00, 0x00, 0x00, 0x00, 0x00, 0x00, 0x00, 0x00, 0x00, 0x00, 0x00, 0x00, 0x00,
    0x00, 0x00, 0x00, 0x00, 0x00, 0x00, 0x00, 0x00, 0x00, 0x00, 0x00, 0x00, 0x00, 0x00, 0x00, 0x00,
    0x00, 0x00, 0x00, 0x00, 0x00, 0x00, 0x00, 0x00, 0x00, 0x00, 0x00, 0x00, 0x00, 0x00, 0x00, 0x00,
    0x00, 0x00, 0x00, 0x00, 0x00, 0x00, 0x00, 0x00, 0x00, 0x00, 0x00, 0x00, 0x00, 0x00, 0x00, 0x00,
    0x00, 0x00, 0x00, 0x00, 0x00, 0x00, 0x00, 0x00, 0x00, 0x00, 0x00, 0x00, 0x00, 0x00, 0x00, 0x00,
    0x00, 0x00, 0x00, 0x00, 0x00, 0x00, 0xE0, 0x07, 0xFF, 0x07, 0xEF, 0x07, 0xEF, 0x07, 0xEF, 0x07,
    0xEF, 0x07, 0xEF, 0x03, 0xE0, 0x07, 0x00, 0x00, 0x00, 0x00, 0x00, 0x00, 0x00, 0x00, 0xEF, 0x03,
    0xE7, 0x07, 0xE7, 0x1D, 0x2C, 0x1F, 0xAC, 0x16, 0xAC, 0x1E, 0x2D, 0x27, 0xCC, 0x1E, 0xCC, 0x1E,
    0xAC, 0x26, 0xAC, 0x1E, 0xCC, 0x26, 0xCC, 0x1E, 0xAB, 0x1E, 0xAB, 0x1E, 0xAC, 0x1E, 0xAC, 0x1E,
    0xAB, 0x1E, 0xAC, 0x1E, 0xAC, 0x1E, 0xAC, 0x1E, 0xAC, 0x1E, 0xCC, 0x1E, 0xAC, 0x1E, 0xAB, 0x1E,
    0xAB, 0x1E, 0xAC, 0x1E, 0xAB, 0x1E, 0xAB, 0x1E, 0xAC, 0x1E, 0xAB, 0x1E, 0xAC, 0x1E, 0xAC, 0x1E,
    0xAC, 0x1E, 0xAC, 0x1E, 0xAB, 0x1E, 0xAB, 0x1E, 0xAB, 0x1E, 0xAC, 0x1E, 0xAC, 0x1E, 0xAC, 0x1E,
    0xAC, 0x1E, 0xAC, 0x1E, 0xAB, 0x1E, 0xAC, 0x1E, 0xAB, 0x1E, 0xAB, 0x1E, 0xAC, 0x1E, 0xAB, 0x1E,
    0xAC, 0x1E, 0xAC, 0x1E, 0xAC, 0x1E, 0xAC, 0x1E, 0xAB, 0x1E, 0xCB, 0x1E, 0xAB, 0x1E, 0xCC, 0x1E,
    0xCC, 0x1E, 0xCC, 0x1E, 0xAC, 0x1E, 0xAB, 0x1E, 0xAC, 0x1E, 0xCB, 0x26, 0xAB, 0x1E, 0xCB, 0x26,
    0xCC, 0x1E, 0xCC, 0x1E, 0x2D, 0x27, 0xAE, 0x1E, 0x4D, 0x17, 0xEE, 0x1F, 0xC9, 0x26, 0xE7, 0x07,
    0xFF, 0x07, 0x00, 0x00, 0x00, 0x00, 0x00, 0x00, 0x00, 0x00, 0xE0, 0x07, 0xEF, 0x03, 0xEF, 0x07,
    0xEF, 0x07, 0xEF, 0x07, 0xEF, 0x07, 0xFF, 0x07, 0xE0, 0x07, 0x00, 0x00, 0x00, 0x00, 0x00, 0x00,
    0x00, 0x00, 0x00, 0x00, 0x00, 0x00, 0x00, 0x00, 0x00, 0x00, 0x00, 0x00, 0x00, 0x00, 0x00, 0x00,
    0x00, 0x00, 0x00, 0x00, 0x00, 0x00, 0x00, 0x00, 0x00, 0x00, 0x00, 0x00, 0x00, 0x00, 0x00, 0x00,
    0x00, 0x00, 0x00, 0x00, 0x00, 0x00, 0x00, 0x00, 0x00, 0x00, 0x00, 0x00, 0x00, 0x00, 0x00, 0x00,
    0x00, 0x00, 0x00, 0x00, 0x00, 0x00, 0x00, 0x00, 0x00, 0x00, 0x00, 0x00, 0x00, 0x00, 0x00, 0x00,
    0x00, 0x00, 0x00, 0x00, 0x00, 0x00, 0x00, 0x00, 0x00, 0x00, 0x00, 0x00, 0x00, 0x00, 0x00, 0x00,
    0x00, 0x00, 0x00, 0x00, 0x00, 0x00, 0x00, 0x00, 0x00, 0x00, 0x00, 0x00, 0x00, 0x00, 0x00, 0x00,
    0x00, 0x00, 0x00, 0x00, 0x00, 0x00, 0x00, 0x00, 0x00, 0x00, 0x00, 0x00, 0x00, 0x00, 0x00, 0x00,
    0x00, 0x00, 0x00, 0x00, 0x00, 0x00, 0x00, 0x00, 0x00, 0x00, 0x00, 0x00, 0x00, 0x00, 0x00, 0x00,
    0x00, 0x00, 0x00, 0x00, 0x00, 0x00, 0x00, 0x00, 0x00, 0x00, 0x00, 0x00, 0x00, 0x00, 0x00, 0x00,
    0x00, 0x00, 0x00, 0x00, 0x00, 0x00, 0x00, 0x00, 0x00, 0x00, 0x00, 0x00, 0x00, 0x00, 0x00, 0x00,
    0x00, 0x00, 0x00, 0x00, 0x00, 0x00, 0x00, 0x00, 0x00, 0x00, 0x00, 0x00, 0x00, 0x00, 0x00, 0x00,
    0x00, 0x00, 0x00, 0x00, 0x00, 0x00, 0x00, 0x00, 0x00, 0x00, 0x00, 0x00, 0x00, 0x00, 0x00, 0x00,
    0x00, 0x00, 0x00, 0x00, 0x00, 0x00, 0x00, 0x00, 0x00, 0x00, 0x00, 0x00, 0x00, 0x00, 0x00, 0x00,
    0x00, 0x00, 0x00, 0x00, 0x00, 0x00, 0x00, 0x00, 0xEF, 0x03, 0x6C, 0x06, 0x0A, 0x1F, 0x6B, 0x1E,
    0xEB, 0x16, 0xAB, 0x26, 0xCC, 0x1E, 0xAB, 0x1E, 0xAB, 0x1E, 0xCC, 0x1E, 0xAC, 0x1E, 0xCC, 0x1E,
    0xAC, 0x26, 0xAC, 0x1E, 0xAC, 0x1E, 0xAC, 0x1E, 0xAB, 0x1E, 0xAB, 0x1E, 0xAB, 0x1E, 0xAB, 0x1E,
    0xAC, 0x1E, 0xAC, 0x1E, 0xAC, 0x1E, 0xAC, 0x1E, 0xAC, 0x1E, 0xAC, 0x1E, 0xCC, 0x1E, 0xEC, 0x1E,
    0x0C, 0x27, 0x0C, 0x27, 0x2C, 0x27, 0x2C, 0x27, 0x2C, 0x27, 0x2C, 0x27, 0x2C, 0x27, 0x2C, 0x27,
    0x2C, 0x27, 0x2C, 0x27, 0x2C, 0x27, 0x2C, 0x27, 0x2C, 0x27, 0x2C, 0x27, 0x2C, 0x27, 0x2C, 0x27,
    0x2C, 0x27, 0x2C, 0x27, 0x2C, 0x27, 0x2C, 0x27, 0x2C, 0x27, 0x2C, 0x27, 0x0C, 0x27, 0x0C, 0x27,
    0xCC, 0x1E, 0xAC, 0x1E, 0xAC, 0x1E, 0xAC, 0x1E, 0xAC, 0x1E, 0xCC, 0x1E, 0xAC, 0x1E, 0xAC, 0x1E,
    0xAB, 0x1E, 0xAC, 0x1E, 0xAC, 0x1E, 0xAB, 0x1E, 0xAC, 0x1E, 0xAC, 0x1E, 0xAB, 0x1E, 0xCC, 0x26,
    0xCC, 0x1E, 0xAC, 0x1E, 0xCC, 0x1E, 0xAC, 0x1E, 0xCC, 0x1E, 0x0C, 0x1F, 0xCC, 0x26, 0xEB, 0x16,
    0xEC, 0x26, 0x69, 0x1E, 0x6C, 0x06, 0xEF, 0x03, 0x00, 0x00, 0x00, 0x00, 0x00, 0x00, 0x00, 0x00,
    0x00, 0x00, 0x00, 0x00, 0x00, 0x00, 0x00, 0x00, 0x00, 0x00, 0x00, 0x00, 0x00, 0x00, 0x00, 0x00,
    0x00, 0x00, 0x00, 0x00, 0x00, 0x00, 0x00, 0x00, 0x00, 0x00, 0x00, 0x00, 0x00, 0x00, 0x00, 0x00,
    0x00, 0x00, 0x00, 0x00, 0x00, 0x00, 0x00, 0x00, 0x00, 0x00, 0x00, 0x00, 0x00, 0x00, 0x00, 0x00,
    0x00, 0x00, 0x00, 0x00, 0x00, 0x00, 0x00, 0x00, 0x00, 0x00, 0x00, 0x00, 0x00, 0x00, 0x00, 0x00,
    0x00, 0x00, 0x00, 0x00, 0x00, 0x00, 0x00, 0x00, 0x00, 0x00, 0x00, 0x00, 0x00, 0x00, 0x00, 0x00,
    0x00, 0x00, 0x00, 0x00, 0x00, 0x00, 0x00, 0x00, 0x00, 0x00, 0x00, 0x00, 0x00, 0x00, 0x00, 0x00,
    0x00, 0x00, 0x00, 0x00, 0x00, 0x00, 0x00, 0x00, 0x00, 0x00, 0x00, 0x00, 0x00, 0x00, 0x00, 0x00,
    0x00, 0x00, 0x00, 0x00, 0x00, 0x00, 0x00, 0x00, 0x00, 0x00, 0x00, 0x00, 0x00, 0x00, 0x00, 0x00,
    0x00, 0x00, 0x00, 0x00, 0x00, 0x00, 0x00, 0x00, 0x00, 0x00, 0x00, 0x00, 0x00, 0x00, 0x00, 0x00,
    0x00, 0x00, 0x00, 0x00, 0x00, 0x00, 0x00, 0x00, 0x00, 0x00, 0x00, 0x00, 0x00, 0x00, 0x00, 0x00,
    0x00, 0x00, 0x00, 0x00, 0x00, 0x00, 0x00, 0x00, 0x00, 0x00, 0x00, 0x00, 0x00, 0x00, 0x00, 0x00,
    0x00, 0x00, 0x00, 0x00, 0x00, 0x00, 0x00, 0x00, 0x00, 0x00, 0x00, 0x00, 0x00, 0x00, 0x00, 0x00,
    0x00, 0x00, 0x00, 0x00, 0x00, 0x00, 0x00, 0x00, 0x00, 0x00, 0xE0, 0x07, 0xFF, 0x07, 0xEF, 0x07,
    0x4A, 0x05, 0xEF, 0x07, 0xE0, 0x07, 0x00, 0x00, 0x00, 0x00, 0x00, 0x00, 0x00, 0x00, 0x00, 0x00,
    0x00, 0x00, 0x00, 0x00, 0x00, 0x00, 0x4A, 0x05, 0x8C, 0x1D, 0x2C, 0x1E, 0xCB, 0x1E, 0x8C, 0x26,
    0xAB, 0x1E, 0xAB, 0x1E, 0xCC, 0x1E, 0xCC, 0x1E, 0xAB, 0x1E, 0xAC, 0x1E, 0xAC, 0x1E, 0xAC, 0x1E,
    0xAC, 0x1E, 0xAB, 0x1E, 0xCC, 0x1E, 0xAC, 0x1E, 0xCB, 0x1E, 0xAB, 0x1E, 0xAC, 0x1E, 0xAC, 0x1E,
    0xAC, 0x1E, 0xAC, 0x1E, 0xCC, 0x1E, 0xEC, 0x1E, 0x0C, 0x27, 0x2C, 0x27, 0x4D, 0x27, 0x6D, 0x27,
    0x6D, 0x27, 0x8D, 0x27, 0x8D, 0x27, 0x8D, 0x27, 0xAD, 0x27, 0x8D, 0x27, 0x8D, 0x27, 0x8D, 0x27,
    0x8D, 0x27, 0x8D, 0x27, 0x8D, 0x27, 0x8D, 0x27, 0x8D, 0x27, 0x8D, 0x27, 0x8D, 0x27, 0x8D, 0x27,
    0x8D, 0x27, 0x8D, 0x27, 0x8D, 0x27, 0xAD, 0x27, 0xAD, 0x27, 0x8D, 0x27, 0x8D, 0x27, 0x6D, 0x27,
    0x4D, 0x27, 0x4D, 0x27, 0x2C, 0x27, 0x0C, 0x27, 0xEC, 0x1E, 0xCC, 0x1E, 0xAC, 0x1E, 0xAC, 0x1E,
    0xAC, 0x1E, 0xCC, 0x1E, 0xAC, 0x1E, 0xAC, 0x1E, 0xAC, 0x1E, 0xAB, 0x1E, 0xAC, 0x1E, 0xCC, 0x1E,
    0xAC, 0x1E, 0xAC, 0x1E, 0xAC, 0x1E, 0xAC, 0x1E, 0xCC, 0x1E, 0xCC, 0x1E, 0xCB, 0x1E, 0xAB, 0x1E,
    0x8C, 0x26, 0xCB, 0x1E, 0x2C, 0x1E, 0x89, 0x1D, 0x4A, 0x05, 0x00, 0x00, 0x00, 0x00, 0x00, 0x00,
    0x00, 0x00, 0x00, 0x00, 0x00, 0x00, 0x00, 0x00, 0x00, 0x00, 0xE0, 0x07, 0xEF, 0x07, 0x4A, 0x05,
    0xEF, 0x07, 0xFF, 0x07, 0xE0, 0x07, 0x00, 0x00, 0x00, 0x00, 0x00, 0x00, 0x00, 0x00, 0x00, 0x00,
    0x00, 0x00, 0x00, 0x00, 0x00, 0x00, 0x00, 0x00, 0x00, 0x00, 0x00, 0x00, 0x00, 0x00, 0x00, 0x00,
    0x00, 0x00, 0x00, 0x00, 0x00, 0x00, 0x00, 0x00, 0x00, 0x00, 0x00, 0x00, 0x00, 0x00, 0x00, 0x00,
    0x00, 0x00, 0x00, 0x00, 0x00, 0x00, 0x00, 0x00, 0x00, 0x00, 0x00, 0x00, 0x00, 0x00, 0x00, 0x00,
    0x00, 0x00, 0x00, 0x00, 0x00, 0x00, 0x00, 0x00, 0x00, 0x00, 0x00, 0x00, 0x00, 0x00, 0x00, 0x00,
    0x00, 0x00, 0x00, 0x00, 0x00, 0x00, 0x00, 0x00, 0x00, 0x00, 0x00, 0x00, 0x00, 0x00, 0x00, 0x00,
    0x00, 0x00, 0x00, 0x00, 0x00, 0x00, 0x00, 0x00, 0x00, 0x00, 0x00, 0x00, 0x00, 0x00, 0x00, 0x00,
    0x00, 0x00, 0x00, 0x00, 0x00, 0x00, 0x00, 0x00, 0x00, 0x00, 0x00, 0x00, 0x00, 0x00, 0x00, 0x00,
    0x00, 0x00, 0x00, 0x00, 0x00, 0x00, 0x00, 0x00, 0x00, 0x00, 0x00, 0x00, 0x00, 0x00, 0x00, 0x00,
    0x00, 0x00, 0x00, 0x00, 0x00, 0x00, 0x00, 0x00, 0x00, 0x00, 0x00, 0x00, 0x00, 0x00, 0x00, 0x00,
    0x00, 0x00, 0x00, 0x00, 0x00, 0x00, 0x00, 0x00, 0x00, 0x00, 0x00, 0x00, 0x00, 0x00, 0x00, 0x00,
    0x00, 0x00, 0x00, 0x00, 0x00, 0x00, 0x00, 0x00, 0xE0, 0x07, 0xFF, 0x07, 0x4A, 0x05, 0xE7, 0x05,
    0x6C, 0x36, 0xEF, 0x3F, 0xEA, 0x07, 0xE0, 0x07, 0x00, 0x00, 0x00, 0x00, 0x00, 0x00, 0x00, 0x00,
    0x00, 0x00, 0x00, 0x00, 0x6C, 0x36, 0x4B, 0x26, 0x6C, 0x1E, 0x8D, 0x1E, 0xCC, 0x1E, 0x8C, 0x26,
    0xCB, 0x1E, 0xCC, 0x1E, 0xCC, 0x1E, 0xAC, 0x1E, 0xCC, 0x1E, 0xAC, 0x1E, 0xAC, 0x1E, 0xAC, 0x1E,
    0xAC, 0x1E, 0xAC, 0x1E, 0xAC, 0x1E, 0xAB, 0x1E, 0xAC, 0x1E, 0xCC, 0x1E, 0xAC, 0x1E, 0xAC, 0x1E,
    0xAC, 0x1E, 0xCC, 0x1E, 0xEC, 0x1E, 0xEC, 0x1E, 0x0C, 0x27, 0x2C, 0x27, 0x2C, 0x27, 0x2C, 0x27,
    0x4D, 0x27, 0x4D, 0x27, 0x4D, 0x27, 0x4D, 0x27, 0x4D, 0x27, 0x4D, 0x27, 0x4D, 0x27, 0x4D, 0x27,
    0x4D, 0x27, 0x4D, 0x27, 0x4D, 0x27, 0x4D, 0x27, 0x4D, 0x27, 0x4D, 0x27, 0x4D, 0x27, 0x4D, 0x27,
    0x4D, 0x27, 0x4D, 0x27, 0x4D, 0x27, 0x4D, 0x27, 0x4D, 0x27, 0x4D, 0x27, 0x4D, 0x27, 0x4D, 0x27,
    0x2C, 0x27, 0x2C, 0x27, 0x0C, 0x27, 0x0C, 0x27, 0xEC, 0x1E, 0xEC, 0x1E, 0xCC, 0x1E, 0xAC, 0x1E,
    0xAC, 0x1E, 0xAC, 0x1E, 0xAC, 0x1E, 0xAC, 0x1E, 0xAB, 0x1E, 0xAC, 0x1E, 0xAC, 0x1E, 0xCC, 0x1E,
    0xAC, 0x1E, 0xAC, 0x1E, 0xAC, 0x1E, 0xCC, 0x1E, 0xAC, 0x1E, 0xCC, 0x1E, 0xCC, 0x1E, 0xCB, 0x1E,
    0xAB, 0x26, 0xCC, 0x1E, 0x8C, 0x1E, 0x6B, 0x1E, 0x4B, 0x26, 0xEC, 0x37, 0x00, 0x00, 0x00, 0x00,
    0x00, 0x00, 0x00, 0x00, 0x00, 0x00, 0x00, 0x00, 0x00, 0x00, 0xEA, 0x07, 0xEF, 0x3F, 0x6C, 0x36,
    0xE7, 0x05, 0x4A, 0x05, 0xFF, 0x07, 0xE0, 0x07, 0x00, 0x00, 0x00, 0x00, 0x00, 0x00, 0x00, 0x00,
    0x00, 0x00, 0x00, 0x00, 0x00, 0x00, 0x00, 0x00, 0x00, 0x00, 0x00, 0x00, 0x00, 0x00, 0x00, 0x00,
    0x00, 0x00, 0x00, 0x00, 0x00, 0x00, 0x00, 0x00, 0x00, 0x00, 0x00, 0x00, 0x00, 0x00, 0x00, 0x00,
    0x00, 0x00, 0x00, 0x00, 0x00, 0x00, 0x00, 0x00, 0x00, 0x00, 0x00, 0x00, 0x00, 0x00, 0x00, 0x00,
    0x00, 0x00, 0x00, 0x00, 0x00, 0x00, 0x00, 0x00, 0x00, 0x00, 0x00, 0x00, 0x00, 0x00, 0x00, 0x00,
    0x00, 0x00, 0x00, 0x00, 0x00, 0x00, 0x00, 0x00, 0x00, 0x00, 0x00, 0x00, 0x00, 0x00, 0x00, 0x00,
    0x00, 0x00, 0x00, 0x00, 0x00, 0x00, 0x00, 0x00, 0x00, 0x00, 0x00, 0x00, 0x00, 0x00, 0x00, 0x00,
    0x00, 0x00, 0x00, 0x00, 0x00, 0x00, 0x00, 0x00, 0x00, 0x00, 0x00, 0x00, 0x00, 0x00, 0x00, 0x00,
    0x00, 0x00, 0x00, 0x00, 0x00, 0x00, 0x00, 0x00, 0x00, 0x00, 0x00, 0x00, 0x00, 0x00, 0x00, 0x00,
    0x00, 0x00, 0x00, 0x00, 0x00, 0x00, 0x00, 0x00, 0x00, 0x00, 0x00, 0x00, 0x00, 0x00, 0x00, 0x00,
    0x00, 0x00, 0x00, 0x00, 0x00, 0x00, 0x00, 0x00, 0x00, 0x00, 0x00, 0x00, 0x00, 0x00, 0x00, 0x00,
    0x00, 0x00, 0x00, 0x00, 0x00, 0x00, 0x00, 0x00, 0x00, 0x00, 0xE0, 0x07, 0xEF, 0x03, 0xEF, 0x07,
    0xE7, 0x05, 0xEA, 0x07, 0xEF, 0x07, 0xE0, 0x07, 0x00, 0x00, 0x00, 0x00, 0x00, 0x00, 0xE0, 0x07,
    0xA9, 0x25, 0xCB, 0x26, 0x8C, 0x26, 0x8B, 0x1E, 0x8C, 0x1E, 0xAC, 0x1E, 0xCC, 0x1E, 0xAC, 0x1E,
    0xCC, 0x1E, 0xCC, 0x1E, 0xAC, 0x1E, 0xAB, 0x1E, 0xAC, 0x1E, 0xAB, 0x1E, 0xAC, 0x1E, 0xAC, 0x1E,
    0xAB, 0x1E, 0xAC, 0x1E, 0xAC, 0x1E, 0xAB, 0x1E, 0xAB, 0x1E, 0xAB, 0x1E, 0xAC, 0x1E, 0xAC, 0x1E,
    0xAC, 0x1E, 0xCC, 0x1E, 0xCC, 0x1E, 0xCC, 0x1E, 0xCC, 0x1E, 0xCC, 0x1E, 0xCC, 0x1E, 0xEC, 0x1E,
    0xEC, 0x1E, 0xEC, 0x1E, 0xEC, 0x1E, 0xEC, 0x1E, 0xEC, 0x1E, 0xEC, 0x1E, 0xEC, 0x1E, 0xEC, 0x1E,
    0xEC, 0x1E, 0xEC, 0x1E, 0xEC, 0x1E, 0xEC, 0x1E, 0xEC, 0x1E, 0xEC, 0x1E, 0xEC, 0x1E, 0xEC, 0x1E,
    0xEC, 0x1E, 0xEC, 0x1E, 0xEC, 0x1E, 0xEC, 0x1E, 0xEC, 0x1E, 0xEC, 0x1E, 0xEC, 0x1E, 0xEC, 0x1E,
    0xEC, 0x1E, 0xCC, 0x1E, 0xCC, 0x1E, 0xCC, 0x1E, 0xCC, 0x1E, 0xCC, 0x1E, 0xCC, 0x1E, 0xAC, 0x1E,
    0xAC, 0x1E, 0xAC, 0x1E, 0xAB, 0x1E, 0xAB, 0x1E, 0xAB, 0x1E, 0xAB, 0x1E, 0xAC, 0x1E, 0xAB, 0x1E,
    0xAC, 0x1E, 0xAC, 0x1E, 0xAB, 0x1E, 0xAC, 0x1E, 0xAC, 0x1E, 0xAC, 0x1E, 0xCC, 0x1E, 0xCC, 0x1E,
    0xAB, 0x1E, 0xCC, 0x1E, 0xAC, 0x1E, 0x8B, 0x1E, 0x8B, 0x1E, 0xEC, 0x26, 0xCD, 0x26, 0xC9, 0x26,
    0x00, 0x00, 0x00, 0x00, 0x00, 0x00, 0x00, 0x00, 0xE0, 0x07, 0xEF, 0x07, 0xEA, 0x07, 0xE7, 0x05,
    0xEF, 0x07, 0xEF, 0x03, 0xE0, 0x07, 0x00, 0x00, 0x00, 0x00, 0x00, 0x00, 0x00, 0x00, 0x00, 0x00,
    0x00, 0x00, 0x00, 0x00, 0x00, 0x00, 0x00, 0x00, 0x00, 0x00, 0x00, 0x00, 0x00, 0x00, 0x00, 0x00,
    0x00, 0x00, 0x00, 0x00, 0x00, 0x00, 0x00, 0x00, 0x00, 0x00, 0x00, 0x00, 0x00, 0x00, 0x00, 0x00,
    0x00, 0x00, 0x00, 0x00, 0x00, 0x00, 0x00, 0x00, 0x00, 0x00, 0x00, 0x00, 0x00, 0x00, 0x00, 0x00,
    0x00, 0x00, 0x00, 0x00, 0x00, 0x00, 0x00, 0x00, 0x00, 0x00, 0x00, 0x00, 0x00, 0x00, 0x00, 0x00,
    0x00, 0x00, 0x00, 0x00, 0x00, 0x00, 0x00, 0x00, 0x00, 0x00, 0x00, 0x00, 0x00, 0x00, 0x00, 0x00,
    0x00, 0x00, 0x00, 0x00, 0x00, 0x00, 0x00, 0x00, 0x00, 0x00, 0x00, 0x00, 0x00, 0x00, 0x00, 0x00,
    0x00, 0x00, 0x00, 0x00, 0x00, 0x00, 0x00, 0x00, 0x00, 0x00, 0x00, 0x00, 0x00, 0x00, 0x00, 0x00,
    0x00, 0x00, 0x00, 0x00, 0x00, 0x00, 0x00, 0x00, 0x00, 0x00, 0x00, 0x00, 0x00, 0x00, 0x00, 0x00,
    0x00, 0x00, 0x00, 0x00, 0x00, 0x00, 0x00, 0x00, 0x00, 0x00, 0x00, 0x00, 0x00, 0x00, 0x00, 0x00,
    0x00, 0x00, 0x00, 0x00, 0x00, 0x00, 0x00, 0x00, 0x00, 0x00, 0x00, 0x00, 0x00, 0x00, 0x00, 0x00,
    0x00, 0x00, 0x00, 0x00, 0x00, 0x00, 0x00, 0x00, 0x00, 0x00, 0x00, 0x00, 0x00, 0x00, 0x00, 0x00,
    0x00, 0x00, 0x00, 0x00, 0x00, 0x00, 0x00, 0x00, 0x4A, 0x05, 0xCD, 0x06, 0x4A, 0x17, 0xCB, 0x1E,
    0xAB, 0x26, 0xCC, 0x1E, 0x8C, 0x26, 0xAC, 0x1E, 0xAC, 0x1E, 0xAC, 0x1E, 0xAC, 0x1E, 0xAC, 0x1E,
    0xAC, 0x1E, 0xCC, 0x1E, 0xAC, 0x1E, 0xAC, 0x1E, 0xCC, 0x1E, 0xAB, 0x1E, 0xAC, 0x1E, 0xAC, 0x1E,
    0xEC, 0x1E, 0xEC, 0x1E, 0xEC, 0x1E, 0xEC, 0x1E, 0xEC, 0x1E, 0xCC, 0x1E, 0xCC, 0x1E, 0xCC, 0x1E,
    0xAC, 0x1E, 0xAC, 0x1E, 0xAB, 0x1E, 0xAB, 0x1E, 0xAB, 0x1E, 0xAC, 0x1E, 0xAC, 0x1E, 0xAC, 0x1E,
    0xAC, 0x1E, 0xAB, 0x1E, 0xAB, 0x1E, 0xAB, 0x1E, 0xAB, 0x1E, 0xAB, 0x1E, 0xAB, 0x1E, 0xAB, 0x1E,
    0xAB, 0x1E, 0xAB, 0x1E, 0xAB, 0x1E, 0xAB, 0x1E, 0xAB, 0x1E, 0xAB, 0x1E, 0xAB, 0x1E, 0xAB, 0x1E,
    0xAB, 0x1E, 0xAB, 0x1E, 0xAB, 0x1E, 0xAB, 0x1E, 0xAB, 0x1E, 0xAB, 0x1E, 0xAB, 0x1E, 0xAC, 0x1E,
    0xAC, 0x1E, 0xAC, 0x1E, 0xAC, 0x1E, 0xAB, 0x1E, 0xAB, 0x1E, 0xAC, 0x1E, 0xAC, 0x1E, 0xAC, 0x1E,
    0xCC, 0x1E, 0xCC, 0x1E, 0xCC, 0x1E, 0xEC, 0x1E, 0xEC, 0x1E, 0xEC, 0x1E, 0xEC, 0x1E, 0xEC, 0x1E,
    0xAC, 0x1E, 0xAC, 0x1E, 0xAB, 0x1E, 0xCC, 0x1E, 0xAC, 0x1E, 0xAC, 0x1E, 0xAC, 0x1E, 0xAC, 0x1E,
    0xAB, 0x1E, 0xAC, 0x1E, 0xAB, 0x1E, 0xAB, 0x1E, 0xAC, 0x1E, 0xCC, 0x26, 0xCC, 0x1E, 0xAB, 0x26,
    0x6B, 0x1E, 0xAA, 0x16, 0xAD, 0x05, 0xAA, 0x02, 0x00, 0x00, 0x00, 0x00, 0x00, 0x00, 0x00, 0x00,
    0x00, 0x00, 0x00, 0x00, 0x00, 0x00, 0x00, 0x00, 0x00, 0x00, 0x00, 0x00, 0x00, 0x00, 0x00, 0x00,
    0x00, 0x00, 0x00, 0x00, 0x00, 0x00, 0x00, 0x00, 0x00, 0x00, 0x00, 0x00, 0x00, 0x00, 0x00, 0x00,
    0x00, 0x00, 0x00, 0x00, 0x00, 0x00, 0x00, 0x00, 0x00, 0x00, 0x00, 0x00, 0x00, 0x00, 0x00, 0x00,
    0x00, 0x00, 0x00, 0x00, 0x00, 0x00, 0x00, 0x00, 0x00, 0x00, 0x00, 0x00, 0x00, 0x00, 0x00, 0x00,
    0x00, 0x00, 0x00, 0x00, 0x00, 0x00, 0x00, 0x00, 0x00, 0x00, 0x00, 0x00, 0x00, 0x00, 0x00, 0x00,
    0x00, 0x00, 0x00, 0x00, 0x00, 0x00, 0x00, 0x00, 0x00, 0x00, 0x00, 0x00, 0x00, 0x00, 0x00, 0x00,
    0x00, 0x00, 0x00, 0x00, 0x00, 0x00, 0x00, 0x00, 0x00, 0x00, 0x00, 0x00, 0x00, 0x00, 0x00, 0x00,
    0x00, 0x00, 0x00, 0x00, 0x00, 0x00, 0x00, 0x00, 0x00, 0x00, 0x00, 0x00, 0x00, 0x00, 0x00, 0x00,
    0x00, 0x00, 0x00, 0x00, 0x00, 0x00, 0x00, 0x00, 0x00, 0x00, 0x00, 0x00, 0x00, 0x00, 0x00, 0x00,
    0x00, 0x00, 0x00, 0x00, 0x00, 0x00, 0x00, 0x00, 0x00, 0x00, 0x00, 0x00, 0x00, 0x00, 0x00, 0x00,
    0x00, 0x00, 0x00, 0x00, 0x00, 0x00, 0x00, 0x00, 0x00, 0x00, 0x00, 0x00, 0x00, 0x00, 0xE0, 0x07,
    0xE0, 0x07, 0xEF, 0x03, 0xEF, 0x07, 0xEF, 0x03, 0xE0, 0x07, 0x00, 0x00, 0x00, 0x00, 0x00, 0x00,
    0x00, 0x00, 0x00, 0x00, 0x00, 0x00, 0x00, 0x00, 0x88, 0x16, 0xEC, 0x16, 0xCB, 0x1E, 0xAB, 0x1E,
    0xAB, 0x1E, 0xAC, 0x1E, 0xAC, 0x1E, 0xAC, 0x1E, 0xAC, 0x1E, 0xAC, 0x1E, 0xAC, 0x1E, 0xAB, 0x1E,
    0xAC, 0x1E, 0xCC, 0x1E, 0xAB, 0x1E, 0xAC, 0x1E, 0xAC, 0x1E, 0xCC, 0x1E, 0xEC, 0x1E, 0x0C, 0x1F,
    0x2C, 0x27, 0x2C, 0x27, 0x2C, 0x27, 0x0C, 0x27, 0x0C, 0x1F, 0xEC, 0x1E, 0xCC, 0x1E, 0xCC, 0x1E,
    0xCC, 0x1E, 0xAC, 0x1E, 0xAC, 0x1E, 0xAB, 0x1E, 0xAC, 0x1E, 0xAC, 0x1E, 0xAB, 0x1E, 0xAB, 0x1E,
    0xAC, 0x1E, 0xAC, 0x1E, 0xAC, 0x1E, 0xAC, 0x1E, 0xAB, 0x1E, 0xAC, 0x1E, 0xAC, 0x1E, 0xAC, 0x1E,
    0xAC, 0x1E, 0xAC, 0x1E, 0xAC, 0x1E, 0xAC, 0x1E, 0xAC, 0x1E, 0xAC, 0x1E, 0xAC, 0x1E, 0xAC, 0x1E,
    0xAC, 0x1E, 0xAC, 0x1E, 0xAC, 0x1E, 0xAB, 0x1E, 0xAC, 0x1E, 0xAC, 0x1E, 0xAC, 0x1E, 0xAC, 0x1E,
    0xAB, 0x1E, 0xAB, 0x1E, 0xAC, 0x1E, 0xAC, 0x1E, 0xAB, 0x1E, 0xAC, 0x1E, 0xAC, 0x1E, 0xCC, 0x1E,
    0xCC, 0x1E, 0xCC, 0x1E, 0xEC, 0x1E, 0x0C, 0x1F, 0x0C, 0x27, 0x2C, 0x27, 0x2C, 0x27, 0x2C, 0x27,
    0x0C, 0x1F, 0xEC, 0x1E, 0xCC, 0x1E, 0xAC, 0x1E, 0xAC, 0x1E, 0xAB, 0x1E, 0xCC, 0x1E, 0xAC, 0x1E,
    0xAB, 0x1E, 0xAC, 0x1E, 0xAB, 0x1E, 0xAC, 0x1E, 0xAB, 0x1E, 0xAB, 0x1E, 0xCC, 0x1E, 0xCC, 0x1E,
    0x8B, 0x1E, 0xAB, 0x1E, 0x8C, 0x16, 0xCB, 0x15, 0x00, 0x00, 0x00, 0x00, 0x00, 0x00, 0x00, 0x00,
    0x00, 0x00, 0x00, 0x00, 0x00, 0x00, 0xE0, 0x07, 0xEF, 0x03, 0xEF, 0x07, 0xEF, 0x03, 0xE0, 0x07,
    0xE0, 0x07, 0x00, 0x00, 0x00, 0x00, 0x00, 0x00, 0x00, 0x00, 0x00, 0x00, 0x00, 0x00, 0x00, 0x00,
    0x00, 0x00, 0x00, 0x00, 0x00, 0x00, 0x00, 0x00, 0x00, 0x00, 0x00, 0x00, 0x00, 0x00, 0x00, 0x00,
    0x00, 0x00, 0x00, 0x00, 0x00, 0x00, 0x00, 0x00, 0x00, 0x00, 0x00, 0x00, 0x00, 0x00, 0x00, 0x00,
    0x00, 0x00, 0x00, 0x00, 0x00, 0x00, 0x00, 0x00, 0x00, 0x00, 0x00, 0x00, 0x00, 0x00, 0x00, 0x00,
    0x00, 0x00, 0x00, 0x00, 0x00, 0x00, 0x00, 0x00, 0x00, 0x00, 0x00, 0x00, 0x00, 0x00, 0x00, 0x00,
    0x00, 0x00, 0x00, 0x00, 0x00, 0x00, 0x00, 0x00, 0x00, 0x00, 0x00, 0x00, 0x00, 0x00, 0x00, 0x00,
    0x00, 0x00, 0x00, 0x00, 0x00, 0x00, 0x00, 0x00, 0x00, 0x00, 0x00, 0x00, 0x00, 0x00, 0x00, 0x00,
    0x00, 0x00, 0x00, 0x00, 0x00, 0x00, 0x00, 0x00, 0x00, 0x00, 0x00, 0x00, 0x00, 0x00, 0x00, 0x00,
    0x00, 0x00, 0x00, 0x00, 0x00, 0x00, 0x00, 0x00, 0x00, 0x00, 0x00, 0x00, 0x00, 0x00, 0x00, 0x00,
    0x00, 0x00, 0x00, 0x00, 0x00, 0x00, 0x00, 0x00, 0x00, 0x00, 0x00, 0x00, 0x00, 0x00, 0xE0, 0x07,
    0xEF, 0x07, 0xEA, 0x07, 0xE7, 0x3D, 0xE7, 0x05, 0xEA, 0x07, 0x00, 0x00, 0x00, 0x00, 0x00, 0x00,
    0x00, 0x00, 0x00, 0x00, 0x00, 0x00, 0xC9, 0x26, 0xCA, 0x1E, 0xCB, 0x1E, 0xCC, 0x1E, 0xCC, 0x1E,
    0xAB, 0x1E, 0xAC, 0x1E, 0xAC, 0x1E, 0xAC, 0x1E, 0xAC, 0x1E, 0xAB, 0x1E, 0xAB, 0x1E, 0xAB, 0x1E,
    0xAB, 0x1E, 0xAC, 0x1E, 0xAC, 0x1E, 0xAB, 0x1E, 0xCC, 0x1E, 0xEC, 0x1E, 0xEC, 0x1E, 0x0C, 0x1F,
    0x0C, 0x1F, 0x0C, 0x27, 0x0C, 0x27, 0x0C, 0x1F, 0xEC, 0x1E, 0xEC, 0x1E, 0xCC, 0x1E, 0xCC, 0x1E,
    0xCC, 0x1E, 0xCC, 0x1E, 0xCC, 0x1E, 0xAC, 0x1E, 0xAC, 0x1E, 0xAC, 0x1E, 0xAB, 0x1E, 0xAB, 0x1E,
    0xAC, 0x1E, 0xAC, 0x1E, 0xAC, 0x1E, 0xAC, 0x1E, 0xAC, 0x1E, 0xAC, 0x1E, 0xAC, 0x1E, 0xAC, 0x1E,
    0xAC, 0x1E, 0xAC, 0x1E, 0xAC, 0x1E, 0xAC, 0x1E, 0xAC, 0x1E, 0xAC, 0x1E, 0xAC, 0x1E, 0xAC, 0x1E,
    0xAC, 0x1E, 0xAC, 0x1E, 0xAC, 0x1E, 0xAC, 0x1E, 0xAC, 0x1E, 0xAC, 0x1E, 0xAC, 0x1E, 0xAC, 0x1E,
    0xAB, 0x1E, 0xAB, 0x1E, 0xAC, 0x1E, 0xAC, 0x1E, 0xAC, 0x1E, 0xCC, 0x1E, 0xCC, 0x1E, 0xCC, 0x1E,
    0xCC, 0x1E, 0xCC, 0x1E, 0xEC, 0x1E, 0xEC, 0x1E, 0x0C, 0x1F, 0x0C, 0x27, 0x0C, 0x27, 0x0C, 0x1F,
    0x0C, 0x1F, 0xEC, 0x1E, 0xEC, 0x1E, 0xCC, 0x1E, 0xAB, 0x1E, 0xAC, 0x1E, 0xAC, 0x1E, 0xAB, 0x1E,
    0xAC, 0x1E, 0xAB, 0x1E, 0xAB, 0x1E, 0xAB, 0x1E, 0xAC, 0x1E, 0xCC, 0x1E, 0xAB, 0x1E, 0xAB, 0x1E,
    0xAB, 0x1E, 0xAC, 0x1E, 0x8B, 0x1E, 0x6B, 0x1E, 0xCD, 0x26, 0x00, 0x00, 0x00, 0x00, 0x00, 0x00,
    0x00, 0x00, 0x00, 0x00, 0x00, 0x00, 0xEA, 0x07, 0xE7, 0x05, 0xEF, 0x3D, 0xEA, 0x07, 0xEF, 0x07,
    0xE0, 0x07, 0x00, 0x00, 0x00, 0x00, 0x00, 0x00, 0x00, 0x00, 0x00, 0x00, 0x00, 0x00, 0x00, 0x00,
    0x00, 0x00, 0x00, 0x00, 0x00, 0x00, 0x00, 0x00, 0x00, 0x00, 0x00, 0x00, 0x00, 0x00, 0x00, 0x00,
    0x00, 0x00, 0x00, 0x00, 0x00, 0x00, 0x00, 0x00, 0x00, 0x00, 0x00, 0x00, 0x00, 0x00, 0x00, 0x00,
    0x00, 0x00, 0x00, 0x00, 0x00, 0x00, 0x00, 0x00, 0x00, 0x00, 0x00, 0x00, 0x00, 0x00, 0x00, 0x00,
    0x00, 0x00, 0x00, 0x00, 0x00, 0x00, 0x00, 0x00, 0x00, 0x00, 0x00, 0x00, 0x00, 0x00, 0x00, 0x00,
    0x00, 0x00, 0x00, 0x00, 0x00, 0x00, 0x00, 0x00, 0x00, 0x00, 0x00, 0x00, 0x00, 0x00, 0x00, 0x00,
    0x00, 0x00, 0x00, 0x00, 0x00, 0x00, 0x00, 0x00, 0x00, 0x00, 0x00, 0x00, 0x00, 0x00, 0x00, 0x00,
    0x00, 0x00, 0x00, 0x00, 0x00, 0x00, 0x00, 0x00, 0x00, 0x00, 0x00, 0x00, 0x00, 0x00, 0x00, 0x00,
    0x00, 0x00, 0x00, 0x00, 0x00, 0x00, 0x00, 0x00, 0x00, 0x00, 0x00, 0x00, 0x00, 0x00, 0x00, 0x00,
    0x00, 0x00, 0x00, 0x00, 0x00, 0x00, 0x00, 0x00, 0x00, 0x00, 0x00, 0x00, 0x00, 0x00, 0xE0, 0x07,
    0xEF, 0x03, 0xEF, 0x07, 0x4A, 0x05, 0x4A, 0x05, 0xEA, 0x07, 0xE0, 0x07, 0x00, 0x00, 0x00, 0x00,
    0x00, 0x00, 0x00, 0x00, 0x2E, 0x1E, 0xCB, 0x1E, 0xCB, 0x1E, 0xCB, 0x1E, 0xAB, 0x1E, 0xCC, 0x1E,
    0xAC, 0x1E, 0xAC, 0x1E, 0xAC, 0x1E, 0xAC, 0x1E, 0xAC, 0x1E, 0xAB, 0x1E, 0xAB, 0x1E, 0xAB, 0x1E,
    0xAC, 0x1E, 0xAC, 0x1E, 0xAB, 0x1E, 0xAC, 0x1E, 0xCC, 0x1E, 0xCC, 0x1E, 0xCC, 0x1E, 0xCC, 0x1E,
    0xCC, 0x1E, 0xCC, 0x1E, 0xCC, 0x1E, 0xCC, 0x1E, 0xCC, 0x1E, 0xCC, 0x1E, 0xCC, 0x1E, 0xCC, 0x1E,
    0xCC, 0x1E, 0xCC, 0x1E, 0xCC, 0x1E, 0xCC, 0x1E, 0xAC, 0x1E, 0xAC, 0x1E, 0xAC, 0x1E, 0xAC, 0x1E,
    0xAC, 0x1E, 0xAC, 0x1E, 0xAC, 0x1E, 0xAC, 0x1E, 0xAC, 0x1E, 0xAC, 0x1E, 0xAC, 0x1E, 0xAC, 0x1E,
    0xAC, 0x1E, 0xAC, 0x1E, 0xAC, 0x1E, 0xAC, 0x1E, 0xAC, 0x1E, 0xAC, 0x1E, 0xAC, 0x1E, 0xAC, 0x1E,
    0xAC, 0x1E, 0xAC, 0x1E, 0xAC, 0x1E, 0xAC, 0x1E, 0xAC, 0x1E, 0xAC, 0x1E, 0xAC, 0x1E, 0xAC, 0x1E,
    0xAC, 0x1E, 0xAC, 0x1E, 0xAC, 0x1E, 0xAC, 0x1E, 0xCC, 0x1E, 0xCC, 0x1E, 0xCC, 0x1E, 0xCC, 0x1E,
    0xCC, 0x1E, 0xCC, 0x1E, 0xCC, 0x1E, 0xCC, 0x1E, 0xCC, 0x1E, 0xCC, 0x1E, 0xCC, 0x1E, 0xCC, 0x1E,
    0xCC, 0x1E, 0xCC, 0x1E, 0xCC, 0x1E, 0xCC, 0x1E, 0xAC, 0x1E, 0xAB, 0x1E, 0xAC, 0x1E, 0xAC, 0x1E,
    0xAC, 0x1E, 0xAC, 0x1E, 0xAB, 0x1E, 0xCB, 0x1E, 0xAB, 0x1E, 0xAB, 0x1E, 0xAB, 0x1E, 0xAC, 0x1E,
    0xAB, 0x1E, 0xAB, 0x1E, 0xAB, 0x1E, 0xAB, 0x1E, 0xCC, 0x1E, 0x2E, 0x1E, 0x00, 0x00, 0x00, 0x00,
    0x00, 0x00, 0x00, 0x00, 0xE0, 0x07, 0xEA, 0x07, 0x4A, 0x05, 0x4A, 0x05, 0xEF, 0x07, 0xEF, 0x03,
    0xE0, 0x07, 0x00, 0x00, 0x00, 0x00, 0x00, 0x00, 0x00, 0x00, 0x00, 0x00, 0x00, 0x00, 0x00, 0x00,
    0x00, 0x00, 0x00, 0x00, 0x00, 0x00, 0x00, 0x00, 0x00, 0x00, 0x00, 0x00, 0x00, 0x00, 0x00, 0x00,
    0x00, 0x00, 0x00, 0x00, 0x00, 0x00, 0x00, 0x00, 0x00, 0x00, 0x00, 0x00, 0x00, 0x00, 0x00, 0x00,
    0x00, 0x00, 0x00, 0x00, 0x00, 0x00, 0x00, 0x00, 0x00, 0x00, 0x00, 0x00, 0x00, 0x00, 0x00, 0x00,
    0x00, 0x00, 0x00, 0x00, 0x00, 0x00, 0x00, 0x00, 0x00, 0x00, 0x00, 0x00, 0x00, 0x00, 0x00, 0x00,
    0x00, 0x00, 0x00, 0x00, 0x00, 0x00, 0x00, 0x00, 0x00, 0x00, 0x00, 0x00, 0x00, 0x00, 0x00, 0x00,
    0x00, 0x00, 0x00, 0x00, 0x00, 0x00, 0x00, 0x00, 0x00, 0x00, 0x00, 0x00, 0x00, 0x00, 0x00, 0x00,
    0x00, 0x00, 0x00, 0x00, 0x00, 0x00, 0x00, 0x00, 0x00, 0x00, 0x00, 0x00, 0x00, 0x00, 0x00, 0x00,
    0x00, 0x00, 0x00, 0x00, 0x00, 0x00, 0x00, 0x00, 0x00, 0x00, 0x00, 0x00, 0x00, 0x00, 0x00, 0x00,
    0x00, 0x00, 0x00, 0x00, 0x00, 0x00, 0x00, 0x00, 0x00, 0x00, 0x00, 0x00, 0x00, 0x00, 0x00, 0x00,
    0x00, 0x00, 0x00, 0x00, 0x00, 0x00, 0x00, 0x00, 0x00, 0x00, 0xE0, 0x07, 0xEA, 0x07, 0xCD, 0x26,
    0x4B, 0x16, 0x6C, 0x1E, 0x8C, 0x1E, 0x8B, 0x1E, 0xAB, 0x1E, 0xCB, 0x1E, 0xAC, 0x1E, 0xAC, 0x1E,
    0xAC, 0x1E, 0xAC, 0x1E, 0xAC, 0x1E, 0xAC, 0x1E, 0xAC, 0x1E, 0xAB, 0x1E, 0xAB, 0x1E, 0xAB, 0x1E,
    0xCC, 0x1E, 0xCC, 0x1E, 0xCC, 0x1E, 0xAC, 0x1E, 0xAC, 0x1E, 0xAB, 0x1E, 0xAC, 0x1E, 0xAC, 0x1E,
    0xAC, 0x1E, 0xAC, 0x1E, 0xAC, 0x1E, 0xAC, 0x1E, 0xAB, 0x1E, 0xAB, 0x1E, 0xAB, 0x1E, 0xAB, 0x1E,
    0xAC, 0x1E, 0xAC, 0x1E, 0xAC, 0x1E, 0xAC, 0x1E, 0xAC, 0x1E, 0xAC, 0x1E, 0xAC, 0x1E, 0xAC, 0x1E,
    0xAC, 0x1E, 0xAC, 0x1E, 0xAC, 0x1E, 0xAC, 0x1E, 0xAC, 0x1E, 0xAC, 0x1E, 0xAC, 0x1E, 0xAC, 0x1E,
    0xAC, 0x1E, 0xAC, 0x1E, 0xAC, 0x1E, 0xAC, 0x1E, 0xAC, 0x1E, 0xAC, 0x1E, 0xAC, 0x1E, 0xAC, 0x1E,
    0xAC, 0x1E, 0xAC, 0x1E, 0xAC, 0x1E, 0xAC, 0x1E, 0xAC, 0x1E, 0xAC, 0x1E, 0xAC, 0x1E, 0xAC, 0x1E,
    0xAC, 0x1E, 0xAC, 0x1E, 0xAC, 0x1E, 0xAC, 0x1E, 0xAC, 0x1E, 0xAC, 0x1E, 0xAC, 0x1E, 0xAC, 0x1E,
    0xAB, 0x1E, 0xAB, 0x1E, 0xAB, 0x1E, 0xAB, 0x1E, 0xAC, 0x1E, 0xAC, 0x1E, 0xAC, 0x1E, 0xAC, 0x1E,
    0xAC, 0x1E, 0xAC, 0x1E, 0xAB, 0x1E, 0xAC, 0x1E, 0xAC, 0x1E, 0xCC, 0x1E, 0xCC, 0x1E, 0xCC, 0x1E,
    0xAC, 0x1E, 0xAC, 0x1E, 0xAB, 0x1E, 0xCB, 0x1E, 0xAB, 0x1E, 0xAB, 0x1E, 0xAB, 0x1E, 0xAB, 0x1E,
    0xAB, 0x1E, 0xAC, 0x1E, 0xAB, 0x1E, 0xAB, 0x1E, 0x8B, 0x1E, 0x8C, 0x1E, 0x6C, 0x1E, 0x4B, 0x16,
    0xCD, 0x26, 0x4A, 0x05, 0xE0, 0x07, 0x00, 0x00, 0x00, 0x00, 0x00, 0x00, 0x00, 0x00, 0x00, 0x00,
    0x00, 0x00, 0x00, 0x00, 0x00, 0x00, 0x00, 0x00, 0x00, 0x00, 0x00, 0x00, 0x00, 0x00, 0x00, 0x00,
    0x00, 0x00, 0x00, 0x00, 0x00, 0x00, 0x00, 0x00, 0x00, 0x00, 0x00, 0x00, 0x00, 0x00, 0x00, 0x00,
    0x00, 0x00, 0x00, 0x00, 0x00, 0x00, 0x00, 0x00, 0x00, 0x00, 0x00, 0x00, 0x00, 0x00, 0x00, 0x00,
    0x00, 0x00, 0x00, 0x00, 0x00, 0x00, 0x00, 0x00, 0x00, 0x00, 0x00, 0x00, 0x00, 0x00, 0x00, 0x00,
    0x00, 0x00, 0x00, 0x00, 0x00, 0x00, 0x00, 0x00, 0x00, 0x00, 0x00, 0x00, 0x00, 0x00, 0x00, 0x00,
    0x00, 0x00, 0x00, 0x00, 0x00, 0x00, 0x00, 0x00, 0x00, 0x00, 0x00, 0x00, 0x00, 0x00, 0x00, 0x00,
    0x00, 0x00, 0x00, 0x00, 0x00, 0x00, 0x00, 0x00, 0x00, 0x00, 0x00, 0x00, 0x00, 0x00, 0x00, 0x00,
    0x00, 0x00, 0x00, 0x00, 0x00, 0x00, 0x00, 0x00, 0x00, 0x00, 0x00, 0x00, 0x00, 0x00, 0x00, 0x00,
    0x00, 0x00, 0x00, 0x00, 0x00, 0x00, 0x00, 0x00, 0x00, 0x00, 0x00, 0x00, 0x00, 0x00, 0x00, 0x00,
    0x00, 0x00, 0x00, 0x00, 0x00, 0x00, 0xE0, 0x03, 0x4A, 0x05, 0xEF, 0x07, 0xE0, 0x07, 0x00, 0x00,
    0x00, 0x00, 0x00, 0x00, 0x00, 0x00, 0x00, 0x00, 0x00, 0x00, 0xEA, 0x07, 0x6B, 0x27, 0xEB, 0x1E,
    0xCB, 0x1E, 0x8B, 0x1E, 0xAC, 0x1E, 0xAB, 0x1E, 0xAB, 0x1E, 0xAB, 0x1E, 0xAC, 0x1E, 0xCC, 0x1E,
    0xAC, 0x1E, 0xAB, 0x1E, 0xAC, 0x1E, 0xAC, 0x1E, 0xCC, 0x1E, 0xEC, 0x1E, 0xEC, 0x1E, 0xEC, 0x1E,
    0xEC, 0x1E, 0xEC, 0x1E, 0xCC, 0x1E, 0xCC, 0x1E, 0xAC, 0x1E, 0xAB, 0x1E, 0xAC, 0x1E, 0xAB, 0x1E,
    0xAB, 0x1E, 0xAB, 0x1E, 0xAB, 0x1E, 0xAB, 0x1E, 0xAC, 0x1E, 0xAC, 0x1E, 0xAC, 0x1E, 0xAB, 0x1E,
    0xAB, 0x1E, 0xAB, 0x1E, 0xAC, 0x1E, 0xAC, 0x1E, 0xAC, 0x1E, 0xAC, 0x1E, 0xAC, 0x1E, 0xAC, 0x1E,
    0xAC, 0x1E, 0xAC, 0x1E, 0xAC, 0x1E, 0xAC, 0x1E, 0xAC, 0x1E, 0xAC, 0x1E, 0xAC, 0x1E, 0xAC, 0x1E,
    0xAC, 0x1E, 0xAC, 0x1E, 0xAC, 0x1E, 0xAC, 0x1E, 0xAC, 0x1E, 0xAC, 0x1E, 0xAC, 0x1E, 0xAC, 0x1E,
    0xAC, 0x1E, 0xAC, 0x1E, 0xAC, 0x1E, 0xAC, 0x1E, 0xAC, 0x1E, 0xAC, 0x1E, 0xAC, 0x1E, 0xAC, 0x1E,
    0xAC, 0x1E, 0xAC, 0x1E, 0xAC, 0x1E, 0xAC, 0x1E, 0xAC, 0x1E, 0xAB, 0x1E, 0xAB, 0x1E, 0xAB, 0x1E,
    0xAB, 0x1E, 0xAC, 0x1E, 0xAC, 0x1E, 0xAC, 0x1E, 0xAB, 0x1E, 0xAB, 0x1E, 0xAB, 0x1E, 0xAB, 0x1E,
    0xAB, 0x1E, 0xAC, 0x1E, 0xAB, 0x1E, 0xAC, 0x1E, 0xCC, 0x1E, 0xCC, 0x1E, 0xEC, 0x1E, 0xEC, 0x1E,
    0xEC, 0x1E, 0xEC, 0x1E, 0xEC, 0x1E, 0xCC, 0x1E, 0xCB, 0x1E, 0xAB, 0x1E, 0xAB, 0x1E, 0xAB, 0x1E,
    0xAC, 0x1E, 0xAC, 0x1E, 0xAB, 0x1E, 0xAC, 0x1E, 0xAC, 0x1E, 0xAC, 0x1E, 0x8B, 0x1E, 0xAB, 0x1E,
    0xAB, 0x1E, 0xCB, 0x26, 0xEA, 0x07, 0x00, 0x00, 0x00, 0x00, 0x00, 0x00, 0x00, 0x00, 0x00, 0x00,
    0x00, 0x00, 0xE0, 0x07, 0xEF, 0x07, 0x4A, 0x05, 0xE0, 0x03, 0x00, 0x00, 0x00, 0x00, 0x00, 0x00,
    0x00, 0x00, 0x00, 0x00, 0x00, 0x00, 0x00, 0x00, 0x00, 0x00, 0x00, 0x00, 0x00, 0x00, 0x00, 0x00,
    0x00, 0x00, 0x00, 0x00, 0x00, 0x00, 0x00, 0x00, 0x00, 0x00, 0x00, 0x00, 0x00, 0x00, 0x00, 0x00,
    0x00, 0x00, 0x00, 0x00, 0x00, 0x00, 0x00, 0x00, 0x00, 0x00, 0x00, 0x00, 0x00, 0x00, 0x00, 0x00,
    0x00, 0x00, 0x00, 0x00, 0x00, 0x00, 0x00, 0x00, 0x00, 0x00, 0x00, 0x00, 0x00, 0x00, 0x00, 0x00,
    0x00, 0x00, 0x00, 0x00, 0x00, 0x00, 0x00, 0x00, 0x00, 0x00, 0x00, 0x00, 0x00, 0x00, 0x00, 0x00,
    0x00, 0x00, 0x00, 0x00, 0x00, 0x00, 0x00, 0x00, 0x00, 0x00, 0x00, 0x00, 0x00, 0x00, 0x00, 0x00,
    0x00, 0x00, 0x00, 0x00, 0x00, 0x00, 0x00, 0x00, 0x00, 0x00, 0x00, 0x00, 0x00, 0x00, 0x00, 0x00,
    0x00, 0x00, 0x00, 0x00, 0x00, 0x00, 0x00, 0x00, 0x00, 0x00, 0x00, 0x00, 0x00, 0x00, 0x00, 0x00,
    0x00, 0x00, 0x00, 0x00, 0xE0, 0x07, 0xEA, 0x07, 0x6C, 0x06, 0x6C, 0x36, 0xEA, 0x07, 0x00, 0x00,
    0x00, 0x00, 0x00, 0x00, 0x00, 0x00, 0x00, 0x00, 0x00, 0x00, 0xEA, 0x26, 0xCB, 0x1E, 0xCB, 0x1E,
    0xCB, 0x1E, 0xAB, 0x1E, 0xAB, 0x1E, 0xAB, 0x1E, 0xAB, 0x1E, 0xAC, 0x1E, 0xAC, 0x1E, 0xAC, 0x1E,
    0xAC, 0x1E, 0xAB, 0x1E, 0xAC, 0x1E, 0xCC, 0x1E, 0xEC, 0x1E, 0xEC, 0x1E, 0xEC, 0x1E, 0xEC, 0x1E,
    0xEC, 0x1E, 0xEC, 0x1E, 0xCC, 0x1E, 0xCC, 0x1E, 0xCC, 0x1E, 0xAC, 0x1E, 0xAC, 0x1E, 0xAB, 0x1E,
    0xAB, 0x1E, 0xAC, 0x1E, 0xAB, 0x1E, 0xAB, 0x1E, 0xAB, 0x1E, 0xAB, 0x1E, 0xAB, 0x1E, 0xAC, 0x1E,
    0xAC, 0x1E, 0xAC, 0x1E, 0xAC, 0x1E, 0xAC, 0x1E, 0xAC, 0x1E, 0xAC, 0x1E, 0xAC, 0x1E, 0xAC, 0x1E,
    0xAC, 0x1E, 0xAC, 0x1E, 0xAC, 0x1E, 0xAC, 0x1E, 0xAC, 0x1E, 0xAC, 0x1E, 0xAC, 0x1E, 0xAC, 0x1E,
    0xAC, 0x1E, 0xAC, 0x1E, 0xAC, 0x1E, 0xAC, 0x1E, 0xAC, 0x1E, 0xAC, 0x1E, 0xAC, 0x1E, 0xAC, 0x1E,
    0xAC, 0x1E, 0xAC, 0x1E, 0xAC, 0x1E, 0xAC, 0x1E, 0xAC, 0x1E, 0xAC, 0x1E, 0xAC, 0x1E, 0xAC, 0x1E,
    0xAC, 0x1E, 0xAC, 0x1E, 0xAC, 0x1E, 0xAC, 0x1E, 0xAC, 0x1E, 0xAC, 0x1E, 0xAC, 0x1E, 0xAC, 0x1E,
    0xAC, 0x1E, 0xAB, 0x1E, 0xAB, 0x1E, 0xAB, 0x1E, 0xAB, 0x1E, 0xAB, 0x1E, 0xAC, 0x1E, 0xAB, 0x1E,
    0xAB, 0x1E, 0xAC, 0x1E, 0xAC, 0x1E, 0xCC, 0x1E, 0xCC, 0x1E, 0xCC, 0x1E, 0xEC, 0x1E, 0xEC, 0x1E,
    0xEC, 0x1E, 0xEC, 0x1E, 0xEC, 0x1E, 0xEC, 0x1E, 0xCC, 0x1E, 0xAB, 0x1E, 0xAB, 0x1E, 0xAC, 0x1E,
    0xAC, 0x1E, 0xAC, 0x1E, 0xAC, 0x1E, 0xAB, 0x1E, 0xAB, 0x1E, 0xAB, 0x1E, 0xAB, 0x1E, 0xAB, 0x1E,
    0xAB, 0x1E, 0xCC, 0x1E, 0xCB, 0x26, 0x00, 0x00, 0x00, 0x00, 0x00, 0x00, 0x00, 0x00, 0x00, 0x00,
    0x00, 0x00, 0xEA, 0x07, 0x6C, 0x36, 0x6C, 0x06, 0xEA, 0x07, 0xE0, 0x07, 0x00, 0x00, 0x00, 0x00,
    0x00, 0x00, 0x00, 0x00, 0x00, 0x00, 0x00, 0x00, 0x00, 0x00, 0x00, 0x00, 0x00, 0x00, 0x00, 0x00,
    0x00, 0x00, 0x00, 0x00, 0x00, 0x00, 0x00, 0x00, 0x00, 0x00, 0x00, 0x00, 0x00, 0x00, 0x00, 0x00,
    0x00, 0x00, 0x00, 0x00, 0x00, 0x00, 0x00, 0x00, 0x00, 0x00, 0x00, 0x00, 0x00, 0x00, 0x00, 0x00,
    0x00, 0x00, 0x00, 0x00, 0x00, 0x00, 0x00, 0x00, 0x00, 0x00, 0x00, 0x00, 0x00, 0x00, 0x00, 0x00,
    0x00, 0x00, 0x00, 0x00, 0x00, 0x00, 0x00, 0x00, 0x00, 0x00, 0x00, 0x00, 0x00, 0x00, 0x00, 0x00,
    0x00, 0x00, 0x00, 0x00, 0x00, 0x00, 0x00, 0x00, 0x00, 0x00, 0x00, 0x00, 0x00, 0x00, 0x00, 0x00,
    0x00, 0x00, 0x00, 0x00, 0x00, 0x00, 0x00, 0x00, 0x00, 0x00, 0x00, 0x00, 0x00, 0x00, 0x00, 0x00,
    0x00, 0x00, 0x00, 0x00, 0x00, 0x00, 0x00, 0x00, 0x00, 0x00, 0x00, 0x00, 0x00, 0x00, 0x00, 0x00,
    0x00, 0x00, 0x00, 0x00, 0xE0, 0x07, 0xEF, 0x07, 0xEF, 0x07, 0xEF, 0x05, 0xEF, 0x07, 0xE0, 0x07,
    0x00, 0x00, 0x00, 0x00, 0x00, 0x00, 0xE0, 0x07, 0xEC, 0x26, 0xEC, 0x1E, 0xCB, 0x1E, 0xCC, 0x1E,
    0xCB, 0x1E, 0xCB, 0x1E, 0xAB, 0x1E, 0xAB, 0x1E, 0xAB, 0x1E, 0xAC, 0x1E, 0xAC, 0x1E, 0xAC, 0x1E,
    0xAC, 0x1E, 0xAC, 0x1E, 0xAC, 0x1E, 0xCC, 0x1E, 0xCC, 0x1E, 0xCC, 0x1E, 0xCC, 0x1E, 0xCC, 0x1E,
    0xCC, 0x1E, 0xCC, 0x1E, 0xCC, 0x1E, 0xCC, 0x1E, 0xCC, 0x1E, 0xAC, 0x1E, 0xAC, 0x1E, 0xAC, 0x1E,
    0xAC, 0x1E, 0xAC, 0x1E, 0xAC, 0x1E, 0xAC, 0x1E, 0xAC, 0x1E, 0xAC, 0x1E, 0xAC, 0x1E, 0xAC, 0x1E,
    0xAC, 0x1E, 0xAC, 0x1E, 0xAC, 0x1E, 0xAC, 0x1E, 0xAC, 0x1E, 0xAC, 0x1E, 0xAC, 0x1E, 0xAC, 0x1E,
    0xAC, 0x1E, 0xAC, 0x1E, 0xAC, 0x1E, 0xAC, 0x1E, 0xAC, 0x1E, 0xAC, 0x1E, 0xAC, 0x1E, 0xAC, 0x1E,
    0xAC, 0x1E, 0xAC, 0x1E, 0xAC, 0x1E, 0xAC, 0x1E, 0xAC, 0x1E, 0xAC, 0x1E, 0xAC, 0x1E, 0xAC, 0x1E,
    0xAC, 0x1E, 0xAC, 0x1E, 0xAC, 0x1E, 0xAC, 0x1E, 0xAC, 0x1E, 0xAC, 0x1E, 0xAC, 0x1E, 0xAC, 0x1E,
    0xAC, 0x1E, 0xAC, 0x1E, 0xAC, 0x1E, 0xAC, 0x1E, 0xAC, 0x1E, 0xAC, 0x1E, 0xAC, 0x1E, 0xAC, 0x1E,
    0xAC, 0x1E, 0xAC, 0x1E, 0xAC, 0x1E, 0xAC, 0x1E, 0xAC, 0x1E, 0xAC, 0x1E, 0xAC, 0x1E, 0xAC, 0x1E,
    0xAC, 0x1E, 0xAC, 0x1E, 0xAC, 0x1E, 0xCC, 0x1E, 0xCC, 0x1E, 0xCC, 0x1E, 0xCC, 0x1E, 0xCC, 0x1E,
    0xCC, 0x1E, 0xCC, 0x1E, 0xCC, 0x1E, 0xCC, 0x1E, 0xCC, 0x1E, 0xAC, 0x1E, 0xAC, 0x1E, 0xAC, 0x1E,
    0xAC, 0x1E, 0xAC, 0x1E, 0xAC, 0x1E, 0xAC, 0x1E, 0xAC, 0x1E, 0xAB, 0x1E, 0xAB, 0x1E, 0xAB, 0x1E,
    0xAC, 0x1E, 0xAB, 0x1E, 0xCC, 0x1E, 0xEC, 0x26, 0xE0, 0x07, 0x00, 0x00, 0x00, 0x00, 0x00, 0x00,
    0xE0, 0x07, 0xEF, 0x07, 0xEF, 0x05, 0xEF, 0x07, 0xEF, 0x07, 0xE0, 0x07, 0x00, 0x00, 0x00, 0x00,
    0x00, 0x00, 0x00, 0x00, 0x00, 0x00, 0x00, 0x00, 0x00, 0x00, 0x00, 0x00, 0x00, 0x00, 0x00, 0x00,
    0x00, 0x00, 0x00, 0x00, 0x00, 0x00, 0x00, 0x00, 0x00, 0x00, 0x00, 0x00, 0x00, 0x00, 0x00, 0x00,
    0x00, 0x00, 0x00, 0x00, 0x00, 0x00, 0x00, 0x00, 0x00, 0x00, 0x00, 0x00, 0x00, 0x00, 0x00, 0x00,
    0x00, 0x00, 0x00, 0x00, 0x00, 0x00, 0x00, 0x00, 0x00, 0x00, 0x00, 0x00, 0x00, 0x00, 0x00, 0x00,
    0x00, 0x00, 0x00, 0x00, 0x00, 0x00, 0x00, 0x00, 0x00, 0x00, 0x00, 0x00, 0x00, 0x00, 0x00, 0x00,
    0x00, 0x00, 0x00, 0x00, 0x00, 0x00, 0x00, 0x00, 0x00, 0x00, 0x00, 0x00, 0x00, 0x00, 0x00, 0x00,
    0x00, 0x00, 0x00, 0x00, 0x00, 0x00, 0x00, 0x00, 0x00, 0x00, 0x00, 0x00, 0x00, 0x00, 0x00, 0x00,
    0x00, 0x00, 0x00, 0x00, 0x00, 0x00, 0x00, 0x00, 0x00, 0x00, 0x00, 0x00, 0x00, 0x00, 0x00, 0x00,
    0x00, 0x00, 0x00, 0x00, 0x00, 0x00, 0x00, 0x00, 0x00, 0x00, 0x00, 0x00, 0x00, 0x00, 0x00, 0x00,
    0xEF, 0x07, 0xAA, 0x2E, 0x4D, 0x17, 0x0B, 0x1F, 0xAC, 0x1E, 0xCB, 0x1E, 0xCC, 0x1E, 0xCC, 0x1E,
    0xCB, 0x1E, 0xCB, 0x1E, 0xAB, 0x1E, 0xAB, 0x1E, 0xAC, 0x1E, 0xAC, 0x1E, 0xAB, 0x1E, 0xAC, 0x1E,
    0xAC, 0x1E, 0xAC, 0x1E, 0xAC, 0x1E, 0xAB, 0x1E, 0xAB, 0x1E, 0xAB, 0x1E, 0xAB, 0x1E, 0xAB, 0x1E,
    0xAB, 0x1E, 0xAB, 0x1E, 0xAB, 0x1E, 0xAC, 0x1E, 0xAC, 0x1E, 0xAC, 0x1E, 0xAC, 0x1E, 0xAC, 0x1E,
    0xAC, 0x1E, 0xAC, 0x1E, 0xAC, 0x1E, 0xAC, 0x1E, 0xAC, 0x1E, 0xAC, 0x1E, 0xAC, 0x1E, 0xAC, 0x1E,
    0xAC, 0x1E, 0xAC, 0x1E, 0xAC, 0x1E, 0xAC, 0x1E, 0xAC, 0x1E, 0xAC, 0x1E, 0xAC, 0x1E, 0xAC, 0x1E,
    0xAC, 0x1E, 0xAC, 0x1E, 0xAC, 0x1E, 0xAC, 0x1E, 0xAC, 0x1E, 0xAC, 0x1E, 0xAC, 0x1E, 0xAC, 0x1E,
    0xAC, 0x1E, 0xAC, 0x1E, 0xAC, 0x1E, 0xAC, 0x1E, 0xAC, 0x1E, 0xAC, 0x1E, 0xAC, 0x1E, 0xAC, 0x1E,
    0xAC, 0x1E, 0xAC, 0x1E, 0xAC, 0x1E, 0xAC, 0x1E, 0xAC, 0x1E, 0xAC, 0x1E, 0xAC, 0x1E, 0xAC, 0x1E,
    0xAC, 0x1E, 0xAC, 0x1E, 0xAC, 0x1E, 0xAC, 0x1E, 0xAC, 0x1E, 0xAC, 0x1E, 0xAC, 0x1E, 0xAC, 0x1E,
    0xAC, 0x1E, 0xAC, 0x1E, 0xAC, 0x1E, 0xAC, 0x1E, 0xAC, 0x1E, 0xAC, 0x1E, 0xAC, 0x1E, 0xAC, 0x1E,
    0xAC, 0x1E, 0xAC, 0x1E, 0xAC, 0x1E, 0xAC, 0x1E, 0xAC, 0x1E, 0xAB, 0x1E, 0xAB, 0x1E, 0xAB, 0x1E,
    0xAB, 0x1E, 0xAB, 0x1E, 0xAB, 0x1E, 0xAB, 0x1E, 0xAC, 0x1E, 0xAC, 0x1E, 0xCC, 0x1E, 0xAC, 0x1E,
    0xAC, 0x1E, 0xAB, 0x1E, 0xAC, 0x1E, 0xAC, 0x1E, 0xAB, 0x1E, 0xAB, 0x1E, 0xAB, 0x1E, 0xAB, 0x1E,
    0xAC, 0x1E, 0xAC, 0x1E, 0xAC, 0x1E, 0xAC, 0x1E, 0x0B, 0x1F, 0x4D, 0x17, 0xAA, 0x2E, 0xEF, 0x07,
    0x00, 0x00, 0x00, 0x00, 0x00, 0x00, 0x00, 0x00, 0x00, 0x00, 0x00, 0x00, 0x00, 0x00, 0x00, 0x00,
    0x00, 0x00, 0x00, 0x00, 0x00, 0x00, 0x00, 0x00, 0x00, 0x00, 0x00, 0x00, 0x00, 0x00, 0x00, 0x00,
    0x00, 0x00, 0x00, 0x00, 0x00, 0x00, 0x00, 0x00, 0x00, 0x00, 0x00, 0x00, 0x00, 0x00, 0x00, 0x00,
    0x00, 0x00, 0x00, 0x00, 0x00, 0x00, 0x00, 0x00, 0x00, 0x00, 0x00, 0x00, 0x00, 0x00, 0x00, 0x00,
    0x00, 0x00, 0x00, 0x00, 0x00, 0x00, 0x00, 0x00, 0x00, 0x00, 0x00, 0x00, 0x00, 0x00, 0x00, 0x00,
    0x00, 0x00, 0x00, 0x00, 0x00, 0x00, 0x00, 0x00, 0x00, 0x00, 0x00, 0x00, 0x00, 0x00, 0x00, 0x00,
    0x00, 0x00, 0x00, 0x00, 0x00, 0x00, 0x00, 0x00, 0x00, 0x00, 0x00, 0x00, 0x00, 0x00, 0x00, 0x00,
    0x00, 0x00, 0x00, 0x00, 0x00, 0x00, 0x00, 0x00, 0x00, 0x00, 0x00, 0x00, 0x00, 0x00, 0x00, 0x00,
    0x00, 0x00, 0x00, 0x00, 0x00, 0x00, 0x00, 0x00, 0x00, 0x00, 0x00, 0x00, 0xE0, 0x07, 0xE0, 0x07,
    0xEA, 0x07, 0xEF, 0x07, 0x00, 0x00, 0x00, 0x00, 0x00, 0x00, 0x00, 0x00, 0x00, 0x00, 0x00, 0x00,
    0x4D, 0x17, 0xCB, 0x1E, 0xCB, 0x1E, 0xAB, 0x1E, 0xAB, 0x1E, 0xAB, 0x1E, 0xAB, 0x1E, 0xAB, 0x1E,
    0xCB, 0x1E, 0xCC, 0x1E, 0xAB, 0x1E, 0xEC, 0x1E, 0xEC, 0x1E, 0xEC, 0x1E, 0xCC, 0x1E, 0xCC, 0x1E,
    0xCC, 0x1E, 0xCC, 0x1E, 0xAC, 0x1E, 0xAB, 0x1E, 0xAB, 0x1E, 0xAC, 0x1E, 0xAC, 0x1E, 0xAC, 0x1E,
    0xAC, 0x1E, 0xAC, 0x1E, 0xAB, 0x1E, 0xAB, 0x1E, 0xAC, 0x1E, 0xAC, 0x1E, 0xAC, 0x1E, 0xAC, 0x1E,
    0xAC, 0x1E, 0xAC, 0x1E, 0xAC, 0x1E, 0xAC, 0x1E, 0xAC, 0x1E, 0xAC, 0x1E, 0xAC, 0x1E, 0xAC, 0x1E,
    0xAC, 0x1E, 0xAC, 0x1E, 0xAC, 0x1E, 0xAC, 0x1E, 0xAC, 0x1E, 0xAC, 0x1E, 0xAC, 0x1E, 0xAC, 0x1E,
    0xAC, 0x1E, 0xAC, 0x1E, 0xAC, 0x1E, 0xAC, 0x1E, 0xAC, 0x1E, 0xAC, 0x1E, 0xAC, 0x1E, 0xAC, 0x1E,
    0xAC, 0x1E, 0xAC, 0x1E, 0xAC, 0x1E, 0xAC, 0x1E, 0xAC, 0x1E, 0xAC, 0x1E, 0xAC, 0x1E, 0xAC, 0x1E,
    0xAC, 0x1E, 0xAC, 0x1E, 0xAC, 0x1E, 0xAC, 0x1E, 0xAC, 0x1E, 0xAC, 0x1E, 0xAC, 0x1E, 0xAC, 0x1E,
    0xAC, 0x1E, 0xAC, 0x1E, 0xAC, 0x1E, 0xAC, 0x1E, 0xAC, 0x1E, 0xAC, 0x1E, 0xAC, 0x1E, 0xAC, 0x1E,
    0xAC, 0x1E, 0xAC, 0x1E, 0xAC, 0x1E, 0xAC, 0x1E, 0xAC, 0x1E, 0xAC, 0x1E, 0xAC, 0x1E, 0xAC, 0x1E,
    0xAC, 0x1E, 0xAC, 0x1E, 0xAC, 0x1E, 0xAC, 0x1E, 0xAB, 0x1E, 0xAB, 0x1E, 0xAC, 0x1E, 0xAC, 0x1E,
    0xAC, 0x1E, 0xAC, 0x1E, 0xAC, 0x1E, 0xAB, 0x1E, 0xAC, 0x1E, 0xAC, 0x1E, 0xCC, 0x1E, 0xCC, 0x1E,
    0xCC, 0x1E, 0xCC, 0x1E, 0xEC, 0x1E, 0xEC, 0x1E, 0xCC, 0x1E, 0xAB, 0x1E, 0xAC, 0x1E, 0xCB, 0x1E,
    0xAB, 0x1E, 0xAC, 0x1E, 0xCC, 0x1E, 0xAC, 0x1E, 0xAB, 0x1E, 0xCC, 0x1E, 0xAC, 0x1E, 0xAD, 0x16,
    0x00, 0x00, 0x00, 0x00, 0x00, 0x00, 0x00, 0x00, 0x00, 0x00, 0x00, 0x00, 0xEF, 0x07, 0x4A, 0x05,
    0xE0, 0x03, 0xE0, 0x07, 0x00, 0x00, 0x00, 0x00, 0x00, 0x00, 0x00, 0x00, 0x00, 0x00, 0x00, 0x00,
    0x00, 0x00, 0x00, 0x00, 0x00, 0x00, 0x00, 0x00, 0x00, 0x00, 0x00, 0x00, 0x00, 0x00, 0x00, 0x00,
    0x00, 0x00, 0x00, 0x00, 0x00, 0x00, 0x00, 0x00, 0x00, 0x00, 0x00, 0x00, 0x00, 0x00, 0x00, 0x00,
    0x00, 0x00, 0x00, 0x00, 0x00, 0x00, 0x00, 0x00, 0x00, 0x00, 0x00, 0x00, 0x00, 0x00, 0x00, 0x00,
    0x00, 0x00, 0x00, 0x00, 0x00, 0x00, 0x00, 0x00, 0x00, 0x00, 0x00, 0x00, 0x00, 0x00, 0x00, 0x00,
    0x00, 0x00, 0x00, 0x00, 0x00, 0x00, 0x00, 0x00, 0x00, 0x00, 0x00, 0x00, 0x00, 0x00, 0x00, 0x00,
    0x00, 0x00, 0x00, 0x00, 0x00, 0x00, 0x00, 0x00, 0x00, 0x00, 0x00, 0x00, 0x00, 0x00, 0x00, 0x00,
    0x00, 0x00, 0x00, 0x00, 0x00, 0x00, 0x00, 0x00, 0x00, 0x00, 0x00, 0x00, 0xE0, 0x07, 0xEA, 0x07,
    0xAA, 0x06, 0x6C, 0x06, 0xE0, 0x07, 0x00, 0x00, 0x00, 0x00, 0x00, 0x00, 0x00, 0x00, 0xEB, 0x1F,
    0xAB, 0x26, 0xCB, 0x1E, 0xCB, 0x1E, 0xAB, 0x1E, 0xAC, 0x1E, 0xCB, 0x1E, 0xAB, 0x1E, 0xAB, 0x1E,
    0xCC, 0x1E, 0xAB, 0x1E, 0xCC, 0x1E, 0xEC, 0x1E, 0xEC, 0x1E, 0xEC, 0x1E, 0xCC, 0x1E, 0xCC, 0x1E,
    0xCC, 0x1E, 0xCC, 0x1E, 0xCC, 0x1E, 0xAC, 0x1E, 0xAC, 0x1E, 0xAC, 0x1E, 0xAC, 0x1E, 0xAC, 0x1E,
    0xAB, 0x1E, 0xAB, 0x1E, 0xAC, 0x1E, 0xAC, 0x1E, 0xAC, 0x1E, 0xAC, 0x1E, 0xAC, 0x1E, 0xAC, 0x1E,
    0xAC, 0x1E, 0xAC, 0x1E, 0xAC, 0x1E, 0xAC, 0x1E, 0xAC, 0x1E, 0xAC, 0x1E, 0xAC, 0x1E, 0xAC, 0x1E,
    0xAC, 0x1E, 0xAC, 0x1E, 0xAC, 0x1E, 0xAC, 0x1E, 0xAC, 0x1E, 0xAC, 0x1E, 0xAC, 0x1E, 0xAC, 0x1E,
    0xAC, 0x1E, 0xAC, 0x1E, 0xAC, 0x1E, 0xAC, 0x1E, 0xAC, 0x1E, 0xAC, 0x1E, 0xAC, 0x1E, 0xAC, 0x1E,
    0xAC, 0x1E, 0xAC, 0x1E, 0xAC, 0x1E, 0xAC, 0x1E, 0xAC, 0x1E, 0xAC, 0x1E, 0xAC, 0x1E, 0xAC, 0x1E,
    0xAC, 0x1E, 0xAC, 0x1E, 0xAC, 0x1E, 0xAC, 0x1E, 0xAC, 0x1E, 0xAC, 0x1E, 0xAC, 0x1E, 0xAC, 0x1E,
    0xAC, 0x1E, 0xAC, 0x1E, 0xAC, 0x1E, 0xAC, 0x1E, 0xAC, 0x1E, 0xAC, 0x1E, 0xAC, 0x1E, 0xAC, 0x1E,
    0xAC, 0x1E, 0xAC, 0x1E, 0xAC, 0x1E, 0xAC, 0x1E, 0xAC, 0x1E, 0xAC, 0x1E, 0xAC, 0x1E, 0xAC, 0x1E,
    0xAC, 0x1E, 0xAC, 0x1E, 0xAC, 0x1E, 0xAC, 0x1E, 0xAC, 0x1E, 0xAC, 0x1E, 0xAB, 0x1E, 0xAB, 0x1E,
    0xAB, 0x1E, 0xAC, 0x1E, 0xAC, 0x1E, 0xAC, 0x1E, 0xAC, 0x1E, 0xCC, 0x1E, 0xCC, 0x1E, 0xCC, 0x1E,
    0xCC, 0x1E, 0xCC, 0x1E, 0xEC, 0x1E, 0xEC, 0x1E, 0xEC, 0x1E, 0xCC, 0x1E, 0xAB, 0x1E, 0xCC, 0x1E,
    0xCB, 0x1E, 0xAB, 0x1E, 0xAC, 0x1E, 0xAC, 0x1E, 0xCB, 0x1E, 0xCC, 0x1E, 0xAB, 0x1E, 0xAB, 0x26,
    0x2A, 0x1E, 0x00, 0x00, 0x00, 0x00, 0x00, 0x00, 0x00, 0x00, 0xE0, 0x07, 0x6C, 0x06, 0xAA, 0x06,
    0xEA, 0x07, 0xE0, 0x07, 0x00, 0x00, 0x00, 0x00, 0x00, 0x00, 0x00, 0x00, 0x00, 0x00, 0x00, 0x00,
    0x00, 0x00, 0x00, 0x00, 0x00, 0x00, 0x00, 0x00, 0x00, 0x00, 0x00, 0x00, 0x00, 0x00, 0x00, 0x00,
    0x00, 0x00, 0x00, 0x00, 0x00, 0x00, 0x00, 0x00, 0x00, 0x00, 0x00, 0x00, 0x00, 0x00, 0x00, 0x00,
    0x00, 0x00, 0x00, 0x00, 0x00, 0x00, 0x00, 0x00, 0x00, 0x00, 0x00, 0x00, 0x00, 0x00, 0x00, 0x00,
    0x00, 0x00, 0x00, 0x00, 0x00, 0x00, 0x00, 0x00, 0x00, 0x00, 0x00, 0x00, 0x00, 0x00, 0x00, 0x00,
    0x00, 0x00, 0x00, 0x00, 0x00, 0x00, 0x00, 0x00, 0x00, 0x00, 0x00, 0x00, 0x00, 0x00, 0x00, 0x00,
    0x00, 0x00, 0x00, 0x00, 0x00, 0x00, 0x00, 0x00, 0x00, 0x00, 0x00, 0x00, 0x00, 0x00, 0x00, 0x00,
    0x00, 0x00, 0x00, 0x00, 0x00, 0x00, 0x00, 0x00, 0x00, 0x00, 0x00, 0x00, 0xE0, 0x07, 0x4A, 0x05,
    0x6C, 0x06, 0xEF, 0x07, 0xE0, 0x07, 0x00, 0x00, 0x00, 0x00, 0x00, 0x00, 0xEF, 0x2F, 0xCC, 0x1E,
    0xCC, 0x1E, 0xCB, 0x1E, 0xCB, 0x1E, 0xAB, 0x1E, 0xAC, 0x1E, 0xAB, 0x1E, 0xAB, 0x1E, 0xAC, 0x1E,
    0xCC, 0x1E, 0xCC, 0x1E, 0xCC, 0x1E, 0xCC, 0x1E, 0xCC, 0x1E, 0xCC, 0x1E, 0xCC, 0x1E, 0xCC, 0x1E,
    0xCC, 0x1E, 0xCC, 0x1E, 0xCC, 0x1E, 0xCC, 0x1E, 0xAC, 0x1E, 0xAC, 0x1E, 0xAC, 0x1E, 0xAC, 0x1E,
    0xAC, 0x1E, 0xAC, 0x1E, 0xAC, 0x1E, 0xAC, 0x1E, 0xAC, 0x1E, 0xAC, 0x1E, 0xAC, 0x1E, 0xAC, 0x1E,
    0xAC, 0x1E, 0xAC, 0x1E, 0xAC, 0x1E, 0xAC, 0x1E, 0xAC, 0x1E, 0xAC, 0x1E, 0xAC, 0x1E, 0xAC, 0x1E,
    0xAC, 0x1E, 0xAC, 0x1E, 0xAC, 0x1E, 0xAC, 0x1E, 0xAC, 0x1E, 0xAC, 0x1E, 0xAC, 0x1E, 0xAC, 0x1E,
    0xAC, 0x1E, 0xAC, 0x1E, 0xAC, 0x1E, 0xAC, 0x1E, 0xAC, 0x1E, 0xAC, 0x1E, 0xAC, 0x1E, 0xAC, 0x1E,
    0xAC, 0x1E, 0xAC, 0x1E, 0xAC, 0x1E, 0xAC, 0x1E, 0xAC, 0x1E, 0xAC, 0x1E, 0xAC, 0x1E, 0xAC, 0x1E,
    0xAC, 0x1E, 0xAC, 0x1E, 0xAC, 0x1E, 0xAC, 0x1E, 0xAC, 0x1E, 0xAC, 0x1E, 0xAC, 0x1E, 0xAC, 0x1E,
    0xAC, 0x1E, 0xAC, 0x1E, 0xAC, 0x1E, 0xAC, 0x1E, 0xAC, 0x1E, 0xAC, 0x1E, 0xAC, 0x1E, 0xAC, 0x1E,
    0xAC, 0x1E, 0xAC, 0x1E, 0xAC, 0x1E, 0xAC, 0x1E, 0xAC, 0x1E, 0xAC, 0x1E, 0xAC, 0x1E, 0xAC, 0x1E,
    0xAC, 0x1E, 0xAC, 0x1E, 0xAC, 0x1E, 0xAC, 0x1E, 0xAC, 0x1E, 0xAC, 0x1E, 0xAC, 0x1E, 0xAC, 0x1E,
    0xAC, 0x1E, 0xAC, 0x1E, 0xAC, 0x1E, 0xAC, 0x1E, 0xCC, 0x1E, 0xCC, 0x1E, 0xCC, 0x1E, 0xCC, 0x1E,
    0xCC, 0x1E, 0xCC, 0x1E, 0xCC, 0x1E, 0xCC, 0x1E, 0xCC, 0x1E, 0xCC, 0x1E, 0xCC, 0x1E, 0xCC, 0x1E,
    0xCC, 0x1E, 0xAB, 0x1E, 0xAC, 0x1E, 0xCC, 0x1E, 0xAB, 0x1E, 0xCC, 0x1E, 0xAB, 0x1E, 0xAC, 0x1E,
    0x8B, 0x1E, 0xAA, 0x2E, 0x00, 0x00, 0x00, 0x00, 0x00, 0x00, 0xE0, 0x07, 0xEF, 0x07, 0x6C, 0x06,
    0x4A, 0x05, 0xE0, 0x07, 0x00, 0x00, 0x00, 0x00, 0x00, 0x00, 0x00, 0x00, 0x00, 0x00, 0x00, 0x00,
    0x00, 0x00, 0x00, 0x00, 0x00, 0x00, 0x00, 0x00, 0x00, 0x00, 0x00, 0x00, 0x00, 0x00, 0x00, 0x00,
    0x00, 0x00, 0x00, 0x00, 0x00, 0x00, 0x00, 0x00, 0x00, 0x00, 0x00, 0x00, 0x00, 0x00, 0x00, 0x00,
    0x00, 0x00, 0x00, 0x00, 0x00, 0x00, 0x00, 0x00, 0x00, 0x00, 0x00, 0x00, 0x00, 0x00, 0x00, 0x00,
    0x00, 0x00, 0x00, 0x00, 0x00, 0x00, 0x00, 0x00, 0x00, 0x00, 0x00, 0x00, 0x00, 0x00, 0x00, 0x00,
    0x00, 0x00, 0x00, 0x00, 0x00, 0x00, 0x00, 0x00, 0x00, 0x00, 0x00, 0x00, 0x00, 0x00, 0x00, 0x00,
    0x00, 0x00, 0x00, 0x00, 0x00, 0x00, 0x00, 0x00, 0x00, 0x00, 0x00, 0x00, 0x00, 0x00, 0x00, 0x00,
    0x00, 0x00, 0x00, 0x00, 0x00, 0x00, 0x00, 0x00, 0x00, 0x00, 0x00, 0x00, 0x00, 0x00, 0x00, 0x00,
    0x00, 0x00, 0x00, 0x00, 0x00, 0x00, 0xEF, 0x07, 0xAA, 0x2E, 0xCD, 0x16, 0xEC, 0x26, 0xCB, 0x1E,
    0xCB, 0x1E, 0xAB, 0x1E, 0xCB, 0x1E, 0xAB, 0x1E, 0xAC, 0x1E, 0xAB, 0x1E, 0xAC, 0x1E, 0xCC, 0x1E,
    0xCC, 0x1E, 0xCC, 0x1E, 0xAC, 0x1E, 0xAB, 0x1E, 0xAC, 0x1E, 0xAB, 0x1E, 0xAB, 0x1E, 0xAB, 0x1E,
    0xAB, 0x1E, 0xAC, 0x1E, 0xAC, 0x1E, 0xAC, 0x1E, 0xAC, 0x1E, 0xAC, 0x1E, 0xAC, 0x1E, 0xAC, 0x1E,
    0xAC, 0x1E, 0xAC, 0x1E, 0xAC, 0x1E, 0xAC, 0x1E, 0xAC, 0x1E, 0xAC, 0x1E, 0xAC, 0x1E, 0xAC, 0x1E,
    0xAC, 0x1E, 0xAC, 0x1E, 0xAC, 0x1E, 0xAC, 0x1E, 0xAC, 0x1E, 0xAC, 0x1E, 0xAC, 0x1E, 0xAC, 0x1E,
    0xAC, 0x1E, 0xAC, 0x1E, 0xAC, 0x1E, 0xAC, 0x1E, 0xAC, 0x1E, 0xAC, 0x1E, 0xAC, 0x1E, 0xAC, 0x1E,
    0xAC, 0x1E, 0xAC, 0x1E, 0xAC, 0x1E, 0xAC, 0x1E, 0xAC, 0x1E, 0xAC, 0x1E, 0xAC, 0x1E, 0xAC, 0x1E,
    0xAC, 0x1E, 0xAC, 0x1E, 0xAC, 0x1E, 0xAC, 0x1E, 0xAC, 0x1E, 0xAC, 0x1E, 0xAC, 0x1E, 0xAC, 0x1E,
    0xAC, 0x1E, 0xAC, 0x1E, 0xAC, 0x1E, 0xAC, 0x1E, 0xAC, 0x1E, 0xAC, 0x1E, 0xAC, 0x1E, 0xAC, 0x1E,
    0xAC, 0x1E, 0xAC, 0x1E, 0xAC, 0x1E, 0xAC, 0x1E, 0xAC, 0x1E, 0xAC, 0x1E, 0xAC, 0x1E, 0xAC, 0x1E,
    0xAC, 0x1E, 0xAC, 0x1E, 0xAC, 0x1E, 0xAC, 0x1E, 0xAC, 0x1E, 0xAC, 0x1E, 0xAC, 0x1E, 0xAC, 0x1E,
    0xAC, 0x1E, 0xAC, 0x1E, 0xAC, 0x1E, 0xAC, 0x1E, 0xAC, 0x1E, 0xAC, 0x1E, 0xAC, 0x1E, 0xAC, 0x1E,
    0xAC, 0x1E, 0xAC, 0x1E, 0xAC, 0x1E, 0xAC, 0x1E, 0xAC, 0x1E, 0xAC, 0x1E, 0xAC, 0x1E, 0xAB, 0x1E,
    0xAB, 0x1E, 0xAB, 0x1E, 0xAB, 0x1E, 0xAC, 0x1E, 0xAB, 0x1E, 0xAC, 0x1E, 0xCC, 0x1E, 0xCC, 0x1E,
    0xEC, 0x1E, 0xAC, 0x1E, 0xAC, 0x1E, 0xCC, 0x1E, 0xAB, 0x1E, 0xCC, 0x1E, 0xAB, 0x1E, 0xAB, 0x1E,
    0x8B, 0x1E, 0xAB, 0x26, 0x4B, 0x16, 0xAA, 0x2E, 0xEF, 0x03, 0x00, 0x00, 0x00, 0x00, 0x00, 0x00,
    0x00, 0x00, 0x00, 0x00, 0x00, 0x00, 0x00, 0x00, 0x00, 0x00, 0x00, 0x00, 0x00, 0x00, 0x00, 0x00,
    0x00, 0x00, 0x00, 0x00, 0x00, 0x00, 0x00, 0x00, 0x00, 0x00, 0x00, 0x00, 0x00, 0x00, 0x00, 0x00,
    0x00, 0x00, 0x00, 0x00, 0x00, 0x00, 0x00, 0x00, 0x00, 0x00, 0x00, 0x00, 0x00, 0x00, 0x00, 0x00,
    0x00, 0x00, 0x00, 0x00, 0x00, 0x00, 0x00, 0x00, 0x00, 0x00, 0x00, 0x00, 0x00, 0x00, 0x00, 0x00,
    0x00, 0x00, 0x00, 0x00, 0x00, 0x00, 0x00, 0x00, 0x00, 0x00, 0x00, 0x00, 0x00, 0x00, 0x00, 0x00,
    0x00, 0x00, 0x00, 0x00, 0x00, 0x00, 0x00, 0x00, 0x00, 0x00, 0x00, 0x00, 0x00, 0x00, 0x00, 0x00,
    0x00, 0x00, 0x00, 0x00, 0x00, 0x00, 0x00, 0x00, 0x00, 0x00, 0x00, 0x00, 0x00, 0x00, 0x00, 0x00,
    0x00, 0x00, 0x00, 0x00, 0x00, 0x00, 0xE0, 0x03, 0xEF, 0x07, 0xFF, 0x07, 0x00, 0x00, 0x00, 0x00,
    0x00, 0x00, 0x00, 0x00, 0x00, 0x00, 0x2C, 0x1F, 0xAC, 0x1E, 0xCC, 0x1E, 0xCC, 0x26, 0xAC, 0x1E,
    0xAB, 0x1E, 0xCB, 0x1E, 0xAB, 0x1E, 0xCB, 0x1E, 0xCC, 0x1E, 0xEC, 0x1E, 0xEC, 0x1E, 0x0C, 0x1F,
    0xEC, 0x1E, 0xCC, 0x1E, 0xAC, 0x1E, 0xCB, 0x1E, 0xAC, 0x1E, 0xAC, 0x1E, 0xAB, 0x1E, 0xAB, 0x1E,
    0xAB, 0x1E, 0xAB, 0x1E, 0xAB, 0x1E, 0xAC, 0x1E, 0xAC, 0x1E, 0xAC, 0x1E, 0xAC, 0x1E, 0xAC, 0x1E,
    0xAC, 0x1E, 0xAC, 0x1E, 0xAC, 0x1E, 0xAC, 0x1E, 0xAC, 0x1E, 0xAC, 0x1E, 0xAC, 0x1E, 0xAC, 0x1E,
    0xAC, 0x1E, 0xAC, 0x1E, 0xAC, 0x1E, 0xAC, 0x1E, 0xAC, 0x1E, 0xAC, 0x1E, 0xAC, 0x1E, 0xAC, 0x1E,
    0xAC, 0x1E, 0xAC, 0x1E, 0xAC, 0x1E, 0xAC, 0x1E, 0xAC, 0x1E, 0xAC, 0x1E, 0xAC, 0x1E, 0xAC, 0x1E,
    0xAC, 0x1E, 0xAC, 0x1E, 0xAC, 0x1E, 0xAC, 0x1E, 0xAC, 0x1E, 0xAC, 0x1E, 0xAC, 0x1E, 0xAC, 0x1E,
    0xAC, 0x1E, 0xAC, 0x1E, 0xAC, 0x1E, 0xAC, 0x1E, 0xAC, 0x1E, 0xAC, 0x1E, 0xAC, 0x1E, 0xAC, 0x1E,
    0xAC, 0x1E, 0xAC, 0x1E, 0xAC, 0x1E, 0xAC, 0x1E, 0xAC, 0x1E, 0xAC, 0x1E, 0xAC, 0x1E, 0xAC, 0x1E,
    0xAC, 0x1E, 0xAC, 0x1E, 0xAC, 0x1E, 0xAC, 0x1E, 0xAC, 0x1E, 0xAC, 0x1E, 0xAC, 0x1E, 0xAC, 0x1E,
    0xAC, 0x1E, 0xAC, 0x1E, 0xAC, 0x1E, 0xAC, 0x1E, 0xAC, 0x1E, 0xAC, 0x1E, 0xAC, 0x1E, 0xAC, 0x1E,
    0xAC, 0x1E, 0xAC, 0x1E, 0xAC, 0x1E, 0xAC, 0x1E, 0xAC, 0x1E, 0xAC, 0x1E, 0xAC, 0x1E, 0xAC, 0x1E,
    0xAC, 0x1E, 0xAC, 0x1E, 0xAC, 0x1E, 0xAC, 0x1E, 0xAC, 0x1E, 0xAB, 0x1E, 0xAB, 0x1E, 0xAB, 0x1E,
    0xAB, 0x1E, 0xAB, 0x1E, 0xAC, 0x1E, 0xAC, 0x1E, 0xCB, 0x1E, 0xAC, 0x1E, 0xCC, 0x1E, 0xEC, 0x1E,
    0x0C, 0x1F, 0xEC, 0x1E, 0xCC, 0x1E, 0xCC, 0x1E, 0xCC, 0x1E, 0xAB, 0x1E, 0xCC, 0x1E, 0xAB, 0x1E,
    0xAB, 0x1E, 0xAB, 0x26, 0xAC, 0x1E, 0xAC, 0x1E, 0x6C, 0x1E, 0x00, 0x00, 0x00, 0x00, 0x00, 0x00,
    0x00, 0x00, 0x00, 0x00, 0xEF, 0x03, 0x4A, 0x05, 0xE0, 0x03, 0x00, 0x00, 0x00, 0x00, 0x00, 0x00,
    0x00, 0x00, 0x00, 0x00, 0x00, 0x00, 0x00, 0x00, 0x00, 0x00, 0x00, 0x00, 0x00, 0x00, 0x00, 0x00,
    0x00, 0x00, 0x00, 0x00, 0x00, 0x00, 0x00, 0x00, 0x00, 0x00, 0x00, 0x00, 0x00, 0x00, 0x00, 0x00,
    0x00, 0x00, 0x00, 0x00, 0x00, 0x00, 0x00, 0x00, 0x00, 0x00, 0x00, 0x00, 0x00, 0x00, 0x00, 0x00,
    0x00, 0x00, 0x00, 0x00, 0x00, 0x00, 0x00, 0x00, 0x00, 0x00, 0x00, 0x00, 0x00, 0x00, 0x00, 0x00,
    0x00, 0x00, 0x00, 0x00, 0x00, 0x00, 0x00, 0x00, 0x00, 0x00, 0x00, 0x00, 0x00, 0x00, 0x00, 0x00,
    0x00, 0x00, 0x00, 0x00, 0x00, 0x00, 0x00, 0x00, 0x00, 0x00, 0x00, 0x00, 0x00, 0x00, 0x00, 0x00,
    0x00, 0x00, 0x00, 0x00, 0xE0, 0x07, 0xEA, 0x07, 0x6C, 0x06, 0xEF, 0x05, 0x00, 0x00, 0x00, 0x00,
    0x00, 0x00, 0x00, 0x00, 0x73, 0x36, 0x8B, 0x1E, 0xAB, 0x1E, 0xCC, 0x1E, 0xCC, 0x1E, 0xAB, 0x1E,
    0xAB, 0x1E, 0xAB, 0x1E, 0xCB, 0x1E, 0xCC, 0x1E, 0xCC, 0x1E, 0xEC, 0x1E, 0xEC, 0x1E, 0xEC, 0x1E,
    0xEC, 0x1E, 0xCC, 0x1E, 0xAC, 0x1E, 0xAB, 0x1E, 0xAB, 0x1E, 0xAB, 0x1E, 0xAC, 0x1E, 0xAC, 0x1E,
    0xAC, 0x1E, 0xAC, 0x1E, 0xAC, 0x1E, 0xAC, 0x1E, 0xAC, 0x1E, 0xAC, 0x1E, 0xAC, 0x1E, 0xAC, 0x1E,
    0xAC, 0x1E, 0xAC, 0x1E, 0xAC, 0x1E, 0xAC, 0x1E, 0xAC, 0x1E, 0xAC, 0x1E, 0xAC, 0x1E, 0xAC, 0x1E,
    0xAC, 0x1E, 0xAC, 0x1E, 0xAC, 0x1E, 0xAC, 0x1E, 0xAC, 0x1E, 0xAC, 0x1E, 0xAC, 0x1E, 0xAC, 0x1E,
    0xAC, 0x1E, 0xAC, 0x1E, 0xAC, 0x1E, 0xAC, 0x1E, 0xAC, 0x1E, 0xAC, 0x1E, 0xAC, 0x1E, 0xAC, 0x1E,
    0xAC, 0x1E, 0xAC, 0x1E, 0xAC, 0x1E, 0xAC, 0x1E, 0xAC, 0x1E, 0xAC, 0x1E, 0xAC, 0x1E, 0xAC, 0x1E,
    0xAC, 0x1E, 0xAC, 0x1E, 0xAC, 0x1E, 0xAC, 0x1E, 0xAC, 0x1E, 0xAC, 0x1E, 0xAC, 0x1E, 0xAC, 0x1E,
    0xAC, 0x1E, 0xAC, 0x1E, 0xAC, 0x1E, 0xAC, 0x1E, 0xAC, 0x1E, 0xAC, 0x1E, 0xAC, 0x1E, 0xAC, 0x1E,
    0xAC, 0x1E, 0xAC, 0x1E, 0xAC, 0x1E, 0xAC, 0x1E, 0xAC, 0x1E, 0xAC, 0x1E, 0xAC, 0x1E, 0xAC, 0x1E,
    0xAC, 0x1E, 0xAC, 0x1E, 0xAC, 0x1E, 0xAC, 0x1E, 0xAC, 0x1E, 0xAC, 0x1E, 0xAC, 0x1E, 0xAC, 0x1E,
    0xAC, 0x1E, 0xAC, 0x1E, 0xAC, 0x1E, 0xAC, 0x1E, 0xAC, 0x1E, 0xAC, 0x1E, 0xAC, 0x1E, 0xAC, 0x1E,
    0xAC, 0x1E, 0xAC, 0x1E, 0xAC, 0x1E, 0xAC, 0x1E, 0xAC, 0x1E, 0xAC, 0x1E, 0xAC, 0x1E, 0xAC, 0x1E,
    0xAC, 0x1E, 0xAC, 0x1E, 0xAB, 0x1E, 0xAB, 0x1E, 0xAB, 0x1E, 0xAC, 0x1E, 0xCC, 0x1E, 0xEC, 0x1E,
    0xEC, 0x1E, 0xEC, 0x1E, 0xEC, 0x1E, 0xCC, 0x1E, 0xCC, 0x1E, 0xAB, 0x1E, 0xAB, 0x1E, 0xAB, 0x1E,
    0xAC, 0x1E, 0xAB, 0x1E, 0xCB, 0x1E, 0xCC, 0x26, 0x6B, 0x1E, 0x6C, 0x36, 0x00, 0x00, 0x00, 0x00,
    0x00, 0x00, 0x00, 0x00, 0xEF, 0x05, 0x6C, 0x06, 0xEA, 0x07, 0xE0, 0x07, 0x00, 0x00, 0x00, 0x00,
    0x00, 0x00, 0x00, 0x00, 0x00, 0x00, 0x00, 0x00, 0x00, 0x00, 0x00, 0x00, 0x00, 0x00, 0x00, 0x00,
    0x00, 0x00, 0x00, 0x00, 0x00, 0x00, 0x00, 0x00, 0x00, 0x00, 0x00, 0x00, 0x00, 0x00, 0x00, 0x00,
    0x00, 0x00, 0x00, 0x00, 0x00, 0x00, 0x00, 0x00, 0x00, 0x00, 0x00, 0x00, 0x00, 0x00, 0x00, 0x00,
    0x00, 0x00, 0x00, 0x00, 0x00, 0x00, 0x00, 0x00, 0x00, 0x00, 0x00, 0x00, 0x00, 0x00, 0x00, 0x00,
    0x00, 0x00, 0x00, 0x00, 0x00, 0x00, 0x00, 0x00, 0x00, 0x00, 0x00, 0x00, 0x00, 0x00, 0x00, 0x00,
    0x00, 0x00, 0x00, 0x00, 0x00, 0x00, 0x00, 0x00, 0x00, 0x00, 0x00, 0x00, 0x00, 0x00, 0x00, 0x00,
    0x00, 0x00, 0x00, 0x00, 0xE0, 0x07, 0x4A, 0x05, 0xEF, 0x07, 0xEF, 0x05, 0x00, 0x00, 0x00, 0x00,
    0x00, 0x00, 0xEF, 0x3D, 0x8D, 0x26, 0xCC, 0x1E, 0xAB, 0x1E, 0xAC, 0x1E, 0xCB, 0x1E, 0xAB, 0x1E,
    0xAC, 0x1E, 0xCB, 0x1E, 0xAB, 0x1E, 0xCC, 0x1E, 0xCC, 0x1E, 0xCC, 0x1E, 0xCC, 0x1E, 0xCC, 0x1E,
    0xCC, 0x1E, 0xCC, 0x1E, 0xAC, 0x1E, 0xAC, 0x1E, 0xAC, 0x1E, 0xAC, 0x1E, 0xAC, 0x1E, 0xAC, 0x1E,
    0xAC, 0x1E, 0xAC, 0x1E, 0xAC, 0x1E, 0xAC, 0x1E, 0xAC, 0x1E, 0xAC, 0x1E, 0xAC, 0x1E, 0xAC, 0x1E,
    0xAC, 0x1E, 0xAC, 0x1E, 0xAC, 0x1E, 0xAC, 0x1E, 0xAC, 0x1E, 0xAC, 0x1E, 0xAC, 0x1E, 0xAC, 0x1E,
    0xAC, 0x1E, 0xAC, 0x1E, 0xAC, 0x1E, 0xAC, 0x1E, 0xAC, 0x1E, 0xAC, 0x1E, 0xAC, 0x1E, 0xAC, 0x1E,
    0xAC, 0x1E, 0xAC, 0x1E, 0xAC, 0x1E, 0xAC, 0x1E, 0xAC, 0x1E, 0xAC, 0x1E, 0xAC, 0x1E, 0xAC, 0x1E,
    0xAC, 0x1E, 0xAC, 0x1E, 0xAC, 0x1E, 0xAC, 0x1E, 0xAC, 0x1E, 0xAC, 0x1E, 0xAC, 0x1E, 0xAC, 0x1E,
    0xAC, 0x1E, 0xAC, 0x1E, 0xAC, 0x1E, 0xAC, 0x1E, 0xAC, 0x1E, 0xAC, 0x1E, 0xAC, 0x1E, 0xAC, 0x1E,
    0xAC, 0x1E, 0xAC, 0x1E, 0xAC, 0x1E, 0xAC, 0x1E, 0xAC, 0x1E, 0xAC, 0x1E, 0xAC, 0x1E, 0xAC, 0x1E,
    0xAC, 0x1E, 0xAC, 0x1E, 0xAC, 0x1E, 0xAC, 0x1E, 0xAC, 0x1E, 0xAC, 0x1E, 0xAC, 0x1E, 0xAC, 0x1E,
    0xAC, 0x1E, 0xAC, 0x1E, 0xAC, 0x1E, 0xAC, 0x1E, 0xAC, 0x1E, 0xAC, 0x1E, 0xAC, 0x1E, 0xAC, 0x1E,
    0xAC, 0x1E, 0xAC, 0x1E, 0xAC, 0x1E, 0xAC, 0x1E, 0xAC, 0x1E, 0xAC, 0x1E, 0xAC, 0x1E, 0xAC, 0x1E,
    0xAC, 0x1E, 0xAC, 0x1E, 0xAC, 0x1E, 0xAC, 0x1E, 0xAC, 0x1E, 0xAC, 0x1E, 0xAC, 0x1E, 0xAC, 0x1E,
    0xAC, 0x1E, 0xAC, 0x1E, 0xAC, 0x1E, 0xAC, 0x1E, 0xAC, 0x1E, 0xCC, 0x1E, 0xCC, 0x1E, 0xCC, 0x1E,
    0xCC, 0x1E, 0xCC, 0x1E, 0xCC, 0x1E, 0xCC, 0x1E, 0xCC, 0x1E, 0xAB, 0x1E, 0xCB, 0x1E, 0xAC, 0x1E,
    0xAB, 0x1E, 0xAB, 0x1E, 0xAC, 0x1E, 0xCC, 0x1E, 0xAB, 0x1E, 0x8B, 0x26, 0xEA, 0x57, 0x00, 0x00,
    0x00, 0x00, 0x00, 0x00, 0xCC, 0x04, 0x6C, 0x06, 0xEF, 0x07, 0xE0, 0x07, 0x00, 0x00, 0x00, 0x00,
    0x00, 0x00, 0x00, 0x00, 0x00, 0x00, 0x00, 0x00, 0x00, 0x00, 0x00, 0x00, 0x00, 0x00, 0x00, 0x00,
    0x00, 0x00, 0x00, 0x00, 0x00, 0x00, 0x00, 0x00, 0x00, 0x00, 0x00, 0x00, 0x00, 0x00, 0x00, 0x00,
    0x00, 0x00, 0x00, 0x00, 0x00, 0x00, 0x00, 0x00, 0x00, 0x00, 0x00, 0x00, 0x00, 0x00, 0x00, 0x00,
    0x00, 0x00, 0x00, 0x00, 0x00, 0x00, 0x00, 0x00, 0x00, 0x00, 0x00, 0x00, 0x00, 0x00, 0x00, 0x00,
    0x00, 0x00, 0x00, 0x00, 0x00, 0x00, 0x00, 0x00, 0x00, 0x00, 0x00, 0x00, 0x00, 0x00, 0x00, 0x00,
    0x00, 0x00, 0x00, 0x00, 0x00, 0x00, 0x00, 0x00, 0x00, 0x00, 0x00, 0x00, 0x00, 0x00, 0x00, 0x00,
    0x00, 0x00, 0x00, 0x00, 0x00, 0x00, 0x00, 0x00, 0x00, 0x00, 0x00, 0x00, 0x00, 0x00, 0xEA, 0x07,
    0x2A, 0x1E, 0xAC, 0x1E, 0x8C, 0x1E, 0xAC, 0x1E, 0xAB, 0x1E, 0xAB, 0x1E, 0xAB, 0x1E, 0xAB, 0x1E,
    0xAB, 0x1E, 0xAC, 0x1E, 0xCC, 0x1E, 0xCC, 0x1E, 0xCC, 0x1E, 0xCC, 0x1E, 0xAB, 0x1E, 0xAB, 0x1E,
    0xAC, 0x1E, 0xAB, 0x1E, 0xAC, 0x1E, 0xAC, 0x1E, 0xAC, 0x1E, 0xAC, 0x1E, 0xAC, 0x1E, 0xAC, 0x1E,
    0xAC, 0x1E, 0xAC, 0x1E, 0xAC, 0x1E, 0xAC, 0x1E, 0xAC, 0x1E, 0xAC, 0x1E, 0xAC, 0x1E, 0xAC, 0x1E,
    0xAC, 0x1E, 0xAC, 0x1E, 0xAC, 0x1E, 0xAC, 0x1E, 0xAC, 0x1E, 0xAC, 0x1E, 0xAC, 0x1E, 0xAC, 0x1E,
    0xAC, 0x1E, 0xAC, 0x1E, 0xAC, 0x1E, 0xAC, 0x1E, 0xAC, 0x1E, 0xAC, 0x1E, 0xAC, 0x1E, 0xAC, 0x1E,
    0xAC, 0x1E, 0xAC, 0x1E, 0xAC, 0x1E, 0xAC, 0x1E, 0xAC, 0x1E, 0xAC, 0x1E, 0xAC, 0x1E, 0xAC, 0x1E,
    0xAC, 0x1E, 0xAC, 0x1E, 0xAC, 0x1E, 0xAC, 0x1E, 0xAC, 0x1E, 0xAC, 0x1E, 0xAC, 0x1E, 0xAC, 0x1E,
    0xAC, 0x1E, 0xAC, 0x1E, 0xAC, 0x1E, 0xAC, 0x1E, 0xAC, 0x1E, 0xAC, 0x1E, 0xAC, 0x1E, 0xAC, 0x1E,
    0xAC, 0x1E, 0xAC, 0x1E, 0xAC, 0x1E, 0xAC, 0x1E, 0xAC, 0x1E, 0xAC, 0x1E, 0xAC, 0x1E, 0xAC, 0x1E,
    0xAC, 0x1E, 0xAC, 0x1E, 0xAC, 0x1E, 0xAC, 0x1E, 0xAC, 0x1E, 0xAC, 0x1E, 0xAC, 0x1E, 0xAC, 0x1E,
    0xAC, 0x1E, 0xAC, 0x1E, 0xAC, 0x1E, 0xAC, 0x1E, 0xAC, 0x1E, 0xAC, 0x1E, 0xAC, 0x1E, 0xAC, 0x1E,
    0xAC, 0x1E, 0xAC, 0x1E, 0xAC, 0x1E, 0xAC, 0x1E, 0xAC, 0x1E, 0xAC, 0x1E, 0xAC, 0x1E, 0xAC, 0x1E,
    0xAC, 0x1E, 0xAC, 0x1E, 0xAC, 0x1E, 0xAC, 0x1E, 0xAC, 0x1E, 0xAC, 0x1E, 0xAC, 0x1E, 0xAC, 0x1E,
    0xAC, 0x1E, 0xAC, 0x1E, 0xAC, 0x1E, 0xAC, 0x1E, 0xAC, 0x1E, 0xAC, 0x1E, 0xAB, 0x1E, 0xAC, 0x1E,
    0xAB, 0x1E, 0xAB, 0x1E, 0xCC, 0x1E, 0xCC, 0x1E, 0xCC, 0x1E, 0xCC, 0x1E, 0xAC, 0x1E, 0xAB, 0x1E,
    0xAC, 0x1E, 0xAB, 0x1E, 0xAB, 0x1E, 0xCC, 0x1E, 0xAB, 0x1E, 0xAC, 0x1E, 0xEA, 0x1E, 0xEB, 0x1E,
    0xEA, 0x07, 0x00, 0x00, 0x00, 0x00, 0x00, 0x00, 0x00, 0x00, 0x00, 0x00, 0x00, 0x00, 0x00, 0x00,
    0x00, 0x00, 0x00, 0x00, 0x00, 0x00, 0x00, 0x00, 0x00, 0x00, 0x00, 0x00, 0x00, 0x00, 0x00, 0x00,
    0x00, 0x00, 0x00, 0x00, 0x00, 0x00, 0x00, 0x00, 0x00, 0x00, 0x00, 0x00, 0x00, 0x00, 0x00, 0x00,
    0x00, 0x00, 0x00, 0x00, 0x00, 0x00, 0x00, 0x00, 0x00, 0x00, 0x00, 0x00, 0x00, 0x00, 0x00, 0x00,
    0x00, 0x00, 0x00, 0x00, 0x00, 0x00, 0x00, 0x00, 0x00, 0x00, 0x00, 0x00, 0x00, 0x00, 0x00, 0x00,
    0x00, 0x00, 0x00, 0x00, 0x00, 0x00, 0x00, 0x00, 0x00, 0x00, 0x00, 0x00, 0x00, 0x00, 0x00, 0x00,
    0x00, 0x00, 0x00, 0x00, 0x00, 0x00, 0x00, 0x00, 0x00, 0x00, 0x00, 0x00, 0x00, 0x00, 0xE0, 0x07,
    0x4A, 0x05, 0xE0, 0x07, 0x00, 0x00, 0x00, 0x00, 0x00, 0x00, 0x00, 0x00, 0xEF, 0x7F, 0x6B, 0x1E,
    0xCB, 0x1E, 0xAC, 0x1E, 0xAC, 0x1E, 0xAB, 0x1E, 0xAB, 0x1E, 0xAB, 0x1E, 0xAC, 0x1E, 0xAC, 0x1E,
    0xCC, 0x1E, 0xEC, 0x26, 0xEC, 0x1E, 0xEC, 0x1E, 0xCC, 0x1E, 0xCC, 0x1E, 0xAB, 0x1E, 0xAB, 0x1E,
    0xAC, 0x1E, 0xAB, 0x1E, 0xAC, 0x1E, 0xAC, 0x1E, 0xAC, 0x1E, 0xAC, 0x1E, 0xAC, 0x1E, 0xAC, 0x1E,
    0xAC, 0x1E, 0xAC, 0x1E, 0xAC, 0x1E, 0xAC, 0x1E, 0xAC, 0x1E, 0xAC, 0x1E, 0xAC, 0x1E, 0xAC, 0x1E,
    0xAC, 0x1E, 0xAC, 0x1E, 0xAC, 0x1E, 0xAC, 0x1E, 0xAC, 0x1E, 0xAC, 0x1E, 0xAC, 0x1E, 0xAC, 0x1E,
    0xAC, 0x1E, 0xAC, 0x1E, 0xAC, 0x1E, 0xAC, 0x1E, 0xAC, 0x1E, 0xAC, 0x1E, 0xAC, 0x1E, 0xAC, 0x1E,
    0xAC, 0x1E, 0xAC, 0x1E, 0xAC, 0x1E, 0xAC, 0x1E, 0xAC, 0x1E, 0xAC, 0x1E, 0xAC, 0x1E, 0xAC, 0x1E,
    0xAC, 0x1E, 0xAC, 0x1E, 0xAC, 0x1E, 0xAC, 0x1E, 0xAC, 0x1E, 0xAC, 0x1E, 0xAC, 0x1E, 0xAC, 0x1E,
    0xAC, 0x1E, 0xAC, 0x1E, 0xAC, 0x1E, 0xAC, 0x1E, 0xAC, 0x1E, 0xAC, 0x1E, 0xAC, 0x1E, 0xAC, 0x1E,
    0xAC, 0x1E, 0xAC, 0x1E, 0xAC, 0x1E, 0xAC, 0x1E, 0xAC, 0x1E, 0xAC, 0x1E, 0xAC, 0x1E, 0xAC, 0x1E,
    0xAC, 0x1E, 0xAC, 0x1E, 0xAC, 0x1E, 0xAC, 0x1E, 0xAC, 0x1E, 0xAC, 0x1E, 0xAC, 0x1E, 0xAC, 0x1E,
    0xAC, 0x1E, 0xAC, 0x1E, 0xAC, 0x1E, 0xAC, 0x1E, 0xAC, 0x1E, 0xAC, 0x1E, 0xAC, 0x1E, 0xAC, 0x1E,
    0xAC, 0x1E, 0xAC, 0x1E, 0xAC, 0x1E, 0xAC, 0x1E, 0xAC, 0x1E, 0xAC, 0x1E, 0xAC, 0x1E, 0xAC, 0x1E,
    0xAC, 0x1E, 0xAC, 0x1E, 0xAC, 0x1E, 0xAC, 0x1E, 0xAC, 0x1E, 0xAC, 0x1E, 0xAC, 0x1E, 0xAC, 0x1E,
    0xAC, 0x1E, 0xAC, 0x1E, 0xAC, 0x1E, 0xAC, 0x1E, 0xAC, 0x1E, 0xAC, 0x1E, 0xAB, 0x1E, 0xAC, 0x1E,
    0xAB, 0x1E, 0xAB, 0x1E, 0xCC, 0x1E, 0xCC, 0x1E, 0xEC, 0x1E, 0xEC, 0x1E, 0xEC, 0x26, 0xCC, 0x1E,
    0xCC, 0x1E, 0xAC, 0x1E, 0xAB, 0x1E, 0xAB, 0x1E, 0xAB, 0x1E, 0xAC, 0x1E, 0xCB, 0x1E, 0xAB, 0x1E,
    0xEC, 0x26, 0xEF, 0x7F, 0x00, 0x00, 0x00, 0x00, 0x00, 0x00, 0x00, 0x00, 0xE0, 0x07, 0x4A, 0x05,
    0xE0, 0x07, 0x00, 0x00, 0x00, 0x00, 0x00, 0x00, 0x00, 0x00, 0x00, 0x00, 0x00, 0x00, 0x00, 0x00,
    0x00, 0x00, 0x00, 0x00, 0x00, 0x00, 0x00, 0x00, 0x00, 0x00, 0x00, 0x00, 0x00, 0x00, 0x00, 0x00,
    0x00, 0x00, 0x00, 0x00, 0x00, 0x00, 0x00, 0x00, 0x00, 0x00, 0x00, 0x00, 0x00, 0x00, 0x00, 0x00,
    0x00, 0x00, 0x00, 0x00, 0x00, 0x00, 0x00, 0x00, 0x00, 0x00, 0x00, 0x00, 0x00, 0x00, 0x00, 0x00,
    0x00, 0x00, 0x00, 0x00, 0x00, 0x00, 0x00, 0x00, 0x00, 0x00, 0x00, 0x00, 0x00, 0x00, 0x00, 0x00,
    0x00, 0x00, 0x00, 0x00, 0x00, 0x00, 0x00, 0x00, 0x00, 0x00, 0x00, 0x00, 0xE0, 0x07, 0xEF, 0x07,
    0x66, 0x06, 0xE7, 0x07, 0x00, 0x00, 0x00, 0x00, 0x00, 0x00, 0x00, 0x00, 0x4A, 0x2F, 0xAB, 0x26,
    0xCC, 0x1E, 0xAC, 0x1E, 0xAC, 0x1E, 0xAB, 0x1E, 0xAC, 0x1E, 0xAB, 0x1E, 0xAB, 0x1E, 0xCC, 0x1E,
    0xEC, 0x26, 0xEC, 0x1E, 0xEC, 0x1E, 0xCC, 0x1E, 0xCC, 0x1E, 0xAC, 0x1E, 0xAB, 0x1E, 0xAC, 0x1E,
    0xAB, 0x1E, 0xAC, 0x1E, 0xAC, 0x1E, 0xAC, 0x1E, 0xAC, 0x1E, 0xAC, 0x1E, 0xAC, 0x1E, 0xAC, 0x1E,
    0xAC, 0x1E, 0xAC, 0x1E, 0xAC, 0x1E, 0xAC, 0x1E, 0xAC, 0x1E, 0xAC, 0x1E, 0xAC, 0x1E, 0xAC, 0x1E,
    0xAC, 0x1E, 0xAC, 0x1E, 0xAC, 0x1E, 0xAC, 0x1E, 0xAC, 0x1E, 0xAC, 0x1E, 0xAC, 0x1E, 0xAC, 0x1E,
    0xAC, 0x1E, 0xAC, 0x1E, 0xAC, 0x1E, 0xAC, 0x1E, 0xAC, 0x1E, 0xAC, 0x1E, 0xAC, 0x1E, 0xAC, 0x1E,
    0xAC, 0x1E, 0xAC, 0x1E, 0xAC, 0x1E, 0xAC, 0x1E, 0xAC, 0x1E, 0xAC, 0x1E, 0xAC, 0x1E, 0xAC, 0x1E,
    0xAC, 0x1E, 0xAC, 0x1E, 0xAC, 0x1E, 0xAC, 0x1E, 0xAC, 0x1E, 0xAC, 0x1E, 0xAC, 0x1E, 0xAC, 0x1E,
    0xAC, 0x1E, 0xAC, 0x1E, 0xAC, 0x1E, 0xAC, 0x1E, 0xAC, 0x1E, 0xAC, 0x1E, 0xAC, 0x1E, 0xAC, 0x1E,
    0xAC, 0x1E, 0xAC, 0x1E, 0xAC, 0x1E, 0xAC, 0x1E, 0xAC, 0x1E, 0xAC, 0x1E, 0xAC, 0x1E, 0xAC, 0x1E,
    0xAC, 0x1E, 0xAC, 0x1E, 0xAC, 0x1E, 0xAC, 0x1E, 0xAC, 0x1E, 0xAC, 0x1E, 0xAC, 0x1E, 0xAC, 0x1E,
    0xAC, 0x1E, 0xAC, 0x1E, 0xAC, 0x1E, 0xAC, 0x1E, 0xAC, 0x1E, 0xAC, 0x1E, 0xAC, 0x1E, 0xAC, 0x1E,
    0xAC, 0x1E, 0xAC, 0x1E, 0xAC, 0x1E, 0xAC, 0x1E, 0xAC, 0x1E, 0xAC, 0x1E, 0xAC, 0x1E, 0xAC, 0x1E,
    0xAC, 0x1E, 0xAC, 0x1E, 0xAC, 0x1E, 0xAC, 0x1E, 0xAC, 0x1E, 0xAC, 0x1E, 0xAC, 0x1E, 0xAC, 0x1E,
    0xAC, 0x1E, 0xAC, 0x1E, 0xAC, 0x1E, 0xAC, 0x1E, 0xAC, 0x1E, 0xAC, 0x1E, 0xAC, 0x1E, 0xAB, 0x1E,
    0xAC, 0x1E, 0xAB, 0x1E, 0xAC, 0x1E, 0xCC, 0x1E, 0xCC, 0x1E, 0xEC, 0x1E, 0xEC, 0x1E, 0xEC, 0x26,
    0xCC, 0x1E, 0xAC, 0x1E, 0xAB, 0x1E, 0xAB, 0x1E, 0xCC, 0x1E, 0xAB, 0x1E, 0xCB, 0x1E, 0xCC, 0x1E,
    0xAB, 0x26, 0xAA, 0x2E, 0x00, 0x00, 0x00, 0x00, 0x00, 0x00, 0x00, 0x00, 0xE7, 0x07, 0x66, 0x06,
    0xEF, 0x03, 0xE0, 0x07, 0x00, 0x00, 0x00, 0x00, 0x00, 0x00, 0x00, 0x00, 0x00, 0x00, 0x00, 0x00,
    0x00, 0x00, 0x00, 0x00, 0x00, 0x00, 0x00, 0x00, 0x00, 0x00, 0x00, 0x00, 0x00, 0x00, 0x00, 0x00,
    0x00, 0x00, 0x00, 0x00, 0x00, 0x00, 0x00, 0x00, 0x00, 0x00, 0x00, 0x00, 0x00, 0x00, 0x00, 0x00,
    0x00, 0x00, 0x00, 0x00, 0x00, 0x00, 0x00, 0x00, 0x00, 0x00, 0x00, 0x00, 0x00, 0x00, 0x00, 0x00,
    0x00, 0x00, 0x00, 0x00, 0x00, 0x00, 0x00, 0x00, 0x00, 0x00, 0x00, 0x00, 0x00, 0x00, 0x00, 0x00,
    0x00, 0x00, 0x00, 0x00, 0x00, 0x00, 0x00, 0x00, 0xE0, 0x07, 0x00, 0x00, 0x00, 0x00, 0xE0, 0x07,
    0xE7, 0x07, 0xE7, 0x07, 0xE0, 0x07, 0x00, 0x00, 0x00, 0x00, 0x2C, 0x37, 0xEB, 0x26, 0x8B, 0x1E,
    0xCC, 0x1E, 0xAC, 0x1E, 0xAB, 0x1E, 0xAB, 0x1E, 0xAB, 0x1E, 0xAB, 0x1E, 0xAB, 0x1E, 0xCC, 0x1E,
    0xEC, 0x1E, 0xCC, 0x1E, 0xCC, 0x1E, 0xAC, 0x1E, 0xAC, 0x1E, 0xCC, 0x1E, 0xAC, 0x1E, 0xAC, 0x1E,
    0xAC, 0x1E, 0xAC, 0x1E, 0xAC, 0x1E, 0xAC, 0x1E, 0xAC, 0x1E, 0xAC, 0x1E, 0xAC, 0x1E, 0xAC, 0x1E,
    0xAC, 0x1E, 0xAC, 0x1E, 0xAC, 0x1E, 0xAC, 0x1E, 0xAC, 0x1E, 0xAC, 0x1E, 0xAC, 0x1E, 0xAC, 0x1E,
    0xAC, 0x1E, 0xAC, 0x1E, 0xAC, 0x1E, 0xAC, 0x1E, 0xAC, 0x1E, 0xAC, 0x1E, 0xAC, 0x1E, 0xAC, 0x1E,
    0xAC, 0x1E, 0xAC, 0x1E, 0xAC, 0x1E, 0xAC, 0x1E, 0xAC, 0x1E, 0xAC, 0x1E, 0xAC, 0x1E, 0xAC, 0x1E,
    0xAC, 0x1E, 0xAC, 0x1E, 0xAC, 0x1E, 0xAC, 0x1E, 0xAC, 0x1E, 0xAC, 0x1E, 0xAC, 0x1E, 0xAC, 0x1E,
    0xAC, 0x1E, 0xAC, 0x1E, 0xAC, 0x1E, 0xAC, 0x1E, 0xAC, 0x1E, 0xAC, 0x1E, 0xAC, 0x1E, 0xAC, 0x1E,
    0xAC, 0x1E, 0xAC, 0x1E, 0xAC, 0x1E, 0xAC, 0x1E, 0xAC, 0x1E, 0xAC, 0x1E, 0xAC, 0x1E, 0xAC, 0x1E,
    0xAC, 0x1E, 0xAC, 0x1E, 0xAC, 0x1E, 0xAC, 0x1E, 0xAC, 0x1E, 0xAC, 0x1E, 0xAC, 0x1E, 0xAC, 0x1E,
    0xAC, 0x1E, 0xAC, 0x1E, 0xAC, 0x1E, 0xAC, 0x1E, 0xAC, 0x1E, 0xAC, 0x1E, 0xAC, 0x1E, 0xAC, 0x1E,
    0xAC, 0x1E, 0xAC, 0x1E, 0xAC, 0x1E, 0xAC, 0x1E, 0xAC, 0x1E, 0xAC, 0x1E, 0xAC, 0x1E, 0xAC, 0x1E,
    0xAC, 0x1E, 0xAC, 0x1E, 0xAC, 0x1E, 0xAC, 0x1E, 0xAC, 0x1E, 0xAC, 0x1E, 0xAC, 0x1E, 0xAC, 0x1E,
    0xAC, 0x1E, 0xAC, 0x1E, 0xAC, 0x1E, 0xAC, 0x1E, 0xAC, 0x1E, 0xAC, 0x1E, 0xAC, 0x1E, 0xAC, 0x1E,
    0xAC, 0x1E, 0xAC, 0x1E, 0xAC, 0x1E, 0xAC, 0x1E, 0xAC, 0x1E, 0xAC, 0x1E, 0xAC, 0x1E, 0xAC, 0x1E,
    0xAC, 0x1E, 0xAC, 0x1E, 0xCC, 0x1E, 0xAC, 0x1E, 0xAC, 0x1E, 0xCC, 0x1E, 0xCC, 0x1E, 0xEC, 0x1E,
    0xCC, 0x1E, 0xAC, 0x1E, 0xAB, 0x1E, 0xAB, 0x1E, 0xAB, 0x1E, 0xAB, 0x1E, 0xCB, 0x1E, 0xAB, 0x1E,
    0x8B, 0x1E, 0xAB, 0x26, 0x6C, 0x36, 0x00, 0x00, 0x00, 0x00, 0xE0, 0x07, 0xE7, 0x07, 0xE7, 0x07,
    0xE0, 0x07, 0x00, 0x00, 0x00, 0x00, 0xE0, 0x07, 0x00, 0x00, 0x00, 0x00, 0x00, 0x00, 0x00, 0x00,
    0x00, 0x00, 0x00, 0x00, 0x00, 0x00, 0x00, 0x00, 0x00, 0x00, 0x00, 0x00, 0x00, 0x00, 0x00, 0x00,
    0x00, 0x00, 0x00, 0x00, 0x00, 0x00, 0x00, 0x00, 0x00, 0x00, 0x00, 0x00, 0x00, 0x00, 0x00, 0x00,
    0x00, 0x00, 0x00, 0x00, 0x00, 0x00, 0x00, 0x00, 0x00, 0x00, 0x00, 0x00, 0x00, 0x00, 0x00, 0x00,
    0x00, 0x00, 0x00, 0x00, 0x00, 0x00, 0x00, 0x00, 0x00, 0x00, 0x00, 0x00, 0x00, 0x00, 0x00, 0x00,
    0x00, 0x00, 0x00, 0x00, 0x00, 0x00, 0x00, 0x00, 0xE0, 0x07, 0x00, 0x00, 0x00, 0x00, 0x00, 0x00,
    0x00, 0x00, 0x00, 0x00, 0x00, 0x00, 0x4A, 0x05, 0xAA, 0x2E, 0xEC, 0x26, 0xCB, 0x26, 0xAB, 0x1E,
    0xAC, 0x1E, 0xAB, 0x1E, 0xAC, 0x1E, 0xAB, 0x1E, 0xAC, 0x1E, 0xAC, 0x1E, 0xAC, 0x1E, 0xCC, 0x1E,
    0xCC, 0x1E, 0xAC, 0x1E, 0xAC, 0x1E, 0xAB, 0x1E, 0xAC, 0x1E, 0xAC, 0x1E, 0xAC, 0x1E, 0xAC, 0x1E,
    0xAC, 0x1E, 0xAC, 0x1E, 0xAC, 0x1E, 0xAC, 0x1E, 0xAC, 0x1E, 0xAC, 0x1E, 0xAC, 0x1E, 0xAC, 0x1E,
    0xAC, 0x1E, 0xAC, 0x1E, 0xAC, 0x1E, 0xAC, 0x1E, 0xAC, 0x1E, 0xAC, 0x1E, 0xAC, 0x1E, 0xAC, 0x1E,
    0xAC, 0x1E, 0xAC, 0x1E, 0xAC, 0x1E, 0xAC, 0x1E, 0xAC, 0x1E, 0xAC, 0x1E, 0xAC, 0x1E, 0xAC, 0x1E,
    0xAC, 0x1E, 0xAC, 0x1E, 0xAC, 0x1E, 0xAC, 0x1E, 0xAC, 0x1E, 0xAC, 0x1E, 0xAC, 0x1E, 0xAC, 0x1E,
    0xAC, 0x1E, 0xAC, 0x1E, 0xAC, 0x1E, 0xAC, 0x1E, 0xAC, 0x1E, 0xAC, 0x1E, 0xAC, 0x1E, 0xAC, 0x1E,
    0xAC, 0x1E, 0xAC, 0x1E, 0xAC, 0x1E, 0xAC, 0x1E, 0xAC, 0x1E, 0xAC, 0x1E, 0xAC, 0x1E, 0xAC, 0x1E,
    0xAC, 0x1E, 0xAC, 0x1E, 0xAC, 0x1E, 0xAC, 0x1E, 0xAC, 0x1E, 0xAC, 0x1E, 0xAC, 0x1E, 0xAC, 0x1E,
    0xAC, 0x1E, 0xAC, 0x1E, 0xAC, 0x1E, 0xAC, 0x1E, 0xAC, 0x1E, 0xAC, 0x1E, 0xAC, 0x1E, 0xAC, 0x1E,
    0xAC, 0x1E, 0xAC, 0x1E, 0xAC, 0x1E, 0xAC, 0x1E, 0xAC, 0x1E, 0xAC, 0x1E, 0xAC, 0x1E, 0xAC, 0x1E,
    0xAC, 0x1E, 0xAC, 0x1E, 0xAC, 0x1E, 0xAC, 0x1E, 0xAC, 0x1E, 0xAC, 0x1E, 0xAC, 0x1E, 0xAC, 0x1E,
    0xAC, 0x1E, 0xAC, 0x1E, 0xAC, 0x1E, 0xAC, 0x1E, 0xAC, 0x1E, 0xAC, 0x1E, 0xAC, 0x1E, 0xAC, 0x1E,
    0xAC, 0x1E, 0xAC, 0x1E, 0xAC, 0x1E, 0xAC, 0x1E, 0xAC, 0x1E, 0xAC, 0x1E, 0xAC, 0x1E, 0xAC, 0x1E,
    0xAC, 0x1E, 0xAC, 0x1E, 0xAC, 0x1E, 0xAC, 0x1E, 0xAC, 0x1E, 0xAC, 0x1E, 0xAC, 0x1E, 0xAC, 0x1E,
    0xAC, 0x1E, 0xAC, 0x1E, 0xAC, 0x1E, 0xAC, 0x1E, 0xAB, 0x1E, 0xAC, 0x1E, 0xAC, 0x1E, 0xCC, 0x1E,
    0xCC, 0x1E, 0xAC, 0x1E, 0xAC, 0x1E, 0xAB, 0x1E, 0xAC, 0x1E, 0xAC, 0x1E, 0xAB, 0x1E, 0xAB, 0x1E,
    0xAC, 0x1E, 0xCB, 0x26, 0xAC, 0x26, 0x8B, 0x2E, 0x4A, 0x05, 0x00, 0x00, 0x00, 0x00, 0x00, 0x00,
    0x00, 0x00, 0x00, 0x00, 0x00, 0x00, 0xE0, 0x07, 0x00, 0x00, 0x00, 0x00, 0x00, 0x00, 0x00, 0x00,
    0x00, 0x00, 0x00, 0x00, 0x00, 0x00, 0x00, 0x00, 0x00, 0x00, 0x00, 0x00, 0x00, 0x00, 0x00, 0x00,
    0x00, 0x00, 0x00, 0x00, 0x00, 0x00, 0x00, 0x00, 0x00, 0x00, 0x00, 0x00, 0x00, 0x00, 0x00, 0x00,
    0x00, 0x00, 0x00, 0x00, 0x00, 0x00, 0x00, 0x00, 0x00, 0x00, 0x00, 0x00, 0x00, 0x00, 0x00, 0x00,
    0x00, 0x00, 0x00, 0x00, 0x00, 0x00, 0x00, 0x00, 0x00, 0x00, 0x00, 0x00, 0x00, 0x00, 0x00, 0x00,
    0x00, 0x00, 0x00, 0x00, 0x00, 0x00, 0x00, 0x00, 0xEA, 0x07, 0x4A, 0x05, 0x00, 0x00, 0x00, 0x00,
    0x00, 0x00, 0x00, 0x00, 0x00, 0x00, 0xCB, 0x26, 0xCB, 0x1E, 0xCB, 0x1E, 0xCB, 0x1E, 0xAB, 0x1E,
    0xAB, 0x1E, 0xAB, 0x1E, 0xAB, 0x1E, 0xCC, 0x1E, 0xCC, 0x1E, 0xCC, 0x1E, 0xCC, 0x1E, 0xAC, 0x1E,
    0xCC, 0x1E, 0xAC, 0x1E, 0xAC, 0x1E, 0xAB, 0x1E, 0xAB, 0x1E, 0xAC, 0x1E, 0xAC, 0x1E, 0xAC, 0x1E,
    0xAC, 0x1E, 0xAC, 0x1E, 0xAC, 0x1E, 0xAC, 0x1E, 0xAC, 0x1E, 0xAC, 0x1E, 0xAC, 0x1E, 0xAC, 0x1E,
    0xAC, 0x1E, 0xAC, 0x1E, 0xAC, 0x1E, 0xAC, 0x1E, 0xAC, 0x1E, 0xAC, 0x1E, 0xAC, 0x1E, 0xAC, 0x1E,
    0xAC, 0x1E, 0xAC, 0x1E, 0xAC, 0x1E, 0xAC, 0x1E, 0xAC, 0x1E, 0xAC, 0x1E, 0xAC, 0x1E, 0xAC, 0x1E,
    0xAC, 0x1E, 0xAC, 0x1E, 0xAC, 0x1E, 0xAC, 0x1E, 0xAC, 0x1E, 0xAC, 0x1E, 0xAC, 0x1E, 0xAC, 0x1E,
    0xAC, 0x1E, 0xAC, 0x1E, 0xAC, 0x1E, 0xAC, 0x1E, 0xAC, 0x1E, 0xAC, 0x1E, 0xAC, 0x1E, 0xAC, 0x1E,
    0xAC, 0x1E, 0xAC, 0x1E, 0xAC, 0x1E, 0xAC, 0x1E, 0xAC, 0x1E, 0xAC, 0x1E, 0xAC, 0x1E, 0xAC, 0x1E,
    0xAC, 0x1E, 0xAC, 0x1E, 0xAC, 0x1E, 0xAC, 0x1E, 0xAC, 0x1E, 0xAC, 0x1E, 0xAC, 0x1E, 0xAC, 0x1E,
    0xAC, 0x1E, 0xAC, 0x1E, 0xAC, 0x1E, 0xAC, 0x1E, 0xAC, 0x1E, 0xAC, 0x1E, 0xAC, 0x1E, 0xAC, 0x1E,
    0xAC, 0x1E, 0xAC, 0x1E, 0xAC, 0x1E, 0xAC, 0x1E, 0xAC, 0x1E, 0xAC, 0x1E, 0xAC, 0x1E, 0xAC, 0x1E,
    0xAC, 0x1E, 0xAC, 0x1E, 0xAC, 0x1E, 0xAC, 0x1E, 0xAC, 0x1E, 0xAC, 0x1E, 0xAC, 0x1E, 0xAC, 0x1E,
    0xAC, 0x1E, 0xAC, 0x1E, 0xAC, 0x1E, 0xAC, 0x1E, 0xAC, 0x1E, 0xAC, 0x1E, 0xAC, 0x1E, 0xAC, 0x1E,
    0xAC, 0x1E, 0xAC, 0x1E, 0xAC, 0x1E, 0xAC, 0x1E, 0xAC, 0x1E, 0xAC, 0x1E, 0xAC, 0x1E, 0xAC, 0x1E,
    0xAC, 0x1E, 0xAC, 0x1E, 0xAC, 0x1E, 0xAC, 0x1E, 0xAC, 0x1E, 0xAC, 0x1E, 0xAC, 0x1E, 0xAC, 0x1E,
    0xAC, 0x1E, 0xAC, 0x1E, 0xAC, 0x1E, 0xAB, 0x1E, 0xAB, 0x1E, 0xAC, 0x1E, 0xAC, 0x1E, 0xCC, 0x1E,
    0xCC, 0x1E, 0xCC, 0x1E, 0xCC, 0x1E, 0xCC, 0x1E, 0xCC, 0x1E, 0xAC, 0x1E, 0xAB, 0x1E, 0xAB, 0x1E,
    0xAC, 0x1E, 0xAC, 0x1E, 0xCC, 0x26, 0xCC, 0x1E, 0x4B, 0x26, 0x00, 0x00, 0x00, 0x00, 0x00, 0x00,
    0x00, 0x00, 0x00, 0x00, 0x4A, 0x05, 0xEA, 0x07, 0xE0, 0x07, 0x00, 0x00, 0x00, 0x00, 0x00, 0x00,
    0x00, 0x00, 0x00, 0x00, 0x00, 0x00, 0x00, 0x00, 0x00, 0x00, 0x00, 0x00, 0x00, 0x00, 0x00, 0x00,
    0x00, 0x00, 0x00, 0x00, 0x00, 0x00, 0x00, 0x00, 0x00, 0x00, 0x00, 0x00, 0x00, 0x00, 0x00, 0x00,
    0x00, 0x00, 0x00, 0x00, 0x00, 0x00, 0x00, 0x00, 0x00, 0x00, 0x00, 0x00, 0x00, 0x00, 0x00, 0x00,
    0x00, 0x00, 0x00, 0x00, 0x00, 0x00, 0x00, 0x00, 0x00, 0x00, 0x00, 0x00, 0x00, 0x00, 0x00, 0x00,
    0x00, 0x00, 0x00, 0x00, 0x00, 0x00, 0xE0, 0x03, 0xEF, 0x07, 0x6C, 0x06, 0xE0, 0x07, 0x00, 0x00,
    0x00, 0x00, 0x00, 0x00, 0xE7, 0x3E, 0xCB, 0x1E, 0xCB, 0x1E, 0xCC, 0x1E, 0xAB, 0x1E, 0xAB, 0x1E,
    0xAB, 0x1E, 0xAB, 0x1E, 0xAC, 0x1E, 0xCC, 0x1E, 0xEC, 0x1E, 0xEC, 0x1E, 0xCC, 0x1E, 0xAC, 0x1E,
    0xAC, 0x1E, 0xAC, 0x1E, 0xAB, 0x1E, 0xAB, 0x1E, 0xAC, 0x1E, 0xAC, 0x1E, 0xAC, 0x1E, 0xAC, 0x1E,
    0xAC, 0x1E, 0xAC, 0x1E, 0xAC, 0x1E, 0xAC, 0x1E, 0xAC, 0x1E, 0xAC, 0x1E, 0xAC, 0x1E, 0xAC, 0x1E,
    0xAC, 0x1E, 0xAC, 0x1E, 0xAC, 0x1E, 0xAC, 0x1E, 0xAC, 0x1E, 0xAC, 0x1E, 0xAC, 0x1E, 0xAC, 0x1E,
    0xAC, 0x1E, 0xAC, 0x1E, 0xAC, 0x1E, 0xAC, 0x1E, 0xAC, 0x1E, 0xAC, 0x1E, 0xAC, 0x1E, 0xAC, 0x1E,
    0xAC, 0x1E, 0xAC, 0x1E, 0xAC, 0x1E, 0xAC, 0x1E, 0xAC, 0x1E, 0xAC, 0x1E, 0xAC, 0x1E, 0xAC, 0x1E,
    0xAC, 0x1E, 0xAC, 0x1E, 0xAC, 0x1E, 0xAC, 0x1E, 0xAC, 0x1E, 0xAC, 0x1E, 0xAC, 0x1E, 0xAC, 0x1E,
    0xAC, 0x1E, 0xAC, 0x1E, 0xAC, 0x1E, 0xAC, 0x1E, 0xAC, 0x1E, 0xAC, 0x1E, 0xAC, 0x1E, 0xAC, 0x1E,
    0xAC, 0x1E, 0xAC, 0x1E, 0xAC, 0x1E, 0xAC, 0x1E, 0xAC, 0x1E, 0xAC, 0x1E, 0xAC, 0x1E, 0xAC, 0x1E,
    0xAC, 0x1E, 0xAC, 0x1E, 0xAC, 0x1E, 0xAC, 0x1E, 0xAC, 0x1E, 0xAC, 0x1E, 0xAC, 0x1E, 0xAC, 0x1E,
    0xAC, 0x1E, 0xAC, 0x1E, 0xAC, 0x1E, 0xAC, 0x1E, 0xAC, 0x1E, 0xAC, 0x1E, 0xAC, 0x1E, 0xAC, 0x1E,
    0xAC, 0x1E, 0xAC, 0x1E, 0xAC, 0x1E, 0xAC, 0x1E, 0xAC, 0x1E, 0xAC, 0x1E, 0xAC, 0x1E, 0xAC, 0x1E,
    0xAC, 0x1E, 0xAC, 0x1E, 0xAC, 0x1E, 0xAC, 0x1E, 0xAC, 0x1E, 0xAC, 0x1E, 0xAC, 0x1E, 0xAC, 0x1E,
    0xAC, 0x1E, 0xAC, 0x1E, 0xAC, 0x1E, 0xAC, 0x1E, 0xAC, 0x1E, 0xAC, 0x1E, 0xAC, 0x1E, 0xAC, 0x1E,
    0xAC, 0x1E, 0xAC, 0x1E, 0xAC, 0x1E, 0xAC, 0x1E, 0xAC, 0x1E, 0xAC, 0x1E, 0xAC, 0x1E, 0xAC, 0x1E,
    0xAC, 0x1E, 0xAC, 0x1E, 0xAC, 0x1E, 0xAC, 0x1E, 0xAB, 0x1E, 0xAB, 0x1E, 0xAC, 0x1E, 0xAC, 0x1E,
    0xAC, 0x1E, 0xCC, 0x1E, 0xEC, 0x1E, 0xEC, 0x1E, 0xCC, 0x1E, 0xAC, 0x1E, 0xAB, 0x1E, 0xAB, 0x1E,
    0xAB, 0x1E, 0xCB, 0x1E, 0xAC, 0x1E, 0xCC, 0x1E, 0x8C, 0x1E, 0xEB, 0x3D, 0x00, 0x00, 0x00, 0x00,
    0x00, 0x00, 0xE0, 0x07, 0x6C, 0x06, 0xEF, 0x07, 0xE0, 0x07, 0x00, 0x00, 0x00, 0x00, 0x00, 0x00,
    0x00, 0x00, 0x00, 0x00, 0x00, 0x00, 0x00, 0x00, 0x00, 0x00, 0x00, 0x00, 0x00, 0x00, 0x00, 0x00,
    0x00, 0x00, 0x00, 0x00, 0x00, 0x00, 0x00, 0x00, 0x00, 0x00, 0x00, 0x00, 0x00, 0x00, 0x00, 0x00,
    0x00, 0x00, 0x00, 0x00, 0x00, 0x00, 0x00, 0x00, 0x00, 0x00, 0x00, 0x00, 0x00, 0x00, 0x00, 0x00,
    0x00, 0x00, 0x00, 0x00, 0x00, 0x00, 0x00, 0x00, 0x00, 0x00, 0x00, 0x00, 0x00, 0x00, 0x00, 0x00,
    0xE0, 0x07, 0x00, 0x00, 0x00, 0x00, 0xE0, 0x03, 0xF5, 0x07, 0xEF, 0x07, 0xE0, 0x07, 0x00, 0x00,
    0x00, 0x00, 0xEA, 0x57, 0xEB, 0x2E, 0xAB, 0x1E, 0xAB, 0x1E, 0xAB, 0x1E, 0xAC, 0x1E, 0xAB, 0x1E,
    0xAB, 0x1E, 0xAB, 0x1E, 0xAC, 0x1E, 0xCC, 0x1E, 0xEC, 0x1E, 0xCC, 0x1E, 0xAC, 0x1E, 0xAB, 0x1E,
    0xAC, 0x1E, 0xAC, 0x1E, 0xAC, 0x1E, 0xAC, 0x1E, 0xAC, 0x1E, 0xAC, 0x1E, 0xAC, 0x1E, 0xAC, 0x1E,
    0xAC, 0x1E, 0xAC, 0x1E, 0xAC, 0x1E, 0xAC, 0x1E, 0xAC, 0x1E, 0xAC, 0x1E, 0xAC, 0x1E, 0xAC, 0x1E,
    0xAC, 0x1E, 0xAC, 0x1E, 0xAC, 0x1E, 0xAC, 0x1E, 0xAC, 0x1E, 0xAC, 0x1E, 0xAC, 0x1E, 0xAC, 0x1E,
    0xAC, 0x1E, 0xAC, 0x1E, 0xAC, 0x1E, 0xAC, 0x1E, 0xAC, 0x1E, 0xAC, 0x1E, 0xAC, 0x1E, 0xAC, 0x1E,
    0xAC, 0x1E, 0xAC, 0x1E, 0xAC, 0x1E, 0xAC, 0x1E, 0xAC, 0x1E, 0xAC, 0x1E, 0xAC, 0x1E, 0xAC, 0x1E,
    0xAC, 0x1E, 0xAC, 0x1E, 0xAC, 0x1E, 0xAC, 0x1E, 0xAC, 0x1E, 0xAC, 0x1E, 0xAC, 0x1E, 0xAC, 0x1E,
    0xAC, 0x1E, 0xAC, 0x1E, 0xAC, 0x1E, 0xAC, 0x1E, 0xAC, 0x1E, 0xAC, 0x1E, 0xAC, 0x1E, 0xAC, 0x1E,
    0xAC, 0x1E, 0xAC, 0x1E, 0xAC, 0x1E, 0xAC, 0x1E, 0xAC, 0x1E, 0xAC, 0x1E, 0xAC, 0x1E, 0xAC, 0x1E,
    0xAC, 0x1E, 0xAC, 0x1E, 0xAC, 0x1E, 0xAC, 0x1E, 0xAC, 0x1E, 0xAC, 0x1E, 0xAC, 0x1E, 0xAC, 0x1E,
    0xAC, 0x1E, 0xAC, 0x1E, 0xAC, 0x1E, 0xAC, 0x1E, 0xAC, 0x1E, 0xAC, 0x1E, 0xAC, 0x1E, 0xAC, 0x1E,
    0xAC, 0x1E, 0xAC, 0x1E, 0xAC, 0x1E, 0xAC, 0x1E, 0xAC, 0x1E, 0xAC, 0x1E, 0xAC, 0x1E, 0xAC, 0x1E,
    0xAC, 0x1E, 0xAC, 0x1E, 0xAC, 0x1E, 0xAC, 0x1E, 0xAC, 0x1E, 0xAC, 0x1E, 0xAC, 0x1E, 0xAC, 0x1E,
    0xAC, 0x1E, 0xAC, 0x1E, 0xAC, 0x1E, 0xAC, 0x1E, 0xAC, 0x1E, 0xAC, 0x1E, 0xAC, 0x1E, 0xAC, 0x1E,
    0xAC, 0x1E, 0xAC, 0x1E, 0xAC, 0x1E, 0xAC, 0x1E, 0xAC, 0x1E, 0xAC, 0x1E, 0xAC, 0x1E, 0xAC, 0x1E,
    0xAC, 0x1E, 0xAC, 0x1E, 0xAC, 0x1E, 0xAC, 0x1E, 0xAC, 0x1E, 0xAC, 0x1E, 0xAC, 0x1E, 0xAC, 0x1E,
    0xAB, 0x1E, 0xAC, 0x1E, 0xCC, 0x1E, 0xEC, 0x1E, 0xCC, 0x1E, 0xAC, 0x1E, 0xAB, 0x1E, 0xAB, 0x1E,
    0xAC, 0x1E, 0xCC, 0x1E, 0xCC, 0x1E, 0xAB, 0x1E, 0x8B, 0x1E, 0xAB, 0x2E, 0xEA, 0x57, 0x00, 0x00,
    0x00, 0x00, 0xE0, 0x07, 0xEF, 0x07, 0xF5, 0x07, 0xE0, 0x07, 0x00, 0x00, 0x00, 0x00, 0xE0, 0x07,
    0x00, 0x00, 0x00, 0x00, 0x00, 0x00, 0x00, 0x00, 0x00, 0x00, 0x00, 0x00, 0x00, 0x00, 0x00, 0x00,
    0x00, 0x00, 0x00, 0x00, 0x00, 0x00, 0x00, 0x00, 0x00, 0x00, 0x00, 0x00, 0x00, 0x00, 0x00, 0x00,
    0x00, 0x00, 0x00, 0x00, 0x00, 0x00, 0x00, 0x00, 0x00, 0x00, 0x00, 0x00, 0x00, 0x00, 0x00, 0x00,
    0x00, 0x00, 0x00, 0x00, 0x00, 0x00, 0x00, 0x00, 0x00, 0x00, 0x00, 0x00, 0x00, 0x00, 0x00, 0x00,
    0xE0, 0x03, 0x00, 0x00, 0x00, 0x00, 0x00, 0x00, 0x00, 0x00, 0x00, 0x00, 0x00, 0x00, 0xEF, 0x07,
    0xAA, 0x2E, 0xEB, 0x26, 0xCB, 0x26, 0xAB, 0x1E, 0xAB, 0x1E, 0xAB, 0x1E, 0xAB, 0x1E, 0xCC, 0x1E,
    0xCC, 0x1E, 0xAB, 0x1E, 0xAC, 0x1E, 0xCC, 0x1E, 0xCC, 0x1E, 0xCC, 0x1E, 0xAB, 0x1E, 0xAC, 0x1E,
    0xAC, 0x1E, 0xAC, 0x1E, 0xAC, 0x1E, 0xAC, 0x1E, 0xAC, 0x1E, 0xAC, 0x1E, 0xAC, 0x1E, 0xAC, 0x1E,
    0xAC, 0x1E, 0xAC, 0x1E, 0xAC, 0x1E, 0xAC, 0x1E, 0xAC, 0x1E, 0xAC, 0x1E, 0xAC, 0x1E, 0xAC, 0x1E,
    0xAC, 0x1E, 0xAC, 0x1E, 0xAC, 0x1E, 0xAC, 0x1E, 0xAC, 0x1E, 0xAC, 0x1E, 0xAC, 0x1E, 0xAC, 0x1E,
    0xAC, 0x1E, 0xAC, 0x1E, 0xAC, 0x1E, 0xAC, 0x1E, 0xAC, 0x1E, 0xAC, 0x1E, 0xAC, 0x1E, 0xAC, 0x1E,
    0xAC, 0x1E, 0xAC, 0x1E, 0xAC, 0x1E, 0xAC, 0x1E, 0xAC, 0x1E, 0xAC, 0x1E, 0xAC, 0x1E, 0xAC, 0x1E,
    0xAC, 0x1E, 0xAC, 0x1E, 0xAC, 0x1E, 0xAC, 0x1E, 0xAC, 0x1E, 0xAC, 0x1E, 0xAC, 0x1E, 0xAC, 0x1E,
    0xAC, 0x1E, 0xAC, 0x1E, 0xAC, 0x1E, 0xAC, 0x1E, 0xAC, 0x1E, 0xAC, 0x1E, 0xAC, 0x1E, 0xAC, 0x1E,
    0xAC, 0x1E, 0xAC, 0x1E, 0xAC, 0x1E, 0xAC, 0x1E, 0xAC, 0x1E, 0xAC, 0x1E, 0xAC, 0x1E, 0xAC, 0x1E,
    0xAC, 0x1E, 0xAC, 0x1E, 0xAC, 0x1E, 0xAC, 0x1E, 0xAC, 0x1E, 0xAC, 0x1E, 0xAC, 0x1E, 0xAC, 0x1E,
    0xAC, 0x1E, 0xAC, 0x1E, 0xAC, 0x1E, 0xAC, 0x1E, 0xAC, 0x1E, 0xAC, 0x1E, 0xAC, 0x1E, 0xAC, 0x1E,
    0xAC, 0x1E, 0xAC, 0x1E, 0xAC, 0x1E, 0xAC, 0x1E, 0xAC, 0x1E, 0xAC, 0x1E, 0xAC, 0x1E, 0xAC, 0x1E,
    0xAC, 0x1E, 0xAC, 0x1E, 0xAC, 0x1E, 0xAC, 0x1E, 0xAC, 0x1E, 0xAC, 0x1E, 0xAC, 0x1E, 0xAC, 0x1E,
    0xAC, 0x1E, 0xAC, 0x1E, 0xAC, 0x1E, 0xAC, 0x1E, 0xAC, 0x1E, 0xAC, 0x1E, 0xAC, 0x1E, 0xAC, 0x1E,
    0xAC, 0x1E, 0xAC, 0x1E, 0xAC, 0x1E, 0xAC, 0x1E, 0xAC, 0x1E, 0xAC, 0x1E, 0xAC, 0x1E, 0xAC, 0x1E,
    0xAC, 0x1E, 0xAC, 0x1E, 0xAC, 0x1E, 0xAC, 0x1E, 0xAC, 0x1E, 0xAC, 0x1E, 0xAC, 0x1E, 0xAC, 0x1E,
    0xAC, 0x1E, 0xAB, 0x1E, 0xAC, 0x1E, 0xCC, 0x1E, 0xCC, 0x1E, 0xAC, 0x1E, 0xAB, 0x1E, 0xCC, 0x1E,
    0xAC, 0x1E, 0xCC, 0x1E, 0xAC, 0x1E, 0xAC, 0x1E, 0xAB, 0x1E, 0xAB, 0x26, 0xCC, 0x26, 0xAA, 0x2E,
    0xEF, 0x07, 0x00, 0x00, 0x00, 0x00, 0x00, 0x00, 0x00, 0x00, 0x00, 0x00, 0x00, 0x00, 0xE0, 0x07,
    0x00, 0x00, 0x00, 0x00, 0x00, 0x00, 0x00, 0x00, 0x00, 0x00, 0x00, 0x00, 0x00, 0x00, 0x00, 0x00,
    0x00, 0x00, 0x00, 0x00, 0x00, 0x00, 0x00, 0x00, 0x00, 0x00, 0x00, 0x00, 0x00, 0x00, 0x00, 0x00,
    0x00, 0x00, 0x00, 0x00, 0x00, 0x00, 0x00, 0x00, 0x00, 0x00, 0x00, 0x00, 0x00, 0x00, 0x00, 0x00,
    0x00, 0x00, 0x00, 0x00, 0x00, 0x00, 0x00, 0x00, 0x00, 0x00, 0x00, 0x00, 0x00, 0x00, 0xE0, 0x07,
    0x4A, 0x05, 0xEF, 0x07, 0x00, 0x00, 0x00, 0x00, 0x00, 0x00, 0x00, 0x00, 0x00, 0x00, 0x8B, 0x16,
    0x6B, 0x1E, 0xAC, 0x26, 0xCB, 0x26, 0xAC, 0x1E, 0xAB, 0x1E, 0xAB, 0x1E, 0xCC, 0x1E, 0xCC, 0x1E,
    0xCC, 0x1E, 0xCC, 0x1E, 0xCC, 0x1E, 0xCC, 0x1E, 0xCC, 0x1E, 0xCC, 0x1E, 0xAC, 0x1E, 0xAC, 0x1E,
    0xAC, 0x1E, 0xAC, 0x1E, 0xAC, 0x1E, 0xAC, 0x1E, 0xAC, 0x1E, 0xAC, 0x1E, 0xAC, 0x1E, 0xAC, 0x1E,
    0xAC, 0x1E, 0xAC, 0x1E, 0xAC, 0x1E, 0xAC, 0x1E, 0xAC, 0x1E, 0xAC, 0x1E, 0xAC, 0x1E, 0xAC, 0x1E,
    0xAC, 0x1E, 0xAC, 0x1E, 0xAC, 0x1E, 0xAC, 0x1E, 0xAC, 0x1E, 0xAC, 0x1E, 0xAC, 0x1E, 0xAC, 0x1E,
    0xAC, 0x1E, 0xAC, 0x1E, 0xAC, 0x1E, 0xAC, 0x1E, 0xAC, 0x1E, 0xAC, 0x1E, 0xAC, 0x1E, 0xAC, 0x1E,
    0xAC, 0x1E, 0xAC, 0x1E, 0xAC, 0x1E, 0xAC, 0x1E, 0xAC, 0x1E, 0xAC, 0x1E, 0xAC, 0x1E, 0xAC, 0x1E,
    0xAC, 0x1E, 0xAC, 0x1E, 0xAC, 0x1E, 0xAC, 0x1E, 0xAC, 0x1E, 0xAC, 0x1E, 0xAC, 0x1E, 0xAC, 0x1E,
    0xAC, 0x1E, 0xAC, 0x1E, 0xAC, 0x1E, 0xAC, 0x1E, 0xAC, 0x1E, 0xAC, 0x1E, 0xAC, 0x1E, 0xAC, 0x1E,
    0xAC, 0x1E, 0xAC, 0x1E, 0xAC, 0x1E, 0xAC, 0x1E, 0xAC, 0x1E, 0xAC, 0x1E, 0xAC, 0x1E, 0xAC, 0x1E,
    0xAC, 0x1E, 0xAC, 0x1E, 0xAC, 0x1E, 0xAC, 0x1E, 0xAC, 0x1E, 0xAC, 0x1E, 0xAC, 0x1E, 0xAC, 0x1E,
    0xAC, 0x1E, 0xAC, 0x1E, 0xAC, 0x1E, 0xAC, 0x1E, 0xAC, 0x1E, 0xAC, 0x1E, 0xAC, 0x1E, 0xAC, 0x1E,
    0xAC, 0x1E, 0xAC, 0x1E, 0xAC, 0x1E, 0xAC, 0x1E, 0xAC, 0x1E, 0xAC, 0x1E, 0xAC, 0x1E, 0xAC, 0x1E,
    0xAC, 0x1E, 0xAC, 0x1E, 0xAC, 0x1E, 0xAC, 0x1E, 0xAC, 0x1E, 0xAC, 0x1E, 0xAC, 0x1E, 0xAC, 0x1E,
    0xAC, 0x1E, 0xAC, 0x1E, 0xAC, 0x1E, 0xAC, 0x1E, 0xAC, 0x1E, 0xAC, 0x1E, 0xAC, 0x1E, 0xAC, 0x1E,
    0xAC, 0x1E, 0xAC, 0x1E, 0xAC, 0x1E, 0xAC, 0x1E, 0xAC, 0x1E, 0xAC, 0x1E, 0xAC, 0x1E, 0xAC, 0x1E,
    0xAC, 0x1E, 0xAC, 0x1E, 0xAC, 0x1E, 0xAC, 0x1E, 0xAC, 0x1E, 0xAC, 0x1E, 0xAC, 0x1E, 0xAC, 0x1E,
    0xAC, 0x1E, 0xAC, 0x1E, 0xAC, 0x1E, 0xCC, 0x1E, 0xCC, 0x1E, 0xCC, 0x1E, 0xCC, 0x1E, 0xCC, 0x1E,
    0xCC, 0x1E, 0xAC, 0x1E, 0xAC, 0x1E, 0xAB, 0x1E, 0x8B, 0x1E, 0xAB, 0x26, 0xAB, 0x26, 0xAC, 0x1E,
    0x6C, 0x1E, 0x00, 0x00, 0x00, 0x00, 0x00, 0x00, 0x00, 0x00, 0x00, 0x00, 0xEF, 0x07, 0x4A, 0x05,
    0xE0, 0x07, 0x00, 0x00, 0x00, 0x00, 0x00, 0x00, 0x00, 0x00, 0x00, 0x00, 0x00, 0x00, 0x00, 0x00,
    0x00, 0x00, 0x00, 0x00, 0x00, 0x00, 0x00, 0x00, 0x00, 0x00, 0x00, 0x00, 0x00, 0x00, 0x00, 0x00,
    0x00, 0x00, 0x00, 0x00, 0x00, 0x00, 0x00, 0x00, 0x00, 0x00, 0x00, 0x00, 0x00, 0x00, 0x00, 0x00,
    0x00, 0x00, 0x00, 0x00, 0x00, 0x00, 0x00, 0x00, 0x00, 0x00, 0x00, 0x00, 0x00, 0x00, 0xEF, 0x03,
    0xE7, 0x05, 0xE7, 0x05, 0xFF, 0x07, 0x00, 0x00, 0x00, 0x00, 0x00, 0x00, 0x4A, 0x55, 0xAC, 0x1E,
    0xAB, 0x1E, 0xAC, 0x1E, 0xAC, 0x1E, 0xAC, 0x1E, 0xAB, 0x1E, 0xAB, 0x1E, 0xAC, 0x1E, 0xCC, 0x1E,
    0xEC, 0x1E, 0xEC, 0x1E, 0xCC, 0x1E, 0xAC, 0x1E, 0xCC, 0x1E, 0xAC, 0x1E, 0xAC, 0x1E, 0xAB, 0x1E,
    0xAC, 0x1E, 0xAC, 0x1E, 0xAC, 0x1E, 0xAC, 0x1E, 0xAC, 0x1E, 0xAC, 0x1E, 0xAC, 0x1E, 0xAC, 0x1E,
    0xAC, 0x1E, 0xAC, 0x1E, 0xAC, 0x1E, 0xAC, 0x1E, 0xAC, 0x1E, 0xAC, 0x1E, 0xAC, 0x1E, 0xAC, 0x1E,
    0xAC, 0x1E, 0xAC, 0x1E, 0xAC, 0x1E, 0xAC, 0x1E, 0xAC, 0x1E, 0xAC, 0x1E, 0xAC, 0x1E, 0xAC, 0x1E,
    0xAC, 0x1E, 0xAC, 0x1E, 0xAC, 0x1E, 0xAC, 0x1E, 0xAC, 0x1E, 0xAC, 0x1E, 0xAC, 0x1E, 0xAC, 0x1E,
    0xAC, 0x1E, 0xAC, 0x1E, 0xAC, 0x1E, 0xAC, 0x1E, 0xAC, 0x1E, 0xAC, 0x1E, 0xAC, 0x1E, 0xAC, 0x1E,
    0xAC, 0x1E, 0xAC, 0x1E, 0xAC, 0x1E, 0xAC, 0x1E, 0xAC, 0x1E, 0xAC, 0x1E, 0xAC, 0x1E, 0xAC, 0x1E,
    0xAC, 0x1E, 0xAC, 0x1E, 0xAC, 0x1E, 0xAC, 0x1E, 0xAC, 0x1E, 0xAC, 0x1E, 0xAC, 0x1E, 0xAC, 0x1E,
    0xAC, 0x1E, 0xAC, 0x1E, 0xAC, 0x1E, 0xAC, 0x1E, 0xAC, 0x1E, 0xAC, 0x1E, 0xAC, 0x1E, 0xAC, 0x1E,
    0xAC, 0x1E, 0xAC, 0x1E, 0xAC, 0x1E, 0xAC, 0x1E, 0xAC, 0x1E, 0xAC, 0x1E, 0xAC, 0x1E, 0xAC, 0x1E,
    0xAC, 0x1E, 0xAC, 0x1E, 0xAC, 0x1E, 0xAC, 0x1E, 0xAC, 0x1E, 0xAC, 0x1E, 0xAC, 0x1E, 0xAC, 0x1E,
    0xAC, 0x1E, 0xAC, 0x1E, 0xAC, 0x1E, 0xAC, 0x1E, 0xAC, 0x1E, 0xAC, 0x1E, 0xAC, 0x1E, 0xAC, 0x1E,
    0xAC, 0x1E, 0xAC, 0x1E, 0xAC, 0x1E, 0xAC, 0x1E, 0xAC, 0x1E, 0xAC, 0x1E, 0xAC, 0x1E, 0xAC, 0x1E,
    0xAC, 0x1E, 0xAC, 0x1E, 0xAC, 0x1E, 0xAC, 0x1E, 0xAC, 0x1E, 0xAC, 0x1E, 0xAC, 0x1E, 0xAC, 0x1E,
    0xAC, 0x1E, 0xAC, 0x1E, 0xAC, 0x1E, 0xAC, 0x1E, 0xAC, 0x1E, 0xAC, 0x1E, 0xAC, 0x1E, 0xAC, 0x1E,
    0xAC, 0x1E, 0xAC, 0x1E, 0xAC, 0x1E, 0xAC, 0x1E, 0xAC, 0x1E, 0xAC, 0x1E, 0xAC, 0x1E, 0xAC, 0x1E,
    0xAB, 0x1E, 0xAC, 0x1E, 0xAC, 0x1E, 0xAC, 0x1E, 0xAC, 0x1E, 0xCC, 0x1E, 0xEC, 0x1E, 0xEC, 0x1E,
    0xCC, 0x1E, 0xAC, 0x1E, 0xAB, 0x1E, 0xAB, 0x1E, 0xAB, 0x1E, 0xAB, 0x1E, 0xAC, 0x1E, 0xEC, 0x1E,
    0xAC, 0x1E, 0xF5, 0x57, 0x00, 0x00, 0x00, 0x00, 0x00, 0x00, 0xFF, 0x07, 0xE7, 0x05, 0xE7, 0x05,
    0xEF, 0x03, 0x00, 0x00, 0x00, 0x00, 0x00, 0x00, 0x00, 0x00, 0x00, 0x00, 0x00, 0x00, 0x00, 0x00,
    0x00, 0x00, 0x00, 0x00, 0x00, 0x00, 0x00, 0x00, 0x00, 0x00, 0x00, 0x00, 0x00, 0x00, 0x00, 0x00,
    0x00, 0x00, 0x00, 0x00, 0x00, 0x00, 0x00, 0x00, 0x00, 0x00, 0x00, 0x00, 0x00, 0x00, 0x00, 0x00,
    0x00, 0x00, 0x00, 0x00, 0x00, 0x00, 0x00, 0x00, 0x00, 0x00, 0x00, 0x00, 0x00, 0x00, 0xEF, 0x03,
    0xC6, 0x04, 0xE7, 0x05, 0xE0, 0x07, 0x00, 0x00, 0x00, 0x00, 0x00, 0x00, 0x6C, 0x26, 0xAB, 0x1E,
    0xAC, 0x1E, 0xAC, 0x1E, 0xAB, 0x1E, 0xAC, 0x1E, 0xAB, 0x1E, 0xAB, 0x1E, 0xAC, 0x1E, 0xCC, 0x1E,
    0xEC, 0x1E, 0xCC, 0x1E, 0xAC, 0x1E, 0xAB, 0x1E, 0xAC, 0x1E, 0xAC, 0x1E, 0xAC, 0x1E, 0xAC, 0x1E,
    0xAC, 0x1E, 0xAC, 0x1E, 0xAC, 0x1E, 0xAC, 0x1E, 0xAC, 0x1E, 0xAC, 0x1E, 0xAC, 0x1E, 0xAC, 0x1E,
    0xAC, 0x1E, 0xAC, 0x1E, 0xAC, 0x1E, 0xAC, 0x1E, 0xAC, 0x1E, 0xAC, 0x1E, 0xAC, 0x1E, 0xAC, 0x1E,
    0xAC, 0x1E, 0xAC, 0x1E, 0xAC, 0x1E, 0xAC, 0x1E, 0xAC, 0x1E, 0xAC, 0x1E, 0xAC, 0x1E, 0xAC, 0x1E,
    0xAC, 0x1E, 0xAC, 0x1E, 0xAC, 0x1E, 0xAC, 0x1E, 0xAC, 0x1E, 0xAC, 0x1E, 0xAC, 0x1E, 0xAC, 0x1E,
    0xAC, 0x1E, 0xAC, 0x1E, 0xAC, 0x1E, 0xAC, 0x1E, 0xAC, 0x1E, 0xAC, 0x1E, 0xAC, 0x1E, 0xAC, 0x1E,
    0xAC, 0x1E, 0xAC, 0x1E, 0xAC, 0x1E, 0xAC, 0x1E, 0xAC, 0x1E, 0xAC, 0x1E, 0xAC, 0x1E, 0xAC, 0x1E,
    0xAC, 0x1E, 0xAC, 0x1E, 0xAC, 0x1E, 0xAC, 0x1E, 0xAC, 0x1E, 0xAC, 0x1E, 0xAC, 0x1E, 0xAC, 0x1E,
    0xAC, 0x1E, 0xAC, 0x1E, 0xAC, 0x1E, 0xAC, 0x1E, 0xAC, 0x1E, 0xAC, 0x1E, 0xAC, 0x1E, 0xAC, 0x1E,
    0xAC, 0x1E, 0xAC, 0x1E, 0xAC, 0x1E, 0xAC, 0x1E, 0xAC, 0x1E, 0xAC, 0x1E, 0xAC, 0x1E, 0xAC, 0x1E,
    0xAC, 0x1E, 0xAC, 0x1E, 0xAC, 0x1E, 0xAC, 0x1E, 0xAC, 0x1E, 0xAC, 0x1E, 0xAC, 0x1E, 0xAC, 0x1E,
    0xAC, 0x1E, 0xAC, 0x1E, 0xAC, 0x1E, 0xAC, 0x1E, 0xAC, 0x1E, 0xAC, 0x1E, 0xAC, 0x1E, 0xAC, 0x1E,
    0xAC, 0x1E, 0xAC, 0x1E, 0xAC, 0x1E, 0xAC, 0x1E, 0xAC, 0x1E, 0xAC, 0x1E, 0xAC, 0x1E, 0xAC, 0x1E,
    0xAC, 0x1E, 0xAC, 0x1E, 0xAC, 0x1E, 0xAC, 0x1E, 0xAC, 0x1E, 0xAC, 0x1E, 0xAC, 0x1E, 0xAC, 0x1E,
    0xAC, 0x1E, 0xAC, 0x1E, 0xAC, 0x1E, 0xAC, 0x1E, 0xAC, 0x1E, 0xAC, 0x1E, 0xAC, 0x1E, 0xAC, 0x1E,
    0xAC, 0x1E, 0xAC, 0x1E, 0xAC, 0x1E, 0xAC, 0x1E, 0xAC, 0x1E, 0xAC, 0x1E, 0xAC, 0x1E, 0xAC, 0x1E,
    0xAC, 0x1E, 0xAC, 0x1E, 0xAC, 0x1E, 0xAC, 0x1E, 0xAB, 0x1E, 0xAC, 0x1E, 0xCC, 0x1E, 0xEC, 0x1E,
    0xCC, 0x1E, 0xAC, 0x1E, 0xAB, 0x1E, 0xAC, 0x1E, 0xAB, 0x1E, 0xAB, 0x1E, 0xAC, 0x1E, 0xCC, 0x1E,
    0xCB, 0x26, 0xCD, 0x26, 0x00, 0x00, 0x00, 0x00, 0x00, 0x00, 0xE0, 0x07, 0xE7, 0x05, 0xE7, 0x05,
    0xEF, 0x03, 0x00, 0x00, 0x00, 0x00, 0x00, 0x00, 0x00, 0x00, 0x00, 0x00, 0x00, 0x00, 0x00, 0x00,
    0x00, 0x00, 0x00, 0x00, 0x00, 0x00, 0x00, 0x00, 0x00, 0x00, 0x00, 0x00, 0x00, 0x00, 0x00, 0x00,
    0x00, 0x00, 0x00, 0x00, 0x00, 0x00, 0x00, 0x00, 0x00, 0x00, 0x00, 0x00, 0x00, 0x00, 0x00, 0x00,
    0x00, 0x00, 0x00, 0x00, 0x00, 0x00, 0x00, 0x00, 0x00, 0x00, 0x00, 0x00, 0x00, 0x00, 0xEF, 0x03,
    0x4A, 0x05, 0xE0, 0x03, 0x00, 0x00, 0x00, 0x00, 0xEA, 0x07, 0xCD, 0x26, 0xCC, 0x1E, 0x8C, 0x1E,
    0xAC, 0x1E, 0xAC, 0x1E, 0xAC, 0x1E, 0xAC, 0x1E, 0xAB, 0x1E, 0xAB, 0x1E, 0xAC, 0x1E, 0xCC, 0x1E,
    0xCC, 0x1E, 0xCC, 0x1E, 0xAC, 0x1E, 0xAC, 0x1E, 0xAC, 0x1E, 0xAC, 0x1E, 0xAC, 0x1E, 0xAC, 0x1E,
    0xAC, 0x1E, 0xAC, 0x1E, 0xAC, 0x1E, 0xAC, 0x1E, 0xAC, 0x1E, 0xAC, 0x1E, 0xAC, 0x1E, 0xAC, 0x1E,
    0xAC, 0x1E, 0xAC, 0x1E, 0xAC, 0x1E, 0xAC, 0x1E, 0xAC, 0x1E, 0xAC, 0x1E, 0xAC, 0x1E, 0xAC, 0x1E,
    0xAC, 0x1E, 0xAC, 0x1E, 0xAC, 0x1E, 0xAC, 0x1E, 0xAC, 0x1E, 0xAC, 0x1E, 0xAC, 0x1E, 0xAC, 0x1E,
    0xAC, 0x1E, 0xAC, 0x1E, 0xAC, 0x1E, 0xAC, 0x1E, 0xAC, 0x1E, 0xAC, 0x1E, 0xAC, 0x1E, 0xAC, 0x1E,
    0xAC, 0x1E, 0xAC, 0x1E, 0xAC, 0x1E, 0xAC, 0x1E, 0xAC, 0x1E, 0xAC, 0x1E, 0xAC, 0x1E, 0xAC, 0x1E,
    0xAC, 0x1E, 0xAC, 0x1E, 0xAC, 0x1E, 0xAC, 0x1E, 0xAC, 0x1E, 0xAC, 0x1E, 0xAC, 0x1E, 0xAC, 0x1E,
    0xAC, 0x1E, 0xAC, 0x1E, 0xAC, 0x1E, 0xAC, 0x1E, 0xAC, 0x1E, 0xAC, 0x1E, 0xAC, 0x1E, 0xAC, 0x1E,
    0xAC, 0x1E, 0xAC, 0x1E, 0xAC, 0x1E, 0xAC, 0x1E, 0xAC, 0x1E, 0xAC, 0x1E, 0xAC, 0x1E, 0xAC, 0x1E,
    0xAC, 0x1E, 0xAC, 0x1E, 0xAC, 0x1E, 0xAC, 0x1E, 0xAC, 0x1E, 0xAC, 0x1E, 0xAC, 0x1E, 0xAC, 0x1E,
    0xAC, 0x1E, 0xAC, 0x1E, 0xAC, 0x1E, 0xAC, 0x1E, 0xAC, 0x1E, 0xAC, 0x1E, 0xAC, 0x1E, 0xAC, 0x1E,
    0xAC, 0x1E, 0xAC, 0x1E, 0xAC, 0x1E, 0xAC, 0x1E, 0xAC, 0x1E, 0xAC, 0x1E, 0xAC, 0x1E, 0xAC, 0x1E,
    0xAC, 0x1E, 0xAC, 0x1E, 0xAC, 0x1E, 0xAC, 0x1E, 0xAC, 0x1E, 0xAC, 0x1E, 0xAC, 0x1E, 0xAC, 0x1E,
    0xAC, 0x1E, 0xAC, 0x1E, 0xAC, 0x1E, 0xAC, 0x1E, 0xAC, 0x1E, 0xAC, 0x1E, 0xAC, 0x1E, 0xAC, 0x1E,
    0xAC, 0x1E, 0xAC, 0x1E, 0xAC, 0x1E, 0xAC, 0x1E, 0xAC, 0x1E, 0xAC, 0x1E, 0xAC, 0x1E, 0xAC, 0x1E,
    0xAC, 0x1E, 0xAC, 0x1E, 0xAC, 0x1E, 0xAC, 0x1E, 0xAC, 0x1E, 0xAC, 0x1E, 0xAC, 0x1E, 0xAC, 0x1E,
    0xAC, 0x1E, 0xAC, 0x1E, 0xAC, 0x1E, 0xAC, 0x1E, 0xAC, 0x1E, 0xAC, 0x1E, 0xCC, 0x1E, 0xCC, 0x1E,
    0xCC, 0x1E, 0xAC, 0x1E, 0xAB, 0x1E, 0xCC, 0x1E, 0xAC, 0x1E, 0xAC, 0x1E, 0xAB, 0x1E, 0xCC, 0x1E,
    0xAB, 0x1E, 0xAC, 0x1E, 0xA9, 0x25, 0xEA, 0x07, 0x00, 0x00, 0x00, 0x00, 0xEF, 0x03, 0x4A, 0x05,
    0xEF, 0x03, 0x00, 0x00, 0x00, 0x00, 0x00, 0x00, 0x00, 0x00, 0x00, 0x00, 0x00, 0x00, 0x00, 0x00,
    0x00, 0x00, 0x00, 0x00, 0x00, 0x00, 0x00, 0x00, 0x00, 0x00, 0x00, 0x00, 0x00, 0x00, 0x00, 0x00,
    0x00, 0x00, 0x00, 0x00, 0x00, 0x00, 0x00, 0x00, 0x00, 0x00, 0x00, 0x00, 0x00, 0x00, 0x00, 0x00,
    0x00, 0x00, 0x00, 0x00, 0x00, 0x00, 0xE0, 0x07, 0xE0, 0x03, 0xE0, 0x07, 0x00, 0x00, 0xEF, 0x03,
    0xEF, 0x07, 0x00, 0x00, 0x00, 0x00, 0x6C, 0x36, 0xEA, 0x26, 0xCC, 0x1E, 0xAC, 0x1E, 0xAC, 0x1E,
    0xAC, 0x1E, 0xAC, 0x1E, 0xAC, 0x1E, 0xCC, 0x1E, 0xCC, 0x1E, 0xCC, 0x1E, 0xCC, 0x1E, 0xCC, 0x1E,
    0xCC, 0x1E, 0xCC, 0x1E, 0xAC, 0x1E, 0xAB, 0x1E, 0xAC, 0x1E, 0xAC, 0x1E, 0xAC, 0x1E, 0xAC, 0x1E,
    0xAC, 0x1E, 0xAC, 0x1E, 0xAC, 0x1E, 0xAC, 0x1E, 0xAC, 0x1E, 0xAC, 0x1E, 0xAC, 0x1E, 0xAC, 0x1E,
    0xAC, 0x1E, 0xAC, 0x1E, 0xAC, 0x1E, 0xAC, 0x1E, 0xAC, 0x1E, 0xAC, 0x1E, 0xAC, 0x1E, 0xAC, 0x1E,
    0xAC, 0x1E, 0xAC, 0x1E, 0xAC, 0x1E, 0xAC, 0x1E, 0xAC, 0x1E, 0xAC, 0x1E, 0xAC, 0x1E, 0xAC, 0x1E,
    0xAC, 0x1E, 0xAC, 0x1E, 0xAC, 0x1E, 0xAC, 0x1E, 0xAC, 0x1E, 0xAC, 0x1E, 0xAC, 0x1E, 0xAC, 0x1E,
    0xAC, 0x1E, 0xAC, 0x1E, 0xAC, 0x1E, 0xAC, 0x1E, 0xAC, 0x1E, 0xAC, 0x1E, 0xAC, 0x1E, 0xAC, 0x1E,
    0xAC, 0x1E, 0xAC, 0x1E, 0xAC, 0x1E, 0xAC, 0x1E, 0xAC, 0x1E, 0xAC, 0x1E, 0xAC, 0x1E, 0xAC, 0x1E,
    0xAC, 0x1E, 0xAC, 0x1E, 0xAC, 0x1E, 0xAC, 0x1E, 0xAC, 0x1E, 0xAC, 0x1E, 0xAC, 0x1E, 0xAC, 0x1E,
    0xAC, 0x1E, 0xAC, 0x1E, 0xAC, 0x1E, 0xAC, 0x1E, 0xAC, 0x1E, 0xAC, 0x1E, 0xAC, 0x1E, 0xAC, 0x1E,
    0xAC, 0x1E, 0xAC, 0x1E, 0xAC, 0x1E, 0xAC, 0x1E, 0xAC, 0x1E, 0xAC, 0x1E, 0xAC, 0x1E, 0xAC, 0x1E,
    0xAC, 0x1E, 0xAC, 0x1E, 0xAC, 0x1E, 0xAC, 0x1E, 0xAC, 0x1E, 0xAC, 0x1E, 0xAC, 0x1E, 0xAC, 0x1E,
    0xAC, 0x1E, 0xAC, 0x1E, 0xAC, 0x1E, 0xAC, 0x1E, 0xAC, 0x1E, 0xAC, 0x1E, 0xAC, 0x1E, 0xAC, 0x1E,
    0xAC, 0x1E, 0xAC, 0x1E, 0xAC, 0x1E, 0xAC, 0x1E, 0xAC, 0x1E, 0xAC, 0x1E, 0xAC, 0x1E, 0xAC, 0x1E,
    0xAC, 0x1E, 0xAC, 0x1E, 0xAC, 0x1E, 0xAC, 0x1E, 0xAC, 0x1E, 0xAC, 0x1E, 0xAC, 0x1E, 0xAC, 0x1E,
    0xAC, 0x1E, 0xAC, 0x1E, 0xAC, 0x1E, 0xAC, 0x1E, 0xAC, 0x1E, 0xAC, 0x1E, 0xAC, 0x1E, 0xAC, 0x1E,
    0xAC, 0x1E, 0xAC, 0x1E, 0xAC, 0x1E, 0xAC, 0x1E, 0xAC, 0x1E, 0xAC, 0x1E, 0xAC, 0x1E, 0xAC, 0x1E,
    0xAC, 0x1E, 0xAC, 0x1E, 0xAC, 0x1E, 0xAC, 0x1E, 0xAC, 0x1E, 0xAC, 0x1E, 0xCC, 0x1E, 0xCC, 0x1E,
    0xCC, 0x1E, 0xCC, 0x1E, 0xCC, 0x1E, 0xCC, 0x1E, 0xCC, 0x1E, 0xAC, 0x1E, 0xAC, 0x1E, 0xCB, 0x1E,
    0xAC, 0x1E, 0xCC, 0x1E, 0x8B, 0x1E, 0x6A, 0x26, 0xCC, 0x34, 0x00, 0x00, 0x00, 0x00, 0x4A, 0x05,
    0xEF, 0x03, 0x00, 0x00, 0xE0, 0x07, 0xE0, 0x03, 0xE0, 0x07, 0x00, 0x00, 0x00, 0x00, 0x00, 0x00,
    0x00, 0x00, 0x00, 0x00, 0x00, 0x00, 0x00, 0x00, 0x00, 0x00, 0x00, 0x00, 0x00, 0x00, 0x00, 0x00,
    0x00, 0x00, 0x00, 0x00, 0x00, 0x00, 0x00, 0x00, 0x00, 0x00, 0x00, 0x00, 0x00, 0x00, 0x00, 0x00,
    0x00, 0x00, 0x00, 0x00, 0x00, 0x00, 0xEF, 0x07, 0x4A, 0x05, 0xEF, 0x07, 0xE0, 0x07, 0xEF, 0x03,
    0xEF, 0x07, 0x00, 0x00, 0x00, 0x00, 0xCB, 0x26, 0xCC, 0x1E, 0xCC, 0x1E, 0xCC, 0x1E, 0xAC, 0x1E,
    0xAC, 0x1E, 0xAC, 0x1E, 0xCC, 0x1E, 0xCC, 0x1E, 0xEC, 0x1E, 0xCC, 0x1E, 0xCC, 0x1E, 0xAC, 0x1E,
    0xCC, 0x1E, 0xAC, 0x1E, 0xAB, 0x1E, 0xAB, 0x1E, 0xAC, 0x1E, 0xAC, 0x1E, 0xAC, 0x1E, 0xAC, 0x1E,
    0xAC, 0x1E, 0xAC, 0x1E, 0xAC, 0x1E, 0xAC, 0x1E, 0xAC, 0x1E, 0xAC, 0x1E, 0xAC, 0x1E, 0xAC, 0x1E,
    0xAC, 0x1E, 0xAC, 0x1E, 0xAC, 0x1E, 0xAC, 0x1E, 0xAC, 0x1E, 0xAC, 0x1E, 0xAC, 0x1E, 0xAC, 0x1E,
    0xAC, 0x1E, 0xAC, 0x1E, 0xAC, 0x1E, 0xAC, 0x1E, 0xAC, 0x1E, 0xAC, 0x1E, 0xAC, 0x1E, 0xAC, 0x1E,
    0xAC, 0x1E, 0xAC, 0x1E, 0xAC, 0x1E, 0xAC, 0x1E, 0xAC, 0x1E, 0xAC, 0x1E, 0xAC, 0x1E, 0xAC, 0x1E,
    0xAC, 0x1E, 0xAC, 0x1E, 0xAC, 0x1E, 0xAC, 0x1E, 0xAC, 0x1E, 0xAC, 0x1E, 0xAC, 0x1E, 0xAC, 0x1E,
    0xAC, 0x1E, 0xAC, 0x1E, 0xAC, 0x1E, 0xAC, 0x1E, 0xAC, 0x1E, 0xAC, 0x1E, 0xAC, 0x1E, 0xAC, 0x1E,
    0xAC, 0x1E, 0xAC, 0x1E, 0xAC, 0x1E, 0xAC, 0x1E, 0xAC, 0x1E, 0xAC, 0x1E, 0xAC, 0x1E, 0xAC, 0x1E,
    0xAC, 0x1E, 0xAC, 0x1E, 0xAC, 0x1E, 0xAC, 0x1E, 0xAC, 0x1E, 0xAC, 0x1E, 0xAC, 0x1E, 0xAC, 0x1E,
    0xAC, 0x1E, 0xAC, 0x1E, 0xAC, 0x1E, 0xAC, 0x1E, 0xAC, 0x1E, 0xAC, 0x1E, 0xAC, 0x1E, 0xAC, 0x1E,
    0xAC, 0x1E, 0xAC, 0x1E, 0xAC, 0x1E, 0xAC, 0x1E, 0xAC, 0x1E, 0xAC, 0x1E, 0xAC, 0x1E, 0xAC, 0x1E,
    0xAC, 0x1E, 0xAC, 0x1E, 0xAC, 0x1E, 0xAC, 0x1E, 0xAC, 0x1E, 0xAC, 0x1E, 0xAC, 0x1E, 0xAC, 0x1E,
    0xAC, 0x1E, 0xAC, 0x1E, 0xAC, 0x1E, 0xAC, 0x1E, 0xAC, 0x1E, 0xAC, 0x1E, 0xAC, 0x1E, 0xAC, 0x1E,
    0xAC, 0x1E, 0xAC, 0x1E, 0xAC, 0x1E, 0xAC, 0x1E, 0xAC, 0x1E, 0xAC, 0x1E, 0xAC, 0x1E, 0xAC, 0x1E,
    0xAC, 0x1E, 0xAC, 0x1E, 0xAC, 0x1E, 0xAC, 0x1E, 0xAC, 0x1E, 0xAC, 0x1E, 0xAC, 0x1E, 0xAC, 0x1E,
    0xAC, 0x1E, 0xAC, 0x1E, 0xAC, 0x1E, 0xAC, 0x1E, 0xAC, 0x1E, 0xAC, 0x1E, 0xAC, 0x1E, 0xAC, 0x1E,
    0xAC, 0x1E, 0xAC, 0x1E, 0xAC, 0x1E, 0xAC, 0x1E, 0xAB, 0x1E, 0xAB, 0x1E, 0xAC, 0x1E, 0xCC, 0x1E,
    0xAC, 0x1E, 0xCC, 0x1E, 0xEC, 0x1E, 0xEC, 0x1E, 0xEC, 0x1E, 0xCC, 0x1E, 0xAB, 0x1E, 0xAB, 0x1E,
    0xAC, 0x1E, 0xCB, 0x1E, 0x8C, 0x1E, 0x8C, 0x1E, 0x4B, 0x26, 0x00, 0x00, 0x00, 0x00, 0xEF, 0x07,
    0xEF, 0x03, 0xE0, 0x07, 0xEF, 0x07, 0x4A, 0x05, 0xEF, 0x07, 0x00, 0x00, 0x00, 0x00, 0x00, 0x00,
    0x00, 0x00, 0x00, 0x00, 0x00, 0x00, 0x00, 0x00, 0x00, 0x00, 0x00, 0x00, 0x00, 0x00, 0x00, 0x00,
    0x00, 0x00, 0x00, 0x00, 0x00, 0x00, 0x00, 0x00, 0x00, 0x00, 0x00, 0x00, 0x00, 0x00, 0x00, 0x00,
    0x00, 0x00, 0x00, 0x00, 0x00, 0x00, 0xEF, 0x07, 0xE7, 0x05, 0x4A, 0x05, 0xE0, 0x07, 0xE0, 0x07,
    0xE0, 0x07, 0x00, 0x00, 0x6C, 0x36, 0x8B, 0x1E, 0xCB, 0x1E, 0xCC, 0x1E, 0xAC, 0x1E, 0xAB, 0x1E,
    0xAB, 0x1E, 0xAC, 0x1E, 0xCC, 0x1E, 0xEC, 0x1E, 0xEC, 0x1E, 0xCC, 0x1E, 0xAC, 0x1E, 0xAB, 0x1E,
    0xCB, 0x1E, 0xAC, 0x1E, 0xAC, 0x1E, 0xAC, 0x1E, 0xAC, 0x1E, 0xAC, 0x1E, 0xAC, 0x1E, 0xAC, 0x1E,
    0xAC, 0x1E, 0xAC, 0x1E, 0xAC, 0x1E, 0xAC, 0x1E, 0xAC, 0x1E, 0xAC, 0x1E, 0xAC, 0x1E, 0xAC, 0x1E,
    0xAC, 0x1E, 0xAC, 0x1E, 0xAC, 0x1E, 0xAC, 0x1E, 0xAC, 0x1E, 0xAC, 0x1E, 0xAC, 0x1E, 0xAC, 0x1E,
    0xAC, 0x1E, 0xAC, 0x1E, 0xAC, 0x1E, 0xAC, 0x1E, 0xAC, 0x1E, 0xAC, 0x1E, 0xAC, 0x1E, 0xAC, 0x1E,
    0xAC, 0x1E, 0xAC, 0x1E, 0xAC, 0x1E, 0xAC, 0x1E, 0xAC, 0x1E, 0xAC, 0x1E, 0xAC, 0x1E, 0xAC, 0x1E,
    0xAC, 0x1E, 0xAC, 0x1E, 0xAC, 0x1E, 0xAC, 0x1E, 0xAC, 0x1E, 0xAC, 0x1E, 0xAC, 0x1E, 0xAC, 0x1E,
    0xAC, 0x1E, 0xAC, 0x1E, 0xAC, 0x1E, 0xAC, 0x1E, 0xAC, 0x1E, 0xAC, 0x1E, 0xAC, 0x1E, 0xAC, 0x1E,
    0xAC, 0x1E, 0xAC, 0x1E, 0xAC, 0x1E, 0xAC, 0x1E, 0xAC, 0x1E, 0xAC, 0x1E, 0xAC, 0x1E, 0xAC, 0x1E,
    0xAC, 0x1E, 0xAC, 0x1E, 0xAC, 0x1E, 0xAC, 0x1E, 0xAC, 0x1E, 0xAC, 0x1E, 0xAC, 0x1E, 0xAC, 0x1E,
    0xAC, 0x1E, 0xAC, 0x1E, 0xAC, 0x1E, 0xAC, 0x1E, 0xAC, 0x1E, 0xAC, 0x1E, 0xAC, 0x1E, 0xAC, 0x1E,
    0xAC, 0x1E, 0xAC, 0x1E, 0xAC, 0x1E, 0xAC, 0x1E, 0xAC, 0x1E, 0xAC, 0x1E, 0xAC, 0x1E, 0xAC, 0x1E,
    0xAC, 0x1E, 0xAC, 0x1E, 0xAC, 0x1E, 0xAC, 0x1E, 0xAC, 0x1E, 0xAC, 0x1E, 0xAC, 0x1E, 0xAC, 0x1E,
    0xAC, 0x1E, 0xAC, 0x1E, 0xAC, 0x1E, 0xAC, 0x1E, 0xAC, 0x1E, 0xAC, 0x1E, 0xAC, 0x1E, 0xAC, 0x1E,
    0xAC, 0x1E, 0xAC, 0x1E, 0xAC, 0x1E, 0xAC, 0x1E, 0xAC, 0x1E, 0xAC, 0x1E, 0xAC, 0x1E, 0xAC, 0x1E,
    0xAC, 0x1E, 0xAC, 0x1E, 0xAC, 0x1E, 0xAC, 0x1E, 0xAC, 0x1E, 0xAC, 0x1E, 0xAC, 0x1E, 0xAC, 0x1E,
    0xAC, 0x1E, 0xAC, 0x1E, 0xAC, 0x1E, 0xAC, 0x1E, 0xAC, 0x1E, 0xAC, 0x1E, 0xAC, 0x1E, 0xAC, 0x1E,
    0xAC, 0x1E, 0xAC, 0x1E, 0xAC, 0x1E, 0xAC, 0x1E, 0xAC, 0x1E, 0xAC, 0x1E, 0xAC, 0x1E, 0xCB, 0x1E,
    0xAB, 0x1E, 0xAC, 0x1E, 0xCC, 0x1E, 0xEC, 0x1E, 0xEC, 0x1E, 0xCC, 0x1E, 0xAC, 0x1E, 0xAC, 0x1E,
    0xAB, 0x1E, 0xAC, 0x1E, 0xAC, 0x1E, 0xAB, 0x1E, 0x6B, 0x1E, 0x6C, 0x36, 0x00, 0x00, 0xE0, 0x07,
    0xE0, 0x07, 0x00, 0x00, 0x4A, 0x05, 0xE7, 0x05, 0xEF, 0x07, 0x00, 0x00, 0x00, 0x00, 0x00, 0x00,
    0x00, 0x00, 0x00, 0x00, 0x00, 0x00, 0x00, 0x00, 0x00, 0x00, 0x00, 0x00, 0x00, 0x00, 0x00, 0x00,
    0x00, 0x00, 0x00, 0x00, 0x00, 0x00, 0x00, 0x00, 0x00, 0x00, 0x00, 0x00, 0x00, 0x00, 0x00, 0x00,
    0x00, 0x00, 0x00, 0x00, 0x00, 0x00, 0xEF, 0x07, 0xE7, 0x05, 0x4A, 0x05, 0x00, 0x00, 0x00, 0x00,
    0x00, 0x00, 0xE0, 0x07, 0xAD, 0x16, 0xAB, 0x1E, 0xCB, 0x1E, 0xAC, 0x1E, 0xAB, 0x1E, 0xCC, 0x1E,
    0xCC, 0x1E, 0xCC, 0x1E, 0xCC, 0x1E, 0xEC, 0x1E, 0xEC, 0x1E, 0xCC, 0x1E, 0xAC, 0x1E, 0xAC, 0x1E,
    0xAB, 0x1E, 0xAC, 0x1E, 0xAC, 0x1E, 0xAC, 0x1E, 0xAC, 0x1E, 0xAC, 0x1E, 0xAC, 0x1E, 0xAC, 0x1E,
    0xAC, 0x1E, 0xAC, 0x1E, 0xAC, 0x1E, 0xAC, 0x1E, 0xAC, 0x1E, 0xAC, 0x1E, 0xAC, 0x1E, 0xAC, 0x1E,
    0xAC, 0x1E, 0xAC, 0x1E, 0xAC, 0x1E, 0xAC, 0x1E, 0xAC, 0x1E, 0xAC, 0x1E, 0xAC, 0x1E, 0xAC, 0x1E,
    0xAC, 0x1E, 0xAC, 0x1E, 0xAC, 0x1E, 0xAC, 0x1E, 0xAC, 0x1E, 0xAC, 0x1E, 0xAC, 0x1E, 0xAC, 0x1E,
    0xAC, 0x1E, 0xAC, 0x1E, 0xAC, 0x1E, 0xAC, 0x1E, 0xAC, 0x1E, 0xAC, 0x1E, 0xAC, 0x1E, 0xAC, 0x1E,
    0xAC, 0x1E, 0xAC, 0x1E, 0xAC, 0x1E, 0xAC, 0x1E, 0xAC, 0x1E, 0xAC, 0x1E, 0xAC, 0x1E, 0xAC, 0x1E,
    0xAC, 0x1E, 0xAC, 0x1E, 0xAC, 0x1E, 0xAC, 0x1E, 0xAC, 0x1E, 0xAC, 0x1E, 0xAC, 0x1E, 0xAC, 0x1E,
    0xAC, 0x1E, 0xAC, 0x1E, 0xAC, 0x1E, 0xAC, 0x1E, 0xAC, 0x1E, 0xAC, 0x1E, 0xAC, 0x1E, 0xAC, 0x1E,
    0xAC, 0x1E, 0xAC, 0x1E, 0xAC, 0x1E, 0xAC, 0x1E, 0xAC, 0x1E, 0xAC, 0x1E, 0xAC, 0x1E, 0xAC, 0x1E,
    0xAC, 0x1E, 0xAC, 0x1E, 0xAC, 0x1E, 0xAC, 0x1E, 0xAC, 0x1E, 0xAC, 0x1E, 0xAC, 0x1E, 0xAC, 0x1E,
    0xAC, 0x1E, 0xAC, 0x1E, 0xAC, 0x1E, 0xAC, 0x1E, 0xAC, 0x1E, 0xAC, 0x1E, 0xAC, 0x1E, 0xAC, 0x1E,
    0xAC, 0x1E, 0xAC, 0x1E, 0xAC, 0x1E, 0xAC, 0x1E, 0xAC, 0x1E, 0xAC, 0x1E, 0xAC, 0x1E, 0xAC, 0x1E,
    0xAC, 0x1E, 0xAC, 0x1E, 0xAC, 0x1E, 0xAC, 0x1E, 0xAC, 0x1E, 0xAC, 0x1E, 0xAC, 0x1E, 0xAC, 0x1E,
    0xAC, 0x1E, 0xAC, 0x1E, 0xAC, 0x1E, 0xAC, 0x1E, 0xAC, 0x1E, 0xAC, 0x1E, 0xAC, 0x1E, 0xAC, 0x1E,
    0xAC, 0x1E, 0xAC, 0x1E, 0xAC, 0x1E, 0xAC, 0x1E, 0xAC, 0x1E, 0xAC, 0x1E, 0xAC, 0x1E, 0xAC, 0x1E,
    0xAC, 0x1E, 0xAC, 0x1E, 0xAC, 0x1E, 0xAC, 0x1E, 0xAC, 0x1E, 0xAC, 0x1E, 0xAC, 0x1E, 0xAC, 0x1E,
    0xAC, 0x1E, 0xAC, 0x1E, 0xAC, 0x1E, 0xAC, 0x1E, 0xAC, 0x1E, 0xAC, 0x1E, 0xAC, 0x1E, 0xAB, 0x1E,
    0xAC, 0x1E, 0xAC, 0x1E, 0xCC, 0x1E, 0xEC, 0x1E, 0xEC, 0x1E, 0xCC, 0x1E, 0xAC, 0x1E, 0xAC, 0x1E,
    0xCC, 0x1E, 0xAB, 0x1E, 0xAB, 0x1E, 0xAC, 0x1E, 0xAC, 0x1E, 0xAA, 0x16, 0x00, 0x00, 0x00, 0x00,
    0x00, 0x00, 0x00, 0x00, 0x4A, 0x05, 0xE7, 0x05, 0xEF, 0x07, 0x00, 0x00, 0x00, 0x00, 0x00, 0x00,
    0x00, 0x00, 0x00, 0x00, 0x00, 0x00, 0x00, 0x00, 0x00, 0x00, 0x00, 0x00, 0x00, 0x00, 0x00, 0x00,
    0x00, 0x00, 0x00, 0x00, 0x00, 0x00, 0x00, 0x00, 0x00, 0x00, 0x00, 0x00, 0x00, 0x00, 0x00, 0x00,
    0x00, 0x00, 0x00, 0x00, 0x00, 0x00, 0xEF, 0x07, 0xE7, 0x05, 0x4A, 0x05, 0x00, 0x00, 0x00, 0x00,
    0x00, 0x00, 0xCD, 0x26, 0x0C, 0x1F, 0x8B, 0x1E, 0xCC, 0x1E, 0xAC, 0x1E, 0xAB, 0x1E, 0xCC, 0x1E,
    0xCC, 0x1E, 0xCC, 0x1E, 0xCC, 0x1E, 0xCC, 0x1E, 0xCC, 0x1E, 0xCC, 0x1E, 0xAC, 0x1E, 0xAC, 0x1E,
    0xAB, 0x1E, 0xAC, 0x1E, 0xAC, 0x1E, 0xAC, 0x1E, 0xAC, 0x1E, 0xAC, 0x1E, 0xAC, 0x1E, 0xAC, 0x1E,
    0xAC, 0x1E, 0xAC, 0x1E, 0xAC, 0x1E, 0xAC, 0x1E, 0xAC, 0x1E, 0xAC, 0x1E, 0xAC, 0x1E, 0xAC, 0x1E,
    0xAC, 0x1E, 0xAC, 0x1E, 0xAC, 0x1E, 0xAC, 0x1E, 0xAC, 0x1E, 0xAC, 0x1E, 0xAC, 0x1E, 0xAC, 0x1E,
    0xAC, 0x1E, 0xAC, 0x1E, 0xAC, 0x1E, 0xAC, 0x1E, 0xAC, 0x1E, 0xAC, 0x1E, 0xAC, 0x1E, 0xAC, 0x1E,
    0xAC, 0x1E, 0xAC, 0x1E, 0xAC, 0x1E, 0xAC, 0x1E, 0xAC, 0x1E, 0xAC, 0x1E, 0xAC, 0x1E, 0xAC, 0x1E,
    0xAC, 0x1E, 0xAC, 0x1E, 0xAC, 0x1E, 0xAC, 0x1E, 0xAC, 0x1E, 0xAC, 0x1E, 0xAC, 0x1E, 0xAC, 0x1E,
    0xAC, 0x1E, 0xAC, 0x1E, 0xAC, 0x1E, 0xAC, 0x1E, 0xAC, 0x1E, 0xAC, 0x1E, 0xAC, 0x1E, 0xAC, 0x1E,
    0xAC, 0x1E, 0xAC, 0x1E, 0xAC, 0x1E, 0xAC, 0x1E, 0xAC, 0x1E, 0xAC, 0x1E, 0xAC, 0x1E, 0xAC, 0x1E,
    0xAC, 0x1E, 0xAC, 0x1E, 0xAC, 0x1E, 0xAC, 0x1E, 0xAC, 0x1E, 0xAC, 0x1E, 0xAC, 0x1E, 0xAC, 0x1E,
    0xAC, 0x1E, 0xAC, 0x1E, 0xAC, 0x1E, 0xAC, 0x1E, 0xAC, 0x1E, 0xAC, 0x1E, 0xAC, 0x1E, 0xAC, 0x1E,
    0xAC, 0x1E, 0xAC, 0x1E, 0xAC, 0x1E, 0xAC, 0x1E, 0xAC, 0x1E, 0xAC, 0x1E, 0xAC, 0x1E, 0xAC, 0x1E,
    0xAC, 0x1E, 0xAC, 0x1E, 0xAC, 0x1E, 0xAC, 0x1E, 0xAC, 0x1E, 0xAC, 0x1E, 0xAC, 0x1E, 0xAC, 0x1E,
    0xAC, 0x1E, 0xAC, 0x1E, 0xAC, 0x1E, 0xAC, 0x1E, 0xAC, 0x1E, 0xAC, 0x1E, 0xAC, 0x1E, 0xAC, 0x1E,
    0xAC, 0x1E, 0xAC, 0x1E, 0xAC, 0x1E, 0xAC, 0x1E, 0xAC, 0x1E, 0xAC, 0x1E, 0xAC, 0x1E, 0xAC, 0x1E,
    0xAC, 0x1E, 0xAC, 0x1E, 0xAC, 0x1E, 0xAC, 0x1E, 0xAC, 0x1E, 0xAC, 0x1E, 0xAC, 0x1E, 0xAC, 0x1E,
    0xAC, 0x1E, 0xAC, 0x1E, 0xAC, 0x1E, 0xAC, 0x1E, 0xAC, 0x1E, 0xAC, 0x1E, 0xAC, 0x1E, 0xAC, 0x1E,
    0xAC, 0x1E, 0xAC, 0x1E, 0xAC, 0x1E, 0xAC, 0x1E, 0xAC, 0x1E, 0xAC, 0x1E, 0xAC, 0x1E, 0xAB, 0x1E,
    0xAC, 0x1E, 0xAC, 0x1E, 0xCC, 0x1E, 0xEC, 0x1E, 0xCC, 0x1E, 0xCC, 0x1E, 0xCC, 0x1E, 0xCC, 0x1E,
    0xCC, 0x1E, 0xAC, 0x1E, 0xAC, 0x1E, 0xAC, 0x1E, 0xAC, 0x26, 0xAB, 0x1E, 0xEC, 0x37, 0x00, 0x00,
    0x00, 0x00, 0x00, 0x00, 0x4A, 0x05, 0xE7, 0x05, 0xEF, 0x07, 0x00, 0x00, 0x00, 0x00, 0x00, 0x00,
    0x00, 0x00, 0x00, 0x00, 0x00, 0x00, 0x00, 0x00, 0x00, 0x00, 0x00, 0x00, 0x00, 0x00, 0x00, 0x00,
    0x00, 0x00, 0x00, 0x00, 0x00, 0x00, 0x00, 0x00, 0x00, 0x00, 0x00, 0x00, 0x00, 0x00, 0xE0, 0x07,
    0xFF, 0x07, 0x00, 0x00, 0x00, 0x00, 0xEF, 0x07, 0xE7, 0x05, 0xE7, 0x05, 0x00, 0x00, 0x00, 0x00,
    0x4A, 0x2D, 0x2D, 0x1F, 0xCB, 0x1E, 0xAB, 0x1E, 0xAB, 0x1E, 0xCC, 0x1E, 0xAC, 0x1E, 0xEC, 0x1E,
    0xEC, 0x1E, 0xCC, 0x1E, 0xCC, 0x1E, 0xCC, 0x1E, 0xCC, 0x1E, 0xAC, 0x1E, 0xAB, 0x1E, 0xAC, 0x1E,
    0xAB, 0x1E, 0xAC, 0x1E, 0xAC, 0x1E, 0xAC, 0x1E, 0xAC, 0x1E, 0xAC, 0x1E, 0xAC, 0x1E, 0xAC, 0x1E,
    0xAC, 0x1E, 0xAC, 0x1E, 0xAC, 0x1E, 0xAC, 0x1E, 0xAC, 0x1E, 0xAC, 0x1E, 0xAC, 0x1E, 0xAC, 0x1E,
    0xAC, 0x1E, 0xAC, 0x1E, 0xAC, 0x1E, 0xAC, 0x1E, 0xAC, 0x1E, 0xAC, 0x1E, 0xAC, 0x1E, 0xAC, 0x1E,
    0xAC, 0x1E, 0xAC, 0x1E, 0xAC, 0x1E, 0xAC, 0x1E, 0xAC, 0x1E, 0xAC, 0x1E, 0xAC, 0x1E, 0xAC, 0x1E,
    0xAC, 0x1E, 0xAC, 0x1E, 0xAC, 0x1E, 0xAC, 0x1E, 0xAC, 0x1E, 0xAC, 0x1E, 0xAC, 0x1E, 0xAC, 0x1E,
    0xAC, 0x1E, 0xAC, 0x1E, 0xAC, 0x1E, 0xAC, 0x1E, 0xAC, 0x1E, 0xAC, 0x1E, 0xAC, 0x1E, 0xAC, 0x1E,
    0xAC, 0x1E, 0xAC, 0x1E, 0xAC, 0x1E, 0xAC, 0x1E, 0xAC, 0x1E, 0xAC, 0x1E, 0xAC, 0x1E, 0xAC, 0x1E,
    0xAC, 0x1E, 0xAC, 0x1E, 0xAC, 0x1E, 0xAC, 0x1E, 0xAC, 0x1E, 0xAC, 0x1E, 0xAC, 0x1E, 0xAC, 0x1E,
    0xAC, 0x1E, 0xAC, 0x1E, 0xAC, 0x1E, 0xAC, 0x1E, 0xAC, 0x1E, 0xAC, 0x1E, 0xAC, 0x1E, 0xAC, 0x1E,
    0xAC, 0x1E, 0xAC, 0x1E, 0xAC, 0x1E, 0xAC, 0x1E, 0xAC, 0x1E, 0xAC, 0x1E, 0xAC, 0x1E, 0xAC, 0x1E,
    0xAC, 0x1E, 0xAC, 0x1E, 0xAC, 0x1E, 0xAC, 0x1E, 0xAC, 0x1E, 0xAC, 0x1E, 0xAC, 0x1E, 0xAC, 0x1E,
    0xAC, 0x1E, 0xAC, 0x1E, 0xAC, 0x1E, 0xAC, 0x1E, 0xAC, 0x1E, 0xAC, 0x1E, 0xAC, 0x1E, 0xAC, 0x1E,
    0xAC, 0x1E, 0xAC, 0x1E, 0xAC, 0x1E, 0xAC, 0x1E, 0xAC, 0x1E, 0xAC, 0x1E, 0xAC, 0x1E, 0xAC, 0x1E,
    0xAC, 0x1E, 0xAC, 0x1E, 0xAC, 0x1E, 0xAC, 0x1E, 0xAC, 0x1E, 0xAC, 0x1E, 0xAC, 0x1E, 0xAC, 0x1E,
    0xAC, 0x1E, 0xAC, 0x1E, 0xAC, 0x1E, 0xAC, 0x1E, 0xAC, 0x1E, 0xAC, 0x1E, 0xAC, 0x1E, 0xAC, 0x1E,
    0xAC, 0x1E, 0xAC, 0x1E, 0xAC, 0x1E, 0xAC, 0x1E, 0xAC, 0x1E, 0xAC, 0x1E, 0xAC, 0x1E, 0xAC, 0x1E,
    0xAC, 0x1E, 0xAC, 0x1E, 0xAC, 0x1E, 0xAC, 0x1E, 0xAC, 0x1E, 0xAC, 0x1E, 0xAC, 0x1E, 0xAB, 0x1E,
    0xAC, 0x1E, 0xAB, 0x1E, 0xCC, 0x1E, 0xCC, 0x1E, 0xCC, 0x1E, 0xCC, 0x1E, 0xCC, 0x1E, 0xEC, 0x1E,
    0xEC, 0x1E, 0xAB, 0x1E, 0xAB, 0x1E, 0xCC, 0x1E, 0xCC, 0x1E, 0xAC, 0x1E, 0x0D, 0x1F, 0xEF, 0x3F,
    0x00, 0x00, 0x00, 0x00, 0xEA, 0x07, 0xEA, 0x07, 0xEF, 0x07, 0x00, 0x00, 0x00, 0x00, 0xFF, 0x07,
    0xE0, 0x07, 0x00, 0x00, 0x00, 0x00, 0x00, 0x00, 0x00, 0x00, 0x00, 0x00, 0x00, 0x00, 0x00, 0x00,
    0x00, 0x00, 0x00, 0x00, 0x00, 0x00, 0x00, 0x00, 0x00, 0x00, 0x00, 0x00, 0x00, 0x00, 0xE0, 0x07,
    0xEF, 0x07, 0xFF, 0x07, 0x00, 0x00, 0xE0, 0x07, 0xEF, 0x03, 0xEF, 0x07, 0xEF, 0x03, 0xEC, 0x37,
    0x2C, 0x1E, 0xCB, 0x1E, 0xAB, 0x1E, 0xAB, 0x1E, 0xCC, 0x1E, 0xAC, 0x1E, 0xAC, 0x1E, 0xEC, 0x1E,
    0xEC, 0x1E, 0xCC, 0x1E, 0xAC, 0x1E, 0xAC, 0x1E, 0xAC, 0x1E, 0xAC, 0x1E, 0xAC, 0x1E, 0xAC, 0x1E,
    0xAC, 0x1E, 0xAC, 0x1E, 0xAC, 0x1E, 0xAC, 0x1E, 0xAC, 0x1E, 0xAC, 0x1E, 0xAC, 0x1E, 0xAC, 0x1E,
    0xAC, 0x1E, 0xAC, 0x1E, 0xAC, 0x1E, 0xAC, 0x1E, 0xAC, 0x1E, 0xAC, 0x1E, 0xAC, 0x1E, 0xAC, 0x1E,
    0xAC, 0x1E, 0xAC, 0x1E, 0xAC, 0x1E, 0xAC, 0x1E, 0xAC, 0x1E, 0xAC, 0x1E, 0xAC, 0x1E, 0xAC, 0x1E,
    0xAC, 0x1E, 0xAC, 0x1E, 0xAC, 0x1E, 0xAC, 0x1E, 0xAC, 0x1E, 0xAC, 0x1E, 0xAC, 0x1E, 0xAC, 0x1E,
    0xAC, 0x1E, 0xAC, 0x1E, 0xAC, 0x1E, 0xAC, 0x1E, 0xAC, 0x1E, 0xAC, 0x1E, 0xAC, 0x1E, 0xAC, 0x1E,
    0xAC, 0x1E, 0xAC, 0x1E, 0xAC, 0x1E, 0xAC, 0x1E, 0xAC, 0x1E, 0xAC, 0x1E, 0xAC, 0x1E, 0xAC, 0x1E,
    0xAC, 0x1E, 0xAC, 0x1E, 0xAC, 0x1E, 0xAC, 0x1E, 0xAC, 0x1E, 0xAC, 0x1E, 0xAC, 0x1E, 0xAC, 0x1E,
    0xAC, 0x1E, 0xAC, 0x1E, 0xAC, 0x1E, 0xAC, 0x1E, 0xAC, 0x1E, 0xAC, 0x1E, 0xAC, 0x1E, 0xAC, 0x1E,
    0xAC, 0x1E, 0xAC, 0x1E, 0xAC, 0x1E, 0xAC, 0x1E, 0xAC, 0x1E, 0xAC, 0x1E, 0xAC, 0x1E, 0xAC, 0x1E,
    0xAC, 0x1E, 0xAC, 0x1E, 0xAC, 0x1E, 0xAC, 0x1E, 0xAC, 0x1E, 0xAC, 0x1E, 0xAC, 0x1E, 0xAC, 0x1E,
    0xAC, 0x1E, 0xAC, 0x1E, 0xAC, 0x1E, 0xAC, 0x1E, 0xAC, 0x1E, 0xAC, 0x1E, 0xAC, 0x1E, 0xAC, 0x1E,
    0xAC, 0x1E, 0xAC, 0x1E, 0xAC, 0x1E, 0xAC, 0x1E, 0xAC, 0x1E, 0xAC, 0x1E, 0xAC, 0x1E, 0xAC, 0x1E,
    0xAC, 0x1E, 0xAC, 0x1E, 0xAC, 0x1E, 0xAC, 0x1E, 0xAC, 0x1E, 0xAC, 0x1E, 0xAC, 0x1E, 0xAC, 0x1E,
    0xAC, 0x1E, 0xAC, 0x1E, 0xAC, 0x1E, 0xAC, 0x1E, 0xAC, 0x1E, 0xAC, 0x1E, 0xAC, 0x1E, 0xAC, 0x1E,
    0xAC, 0x1E, 0xAC, 0x1E, 0xAC, 0x1E, 0xAC, 0x1E, 0xAC, 0x1E, 0xAC, 0x1E, 0xAC, 0x1E, 0xAC, 0x1E,
    0xAC, 0x1E, 0xAC, 0x1E, 0xAC, 0x1E, 0xAC, 0x1E, 0xAC, 0x1E, 0xAC, 0x1E, 0xAC, 0x1E, 0xAC, 0x1E,
    0xAC, 0x1E, 0xAC, 0x1E, 0xAC, 0x1E, 0xAC, 0x1E, 0xAC, 0x1E, 0xAC, 0x1E, 0xAC, 0x1E, 0xAC, 0x1E,
    0xAC, 0x1E, 0xAC, 0x1E, 0xAC, 0x1E, 0xAC, 0x1E, 0xAC, 0x1E, 0xAC, 0x1E, 0xCC, 0x1E, 0xEC, 0x1E,
    0xEC, 0x1E, 0xAC, 0x1E, 0xAB, 0x1E, 0xAC, 0x1E, 0xAB, 0x1E, 0xAB, 0x1E, 0xEC, 0x26, 0xEC, 0x26,
    0xEF, 0x3F, 0xE0, 0x07, 0xEF, 0x07, 0xEF, 0x03, 0xE0, 0x07, 0x00, 0x00, 0xFF, 0x07, 0xEF, 0x07,
    0xE0, 0x07, 0x00, 0x00, 0x00, 0x00, 0x00, 0x00, 0x00, 0x00, 0x00, 0x00, 0x00, 0x00, 0x00, 0x00,
    0x00, 0x00, 0x00, 0x00, 0x00, 0x00, 0x00, 0x00, 0x00, 0x00, 0x00, 0x00, 0x00, 0x00, 0xE0, 0x07,
    0xEF, 0x07, 0xFF, 0x07, 0x00, 0x00, 0x00, 0x00, 0x00, 0x00, 0x00, 0x00, 0xEF, 0x03, 0xCB, 0x16,
    0x6C, 0x1E, 0xCC, 0x1E, 0xAB, 0x1E, 0xAC, 0x1E, 0xAC, 0x1E, 0xCC, 0x1E, 0xAC, 0x1E, 0xEC, 0x1E,
    0xEC, 0x1E, 0xCC, 0x1E, 0xAB, 0x1E, 0xAB, 0x1E, 0xAC, 0x1E, 0xAC, 0x1E, 0xAC, 0x1E, 0xAC, 0x1E,
    0xAC, 0x1E, 0xAC, 0x1E, 0xAC, 0x1E, 0xAC, 0x1E, 0xAC, 0x1E, 0xAC, 0x1E, 0xAC, 0x1E, 0xAC, 0x1E,
    0xAC, 0x1E, 0xAC, 0x1E, 0xAC, 0x1E, 0xAC, 0x1E, 0xAC, 0x1E, 0xAC, 0x1E, 0xAC, 0x1E, 0xAC, 0x1E,
    0xAC, 0x1E, 0xAC, 0x1E, 0xAC, 0x1E, 0xAC, 0x1E, 0xAC, 0x1E, 0xAC, 0x1E, 0xAC, 0x1E, 0xAC, 0x1E,
    0xAC, 0x1E, 0xAC, 0x1E, 0xAC, 0x1E, 0xAC, 0x1E, 0xAC, 0x1E, 0xAC, 0x1E, 0xAC, 0x1E, 0xAC, 0x1E,
    0xAC, 0x1E, 0xAC, 0x1E, 0xAC, 0x1E, 0xAC, 0x1E, 0xAC, 0x1E, 0xAC, 0x1E, 0xAC, 0x1E, 0xAC, 0x1E,
    0xAC, 0x1E, 0xAC, 0x1E, 0xAC, 0x1E, 0xAC, 0x1E, 0xAC, 0x1E, 0xAC, 0x1E, 0xAC, 0x1E, 0xAC, 0x1E,
    0xAC, 0x1E, 0xAC, 0x1E, 0xAC, 0x1E, 0xAC, 0x1E, 0xAC, 0x1E, 0xAC, 0x1E, 0xAC, 0x1E, 0xAC, 0x1E,
    0xAC, 0x1E, 0xAC, 0x1E, 0xAC, 0x1E, 0xAC, 0x1E, 0xAC, 0x1E, 0xAC, 0x1E, 0xAC, 0x1E, 0xAC, 0x1E,
    0xAC, 0x1E, 0xAC, 0x1E, 0xAC, 0x1E, 0xAC, 0x1E, 0xAC, 0x1E, 0xAC, 0x1E, 0xAC, 0x1E, 0xAC, 0x1E,
    0xAC, 0x1E, 0xAC, 0x1E, 0xAC, 0x1E, 0xAC, 0x1E, 0xAC, 0x1E, 0xAC, 0x1E, 0xAC, 0x1E, 0xAC, 0x1E,
    0xAC, 0x1E, 0xAC, 0x1E, 0xAC, 0x1E, 0xAC, 0x1E, 0xAC, 0x1E, 0xAC, 0x1E, 0xAC, 0x1E, 0xAC, 0x1E,
    0xAC, 0x1E, 0xAC, 0x1E, 0xAC, 0x1E, 0xAC, 0x1E, 0xAC, 0x1E, 0xAC, 0x1E, 0xAC, 0x1E, 0xAC, 0x1E,
    0xAC, 0x1E, 0xAC, 0x1E, 0xAC, 0x1E, 0xAC, 0x1E, 0xAC, 0x1E, 0xAC, 0x1E, 0xAC, 0x1E, 0xAC, 0x1E,
    0xAC, 0x1E, 0xAC, 0x1E, 0xAC, 0x1E, 0xAC, 0x1E, 0xAC, 0x1E, 0xAC, 0x1E, 0xAC, 0x1E, 0xAC, 0x1E,
    0xAC, 0x1E, 0xAC, 0x1E, 0xAC, 0x1E, 0xAC, 0x1E, 0xAC, 0x1E, 0xAC, 0x1E, 0xAC, 0x1E, 0xAC, 0x1E,
    0xAC, 0x1E, 0xAC, 0x1E, 0xAC, 0x1E, 0xAC, 0x1E, 0xAC, 0x1E, 0xAC, 0x1E, 0xAC, 0x1E, 0xAC, 0x1E,
    0xAC, 0x1E, 0xAC, 0x1E, 0xAC, 0x1E, 0xAC, 0x1E, 0xAC, 0x1E, 0xAC, 0x1E, 0xAC, 0x1E, 0xAC, 0x1E,
    0xAC, 0x1E, 0xAC, 0x1E, 0xAC, 0x1E, 0xAC, 0x1E, 0xAB, 0x1E, 0xAB, 0x1E, 0xCC, 0x1E, 0xEC, 0x1E,
    0xEC, 0x1E, 0xAC, 0x1E, 0xAC, 0x1E, 0xAC, 0x1E, 0xCC, 0x1E, 0xCB, 0x1E, 0xCC, 0x26, 0xCC, 0x1E,
    0xAC, 0x16, 0xE0, 0x03, 0x00, 0x00, 0x00, 0x00, 0x00, 0x00, 0x00, 0x00, 0xFF, 0x07, 0xEF, 0x07,
    0xE0, 0x07, 0x00, 0x00, 0x00, 0x00, 0x00, 0x00, 0x00, 0x00, 0x00, 0x00, 0x00, 0x00, 0x00, 0x00,
    0x00, 0x00, 0x00, 0x00, 0x00, 0x00, 0x00, 0x00, 0x00, 0x00, 0x00, 0x00, 0x00, 0x00, 0xE0, 0x07,
    0xEA, 0x07, 0xEF, 0x07, 0x00, 0x00, 0x00, 0x00, 0x00, 0x00, 0x00, 0x00, 0xAF, 0x2E, 0xCC, 0x1E,
    0xAC, 0x1E, 0xCC, 0x1E, 0xAB, 0x1E, 0xAC, 0x1E, 0xAC, 0x1E, 0xCC, 0x1E, 0xCC, 0x1E, 0xEC, 0x1E,
    0xEC, 0x1E, 0xCC, 0x1E, 0xAB, 0x1E, 0xAB, 0x1E, 0xAB, 0x1E, 0xAC, 0x1E, 0xAC, 0x1E, 0xCC, 0x1E,
    0xAC, 0x1E, 0xAC, 0x1E, 0xAC, 0x1E, 0xAC, 0x1E, 0xAC, 0x1E, 0xAC, 0x1E, 0xAC, 0x1E, 0xAC, 0x1E,
    0xAC, 0x1E, 0xAC, 0x1E, 0xAC, 0x1E, 0xAC, 0x1E, 0xAC, 0x1E, 0xAC, 0x1E, 0xAC, 0x1E, 0xAC, 0x1E,
    0xAC, 0x1E, 0xAC, 0x1E, 0xAC, 0x1E, 0xAC, 0x1E, 0xAC, 0x1E, 0xAB, 0x1E, 0xAB, 0x1E, 0xAB, 0x1E,
    0xAB, 0x1E, 0xAB, 0x1E, 0xAB, 0x1E, 0xAB, 0x1E, 0xAB, 0x1E, 0xAC, 0x1E, 0xAB, 0x1E, 0xAC, 0x1E,
    0xAC, 0x1E, 0xAC, 0x1E, 0xAC, 0x1E, 0xAC, 0x1E, 0xAC, 0x1E, 0xAC, 0x1E, 0xAC, 0x1E, 0xAC, 0x1E,
    0xAC, 0x1E, 0xAC, 0x1E, 0xAC, 0x1E, 0xAC, 0x1E, 0xAC, 0x1E, 0xAC, 0x1E, 0xAC, 0x1E, 0xAC, 0x1E,
    0xAC, 0x1E, 0xAC, 0x1E, 0xAC, 0x1E, 0xAC, 0x1E, 0xAC, 0x1E, 0xAC, 0x1E, 0xAC, 0x1E, 0xAC, 0x1E,
    0xAC, 0x1E, 0xAC, 0x1E, 0xAC, 0x1E, 0xAC, 0x1E, 0xAC, 0x1E, 0xAB, 0x1E, 0xAC, 0x1E, 0xAB, 0x1E,
    0xAB, 0x1E, 0xAB, 0x1E, 0xAB, 0x1E, 0xAB, 0x1E, 0xAB, 0x1E, 0xAB, 0x1E, 0xAB, 0x1E, 0xAB, 0x1E,
    0xAB, 0x1E, 0xAC, 0x1E, 0xAC, 0x1E, 0xAC, 0x1E, 0xAC, 0x1E, 0xAC, 0x1E, 0xAC, 0x1E, 0xAC, 0x1E,
    0xAC, 0x1E, 0xAC, 0x1E, 0xAC, 0x1E, 0xAC, 0x1E, 0xAC, 0x1E, 0xAC, 0x1E, 0xAC, 0x1E, 0xAC, 0x1E,
    0xAC, 0x1E, 0xAC, 0x1E, 0xAC, 0x1E, 0xAC, 0x1E, 0xAC, 0x1E, 0xAC, 0x1E, 0xAC, 0x1E, 0xAC, 0x1E,
    0xAC, 0x1E, 0xAC, 0x1E, 0xAC, 0x1E, 0xAC, 0x1E, 0xAC, 0x1E, 0xAC, 0x1E, 0xAC, 0x1E, 0xAC, 0x1E,
    0xAC, 0x1E, 0xAC, 0x1E, 0xAC, 0x1E, 0xAC, 0x1E, 0xAC, 0x1E, 0xAC, 0x1E, 0xAC, 0x1E, 0xAC, 0x1E,
    0xAC, 0x1E, 0xAC, 0x1E, 0xAC, 0x1E, 0xAC, 0x1E, 0xAC, 0x1E, 0xAC, 0x1E, 0xAC, 0x1E, 0xAC, 0x1E,
    0xAC, 0x1E, 0xAC, 0x1E, 0xAC, 0x1E, 0xAC, 0x1E, 0xAC, 0x1E, 0xAC, 0x1E, 0xAC, 0x1E, 0xAC, 0x1E,
    0xAC, 0x1E, 0xAC, 0x1E, 0xAC, 0x1E, 0xAC, 0x1E, 0xAC, 0x1E, 0xAC, 0x1E, 0xAC, 0x1E, 0xAC, 0x1E,
    0xCC, 0x1E, 0xAC, 0x1E, 0xAC, 0x1E, 0xAB, 0x1E, 0xAB, 0x1E, 0xAB, 0x1E, 0xCC, 0x1E, 0xEC, 0x1E,
    0xEC, 0x1E, 0xCC, 0x1E, 0xAC, 0x1E, 0xAB, 0x1E, 0xAC, 0x1E, 0xAB, 0x1E, 0xAC, 0x1E, 0xCB, 0x1E,
    0xCB, 0x1E, 0x66, 0x36, 0x00, 0x00, 0x00, 0x00, 0x00, 0x00, 0x00, 0x00, 0xEF, 0x07, 0xEA, 0x07,
    0xE0, 0x07, 0x00, 0x00, 0x00, 0x00, 0x00, 0x00, 0x00, 0x00, 0x00, 0x00, 0x00, 0x00, 0x00, 0x00,
    0x00, 0x00, 0x00, 0x00, 0x00, 0x00, 0x00, 0x00, 0x00, 0x00, 0x00, 0x00, 0x00, 0x00, 0xE0, 0x07,
    0xE7, 0x05, 0x4A, 0x05, 0x00, 0x00, 0x00, 0x00, 0x00, 0x00, 0x00, 0x00, 0xCD, 0x26, 0xCB, 0x1E,
    0xAC, 0x1E, 0xAC, 0x1E, 0xAB, 0x1E, 0xAC, 0x1E, 0xAC, 0x1E, 0xCC, 0x1E, 0xCC, 0x1E, 0xEC, 0x1E,
    0xEC, 0x1E, 0xCC, 0x1E, 0xAC, 0x1E, 0xAB, 0x1E, 0xAC, 0x1E, 0xAC, 0x1E, 0xAC, 0x1E, 0xAC, 0x1E,
    0xAC, 0x1E, 0xAC, 0x1E, 0xAC, 0x1E, 0xAC, 0x1E, 0xAC, 0x1E, 0xAC, 0x1E, 0xAC, 0x1E, 0xAC, 0x1E,
    0xAC, 0x1E, 0xAC, 0x1E, 0xAC, 0x1E, 0xAC, 0x1E, 0xAC, 0x1E, 0xAB, 0x1E, 0xAB, 0x1E, 0xAB, 0x1E,
    0xAB, 0x1E, 0xAB, 0x1E, 0xAB, 0x1E, 0xAB, 0x1E, 0xAB, 0x1E, 0xAC, 0x1E, 0xAC, 0x1E, 0xAC, 0x1E,
    0xAC, 0x1E, 0xAC, 0x1E, 0xAC, 0x1E, 0xAC, 0x1E, 0xAC, 0x1E, 0xAC, 0x1E, 0xAC, 0x1E, 0xAC, 0x1E,
    0xAC, 0x1E, 0xAC, 0x1E, 0xAC, 0x1E, 0xAC, 0x1E, 0xAC, 0x1E, 0xAC, 0x1E, 0xAC, 0x1E, 0xAC, 0x1E,
    0xAC, 0x1E, 0xAC, 0x1E, 0xAC, 0x1E, 0xAC, 0x1E, 0xAC, 0x1E, 0xAC, 0x1E, 0xAC, 0x1E, 0xAC, 0x1E,
    0xAC, 0x1E, 0xAC, 0x1E, 0xAC, 0x1E, 0xAC, 0x1E, 0xAC, 0x1E, 0xAC, 0x1E, 0xAC, 0x1E, 0xAC, 0x1E,
    0xAC, 0x1E, 0xAC, 0x1E, 0xAC, 0x1E, 0xAC, 0x1E, 0xAC, 0x1E, 0xAC, 0x1E, 0xAC, 0x1E, 0xAC, 0x1E,
    0xAC, 0x1E, 0xAC, 0x1E, 0xAC, 0x1E, 0xAC, 0x1E, 0xAC, 0x1E, 0xAC, 0x1E, 0xAC, 0x1E, 0xAC, 0x1E,
    0xAC, 0x1E, 0xAB, 0x1E, 0xAB, 0x1E, 0xAB, 0x1E, 0xAB, 0x1E, 0xAB, 0x1E, 0xAB, 0x1E, 0xAB, 0x1E,
    0xAB, 0x1E, 0xAB, 0x1E, 0xAC, 0x1E, 0xAC, 0x1E, 0xAC, 0x1E, 0xAC, 0x1E, 0xAC, 0x1E, 0xAC, 0x1E,
    0xAC, 0x1E, 0xAC, 0x1E, 0xAC, 0x1E, 0xAC, 0x1E, 0xAC, 0x1E, 0xAC, 0x1E, 0xAC, 0x1E, 0xAC, 0x1E,
    0xAC, 0x1E, 0xAC, 0x1E, 0xAC, 0x1E, 0xAC, 0x1E, 0xAC, 0x1E, 0xAC, 0x1E, 0xAC, 0x1E, 0xAC, 0x1E,
    0xAC, 0x1E, 0xAC, 0x1E, 0xAC, 0x1E, 0xAC, 0x1E, 0xAC, 0x1E, 0xAC, 0x1E, 0xAC, 0x1E, 0xAC, 0x1E,
    0xAC, 0x1E, 0xAC, 0x1E, 0xAC, 0x1E, 0xAC, 0x1E, 0xAC, 0x1E, 0xAC, 0x1E, 0xAC, 0x1E, 0xAC, 0x1E,
    0xAC, 0x1E, 0xAC, 0x1E, 0xAC, 0x1E, 0xAC, 0x1E, 0xAC, 0x1E, 0xAC, 0x1E, 0xAC, 0x1E, 0xAC, 0x1E,
    0xAC, 0x1E, 0xAC, 0x1E, 0xAC, 0x1E, 0xAC, 0x1E, 0xAC, 0x1E, 0xAC, 0x1E, 0xAC, 0x1E, 0xAC, 0x1E,
    0xAC, 0x1E, 0xAC, 0x1E, 0xAC, 0x1E, 0xAC, 0x1E, 0xAB, 0x1E, 0xAC, 0x1E, 0xCC, 0x1E, 0xEC, 0x1E,
    0xEC, 0x1E, 0xCC, 0x1E, 0xAB, 0x1E, 0xAB, 0x1E, 0xAB, 0x1E, 0xAB, 0x1E, 0xAC, 0x1E, 0xAB, 0x1E,
    0xCB, 0x1E, 0x4B, 0x26, 0x00, 0x00, 0x00, 0x00, 0x00, 0x00, 0x00, 0x00, 0x4A, 0x05, 0xE7, 0x05,
    0xFF, 0x07, 0x00, 0x00, 0x00, 0x00, 0x00, 0x00, 0x00, 0x00, 0x00, 0x00, 0x00, 0x00, 0x00, 0x00,
    0x00, 0x00, 0x00, 0x00, 0x00, 0x00, 0x00, 0x00, 0x00, 0x00, 0x00, 0x00, 0x00, 0x00, 0xE0, 0x07,
    0xE7, 0x05, 0x4A, 0x05, 0x00, 0x00, 0x00, 0x00, 0x00, 0x00, 0x00, 0x00, 0xCB, 0x1E, 0xCC, 0x1E,
    0xAC, 0x1E, 0xAC, 0x1E, 0xAC, 0x1E, 0xAC, 0x1E, 0xAC, 0x1E, 0xCC, 0x1E, 0xCC, 0x1E, 0xCC, 0x1E,
    0xCC, 0x1E, 0xCC, 0x1E, 0xAC, 0x1E, 0xAB, 0x1E, 0xAC, 0x1E, 0xAC, 0x1E, 0xAC, 0x1E, 0xAC, 0x1E,
    0xAC, 0x1E, 0xAC, 0x1E, 0xAC, 0x1E, 0xAC, 0x1E, 0xAC, 0x1E, 0xAC, 0x1E, 0xAC, 0x1E, 0xAC, 0x1E,
    0xAC, 0x1E, 0xAC, 0x1E, 0xAC, 0x1E, 0xAC, 0x1E, 0xAC, 0x1E, 0xAC, 0x1E, 0xAC, 0x1E, 0xAC, 0x1E,
    0xAC, 0x1E, 0xAB, 0x1E, 0xAB, 0x1E, 0xAB, 0x1E, 0xAB, 0x1E, 0xAB, 0x1E, 0xAB, 0x1E, 0xAB, 0x1E,
    0xAB, 0x1E, 0xAB, 0x1E, 0xAB, 0x1E, 0xAB, 0x1E, 0xAB, 0x1E, 0xAB, 0x1E, 0xAB, 0x1E, 0xAB, 0x1E,
    0xAB, 0x1E, 0xAB, 0x1E, 0xAB, 0x1E, 0xAB, 0x1E, 0xAB, 0x1E, 0xAB, 0x1E, 0xAB, 0x1E, 0xAB, 0x1E,
    0xAB, 0x1E, 0xAB, 0x1E, 0xAB, 0x1E, 0xAB, 0x1E, 0xAB, 0x1E, 0xAB, 0x1E, 0xAB, 0x1E, 0xAB, 0x1E,
    0xAB, 0x1E, 0xAB, 0x1E, 0xAB, 0x1E, 0xAB, 0x1E, 0xAB, 0x1E, 0xAB, 0x1E, 0xAB, 0x1E, 0xAB, 0x1E,
    0xAB, 0x1E, 0xAB, 0x1E, 0xAB, 0x1E, 0xAB, 0x1E, 0xAB, 0x1E, 0xAB, 0x1E, 0xAB, 0x1E, 0xAB, 0x1E,
    0xAB, 0x1E, 0xAB, 0x1E, 0xAB, 0x1E, 0xAB, 0x1E, 0xAB, 0x1E, 0xAB, 0x1E, 0xAB, 0x1E, 0xAB, 0x1E,
    0xAB, 0x1E, 0xAB, 0x1E, 0xAB, 0x1E, 0xAB, 0x1E, 0xAC, 0x1E, 0xAC, 0x1E, 0xAC, 0x1E, 0xAC, 0x1E,
    0xAC, 0x1E, 0xAC, 0x1E, 0xAC, 0x1E, 0xAC, 0x1E, 0xAC, 0x1E, 0xAC, 0x1E, 0xAC, 0x1E, 0xAC, 0x1E,
    0xAC, 0x1E, 0xAC, 0x1E, 0xAC, 0x1E, 0xAC, 0x1E, 0xAC, 0x1E, 0xAC, 0x1E, 0xAC, 0x1E, 0xAC, 0x1E,
    0xAC, 0x1E, 0xAC, 0x1E, 0xAC, 0x1E, 0xAC, 0x1E, 0xAC, 0x1E, 0xAC, 0x1E, 0xAC, 0x1E, 0xAC, 0x1E,
    0xAC, 0x1E, 0xAC, 0x1E, 0xAC, 0x1E, 0xAC, 0x1E, 0xAC, 0x1E, 0xAC, 0x1E, 0xAC, 0x1E, 0xAC, 0x1E,
    0xAC, 0x1E, 0xAC, 0x1E, 0xAC, 0x1E, 0xAC, 0x1E, 0xAC, 0x1E, 0xAC, 0x1E, 0xAC, 0x1E, 0xAC, 0x1E,
    0xAC, 0x1E, 0xAC, 0x1E, 0xAC, 0x1E, 0xAC, 0x1E, 0xAC, 0x1E, 0xAC, 0x1E, 0xAC, 0x1E, 0xAC, 0x1E,
    0xAC, 0x1E, 0xAC, 0x1E, 0xAC, 0x1E, 0xAC, 0x1E, 0xAC, 0x1E, 0xAC, 0x1E, 0xAC, 0x1E, 0xAC, 0x1E,
    0xAC, 0x1E, 0xAC, 0x1E, 0xAC, 0x1E, 0xAC, 0x1E, 0xAB, 0x1E, 0xAC, 0x1E, 0xCC, 0x1E, 0xCC, 0x1E,
    0xCC, 0x1E, 0xCC, 0x1E, 0xAC, 0x1E, 0xAC, 0x1E, 0xAB, 0x1E, 0xAC, 0x1E, 0xAB, 0x1E, 0xAB, 0x1E,
    0xCB, 0x1E, 0x6A, 0x1E, 0x00, 0x00, 0x00, 0x00, 0x00, 0x00, 0x00, 0x00, 0x4A, 0x05, 0xE7, 0x05,
    0xFF, 0x07, 0x00, 0x00, 0x00, 0x00, 0x00, 0x00, 0x00, 0x00, 0x00, 0x00, 0x00, 0x00, 0x00, 0x00,
    0x00, 0x00, 0x00, 0x00, 0x00, 0x00, 0x00, 0x00, 0x00, 0x00, 0x00, 0x00, 0x00, 0x00, 0xE0, 0x07,
    0xE7, 0x05, 0xEF, 0x07, 0x00, 0x00, 0xE0, 0x07, 0xEA, 0x07, 0x2C, 0x37, 0xCC, 0x1E, 0xAC, 0x1E,
    0xAC, 0x1E, 0xAC, 0x1E, 0xCC, 0x1E, 0xAC, 0x1E, 0xCC, 0x1E, 0xCC, 0x1E, 0xCC, 0x1E, 0xAB, 0x1E,
    0xAC, 0x1E, 0xCC, 0x1E, 0xAC, 0x1E, 0xAB, 0x1E, 0xAC, 0x1E, 0xAC, 0x1E, 0xAC, 0x1E, 0xAC, 0x1E,
    0xAC, 0x1E, 0xAC, 0x1E, 0xAC, 0x1E, 0xAC, 0x1E, 0xAC, 0x1E, 0xAC, 0x1E, 0xAC, 0x1E, 0xAC, 0x1E,
    0xAC, 0x1E, 0xAC, 0x1E, 0xCC, 0x1E, 0xCC, 0x1E, 0xCC, 0x1E, 0xCC, 0x1E, 0xCC, 0x1E, 0xCC, 0x1E,
    0xCC, 0x1E, 0xCC, 0x1E, 0xCC, 0x1E, 0xCC, 0x1E, 0xCC, 0x1E, 0xCC, 0x1E, 0xCC, 0x1E, 0xCC, 0x1E,
    0xCC, 0x1E, 0xCC, 0x1E, 0xCC, 0x1E, 0xCC, 0x1E, 0xCC, 0x1E, 0xCC, 0x1E, 0xCC, 0x1E, 0xCC, 0x1E,
    0xCC, 0x1E, 0xCC, 0x1E, 0xCC, 0x1E, 0xCC, 0x1E, 0xCC, 0x1E, 0xCC, 0x1E, 0xCC, 0x1E, 0xCC, 0x1E,
    0xCC, 0x1E, 0xCC, 0x1E, 0xCC, 0x1E, 0xCC, 0x1E, 0xCC, 0x1E, 0xCC, 0x1E, 0xCC, 0x1E, 0xCC, 0x1E,
    0xCC, 0x1E, 0xCC, 0x1E, 0xCC, 0x1E, 0xCC, 0x1E, 0xCC, 0x1E, 0xCC, 0x1E, 0xCC, 0x1E, 0xCC, 0x1E,
    0xCC, 0x1E, 0xCC, 0x1E, 0xCC, 0x1E, 0xCC, 0x1E, 0xCC, 0x1E, 0xCC, 0x1E, 0xCC, 0x1E, 0xCC, 0x1E,
    0xCC, 0x1E, 0xCC, 0x1E, 0xCC, 0x1E, 0xCC, 0x1E, 0xCC, 0x1E, 0xCC, 0x1E, 0xCC, 0x1E, 0xCC, 0x1E,
    0xCC, 0x1E, 0xCC, 0x1E, 0xCC, 0x1E, 0xCC, 0x1E, 0xCC, 0x1E, 0xCC, 0x1E, 0xCC, 0x1E, 0xCC, 0x1E,
    0xCC, 0x1E, 0xCC, 0x1E, 0xCC, 0x1E, 0xCC, 0x1E, 0xAC, 0x1E, 0xAC, 0x1E, 0xAC, 0x1E, 0xAC, 0x1E,
    0xAC, 0x1E, 0xAC, 0x1E, 0xAC, 0x1E, 0xAC, 0x1E, 0xAC, 0x1E, 0xAC, 0x1E, 0xAC, 0x1E, 0xAC, 0x1E,
    0xAC, 0x1E, 0xAC, 0x1E, 0xAC, 0x1E, 0xAC, 0x1E, 0xAC, 0x1E, 0xAC, 0x1E, 0xAC, 0x1E, 0xAC, 0x1E,
    0xAC, 0x1E, 0xAC, 0x1E, 0xAC, 0x1E, 0xAC, 0x1E, 0xAC, 0x1E, 0xAC, 0x1E, 0xAC, 0x1E, 0xAC, 0x1E,
    0xAC, 0x1E, 0xAC, 0x1E, 0xAC, 0x1E, 0xAC, 0x1E, 0xAC, 0x1E, 0xAC, 0x1E, 0xAC, 0x1E, 0xAC, 0x1E,
    0xAC, 0x1E, 0xAC, 0x1E, 0xAC, 0x1E, 0xAC, 0x1E, 0xAC, 0x1E, 0xAC, 0x1E, 0xAC, 0x1E, 0xAC, 0x1E,
    0xAC, 0x1E, 0xAC, 0x1E, 0xAC, 0x1E, 0xAC, 0x1E, 0xAC, 0x1E, 0xAC, 0x1E, 0xAC, 0x1E, 0xAC, 0x1E,
    0xAC, 0x1E, 0xAC, 0x1E, 0xAC, 0x1E, 0xAC, 0x1E, 0xAB, 0x1E, 0xAC, 0x1E, 0xCC, 0x1E, 0xAC, 0x1E,
    0xAB, 0x1E, 0xAC, 0x1E, 0xAC, 0x1E, 0xCC, 0x1E, 0xAB, 0x1E, 0xAB, 0x1E, 0xAB, 0x1E, 0xAB, 0x1E,
    0xAB, 0x1E, 0xAB, 0x1E, 0x69, 0x36, 0xEA, 0x07, 0xE0, 0x07, 0x00, 0x00, 0xEF, 0x07, 0xE7, 0x05,
    0xFF, 0x07, 0x00, 0x00, 0x00, 0x00, 0x00, 0x00, 0x00, 0x00, 0x00, 0x00, 0x00, 0x00, 0x00, 0x00,
    0x00, 0x00, 0x00, 0x00, 0x00, 0x00, 0x00, 0x00, 0xE0, 0x07, 0xE0, 0x07, 0x00, 0x00, 0xE0, 0x07,
    0x4A, 0x05, 0xE0, 0x07, 0xE0, 0x07, 0xAA, 0x06, 0xCB, 0x26, 0xCC, 0x26, 0xCB, 0x1E, 0xCC, 0x1E,
    0xAC, 0x1E, 0xAC, 0x1E, 0xAC, 0x1E, 0xCC, 0x1E, 0xEC, 0x1E, 0xCC, 0x1E, 0xCC, 0x1E, 0xAB, 0x1E,
    0xAC, 0x1E, 0xAC, 0x1E, 0xAC, 0x1E, 0xAB, 0x1E, 0xAC, 0x1E, 0xAC, 0x1E, 0xAC, 0x1E, 0xAC, 0x1E,
    0xAC, 0x1E, 0xAC, 0x1E, 0xAC, 0x1E, 0xAC, 0x1E, 0xAC, 0x1E, 0xAC, 0x1E, 0xAC, 0x1E, 0xAC, 0x1E,
    0xAC, 0x1E, 0xAC, 0x1E, 0xAC, 0x1E, 0xCC, 0x1E, 0xCC, 0x1E, 0xCC, 0x1E, 0xCC, 0x1E, 0xCC, 0x1E,
    0xCC, 0x1E, 0xCC, 0x1E, 0xCC, 0x1E, 0xCC, 0x1E, 0xCC, 0x1E, 0xCC, 0x1E, 0xEC, 0x1E, 0xEC, 0x1E,
    0xEC, 0x1E, 0xCC, 0x1E, 0xEC, 0x1E, 0xEC, 0x1E, 0xEC, 0x1E, 0xEC, 0x1E, 0xEC, 0x1E, 0xEC, 0x1E,
    0xEC, 0x1E, 0xEC, 0x1E, 0xEC, 0x1E, 0xEC, 0x1E, 0xEC, 0x1E, 0xEC, 0x1E, 0xEC, 0x1E, 0xEC, 0x1E,
    0xEC, 0x1E, 0xEC, 0x1E, 0xEC, 0x1E, 0xEC, 0x1E, 0xEC, 0x1E, 0xEC, 0x1E, 0xEC, 0x1E, 0xEC, 0x1E,
    0xEC, 0x1E, 0xEC, 0x1E, 0xEC, 0x1E, 0xEC, 0x1E, 0xEC, 0x1E, 0xEC, 0x1E, 0xEC, 0x1E, 0xEC, 0x1E,
    0xEC, 0x1E, 0xEC, 0x1E, 0xEC, 0x1E, 0xEC, 0x1E, 0xEC, 0x1E, 0xEC, 0x1E, 0xEC, 0x1E, 0xEC, 0x1E,
    0xEC, 0x1E, 0xEC, 0x1E, 0xEC, 0x1E, 0xEC, 0x1E, 0xEC, 0x1E, 0xEC, 0x1E, 0xEC, 0x1E, 0xEC, 0x1E,
    0xCC, 0x1E, 0xCC, 0x1E, 0xCC, 0x1E, 0xCC, 0x1E, 0xCC, 0x1E, 0xCC, 0x1E, 0xCC, 0x1E, 0xCC, 0x1E,
    0xCC, 0x1E, 0xCC, 0x1E, 0xCC, 0x1E, 0xAC, 0x1E, 0xAC, 0x1E, 0xAC, 0x1E, 0xAC, 0x1E, 0xAB, 0x1E,
    0xAB, 0x1E, 0xAB, 0x1E, 0xAB, 0x1E, 0xAB, 0x1E, 0xAB, 0x1E, 0xAB, 0x1E, 0xAB, 0x1E, 0xAC, 0x1E,
    0xAC, 0x1E, 0xAC, 0x1E, 0xAC, 0x1E, 0xAC, 0x1E, 0xAC, 0x1E, 0xAC, 0x1E, 0xAC, 0x1E, 0xAC, 0x1E,
    0xAC, 0x1E, 0xAC, 0x1E, 0xAC, 0x1E, 0xAC, 0x1E, 0xAC, 0x1E, 0xAC, 0x1E, 0xAC, 0x1E, 0xAC, 0x1E,
    0xAC, 0x1E, 0xAC, 0x1E, 0xAC, 0x1E, 0xAC, 0x1E, 0xAC, 0x1E, 0xAC, 0x1E, 0xAC, 0x1E, 0xAC, 0x1E,
    0xAC, 0x1E, 0xAC, 0x1E, 0xAC, 0x1E, 0xAC, 0x1E, 0xAC, 0x1E, 0xAC, 0x1E, 0xAC, 0x1E, 0xAC, 0x1E,
    0xAC, 0x1E, 0xAC, 0x1E, 0xAC, 0x1E, 0xAC, 0x1E, 0xAC, 0x1E, 0xAC, 0x1E, 0xAC, 0x1E, 0xAC, 0x1E,
    0xAC, 0x1E, 0xAC, 0x1E, 0xAC, 0x1E, 0xAC, 0x1E, 0xAB, 0x1E, 0xAC, 0x1E, 0xAC, 0x1E, 0xAC, 0x1E,
    0xAB, 0x1E, 0xAC, 0x1E, 0xAC, 0x1E, 0xEC, 0x1E, 0xCC, 0x1E, 0xAB, 0x1E, 0xAB, 0x1E, 0xAC, 0x1E,
    0xCB, 0x1E, 0x8B, 0x1E, 0x8B, 0x26, 0xCB, 0x26, 0xAA, 0x2E, 0xE0, 0x07, 0xE0, 0x07, 0x4A, 0x05,
    0xFF, 0x07, 0x00, 0x00, 0xE0, 0x07, 0xE0, 0x07, 0x00, 0x00, 0x00, 0x00, 0x00, 0x00, 0x00, 0x00,
    0x00, 0x00, 0x00, 0x00, 0x00, 0x00, 0xE0, 0x07, 0xEF, 0x03, 0xFF, 0x07, 0x00, 0x00, 0xE0, 0x07,
    0x4A, 0x05, 0x00, 0x00, 0xEA, 0x07, 0xCB, 0x16, 0xEB, 0x26, 0xEC, 0x1E, 0xAB, 0x1E, 0xAC, 0x1E,
    0xCC, 0x1E, 0xCC, 0x1E, 0xAC, 0x1E, 0xEC, 0x1E, 0xEC, 0x1E, 0xCC, 0x1E, 0xAC, 0x1E, 0xAC, 0x1E,
    0xAC, 0x1E, 0xAC, 0x1E, 0xAC, 0x1E, 0xAC, 0x1E, 0xAC, 0x1E, 0xAC, 0x1E, 0xAC, 0x1E, 0xAC, 0x1E,
    0xAC, 0x1E, 0xAC, 0x1E, 0xAC, 0x1E, 0xAB, 0x1E, 0xAB, 0x1E, 0xAC, 0x1E, 0xAC, 0x1E, 0xAC, 0x1E,
    0xAB, 0x1E, 0xAB, 0x1E, 0xAC, 0x1E, 0xAC, 0x1E, 0xAC, 0x1E, 0xAC, 0x1E, 0xAC, 0x1E, 0xCC, 0x1E,
    0xCC, 0x1E, 0xCC, 0x1E, 0xCC, 0x1E, 0xCC, 0x1E, 0xCC, 0x1E, 0xCC, 0x1E, 0xCC, 0x1E, 0xEC, 0x1E,
    0xEC, 0x1E, 0xCC, 0x1E, 0xEC, 0x1E, 0xEC, 0x1E, 0xEC, 0x1E, 0xEC, 0x1E, 0xEC, 0x1E, 0xEC, 0x1E,
    0xEC, 0x1E, 0xEC, 0x1E, 0xEC, 0x1E, 0xEC, 0x1E, 0xEC, 0x1E, 0xCC, 0x1E, 0xEC, 0x1E, 0xEC, 0x1E,
    0xCC, 0x1E, 0xEC, 0x1E, 0xEC, 0x1E, 0xEC, 0x1E, 0xEC, 0x1E, 0xEC, 0x1E, 0xEC, 0x1E, 0xEC, 0x1E,
    0xEC, 0x1E, 0xEC, 0x1E, 0xEC, 0x1E, 0xEC, 0x1E, 0xCC, 0x1E, 0xEC, 0x1E, 0xEC, 0x1E, 0xEC, 0x1E,
    0xEC, 0x1E, 0xEC, 0x1E, 0xEC, 0x1E, 0xEC, 0x1E, 0xEC, 0x1E, 0xEC, 0x1E, 0xEC, 0x1E, 0xEC, 0x1E,
    0xEC, 0x1E, 0xEC, 0x1E, 0xEC, 0x1E, 0xEC, 0x1E, 0xEC, 0x1E, 0xEC, 0x1E, 0xEC, 0x1E, 0xCC, 0x1E,
    0xCC, 0x1E, 0xCC, 0x1E, 0xCC, 0x1E, 0xCC, 0x1E, 0xCC, 0x1E, 0xCC, 0x1E, 0xCC, 0x1E, 0xAC, 0x1E,
    0xAC, 0x1E, 0xAC, 0x1E, 0xAC, 0x1E, 0xAC, 0x1E, 0xAB, 0x1E, 0xAB, 0x1E, 0xAC, 0x1E, 0xAC, 0x1E,
    0xAC, 0x1E, 0xAB, 0x1E, 0xAB, 0x1E, 0xAB, 0x1E, 0xAC, 0x1E, 0xAC, 0x1E, 0xAC, 0x1E, 0xAB, 0x1E,
    0xAB, 0x1E, 0xAB, 0x1E, 0xAB, 0x1E, 0xAC, 0x1E, 0xAC, 0x1E, 0xAC, 0x1E, 0xAC, 0x1E, 0xAC, 0x1E,
    0xAC, 0x1E, 0xAC, 0x1E, 0xAC, 0x1E, 0xAC, 0x1E, 0xAC, 0x1E, 0xAC, 0x1E, 0xAC, 0x1E, 0xAC, 0x1E,
    0xAC, 0x1E, 0xAC, 0x1E, 0xAC, 0x1E, 0xAC, 0x1E, 0xAC, 0x1E, 0xAC, 0x1E, 0xAC, 0x1E, 0xAC, 0x1E,
    0xAC, 0x1E, 0xAC, 0x1E, 0xAC, 0x1E, 0xAC, 0x1E, 0xAC, 0x1E, 0xAC, 0x1E, 0xAC, 0x1E, 0xAC, 0x1E,
    0xAC, 0x1E, 0xAC, 0x1E, 0xAC, 0x1E, 0xAC, 0x1E, 0xAC, 0x1E, 0xAC, 0x1E, 0xAC, 0x1E, 0xAC, 0x1E,
    0xAC, 0x1E, 0xAC, 0x1E, 0xAC, 0x1E, 0xAC, 0x1E, 0xAC, 0x1E, 0xAC, 0x1E, 0xAC, 0x1E, 0xAC, 0x1E,
    0xAC, 0x1E, 0xAC, 0x1E, 0xCC, 0x1E, 0xEC, 0x1E, 0xEC, 0x1E, 0xAB, 0x1E, 0xAB, 0x1E, 0xAB, 0x1E,
    0xAB, 0x1E, 0xAB, 0x1E, 0xAB, 0x26, 0xAB, 0x26, 0x4C, 0x17, 0xEA, 0x07, 0x00, 0x00, 0x4A, 0x05,
    0xFF, 0x07, 0x00, 0x00, 0xFF, 0x07, 0xEF, 0x03, 0xE0, 0x07, 0x00, 0x00, 0x00, 0x00, 0x00, 0x00,
    0x00, 0x00, 0x00, 0x00, 0x00, 0x00, 0xE0, 0x07, 0x4A, 0x05, 0xEF, 0x07, 0x00, 0x00, 0x00, 0x00,
    0xE0, 0x07, 0x00, 0x00, 0xC9, 0x26, 0xEB, 0x16, 0xCB, 0x1E, 0xCB, 0x1E, 0xAB, 0x1E, 0xAC, 0x1E,
    0xAC, 0x1E, 0xAC, 0x1E, 0xAC, 0x1E, 0xEC, 0x1E, 0xEC, 0x1E, 0xCC, 0x1E, 0xAB, 0x1E, 0xAC, 0x1E,
    0xAC, 0x1E, 0xAC, 0x1E, 0xAC, 0x1E, 0xAC, 0x1E, 0xAC, 0x1E, 0xAC, 0x1E, 0xAC, 0x1E, 0xAC, 0x1E,
    0xAC, 0x1E, 0xAC, 0x1E, 0xAC, 0x1E, 0xAC, 0x1E, 0xAB, 0x1E, 0xAB, 0x1E, 0xAB, 0x1E, 0xAB, 0x1E,
    0xAB, 0x1E, 0xAB, 0x1E, 0xAB, 0x1E, 0xAC, 0x1E, 0xAC, 0x1E, 0xAC, 0x1E, 0xAC, 0x1E, 0xAC, 0x1E,
    0xAC, 0x1E, 0xCC, 0x1E, 0xCC, 0x1E, 0xCC, 0x1E, 0xCC, 0x1E, 0xCC, 0x1E, 0xCC, 0x1E, 0xCC, 0x1E,
    0xCC, 0x1E, 0xCC, 0x1E, 0xCC, 0x1E, 0xCC, 0x1E, 0xAC, 0x1E, 0xAC, 0x1E, 0xAC, 0x1E, 0xAB, 0x1E,
    0xAC, 0x1E, 0xAB, 0x1E, 0xAB, 0x1E, 0xAC, 0x1E, 0xAC, 0x1E, 0xAC, 0x1E, 0xAB, 0x1E, 0xAC, 0x1E,
    0xAC, 0x1E, 0xAC, 0x1E, 0xAC, 0x1E, 0xAC, 0x1E, 0xAC, 0x1E, 0xAC, 0x1E, 0xAC, 0x1E, 0xAC, 0x1E,
    0xAC, 0x1E, 0xAC, 0x1E, 0xAC, 0x1E, 0xAC, 0x1E, 0xAC, 0x1E, 0xAC, 0x1E, 0xAC, 0x1E, 0xAC, 0x1E,
    0xAB, 0x1E, 0xAC, 0x1E, 0xAB, 0x1E, 0xCB, 0x1E, 0xAC, 0x1E, 0xAC, 0x1E, 0xAB, 0x1E, 0xAC, 0x1E,
    0xCC, 0x1E, 0xCC, 0x1E, 0xCC, 0x1E, 0xCC, 0x1E, 0xCC, 0x1E, 0xCC, 0x1E, 0xCC, 0x1E, 0xCC, 0x1E,
    0xCC, 0x1E, 0xCC, 0x1E, 0xCC, 0x1E, 0xCC, 0x1E, 0xAC, 0x1E, 0xAC, 0x1E, 0xAC, 0x1E, 0xAC, 0x1E,
    0xAC, 0x1E, 0xAC, 0x1E, 0xAC, 0x1E, 0xAC, 0x1E, 0xAB, 0x1E, 0xAB, 0x1E, 0xAB, 0x1E, 0xAB, 0x1E,
    0xAC, 0x1E, 0xAC, 0x1E, 0xAC, 0x1E, 0xAC, 0x1E, 0xAB, 0x1E, 0xAB, 0x1E, 0xAB, 0x1E, 0xAB, 0x1E,
    0xAB, 0x1E, 0xAC, 0x1E, 0xAC, 0x1E, 0xAC, 0x1E, 0xAC, 0x1E, 0xAC, 0x1E, 0xAC, 0x1E, 0xAC, 0x1E,
    0xAC, 0x1E, 0xAC, 0x1E, 0xAC, 0x1E, 0xAC, 0x1E, 0xAC, 0x1E, 0xAC, 0x1E, 0xAC, 0x1E, 0xAC, 0x1E,
    0xAC, 0x1E, 0xAC, 0x1E, 0xAC, 0x1E, 0xAC, 0x1E, 0xAC, 0x1E, 0xAC, 0x1E, 0xAC, 0x1E, 0xAC, 0x1E,
    0xAC, 0x1E, 0xAC, 0x1E, 0xAC, 0x1E, 0xAC, 0x1E, 0xAC, 0x1E, 0xAC, 0x1E, 0xAC, 0x1E, 0xAC, 0x1E,
    0xAC, 0x1E, 0xAC, 0x1E, 0xAC, 0x1E, 0xAC, 0x1E, 0xAC, 0x1E, 0xAC, 0x1E, 0xAC, 0x1E, 0xAC, 0x1E,
    0xAC, 0x1E, 0xAC, 0x1E, 0xAC, 0x1E, 0xAC, 0x1E, 0xAC, 0x1E, 0xAC, 0x1E, 0xAC, 0x1E, 0xAC, 0x1E,
    0xAC, 0x1E, 0xAB, 0x1E, 0xCC, 0x1E, 0xEC, 0x1E, 0xEC, 0x1E, 0xAB, 0x1E, 0xAB, 0x1E, 0xAC, 0x1E,
    0xCB, 0x1E, 0xAB, 0x1E, 0xAB, 0x26, 0xAB, 0x1E, 0xEC, 0x16, 0xC9, 0x26, 0x00, 0x00, 0xE0, 0x07,
    0x00, 0x00, 0x00, 0x00, 0xEF, 0x07, 0x4A, 0x05, 0xE0, 0x07, 0x00, 0x00, 0x00, 0x00, 0x00, 0x00,
    0x00, 0x00, 0x00, 0x00, 0x00, 0x00, 0xE0, 0x07, 0x4A, 0x05, 0xEF, 0x07, 0x00, 0x00, 0x00, 0x00,
    0x00, 0x00, 0x00, 0x00, 0x2B, 0x17, 0xCB, 0x1E, 0xEC, 0x1E, 0xCC, 0x1E, 0xAC, 0x1E, 0xAC, 0x1E,
    0xAC, 0x1E, 0xAC, 0x1E, 0xAC, 0x1E, 0xCC, 0x1E, 0xCC, 0x1E, 0xCC, 0x1E, 0xAB, 0x1E, 0xAC, 0x1E,
    0xAC, 0x1E, 0xAC, 0x1E, 0xAC, 0x1E, 0xAC, 0x1E, 0xAC, 0x1E, 0xAC, 0x1E, 0xAC, 0x1E, 0xAC, 0x1E,
    0xAC, 0x1E, 0xAC, 0x1E, 0xCC, 0x1E, 0xCC, 0x1E, 0xCC, 0x1E, 0xCC, 0x1E, 0xCC, 0x1E, 0xCC, 0x1E,
    0xCC, 0x1E, 0xCC, 0x1E, 0xCC, 0x1E, 0xCC, 0x1E, 0xCC, 0x1E, 0xCC, 0x1E, 0xAC, 0x1E, 0xAC, 0x1E,
    0xAC, 0x1E, 0xAC, 0x1E, 0xAB, 0x1E, 0xAB, 0x1E, 0xAC, 0x1E, 0xAC, 0x1E, 0xAC, 0x1E, 0xAC, 0x1E,
    0xAC, 0x1E, 0xAC, 0x1E, 0xAB, 0x1E, 0xAC, 0x1E, 0xAC, 0x1E, 0xAC, 0x1E, 0xAC, 0x1E, 0xAC, 0x1E,
    0xAB, 0x1E, 0xAB, 0x1E, 0xAB, 0x1E, 0xAB, 0x1E, 0xAC, 0x1E, 0xAC, 0x1E, 0xAB, 0x1E, 0xAC, 0x1E,
    0xAB, 0x1E, 0xAB, 0x1E, 0xAB, 0x1E, 0xAB, 0x1E, 0xAB, 0x1E, 0xAB, 0x1E, 0xAB, 0x1E, 0xAB, 0x1E,
    0xAB, 0x1E, 0xAB, 0x1E, 0xAB, 0x1E, 0xAB, 0x1E, 0xAC, 0x1E, 0xAC, 0x1E, 0xAC, 0x1E, 0xAB, 0x1E,
    0xAC, 0x1E, 0xAC, 0x1E, 0xAB, 0x1E, 0xCC, 0x1E, 0xAC, 0x1E, 0xAC, 0x1E, 0xAC, 0x1E, 0xAB, 0x1E,
    0xAC, 0x1E, 0xAC, 0x1E, 0xAB, 0x1E, 0xAC, 0x1E, 0xAC, 0x1E, 0xAC, 0x1E, 0xAC, 0x1E, 0xAC, 0x1E,
    0xAC, 0x1E, 0xAC, 0x1E, 0xAB, 0x1E, 0xAB, 0x1E, 0xAC, 0x1E, 0xAC, 0x1E, 0xAC, 0x1E, 0xCC, 0x1E,
    0xCC, 0x1E, 0xCC, 0x1E, 0xCC, 0x1E, 0xCC, 0x1E, 0xCC, 0x1E, 0xCC, 0x1E, 0xCC, 0x1E, 0xCC, 0x1E,
    0xCC, 0x1E, 0xCC, 0x1E, 0xCC, 0x1E, 0xCC, 0x1E, 0xCC, 0x1E, 0xCC, 0x1E, 0xCC, 0x1E, 0xCC, 0x1E,
    0xCC, 0x1E, 0xCC, 0x1E, 0xCC, 0x1E, 0xCC, 0x1E, 0xAC, 0x1E, 0xAC, 0x1E, 0xAC, 0x1E, 0xAC, 0x1E,
    0xAC, 0x1E, 0xAC, 0x1E, 0xAC, 0x1E, 0xAC, 0x1E, 0xAC, 0x1E, 0xAC, 0x1E, 0xAC, 0x1E, 0xAC, 0x1E,
    0xAC, 0x1E, 0xAC, 0x1E, 0xAC, 0x1E, 0xAC, 0x1E, 0xAC, 0x1E, 0xAC, 0x1E, 0xAC, 0x1E, 0xAC, 0x1E,
    0xAC, 0x1E, 0xAC, 0x1E, 0xAC, 0x1E, 0xAC, 0x1E, 0xAC, 0x1E, 0xAC, 0x1E, 0xAC, 0x1E, 0xAC, 0x1E,
    0xAC, 0x1E, 0xAC, 0x1E, 0xAC, 0x1E, 0xAC, 0x1E, 0xAC, 0x1E, 0xAC, 0x1E, 0xAC, 0x1E, 0xAC, 0x1E,
    0xAC, 0x1E, 0xAC, 0x1E, 0xAC, 0x1E, 0xAC, 0x1E, 0xAC, 0x1E, 0xAC, 0x1E, 0xAC, 0x1E, 0xAC, 0x1E,
    0xAC, 0x1E, 0xAB, 0x1E, 0xCC, 0x1E, 0xCC, 0x1E, 0xCC, 0x1E, 0xAB, 0x1E, 0xAB, 0x1E, 0xAB, 0x1E,
    0xAC, 0x1E, 0xAC, 0x1E, 0xAC, 0x1E, 0xCC, 0x1E, 0x0C, 0x1F, 0x2B, 0x17, 0x00, 0x00, 0x00, 0x00,
    0x00, 0x00, 0x00, 0x00, 0xEF, 0x07, 0x4A, 0x05, 0xE0, 0x07, 0x00, 0x00, 0x00, 0x00, 0x00, 0x00,
    0x00, 0x00, 0x00, 0x00, 0x00, 0x00, 0xE0, 0x07, 0x4A, 0x05, 0xEF, 0x07, 0x00, 0x00, 0x00, 0x00,
    0x00, 0x00, 0xEF, 0x07, 0xAB, 0x1E, 0xCC, 0x1E, 0xCC, 0x26, 0xAC, 0x1E, 0xCC, 0x1E, 0xAC, 0x1E,
    0xAC, 0x1E, 0xCB, 0x1E, 0xAC, 0x1E, 0xCC, 0x1E, 0xCC, 0x1E, 0xCC, 0x1E, 0xAB, 0x1E, 0xAC, 0x1E,
    0xAC, 0x1E, 0xAC, 0x1E, 0xAC, 0x1E, 0xAC, 0x1E, 0xAC, 0x1E, 0xAC, 0x1E, 0xAC, 0x1E, 0xAC, 0x1E,
    0xAC, 0x1E, 0xAC, 0x1E, 0xCC, 0x1E, 0xCC, 0x1E, 0xCC, 0x1E, 0xEC, 0x1E, 0xEC, 0x1E, 0xEC, 0x1E,
    0xEC, 0x1E, 0xCC, 0x1E, 0xCC, 0x1E, 0xCC, 0x1E, 0xCC, 0x1E, 0xAC, 0x1E, 0xAB, 0x1E, 0xAC, 0x1E,
    0xAB, 0x1E, 0xAC, 0x1E, 0xAB, 0x1E, 0xAC, 0x1E, 0xAC, 0x1E, 0xAB, 0x1E, 0xAC, 0x1E, 0xAC, 0x1E,
    0xAC, 0x1E, 0xAC, 0x1E, 0xAC, 0x1E, 0xAC, 0x1E, 0xAC, 0x1E, 0xAC, 0x1E, 0xAB, 0x1E, 0xAB, 0x1E,
    0xAB, 0x1E, 0xAB, 0x1E, 0xAC, 0x1E, 0xAB, 0x1E, 0xCC, 0x1E, 0xAC, 0x1E, 0xAC, 0x1E, 0xAC, 0x1E,
    0xAC, 0x1E, 0xAC, 0x1E, 0xAC, 0x1E, 0xAC, 0x1E, 0xAB, 0x1E, 0xAB, 0x1E, 0xAB, 0x1E, 0xAB, 0x1E,
    0xAB, 0x1E, 0xAB, 0x1E, 0xAB, 0x1E, 0xAB, 0x1E, 0xAC, 0x1E, 0xAC, 0x1E, 0xAC, 0x1E, 0xAC, 0x1E,
    0xAC, 0x1E, 0xAC, 0x1E, 0xAC, 0x1E, 0xAC, 0x1E, 0xAC, 0x1E, 0xAC, 0x1E, 0xAB, 0x1E, 0xAC, 0x1E,
    0xAB, 0x1E, 0xAC, 0x1E, 0xAC, 0x1E, 0xAC, 0x1E, 0xAC, 0x1E, 0xAC, 0x1E, 0xAC, 0x1E, 0xAC, 0x1E,
    0xAB, 0x1E, 0xAC, 0x1E, 0xAC, 0x1E, 0xAB, 0x1E, 0xAC, 0x1E, 0xAB, 0x1E, 0xAC, 0x1E, 0xAC, 0x1E,
    0xAC, 0x1E, 0xAC, 0x1E, 0xCC, 0x1E, 0xCC, 0x1E, 0xCC, 0x1E, 0xEC, 0x1E, 0xEC, 0x1E, 0xEC, 0x1E,
    0x0C, 0x1F, 0x0C, 0x1F, 0x0C, 0x1F, 0xEC, 0x1E, 0xEC, 0x1E, 0xEC, 0x1E, 0xEC, 0x1E, 0xCC, 0x1E,
    0xCC, 0x1E, 0xCC, 0x1E, 0xCC, 0x1E, 0xAC, 0x1E, 0xAC, 0x1E, 0xAB, 0x1E, 0xAB, 0x1E, 0xAB, 0x1E,
    0xAB, 0x1E, 0xAB, 0x1E, 0xAB, 0x1E, 0xAB, 0x1E, 0xAC, 0x1E, 0xAC, 0x1E, 0xAC, 0x1E, 0xAC, 0x1E,
    0xAC, 0x1E, 0xAC, 0x1E, 0xAC, 0x1E, 0xAC, 0x1E, 0xAC, 0x1E, 0xAC, 0x1E, 0xAC, 0x1E, 0xAC, 0x1E,
    0xAC, 0x1E, 0xAC, 0x1E, 0xAC, 0x1E, 0xAC, 0x1E, 0xAC, 0x1E, 0xAC, 0x1E, 0xAC, 0x1E, 0xAC, 0x1E,
    0xAC, 0x1E, 0xAC, 0x1E, 0xAC, 0x1E, 0xAC, 0x1E, 0xAC, 0x1E, 0xAC, 0x1E, 0xAC, 0x1E, 0xAC, 0x1E,
    0xAC, 0x1E, 0xAC, 0x1E, 0xAC, 0x1E, 0xAC, 0x1E, 0xAC, 0x1E, 0xAC, 0x1E, 0xAC, 0x1E, 0xAC, 0x1E,
    0xAC, 0x1E, 0xAB, 0x1E, 0xCC, 0x1E, 0xCC, 0x1E, 0xCC, 0x1E, 0xAC, 0x1E, 0xCB, 0x1E, 0xAB, 0x1E,
    0xAC, 0x1E, 0xCC, 0x1E, 0xAB, 0x1E, 0xCB, 0x1E, 0xCC, 0x1E, 0xAB, 0x1E, 0xEF, 0x07, 0x00, 0x00,
    0x00, 0x00, 0x00, 0x00, 0xEF, 0x07, 0x4A, 0x05, 0xE0, 0x07, 0x00, 0x00, 0x00, 0x00, 0x00, 0x00,
    0x00, 0x00, 0xE0, 0x07, 0x00, 0x00, 0x00, 0x00, 0xE0, 0x07, 0xEF, 0x07, 0x00, 0x00, 0x00, 0x00,
    0x00, 0x00, 0xCD, 0x26, 0xAB, 0x26, 0xAC, 0x1E, 0xCC, 0x1E, 0xAB, 0x1E, 0xAC, 0x1E, 0xAB, 0x1E,
    0xAC, 0x1E, 0xAB, 0x1E, 0xAC, 0x1E, 0xCC, 0x1E, 0xCC, 0x1E, 0xCC, 0x1E, 0xAC, 0x1E, 0xCC, 0x1E,
    0xAC, 0x1E, 0xAC, 0x1E, 0xAC, 0x1E, 0xAC, 0x1E, 0xAC, 0x1E, 0xAC, 0x1E, 0xAC, 0x1E, 0xAC, 0x1E,
    0xAC, 0x1E, 0xAC, 0x1E, 0xCC, 0x1E, 0xCC, 0x1E, 0xCC, 0x1E, 0xEC, 0x1E, 0xEC, 0x1E, 0xCC, 0x1E,
    0xCC, 0x1E, 0xAC, 0x1E, 0xAC, 0x1E, 0xAB, 0x1E, 0xAB, 0x1E, 0xAC, 0x1E, 0xAB, 0x1E, 0xAB, 0x1E,
    0xAC, 0x1E, 0xAB, 0x1E, 0xAB, 0x1E, 0xAC, 0x1E, 0xAB, 0x1E, 0xAC, 0x1E, 0xAC, 0x1E, 0xAC, 0x1E,
    0xAB, 0x1E, 0xAC, 0x1E, 0xAC, 0x1E, 0xAC, 0x1E, 0xAB, 0x1E, 0xAC, 0x1E, 0xAB, 0x1E, 0xAB, 0x1E,
    0xAB, 0x1E, 0xAC, 0x1E, 0xAB, 0x1E, 0xAC, 0x1E, 0xCC, 0x1E, 0xCB, 0x1E, 0xAC, 0x1E, 0xCC, 0x1E,
    0xAC, 0x1E, 0xCC, 0x1E, 0xCC, 0x1E, 0xAC, 0x1E, 0xAB, 0x1E, 0xAB, 0x1E, 0xAB, 0x1E, 0xAB, 0x1E,
    0xAB, 0x1E, 0xAB, 0x1E, 0xAB, 0x1E, 0xCB, 0x1E, 0xAC, 0x1E, 0xAB, 0x1E, 0xCC, 0x1E, 0xAB, 0x1E,
    0xAB, 0x1E, 0xAC, 0x1E, 0xAB, 0x1E, 0xAC, 0x1E, 0xAC, 0x1E, 0xAC, 0x1E, 0xAC, 0x1E, 0xAB, 0x1E,
    0xAC, 0x1E, 0xAC, 0x1E, 0xAC, 0x1E, 0xAC, 0x1E, 0xAC, 0x1E, 0xAC, 0x1E, 0xAC, 0x1E, 0xAC, 0x1E,
    0xAC, 0x1E, 0xAB, 0x1E, 0xAC, 0x1E, 0xAC, 0x1E, 0xAB, 0x1E, 0xAB, 0x1E, 0xAC, 0x1E, 0xAC, 0x1E,
    0xAB, 0x1E, 0xAC, 0x1E, 0xAC, 0x1E, 0xAC, 0x1E, 0xAC, 0x1E, 0xCC, 0x1E, 0xEC, 0x1E, 0xEC, 0x1E,
    0x0C, 0x27, 0x0C, 0x27, 0x0C, 0x1F, 0x0C, 0x1F, 0xEC, 0x1E, 0xEC, 0x1E, 0xEC, 0x1E, 0xCC, 0x1E,
    0xCC, 0x1E, 0xCC, 0x1E, 0xAC, 0x1E, 0xAB, 0x1E, 0xAC, 0x1E, 0xAB, 0x1E, 0xAB, 0x1E, 0xAB, 0x1E,
    0xAB, 0x1E, 0xAB, 0x1E, 0xAC, 0x1E, 0xAC, 0x1E, 0xAB, 0x1E, 0xAB, 0x1E, 0xAB, 0x1E, 0xAC, 0x1E,
    0xAC, 0x1E, 0xAC, 0x1E, 0xAC, 0x1E, 0xAC, 0x1E, 0xAC, 0x1E, 0xAC, 0x1E, 0xAC, 0x1E, 0xAC, 0x1E,
    0xAC, 0x1E, 0xAC, 0x1E, 0xAC, 0x1E, 0xAC, 0x1E, 0xAC, 0x1E, 0xAC, 0x1E, 0xAC, 0x1E, 0xAC, 0x1E,
    0xAC, 0x1E, 0xAC, 0x1E, 0xAC, 0x1E, 0xAC, 0x1E, 0xAC, 0x1E, 0xAC, 0x1E, 0xAC, 0x1E, 0xAC, 0x1E,
    0xAC, 0x1E, 0xAC, 0x1E, 0xAC, 0x1E, 0xAC, 0x1E, 0xAC, 0x1E, 0xAC, 0x1E, 0xAC, 0x1E, 0xAC, 0x1E,
    0xAC, 0x1E, 0xAC, 0x1E, 0xCC, 0x1E, 0xCC, 0x1E, 0xCC, 0x1E, 0xAC, 0x1E, 0xAB, 0x1E, 0xAB, 0x1E,
    0xAC, 0x1E, 0xAC, 0x1E, 0xCC, 0x1E, 0xAB, 0x1E, 0xAC, 0x1E, 0x8C, 0x1E, 0xC9, 0x26, 0x00, 0x00,
    0x00, 0x00, 0x00, 0x00, 0xEF, 0x07, 0xEF, 0x07, 0x00, 0x00, 0x00, 0x00, 0xE0, 0x07, 0x00, 0x00,
    0xFF, 0x07, 0xE0, 0x07, 0x00, 0x00, 0x00, 0x00, 0xE0, 0x07, 0xE0, 0x07, 0x00, 0x00, 0x00, 0x00,
    0x00, 0x00, 0xCD, 0x26, 0x8C, 0x1E, 0xAC, 0x1E, 0xAC, 0x1E, 0xAB, 0x1E, 0xAC, 0x1E, 0xAB, 0x1E,
    0xAC, 0x1E, 0xAC, 0x1E, 0xAC, 0x1E, 0xCC, 0x1E, 0xCC, 0x1E, 0xCC, 0x1E, 0xAC, 0x1E, 0xAB, 0x1E,
    0xAC, 0x1E, 0xAC, 0x1E, 0xAC, 0x1E, 0xAC, 0x1E, 0xAC, 0x1E, 0xAC, 0x1E, 0xAC, 0x1E, 0xAC, 0x1E,
    0xAC, 0x1E, 0xAC, 0x1E, 0xAC, 0x1E, 0xCC, 0x1E, 0xCC, 0x1E, 0xAC, 0x1E, 0xAB, 0x1E, 0xAC, 0x1E,
    0xAB, 0x1E, 0xAC, 0x1E, 0xAB, 0x1E, 0xAC, 0x1E, 0xAC, 0x1E, 0xAC, 0x1E, 0xAB, 0x1E, 0xAB, 0x1E,
    0xAB, 0x1E, 0xCC, 0x1E, 0xAB, 0x1E, 0xAC, 0x1E, 0xAC, 0x1E, 0xAC, 0x1E, 0xAC, 0x1E, 0xAB, 0x1E,
    0xAB, 0x1E, 0xAC, 0x1E, 0xCB, 0x1E, 0xAB, 0x1E, 0xAB, 0x1E, 0xCB, 0x1E, 0xAB, 0x1E, 0xAB, 0x1E,
    0xAB, 0x1E, 0xCC, 0x1E, 0xAB, 0x1E, 0xAB, 0x1E, 0xCB, 0x1E, 0xCC, 0x1E, 0xAB, 0x1E, 0xCC, 0x1E,
    0xCC, 0x1E, 0xCC, 0x1E, 0xCC, 0x1E, 0xCC, 0x1E, 0xAB, 0x1E, 0xAB, 0x1E, 0xAB, 0x1E, 0xAB, 0x1E,
    0xCB, 0x1E, 0xCB, 0x1E, 0xCB, 0x1E, 0xCB, 0x1E, 0xCC, 0x1E, 0xAC, 0x1E, 0xCC, 0x1E, 0xAB, 0x1E,
    0xAC, 0x1E, 0xAC, 0x1E, 0xAC, 0x1E, 0xAC, 0x1E, 0xAC, 0x1E, 0xAC, 0x1E, 0xAC, 0x1E, 0xAB, 0x1E,
    0xAB, 0x1E, 0xAC, 0x1E, 0xAB, 0x1E, 0xAC, 0x1E, 0xAC, 0x1E, 0xAC, 0x1E, 0xAC, 0x1E, 0xAB, 0x1E,
    0xAC, 0x1E, 0xAC, 0x1E, 0xAC, 0x1E, 0xAC, 0x1E, 0xAC, 0x1E, 0xAB, 0x1E, 0xCC, 0x1E, 0xAC, 0x1E,
    0xAC, 0x1E, 0xAC, 0x1E, 0xAC, 0x1E, 0xAB, 0x1E, 0xAC, 0x1E, 0xAB, 0x1E, 0xAB, 0x1E, 0xAB, 0x1E,
    0xCC, 0x1E, 0xCC, 0x1E, 0xEC, 0x1E, 0xEC, 0x1E, 0xEC, 0x1E, 0xCC, 0x1E, 0xCC, 0x1E, 0xCC, 0x1E,
    0xCC, 0x1E, 0xAC, 0x1E, 0xAC, 0x1E, 0xAB, 0x1E, 0xAB, 0x1E, 0xAC, 0x1E, 0xAC, 0x1E, 0xAC, 0x1E,
    0xAC, 0x1E, 0xAC, 0x1E, 0xAB, 0x1E, 0xAB, 0x1E, 0xAB, 0x1E, 0xAC, 0x1E, 0xAC, 0x1E, 0xAC, 0x1E,
    0xAC, 0x1E, 0xAC, 0x1E, 0xAC, 0x1E, 0xAC, 0x1E, 0xAC, 0x1E, 0xAC, 0x1E, 0xAC, 0x1E, 0xAC, 0x1E,
    0xAC, 0x1E, 0xAC, 0x1E, 0xAC, 0x1E, 0xAC, 0x1E, 0xAC, 0x1E, 0xAC, 0x1E, 0xAC, 0x1E, 0xAC, 0x1E,
    0xAC, 0x1E, 0xAC, 0x1E, 0xAC, 0x1E, 0xAC, 0x1E, 0xAC, 0x1E, 0xAC, 0x1E, 0xAC, 0x1E, 0xAC, 0x1E,
    0xAC, 0x1E, 0xAC, 0x1E, 0xAC, 0x1E, 0xAC, 0x1E, 0xAC, 0x1E, 0xAC, 0x1E, 0xAC, 0x1E, 0xAC, 0x1E,
    0xAB, 0x1E, 0xAC, 0x1E, 0xCC, 0x1E, 0xCC, 0x1E, 0xCC, 0x1E, 0xAC, 0x1E, 0xAC, 0x1E, 0xAC, 0x1E,
    0xAC, 0x1E, 0xCC, 0x1E, 0xCC, 0x1E, 0xCC, 0x1E, 0xCC, 0x1E, 0x8B, 0x1E, 0xCB, 0x26, 0x00, 0x00,
    0x00, 0x00, 0x00, 0x00, 0xFF, 0x07, 0xFF, 0x07, 0x00, 0x00, 0x00, 0x00, 0xE0, 0x07, 0xFF, 0x07,
    0xFF, 0x07, 0xE0, 0x07, 0x00, 0x00, 0x00, 0x00, 0xE0, 0x07, 0xE0, 0x07, 0x00, 0x00, 0xE0, 0x07,
    0xEF, 0x07, 0x8B, 0x16, 0x8C, 0x26, 0xAC, 0x26, 0xCC, 0x1E, 0xAB, 0x1E, 0xAC, 0x1E, 0xAC, 0x1E,
    0xAC, 0x1E, 0xCC, 0x1E, 0xAC, 0x1E, 0xAC, 0x1E, 0xCC, 0x1E, 0xCC, 0x1E, 0xAC, 0x1E, 0xAB, 0x1E,
    0xAC, 0x1E, 0xAC, 0x1E, 0xAC, 0x1E, 0xAC, 0x1E, 0xAC, 0x1E, 0xAC, 0x1E, 0xAC, 0x1E, 0xCC, 0x1E,
    0xCC, 0x1E, 0xAC, 0x1E, 0xAC, 0x1E, 0xAB, 0x1E, 0xAB, 0x1E, 0xAB, 0x1E, 0xAB, 0x1E, 0xAB, 0x1E,
    0xAB, 0x1E, 0xAB, 0x1E, 0xAC, 0x1E, 0xAC, 0x1E, 0xAC, 0x1E, 0xAC, 0x1E, 0xAB, 0x1E, 0xAC, 0x1E,
    0xAC, 0x1E, 0xAB, 0x1E, 0xAB, 0x1E, 0xAB, 0x1E, 0xCB, 0x1E, 0xAB, 0x1E, 0xAC, 0x1E, 0xAC, 0x1E,
    0xAB, 0x1E, 0xCC, 0x1E, 0xCC, 0x1E, 0xAB, 0x1E, 0xAB, 0x1E, 0xCC, 0x26, 0xAB, 0x1E, 0xAB, 0x1E,
    0xAC, 0x1E, 0xCC, 0x1E, 0xAB, 0x1E, 0x8B, 0x1E, 0xCC, 0x1E, 0xEC, 0x1E, 0xCC, 0x26, 0xAC, 0x1E,
    0xCC, 0x1E, 0xAC, 0x1E, 0xAC, 0x1E, 0xAC, 0x1E, 0x6C, 0x1E, 0x6C, 0x1E, 0x6C, 0x1E, 0x6C, 0x1E,
    0xAC, 0x1E, 0xAC, 0x1E, 0xAC, 0x1E, 0xAB, 0x1E, 0xAC, 0x26, 0xAC, 0x1E, 0xAC, 0x1E, 0xCB, 0x1E,
    0xCC, 0x1E, 0xAC, 0x1E, 0xAB, 0x1E, 0xAC, 0x1E, 0xAC, 0x1E, 0xAC, 0x1E, 0xAC, 0x1E, 0xAC, 0x1E,
    0xAB, 0x1E, 0xAB, 0x1E, 0xAC, 0x1E, 0xAC, 0x1E, 0xAC, 0x1E, 0xCC, 0x1E, 0xCC, 0x1E, 0xCC, 0x1E,
    0xAB, 0x26, 0xCB, 0x1E, 0xCB, 0x1E, 0xAB, 0x1E, 0xAB, 0x1E, 0xAC, 0x1E, 0xAB, 0x1E, 0xAC, 0x1E,
    0xAC, 0x1E, 0xAC, 0x1E, 0xAC, 0x1E, 0xCC, 0x1E, 0xAB, 0x1E, 0xAC, 0x1E, 0xAB, 0x1E, 0xAB, 0x1E,
    0xAC, 0x1E, 0xAC, 0x1E, 0xAC, 0x1E, 0xAC, 0x1E, 0xCC, 0x1E, 0xAB, 0x1E, 0xAC, 0x1E, 0xAC, 0x1E,
    0xAB, 0x1E, 0xAC, 0x1E, 0xAC, 0x1E, 0xCC, 0x1E, 0xCC, 0x1E, 0xCC, 0x1E, 0xCC, 0x1E, 0xCC, 0x1E,
    0xCC, 0x1E, 0xCC, 0x1E, 0xCC, 0x1E, 0xCC, 0x1E, 0xCC, 0x1E, 0xCC, 0x1E, 0xCC, 0x1E, 0xAC, 0x1E,
    0xAC, 0x1E, 0xAC, 0x1E, 0xAC, 0x1E, 0xAC, 0x1E, 0xAC, 0x1E, 0xAC, 0x1E, 0xAC, 0x1E, 0xAC, 0x1E,
    0xAC, 0x1E, 0xAC, 0x1E, 0xAC, 0x1E, 0xAC, 0x1E, 0xAC, 0x1E, 0xAC, 0x1E, 0xAC, 0x1E, 0xAC, 0x1E,
    0xAC, 0x1E, 0xAC, 0x1E, 0xAC, 0x1E, 0xAC, 0x1E, 0xAC, 0x1E, 0xAC, 0x1E, 0xAC, 0x1E, 0xAC, 0x1E,
    0xAC, 0x1E, 0xAC, 0x1E, 0xAC, 0x1E, 0xAC, 0x1E, 0xAC, 0x1E, 0xAC, 0x1E, 0xAC, 0x1E, 0xAC, 0x1E,
    0xAB, 0x1E, 0xAC, 0x1E, 0xCC, 0x1E, 0xCC, 0x1E, 0xAC, 0x1E, 0xAC, 0x1E, 0xCC, 0x1E, 0xAC, 0x1E,
    0xAC, 0x1E, 0xAC, 0x1E, 0xAC, 0x1E, 0xAC, 0x1E, 0xAC, 0x1E, 0x8B, 0x1E, 0x8A, 0x16, 0xE7, 0x05,
    0xE0, 0x07, 0x00, 0x00, 0xFF, 0x07, 0xFF, 0x07, 0x00, 0x00, 0x00, 0x00, 0xE0, 0x07, 0xFF, 0x07,
    0xEF, 0x07, 0xE0, 0x07, 0x00, 0x00, 0x00, 0x00, 0x00, 0x00, 0x00, 0x00, 0xE0, 0x07, 0xE7, 0x05,
    0x2B, 0x17, 0xCB, 0x1E, 0xAB, 0x1E, 0xAC, 0x26, 0xAC, 0x1E, 0xCC, 0x1E, 0xAB, 0x1E, 0xCC, 0x1E,
    0xCC, 0x1E, 0xCC, 0x1E, 0xAB, 0x1E, 0xAC, 0x1E, 0xAC, 0x1E, 0xCC, 0x1E, 0xAC, 0x1E, 0xAB, 0x1E,
    0xAC, 0x1E, 0xAC, 0x1E, 0xAC, 0x1E, 0xAC, 0x1E, 0xAC, 0x1E, 0xAC, 0x1E, 0xCC, 0x1E, 0xCC, 0x1E,
    0xCC, 0x1E, 0xAC, 0x1E, 0xAC, 0x1E, 0xAC, 0x1E, 0xAC, 0x1E, 0xAB, 0x1E, 0xAB, 0x1E, 0xAB, 0x1E,
    0xCB, 0x1E, 0xAB, 0x1E, 0xAB, 0x1E, 0xAC, 0x1E, 0xAC, 0x1E, 0xAB, 0x1E, 0xAC, 0x1E, 0xAB, 0x1E,
    0xAB, 0x1E, 0xAB, 0x1E, 0xAB, 0x1E, 0xAB, 0x1E, 0xCC, 0x1E, 0xAB, 0x1E, 0xAC, 0x1E, 0xAB, 0x1E,
    0xAB, 0x1E, 0xCC, 0x1E, 0xCB, 0x1E, 0xAB, 0x1E, 0xAB, 0x1E, 0xAC, 0x26, 0x8B, 0x1E, 0xAC, 0x1E,
    0xCC, 0x26, 0xCC, 0x1E, 0xAC, 0x1E, 0xCB, 0x1E, 0xCC, 0x26, 0x0C, 0x1F, 0xEB, 0x26, 0xAB, 0x1E,
    0xED, 0x1E, 0xEC, 0x16, 0xEC, 0x16, 0xCD, 0x16, 0x4B, 0x16, 0x4B, 0x16, 0x4B, 0x16, 0x4B, 0x16,
    0xCB, 0x16, 0xCB, 0x16, 0xCB, 0x16, 0xEA, 0x16, 0xEC, 0x26, 0xAC, 0x1E, 0xAB, 0x1E, 0x8B, 0x26,
    0xCB, 0x1E, 0xAC, 0x1E, 0xAC, 0x1E, 0x6B, 0x16, 0xAC, 0x1E, 0x8B, 0x1E, 0x8B, 0x1E, 0xAB, 0x1E,
    0xAB, 0x1E, 0x8B, 0x1E, 0xAC, 0x1E, 0xAC, 0x1E, 0xAC, 0x1E, 0xAC, 0x1E, 0xAC, 0x1E, 0xAC, 0x1E,
    0xAB, 0x26, 0xCC, 0x1E, 0xCB, 0x1E, 0xAB, 0x1E, 0xAC, 0x1E, 0xAB, 0x1E, 0xCC, 0x1E, 0xAC, 0x1E,
    0xAC, 0x1E, 0xAB, 0x1E, 0xAC, 0x1E, 0xAC, 0x1E, 0xAB, 0x1E, 0xAB, 0x1E, 0xAB, 0x1E, 0xAB, 0x1E,
    0xAC, 0x1E, 0xAB, 0x1E, 0xAB, 0x1E, 0xAC, 0x1E, 0xCB, 0x1E, 0xAB, 0x1E, 0xAB, 0x1E, 0xAC, 0x1E,
    0xAB, 0x1E, 0xAC, 0x1E, 0xAC, 0x1E, 0xCC, 0x1E, 0xEC, 0x1E, 0x0C, 0x27, 0x0C, 0x1F, 0x0C, 0x27,
    0x0C, 0x27, 0x0C, 0x1F, 0xEC, 0x1E, 0xEC, 0x1E, 0xCC, 0x1E, 0xCC, 0x1E, 0xCC, 0x1E, 0xAC, 0x1E,
    0xAB, 0x1E, 0xAB, 0x1E, 0xAC, 0x1E, 0xAC, 0x1E, 0xAC, 0x1E, 0xAB, 0x1E, 0xAB, 0x1E, 0xAC, 0x1E,
    0xAC, 0x1E, 0xAC, 0x1E, 0xAC, 0x1E, 0xAC, 0x1E, 0xAC, 0x1E, 0xAC, 0x1E, 0xAC, 0x1E, 0xAC, 0x1E,
    0xAC, 0x1E, 0xAC, 0x1E, 0xAC, 0x1E, 0xAC, 0x1E, 0xAC, 0x1E, 0xAC, 0x1E, 0xAC, 0x1E, 0xAC, 0x1E,
    0xAC, 0x1E, 0xAC, 0x1E, 0xAC, 0x1E, 0xAC, 0x1E, 0xAC, 0x1E, 0xAC, 0x1E, 0xAC, 0x1E, 0xAC, 0x1E,
    0xAB, 0x1E, 0xAC, 0x1E, 0xAC, 0x1E, 0xAC, 0x1E, 0xAC, 0x1E, 0xAC, 0x1E, 0xCC, 0x1E, 0xCC, 0x1E,
    0xCC, 0x1E, 0xAC, 0x1E, 0xAC, 0x1E, 0xAB, 0x1E, 0xAC, 0x1E, 0xAB, 0x1E, 0x8B, 0x1E, 0x88, 0x16,
    0xE7, 0x05, 0xE0, 0x07, 0x00, 0x00, 0x00, 0x00, 0x00, 0x00, 0x00, 0x00, 0xE0, 0x07, 0xEF, 0x07,
    0x4A, 0x55, 0xEF, 0x03, 0x00, 0x00, 0x00, 0x00, 0x00, 0x00, 0x00, 0x00, 0xE0, 0x07, 0x0A, 0x1F,
    0x8B, 0x16, 0xAB, 0x1E, 0xAB, 0x1E, 0xAC, 0x1E, 0xCC, 0x1E, 0xAB, 0x1E, 0xAC, 0x1E, 0xCC, 0x1E,
    0xEC, 0x1E, 0xCC, 0x1E, 0xAB, 0x1E, 0xAC, 0x1E, 0xAC, 0x1E, 0xAC, 0x1E, 0xAC, 0x1E, 0xAC, 0x1E,
    0xAC, 0x1E, 0xAC, 0x1E, 0xAC, 0x1E, 0xAC, 0x1E, 0xAC, 0x1E, 0xAC, 0x1E, 0xCC, 0x1E, 0xCC, 0x1E,
    0xCC, 0x1E, 0xAC, 0x1E, 0xAC, 0x1E, 0xAB, 0x1E, 0xAB, 0x1E, 0xAB, 0x1E, 0xAB, 0x1E, 0xAB, 0x1E,
    0xAB, 0x1E, 0xCC, 0x1E, 0xAB, 0x1E, 0xAC, 0x1E, 0xCC, 0x1E, 0xAC, 0x1E, 0xAC, 0x1E, 0xAC, 0x1E,
    0xAC, 0x1E, 0xAC, 0x1E, 0xAC, 0x1E, 0xCC, 0x1E, 0xCB, 0x1E, 0xAB, 0x1E, 0xCC, 0x1E, 0xAB, 0x1E,
    0xAC, 0x1E, 0xCC, 0x1E, 0xCB, 0x1E, 0xCB, 0x1E, 0xAC, 0x1E, 0xAB, 0x26, 0x8B, 0x1E, 0xAB, 0x26,
    0xAC, 0x1E, 0xED, 0x26, 0xAC, 0x1E, 0x6C, 0x26, 0x2B, 0x17, 0x0E, 0x1F, 0xCD, 0x26, 0xEC, 0x37,
    0xEF, 0x3F, 0xEA, 0x07, 0xEA, 0x07, 0x4A, 0x05, 0x4A, 0x05, 0x4A, 0x05, 0x4A, 0x05, 0x4A, 0x05,
    0x4A, 0x05, 0x4A, 0x05, 0x4A, 0x05, 0xEA, 0x07, 0xEA, 0x57, 0x6C, 0x36, 0xEC, 0x37, 0xEB, 0x1D,
    0x2C, 0x1F, 0xAC, 0x16, 0x6B, 0x0E, 0xAB, 0x1E, 0x8C, 0x16, 0x6B, 0x1E, 0xAC, 0x26, 0xAC, 0x1E,
    0x8B, 0x1E, 0xAC, 0x1E, 0x8C, 0x1E, 0xCC, 0x1E, 0xAC, 0x1E, 0xAC, 0x1E, 0xAC, 0x1E, 0xCC, 0x1E,
    0xAB, 0x26, 0xAB, 0x1E, 0xCB, 0x1E, 0xCB, 0x1E, 0xAB, 0x26, 0xCB, 0x1E, 0xCB, 0x1E, 0xCC, 0x1E,
    0xCC, 0x1E, 0xAC, 0x1E, 0xAC, 0x1E, 0xAC, 0x1E, 0xAB, 0x1E, 0x8B, 0x1E, 0xAC, 0x1E, 0xAB, 0x1E,
    0xAB, 0x1E, 0xAB, 0x1E, 0xAB, 0x1E, 0xAB, 0x1E, 0xCC, 0x1E, 0xAB, 0x1E, 0xAC, 0x1E, 0xAC, 0x1E,
    0xAC, 0x1E, 0xAC, 0x1E, 0xAC, 0x1E, 0xAC, 0x1E, 0xEC, 0x1E, 0x0C, 0x27, 0x2C, 0x27, 0x2C, 0x27,
    0x2C, 0x27, 0x0C, 0x27, 0x0C, 0x1F, 0xEC, 0x1E, 0xCC, 0x1E, 0xCC, 0x1E, 0xAC, 0x1E, 0xAB, 0x1E,
    0xAC, 0x1E, 0xAB, 0x1E, 0xAC, 0x1E, 0xAC, 0x1E, 0xAB, 0x1E, 0xAB, 0x1E, 0xAC, 0x1E, 0xAB, 0x1E,
    0xAC, 0x1E, 0xAC, 0x1E, 0xAC, 0x1E, 0xAC, 0x1E, 0xAC, 0x1E, 0xAC, 0x1E, 0xAC, 0x1E, 0xAC, 0x1E,
    0xAC, 0x1E, 0xAC, 0x1E, 0xAC, 0x1E, 0xAC, 0x1E, 0xAC, 0x1E, 0xAC, 0x1E, 0xAC, 0x1E, 0xAC, 0x1E,
    0xAC, 0x1E, 0xAC, 0x1E, 0xAC, 0x1E, 0xAC, 0x1E, 0xAC, 0x1E, 0xAC, 0x1E, 0xAC, 0x1E, 0xAC, 0x1E,
    0xAC, 0x1E, 0xAC, 0x1E, 0xAC, 0x1E, 0xAC, 0x1E, 0xAC, 0x1E, 0xAB, 0x1E, 0xCC, 0x1E, 0xEC, 0x1E,
    0xCC, 0x1E, 0xAB, 0x1E, 0xAB, 0x1E, 0xAB, 0x1E, 0xAB, 0x1E, 0xAC, 0x1E, 0xAB, 0x1E, 0xEB, 0x16,
    0x0A, 0x1F, 0xEF, 0x07, 0x00, 0x00, 0x00, 0x00, 0x00, 0x00, 0x00, 0x00, 0xEF, 0x03, 0x4A, 0x55,
    0xE7, 0x3D, 0xEF, 0x03, 0x00, 0x00, 0x00, 0x00, 0x00, 0x00, 0x00, 0x00, 0xE6, 0x37, 0x8B, 0x1E,
    0xAB, 0x1E, 0xAB, 0x1E, 0xAB, 0x1E, 0xAC, 0x1E, 0xCC, 0x1E, 0xAC, 0x1E, 0xCB, 0x1E, 0xEC, 0x1E,
    0xEC, 0x1E, 0xCC, 0x1E, 0xAB, 0x1E, 0xAC, 0x1E, 0xAB, 0x1E, 0xAC, 0x1E, 0xAC, 0x1E, 0xAC, 0x1E,
    0xAC, 0x1E, 0xAC, 0x1E, 0xAC, 0x1E, 0xAC, 0x1E, 0xAC, 0x1E, 0xAC, 0x1E, 0xCC, 0x1E, 0xCC, 0x1E,
    0xAC, 0x1E, 0xAC, 0x1E, 0xAC, 0x1E, 0xAB, 0x1E, 0xAC, 0x1E, 0xAC, 0x1E, 0xAB, 0x1E, 0xAB, 0x1E,
    0xAB, 0x1E, 0xCC, 0x1E, 0xAB, 0x1E, 0xAC, 0x1E, 0xCC, 0x26, 0x8C, 0x1E, 0x8C, 0x26, 0xCC, 0x1E,
    0x6C, 0x26, 0xCB, 0x1E, 0x6B, 0x1E, 0xEB, 0x26, 0x0C, 0x1F, 0x8B, 0x1E, 0xEB, 0x1E, 0xEA, 0x26,
    0xCB, 0x16, 0xAC, 0x16, 0xA9, 0x16, 0x4A, 0x17, 0x2C, 0x1F, 0x0E, 0x1F, 0x2A, 0x1E, 0xCD, 0x26,
    0xAA, 0x2E, 0x6C, 0x36, 0xE7, 0x3D, 0xEA, 0x07, 0xEF, 0x07, 0xFF, 0x07, 0xE0, 0x07, 0x00, 0x00,
    0x00, 0x00, 0x00, 0x00, 0x00, 0x00, 0x00, 0x00, 0x00, 0x00, 0x00, 0x00, 0x00, 0x00, 0x00, 0x00,
    0x00, 0x00, 0x00, 0x00, 0x00, 0x00, 0x00, 0x00, 0x00, 0x00, 0x00, 0x00, 0x00, 0x00, 0xE0, 0x07,
    0xEF, 0x07, 0x4A, 0x05, 0xEA, 0x07, 0xEF, 0x05, 0x6C, 0x06, 0xAA, 0x2E, 0xEB, 0x1D, 0x2A, 0x1E,
    0x2C, 0x1F, 0x8B, 0x16, 0xAA, 0x16, 0x4D, 0x17, 0xCD, 0x26, 0xEC, 0x26, 0xEC, 0x26, 0xEB, 0x1E,
    0x8B, 0x2E, 0xAC, 0x2E, 0xCA, 0x26, 0xEB, 0x26, 0xCB, 0x26, 0xAC, 0x26, 0x0B, 0x1F, 0xAB, 0x1E,
    0xAC, 0x26, 0xAC, 0x26, 0x8C, 0x1E, 0x8C, 0x1E, 0xAB, 0x1E, 0x8B, 0x1E, 0xAB, 0x1E, 0xAB, 0x1E,
    0xAC, 0x1E, 0xAB, 0x1E, 0xAC, 0x1E, 0xAC, 0x1E, 0xAB, 0x1E, 0xCB, 0x1E, 0xAC, 0x1E, 0xCC, 0x1E,
    0xAB, 0x1E, 0xAC, 0x1E, 0xAC, 0x1E, 0xCC, 0x1E, 0xAC, 0x1E, 0xAC, 0x1E, 0xCC, 0x1E, 0xEC, 0x1E,
    0xEC, 0x1E, 0xEC, 0x1E, 0xCC, 0x1E, 0xCC, 0x1E, 0xCC, 0x1E, 0xAC, 0x1E, 0xAC, 0x1E, 0xAB, 0x1E,
    0xAC, 0x1E, 0xAC, 0x1E, 0xAC, 0x1E, 0xAC, 0x1E, 0xAC, 0x1E, 0xAC, 0x1E, 0xAB, 0x1E, 0xAB, 0x1E,
    0xAC, 0x1E, 0xAC, 0x1E, 0xAC, 0x1E, 0xAC, 0x1E, 0xAC, 0x1E, 0xAC, 0x1E, 0xAC, 0x1E, 0xAC, 0x1E,
    0xAC, 0x1E, 0xAC, 0x1E, 0xAC, 0x1E, 0xAC, 0x1E, 0xAC, 0x1E, 0xAC, 0x1E, 0xAC, 0x1E, 0xAC, 0x1E,
    0xAC, 0x1E, 0xAC, 0x1E, 0xAC, 0x1E, 0xAC, 0x1E, 0xAC, 0x1E, 0xAC, 0x1E, 0xAC, 0x1E, 0xAC, 0x1E,
    0xAC, 0x1E, 0xAC, 0x1E, 0xAC, 0x1E, 0xAC, 0x1E, 0xAC, 0x1E, 0xAB, 0x1E, 0xCC, 0x1E, 0xEC, 0x1E,
    0xEC, 0x1E, 0xAB, 0x1E, 0xAB, 0x1E, 0xAB, 0x1E, 0xAB, 0x1E, 0xAC, 0x1E, 0xAB, 0x1E, 0xCB, 0x1E,
    0x8B, 0x1E, 0xEC, 0x37, 0x00, 0x00, 0x00, 0x00, 0x00, 0x00, 0x00, 0x00, 0xEF, 0x03, 0xE7, 0x3D,
    0xE7, 0x3D, 0xEF, 0x03, 0x00, 0x00, 0x00, 0x00, 0x00, 0x00, 0x00, 0x00, 0x0A, 0x1F, 0xAC, 0x1E,
    0xAB, 0x1E, 0xAB, 0x1E, 0xCB, 0x1E, 0xAC, 0x1E, 0xAB, 0x1E, 0xAB, 0x1E, 0xAB, 0x1E, 0xEC, 0x1E,
    0xEC, 0x1E, 0xCC, 0x1E, 0xAB, 0x1E, 0xAC, 0x1E, 0xAB, 0x1E, 0xAC, 0x1E, 0xAC, 0x1E, 0xAC, 0x1E,
    0xAC, 0x1E, 0xAC, 0x1E, 0xAC, 0x1E, 0xAC, 0x1E, 0xAC, 0x1E, 0xAC, 0x1E, 0xCC, 0x1E, 0xAB, 0x1E,
    0xAC, 0x1E, 0xAC, 0x1E, 0xAC, 0x1E, 0xAB, 0x1E, 0xAC, 0x1E, 0xAB, 0x1E, 0xAB, 0x26, 0xCB, 0x1E,
    0xAB, 0x1E, 0xEB, 0x1E, 0xEC, 0x1E, 0x8C, 0x16, 0xEC, 0x26, 0x8B, 0x16, 0x2E, 0x1E, 0xAA, 0x2E,
    0x55, 0x55, 0xE0, 0x07, 0x00, 0x00, 0x00, 0x00, 0x00, 0x00, 0x00, 0x00, 0x00, 0x00, 0x00, 0x00,
    0x00, 0x00, 0x00, 0x00, 0x00, 0x00, 0x00, 0x00, 0x00, 0x00, 0x00, 0x00, 0x00, 0x00, 0x00, 0x00,
    0x00, 0x00, 0x00, 0x00, 0x00, 0x00, 0x00, 0x00, 0x00, 0x00, 0x00, 0x00, 0x00, 0x00, 0x00, 0x00,
    0x00, 0x00, 0x00, 0x00, 0x00, 0x00, 0x00, 0x00, 0x00, 0x00, 0x00, 0x00, 0x00, 0x00, 0x00, 0x00,
    0x00, 0x00, 0x00, 0x00, 0x00, 0x00, 0x00, 0x00, 0x00, 0x00, 0x00, 0x00, 0x00, 0x00, 0x00, 0x00,
    0x00, 0x00, 0x00, 0x00, 0x00, 0x00, 0x00, 0x00, 0x00, 0x00, 0x00, 0x00, 0x00, 0x00, 0x00, 0x00,
    0x00, 0x00, 0x00, 0x00, 0x00, 0x00, 0x00, 0x00, 0x00, 0x00, 0x00, 0x00, 0x00, 0x00, 0x00, 0x00,
    0x00, 0x00, 0x00, 0x00, 0x00, 0x00, 0x00, 0x00, 0xE0, 0x7B, 0xF5, 0x57, 0xE6, 0x37, 0xAA, 0x2E,
    0x0E, 0x1F, 0x6C, 0x26, 0x6C, 0x1E, 0xAC, 0x26, 0xAB, 0x1E, 0x8B, 0x1E, 0x8B, 0x1E, 0xAB, 0x1E,
    0xAB, 0x1E, 0xAB, 0x1E, 0xAC, 0x26, 0xAB, 0x26, 0xAC, 0x1E, 0xAB, 0x1E, 0xCB, 0x1E, 0xCC, 0x1E,
    0xAC, 0x1E, 0xAC, 0x1E, 0xAC, 0x1E, 0xCC, 0x1E, 0xAC, 0x1E, 0xCC, 0x1E, 0xAB, 0x1E, 0xAC, 0x1E,
    0xCC, 0x1E, 0xAB, 0x1E, 0xAC, 0x1E, 0xAB, 0x1E, 0xAC, 0x1E, 0xAC, 0x1E, 0xCC, 0x1E, 0xCC, 0x1E,
    0xCC, 0x1E, 0xCC, 0x1E, 0xEC, 0x1E, 0xCC, 0x1E, 0xCC, 0x1E, 0xCC, 0x1E, 0xCC, 0x1E, 0xCC, 0x1E,
    0xCC, 0x1E, 0xAC, 0x1E, 0xAC, 0x1E, 0xAC, 0x1E, 0xAC, 0x1E, 0xAC, 0x1E, 0xAC, 0x1E, 0xAC, 0x1E,
    0xAC, 0x1E, 0xAC, 0x1E, 0xAC, 0x1E, 0xAC, 0x1E, 0xAC, 0x1E, 0xAC, 0x1E, 0xAC, 0x1E, 0xAC, 0x1E,
    0xAC, 0x1E, 0xAC, 0x1E, 0xAC, 0x1E, 0xAC, 0x1E, 0xAC, 0x1E, 0xAC, 0x1E, 0xAC, 0x1E, 0xAC, 0x1E,
    0xAC, 0x1E, 0xAC, 0x1E, 0xAC, 0x1E, 0xAC, 0x1E, 0xAC, 0x1E, 0xAB, 0x1E, 0xCC, 0x1E, 0xEC, 0x1E,
    0xEC, 0x1E, 0xAB, 0x1E, 0xAB, 0x1E, 0xAB, 0x1E, 0xAB, 0x1E, 0xCC, 0x1E, 0xAC, 0x1E, 0xEB, 0x1E,
    0xAC, 0x1E, 0x0E, 0x1F, 0x00, 0x00, 0x00, 0x00, 0x00, 0x00, 0x00, 0x00, 0xEF, 0x03, 0xE7, 0x3D,
    0xE7, 0x3F, 0xEF, 0x03, 0x00, 0x00, 0x00, 0x00, 0x00, 0x00, 0xEF, 0x07, 0xEA, 0x26, 0xAC, 0x1E,
    0xAB, 0x1E, 0xAB, 0x1E, 0xAB, 0x1E, 0xAC, 0x1E, 0xAC, 0x1E, 0xAC, 0x1E, 0xCC, 0x1E, 0xEC, 0x1E,
    0xEC, 0x1E, 0xCC, 0x1E, 0xAC, 0x1E, 0xAC, 0x1E, 0xAB, 0x1E, 0xAC, 0x1E, 0xAC, 0x1E, 0xAC, 0x1E,
    0xAC, 0x1E, 0xAC, 0x1E, 0xCC, 0x1E, 0xCC, 0x1E, 0xCC, 0x1E, 0xAC, 0x1E, 0xAB, 0x1E, 0xAB, 0x1E,
    0xAC, 0x1E, 0xAC, 0x1E, 0xAC, 0x1E, 0xAB, 0x1E, 0xAC, 0x1E, 0xAB, 0x1E, 0xCB, 0x1E, 0xCB, 0x1E,
    0xCB, 0x1E, 0x0B, 0x1F, 0x2B, 0x17, 0x6C, 0x06, 0x00, 0x00, 0x00, 0x00, 0x00, 0x00, 0x00, 0x00,
    0x00, 0x00, 0x00, 0x00, 0x00, 0x00, 0x00, 0x00, 0x00, 0x00, 0x00, 0x00, 0x00, 0x00, 0x00, 0x00,
    0x00, 0x00, 0x00, 0x00, 0x00, 0x00, 0x00, 0x00, 0x00, 0x00, 0x00, 0x00, 0x00, 0x00, 0x00, 0x00,
    0x00, 0x00, 0x00, 0x00, 0x00, 0x00, 0x00, 0x00, 0x00, 0x00, 0x00, 0x00, 0x00, 0x00, 0x00, 0x00,
    0x00, 0x00, 0x00, 0x00, 0x00, 0x00, 0x00, 0x00, 0x00, 0x00, 0x00, 0x00, 0x00, 0x00, 0x00, 0x00,
    0x00, 0x00, 0x00, 0x00, 0x00, 0x00, 0x00, 0x00, 0x00, 0x00, 0x00, 0x00, 0x00, 0x00, 0x00, 0x00,
    0x00, 0x00, 0x00, 0x00, 0x00, 0x00, 0x00, 0x00, 0x00, 0x00, 0x00, 0x00, 0x00, 0x00, 0x00, 0x00,
    0x00, 0x00, 0x00, 0x00, 0x00, 0x00, 0x00, 0x00, 0x00, 0x00, 0x00, 0x00, 0x00, 0x00, 0x00, 0x00,
    0x00, 0x00, 0x00, 0x00, 0x00, 0x00, 0x00, 0x00, 0x00, 0x00, 0x00, 0x00, 0x00, 0x00, 0x00, 0x00,
    0x00, 0x00, 0x00, 0x00, 0x4A, 0x05, 0xCB, 0x2D, 0xCB, 0x1E, 0x4C, 0x1E, 0xAB, 0x1E, 0xAB, 0x1E,
    0xAB, 0x1E, 0xAB, 0x1E, 0xAB, 0x26, 0xCB, 0x1E, 0xAB, 0x1E, 0xCB, 0x1E, 0xCB, 0x1E, 0xAC, 0x1E,
    0xCC, 0x1E, 0xCC, 0x1E, 0xAB, 0x1E, 0xCC, 0x1E, 0xAC, 0x1E, 0xAC, 0x1E, 0xAB, 0x1E, 0xAC, 0x1E,
    0xAC, 0x1E, 0xCC, 0x1E, 0xAB, 0x1E, 0xAB, 0x1E, 0xAB, 0x1E, 0xAB, 0x1E, 0xAC, 0x1E, 0xEC, 0x1E,
    0x0C, 0x1F, 0x2C, 0x27, 0x2C, 0x27, 0x2C, 0x27, 0x0C, 0x27, 0x0C, 0x1F, 0xEC, 0x1E, 0xCC, 0x1E,
    0xAC, 0x1E, 0xAC, 0x1E, 0xAB, 0x1E, 0xAB, 0x1E, 0xAB, 0x1E, 0xAC, 0x1E, 0xAB, 0x1E, 0xAB, 0x1E,
    0xAC, 0x1E, 0xAC, 0x1E, 0xAC, 0x1E, 0xAC, 0x1E, 0xAC, 0x1E, 0xAC, 0x1E, 0xAC, 0x1E, 0xAC, 0x1E,
    0xAC, 0x1E, 0xAC, 0x1E, 0xAC, 0x1E, 0xAC, 0x1E, 0xAC, 0x1E, 0xAC, 0x1E, 0xAC, 0x1E, 0xAC, 0x1E,
    0xAC, 0x1E, 0xAC, 0x1E, 0xAC, 0x1E, 0xAC, 0x1E, 0xAC, 0x1E, 0xAC, 0x1E, 0xCC, 0x1E, 0xEC, 0x1E,
    0xEC, 0x1E, 0xCC, 0x1E, 0xAB, 0x1E, 0xAB, 0x1E, 0xAB, 0x1E, 0xCC, 0x1E, 0xAC, 0x26, 0xCC, 0x1E,
    0xEC, 0x1E, 0xEC, 0x26, 0xEF, 0x07, 0x00, 0x00, 0x00, 0x00, 0x00, 0x00, 0xEF, 0x03, 0xE7, 0x3D,
    0xE7, 0x3F, 0xEF, 0x07, 0x00, 0x00, 0x00, 0x00, 0xE0, 0x07, 0x6C, 0x36, 0x8B, 0x26, 0xAC, 0x1E,
    0xAB, 0x1E, 0xAB, 0x26, 0xAB, 0x1E, 0xAB, 0x1E, 0xAC, 0x1E, 0xAC, 0x1E, 0xCC, 0x1E, 0xEC, 0x1E,
    0xEC, 0x1E, 0xCC, 0x1E, 0xAB, 0x1E, 0xAC, 0x1E, 0xAB, 0x1E, 0xAC, 0x1E, 0xAC, 0x1E, 0xAC, 0x1E,
    0xAB, 0x1E, 0xAB, 0x1E, 0xCC, 0x1E, 0xCC, 0x1E, 0xCC, 0x1E, 0xAB, 0x1E, 0xAB, 0x1E, 0xAB, 0x1E,
    0xAB, 0x1E, 0xAC, 0x1E, 0xAC, 0x1E, 0xAB, 0x1E, 0xAC, 0x1E, 0xCB, 0x1E, 0xCC, 0x26, 0xAA, 0x1E,
    0x8B, 0x16, 0x6C, 0x36, 0xEF, 0x07, 0x00, 0x00, 0x00, 0x00, 0x00, 0x00, 0x00, 0x00, 0x00, 0x00,
    0x00, 0x00, 0x00, 0x00, 0x00, 0x00, 0x00, 0x00, 0x00, 0x00, 0x00, 0x00, 0x00, 0x00, 0x00, 0x00,
    0x00, 0x00, 0x00, 0x00, 0x00, 0x00, 0x00, 0x00, 0x00, 0x00, 0x00, 0x00, 0x00, 0x00, 0x00, 0x00,
    0x00, 0x00, 0x00, 0x00, 0x00, 0x00, 0x00, 0x00, 0x00, 0x00, 0x00, 0x00, 0x00, 0x00, 0x00, 0x00,
    0x00, 0x00, 0x00, 0x00, 0x00, 0x00, 0x00, 0x00, 0x00, 0x00, 0x00, 0x00, 0x00, 0x00, 0x00, 0x00,
    0x00, 0x00, 0x00, 0x00, 0x00, 0x00, 0x00, 0x00, 0x00, 0x00, 0x00, 0x00, 0x00, 0x00, 0x00, 0x00,
    0x00, 0x00, 0x00, 0x00, 0x00, 0x00, 0x00, 0x00, 0x00, 0x00, 0x00, 0x00, 0x00, 0x00, 0x00, 0x00,
    0x00, 0x00, 0x00, 0x00, 0x00, 0x00, 0x00, 0x00, 0x00, 0x00, 0x00, 0x00, 0x00, 0x00, 0x00, 0x00,
    0x00, 0x00, 0x00, 0x00, 0x00, 0x00, 0x00, 0x00, 0x00, 0x00, 0x00, 0x00, 0x00, 0x00, 0x00, 0x00,
    0x00, 0x00, 0x00, 0x00, 0x00, 0x00, 0x1F, 0x00, 0xAA, 0x2E, 0x8B, 0x16, 0x6C, 0x26, 0xAC, 0x1E,
    0xEB, 0x26, 0x6A, 0x1E, 0xAB, 0x26, 0xEC, 0x1E, 0xEC, 0x26, 0xAB, 0x1E, 0xCB, 0x1E, 0xAB, 0x1E,
    0xAB, 0x1E, 0xCC, 0x1E, 0xAB, 0x1E, 0xCC, 0x1E, 0xAC, 0x1E, 0xAC, 0x1E, 0xCC, 0x1E, 0xAB, 0x1E,
    0xAB, 0x1E, 0xAB, 0x1E, 0xAC, 0x1E, 0xCC, 0x1E, 0xAC, 0x1E, 0xAB, 0x1E, 0xCB, 0x1E, 0xCC, 0x1E,
    0x0C, 0x1F, 0x2C, 0x27, 0x4D, 0x27, 0x4D, 0x27, 0x2C, 0x27, 0x2C, 0x27, 0xEC, 0x1E, 0xCC, 0x1E,
    0xAC, 0x1E, 0xAC, 0x1E, 0xAB, 0x1E, 0xAB, 0x1E, 0xAB, 0x1E, 0xAB, 0x1E, 0xAC, 0x1E, 0xAC, 0x1E,
    0xAB, 0x1E, 0xAC, 0x1E, 0xAC, 0x1E, 0xAC, 0x1E, 0xAC, 0x1E, 0xAC, 0x1E, 0xAC, 0x1E, 0xAC, 0x1E,
    0xAC, 0x1E, 0xAC, 0x1E, 0xAC, 0x1E, 0xAC, 0x1E, 0xAC, 0x1E, 0xAC, 0x1E, 0xAC, 0x1E, 0xAC, 0x1E,
    0xAC, 0x1E, 0xAC, 0x1E, 0xAC, 0x1E, 0xAC, 0x1E, 0xAC, 0x1E, 0xAB, 0x1E, 0xCC, 0x1E, 0xEC, 0x1E,
    0xEC, 0x1E, 0xCC, 0x1E, 0xAB, 0x1E, 0xAB, 0x1E, 0xAB, 0x1E, 0xAC, 0x1E, 0xAB, 0x1E, 0xCC, 0x26,
    0xEC, 0x1E, 0xEB, 0x26, 0x6C, 0x36, 0xE0, 0x07, 0x00, 0x00, 0x00, 0x00, 0xEF, 0x07, 0xE7, 0x3D,
    0xE7, 0x3F, 0xEF, 0x07, 0x00, 0x00, 0x00, 0x00, 0x00, 0x00, 0xCD, 0x26, 0xCC, 0x26, 0x8C, 0x1E,
    0xAB, 0x1E, 0xAB, 0x1E, 0xAB, 0x1E, 0xAB, 0x1E, 0xAC, 0x1E, 0xAC, 0x1E, 0xCC, 0x1E, 0xEC, 0x1E,
    0xEC, 0x1E, 0xCC, 0x1E, 0xAB, 0x1E, 0xAB, 0x1E, 0xAB, 0x1E, 0xAC, 0x1E, 0xAC, 0x1E, 0xAC, 0x1E,
    0xAB, 0x1E, 0xAB, 0x1E, 0xCC, 0x1E, 0xCC, 0x1E, 0xCC, 0x1E, 0xAB, 0x1E, 0xAB, 0x1E, 0xAB, 0x1E,
    0xAB, 0x1E, 0xAC, 0x1E, 0xAB, 0x1E, 0xAB, 0x1E, 0xAC, 0x1E, 0xAB, 0x1E, 0x2A, 0x1E, 0xE7, 0x3D,
    0xEF, 0x07, 0x00, 0x00, 0xFF, 0x07, 0xE0, 0x07, 0x00, 0x00, 0x00, 0x00, 0x00, 0x00, 0x00, 0x00,
    0x00, 0x00, 0x00, 0x00, 0x00, 0x00, 0x00, 0x00, 0x00, 0x00, 0x00, 0x00, 0x00, 0x00, 0x00, 0x00,
    0x00, 0x00, 0x00, 0x00, 0x00, 0x00, 0x00, 0x00, 0x00, 0x00, 0x00, 0x00, 0x00, 0x00, 0x00, 0x00,
    0x00, 0x00, 0x00, 0x00, 0x00, 0x00, 0x00, 0x00, 0x00, 0x00, 0x00, 0x00, 0x00, 0x00, 0x00, 0x00,
    0x00, 0x00, 0x00, 0x00, 0x00, 0x00, 0x00, 0x00, 0x00, 0x00, 0x00, 0x00, 0x00, 0x00, 0x00, 0x00,
    0x00, 0x00, 0x00, 0x00, 0x00, 0x00, 0x00, 0x00, 0x00, 0x00, 0x00, 0x00, 0x00, 0x00, 0x00, 0x00,
    0x00, 0x00, 0x00, 0x00, 0x00, 0x00, 0x00, 0x00, 0x00, 0x00, 0x00, 0x00, 0x00, 0x00, 0x00, 0x00,
    0x00, 0x00, 0x00, 0x00, 0x00, 0x00, 0x00, 0x00, 0x00, 0x00, 0x00, 0x00, 0x00, 0x00, 0x00, 0x00,
    0x00, 0x00, 0x00, 0x00, 0x00, 0x00, 0x00, 0x00, 0x00, 0x00, 0x00, 0x00, 0x00, 0x00, 0x00, 0x00,
    0x00, 0x00, 0x00, 0x00, 0x00, 0x00, 0x00, 0x00, 0xE0, 0x07, 0xEF, 0x07, 0xEA, 0x07, 0xE7, 0x05,
    0x6C, 0x36, 0xC9, 0x26, 0xEB, 0x1E, 0x2B, 0x17, 0xEC, 0x26, 0x2B, 0x1F, 0xEB, 0x26, 0xCB, 0x26,
    0xCB, 0x1E, 0xCB, 0x1E, 0x8B, 0x1E, 0xAB, 0x1E, 0xAB, 0x1E, 0xCC, 0x1E, 0xAC, 0x1E, 0xAB, 0x1E,
    0xAC, 0x1E, 0xAB, 0x1E, 0xAB, 0x1E, 0xCC, 0x1E, 0xCC, 0x1E, 0xAB, 0x1E, 0xAB, 0x1E, 0xAC, 0x1E,
    0xAB, 0x1E, 0xEC, 0x1E, 0xEC, 0x1E, 0x0C, 0x1F, 0x0C, 0x1F, 0xEC, 0x1E, 0xCC, 0x1E, 0xAC, 0x1E,
    0xAB, 0x1E, 0xAC, 0x1E, 0xAB, 0x1E, 0xAB, 0x1E, 0xAB, 0x1E, 0xAC, 0x1E, 0xAC, 0x1E, 0xAB, 0x1E,
    0xAC, 0x1E, 0xAC, 0x1E, 0xAC, 0x1E, 0xAC, 0x1E, 0xAC, 0x1E, 0xAC, 0x1E, 0xAC, 0x1E, 0xAC, 0x1E,
    0xAC, 0x1E, 0xAC, 0x1E, 0xAC, 0x1E, 0xAC, 0x1E, 0xAC, 0x1E, 0xAC, 0x1E, 0xAC, 0x1E, 0xAC, 0x1E,
    0xAC, 0x1E, 0xAC, 0x1E, 0xAC, 0x1E, 0xAC, 0x1E, 0xAB, 0x1E, 0xAB, 0x1E, 0xCC, 0x1E, 0xEC, 0x1E,
    0xEC, 0x1E, 0xCC, 0x1E, 0xAC, 0x1E, 0xAB, 0x1E, 0xAB, 0x1E, 0xAC, 0x1E, 0xAC, 0x1E, 0xCC, 0x1E,
    0xAC, 0x1E, 0xCC, 0x26, 0xCD, 0x26, 0x00, 0x00, 0x00, 0x00, 0x00, 0x00, 0xEF, 0x07, 0xE7, 0x3D,
    0xE7, 0x3F, 0xEF, 0x07, 0x00, 0x00, 0x00, 0x00, 0x00, 0x00, 0xEB, 0x1D, 0xCC, 0x1E, 0xAC, 0x1E,
    0xAC, 0x1E, 0xAB, 0x1E, 0xAB, 0x1E, 0xAB, 0x1E, 0xAC, 0x1E, 0xAB, 0x1E, 0xCC, 0x1E, 0xCC, 0x1E,
    0xCC, 0x1E, 0xCC, 0x1E, 0xAB, 0x1E, 0xAB, 0x1E, 0xAB, 0x1E, 0xAC, 0x1E, 0xAC, 0x1E, 0xAC, 0x1E,
    0xAB, 0x1E, 0xAB, 0x1E, 0xCC, 0x1E, 0xCC, 0x1E, 0xCC, 0x1E, 0xAB, 0x1E, 0xAB, 0x1E, 0xAB, 0x1E,
    0xAB, 0x1E, 0xAB, 0x1E, 0xAB, 0x1E, 0xCB, 0x1E, 0xCC, 0x1E, 0xEA, 0x16, 0x00, 0x00, 0x00, 0x00,
    0x00, 0x00, 0x00, 0x00, 0xEA, 0x07, 0xEF, 0x07, 0xF5, 0x07, 0xEF, 0x07, 0xEF, 0x07, 0x4A, 0x05,
    0x4A, 0x05, 0xEA, 0x07, 0xEA, 0x07, 0xEA, 0x07, 0xEA, 0x07, 0xE7, 0x05, 0xE7, 0x05, 0xE7, 0x05,
    0xE7, 0x05, 0xE7, 0x05, 0xE7, 0x05, 0xE7, 0x05, 0xEA, 0x07, 0xEA, 0x07, 0xEA, 0x07, 0x4A, 0x05,
    0x4A, 0x05, 0xEF, 0x07, 0xEF, 0x07, 0xEF, 0x07, 0xEF, 0x07, 0xEF, 0x07, 0xEF, 0x03, 0xEF, 0x03,
    0xEF, 0x03, 0xEF, 0x03, 0xEF, 0x03, 0xEF, 0x03, 0xEF, 0x03, 0xEF, 0x03, 0xEF, 0x03, 0xEF, 0x03,
    0xEF, 0x03, 0xEF, 0x03, 0xEF, 0x03, 0xEF, 0x03, 0xEF, 0x03, 0xEF, 0x03, 0xEF, 0x03, 0xEF, 0x07,
    0xEF, 0x07, 0xEF, 0x07, 0xEF, 0x07, 0xEF, 0x07, 0x4A, 0x05, 0x4A, 0x05, 0x4A, 0x05, 0xEA, 0x07,
    0xEA, 0x07, 0xE7, 0x05, 0xE7, 0x05, 0xE7, 0x05, 0xE7, 0x05, 0xE7, 0x05, 0xE7, 0x05, 0xE7, 0x05,
    0xE7, 0x05, 0xEA, 0x07, 0xEA, 0x07, 0xEA, 0x07, 0xEA, 0x07, 0x4A, 0x05, 0x4A, 0x05, 0x4A, 0x05,
    0xEF, 0x07, 0xEF, 0x07, 0xFF, 0x07, 0xE0, 0x07, 0x00, 0x00, 0x00, 0x00, 0x00, 0x00, 0x00, 0x00,
    0x00, 0x00, 0x00, 0x00, 0x00, 0x00, 0x00, 0x00, 0x00, 0x00, 0x00, 0x00, 0xE0, 0x07, 0xE7, 0x3D,
    0xEB, 0x1E, 0x4A, 0x2F, 0x8B, 0x0E, 0xAB, 0x16, 0xAB, 0x16, 0xCC, 0x1E, 0xEB, 0x1E, 0x8B, 0x1E,
    0xAB, 0x1E, 0xAC, 0x1E, 0xAC, 0x1E, 0xCB, 0x1E, 0xAC, 0x1E, 0xAB, 0x1E, 0xAB, 0x1E, 0xAB, 0x1E,
    0xAB, 0x1E, 0xCB, 0x1E, 0xAC, 0x1E, 0xAB, 0x1E, 0xCC, 0x1E, 0xAB, 0x1E, 0xAC, 0x1E, 0xAC, 0x1E,
    0xCC, 0x1E, 0xEC, 0x1E, 0xEC, 0x1E, 0xEC, 0x1E, 0xEC, 0x1E, 0xEC, 0x1E, 0xCC, 0x1E, 0xCC, 0x1E,
    0xCC, 0x1E, 0xAC, 0x1E, 0xAC, 0x1E, 0xAC, 0x1E, 0xAC, 0x1E, 0xAC, 0x1E, 0xAC, 0x1E, 0xAC, 0x1E,
    0xAC, 0x1E, 0xAC, 0x1E, 0xAC, 0x1E, 0xAC, 0x1E, 0xAC, 0x1E, 0xAC, 0x1E, 0xAC, 0x1E, 0xAC, 0x1E,
    0xAC, 0x1E, 0xAC, 0x1E, 0xAC, 0x1E, 0xAC, 0x1E, 0xAB, 0x1E, 0xAB, 0x1E, 0xCC, 0x1E, 0xCC, 0x1E,
    0xCC, 0x1E, 0xCC, 0x1E, 0xAB, 0x1E, 0xCC, 0x1E, 0xAB, 0x1E, 0xAB, 0x1E, 0xAC, 0x1E, 0xCC, 0x1E,
    0xCC, 0x1E, 0x8B, 0x1E, 0x4A, 0x1D, 0x00, 0x00, 0x00, 0x00, 0x00, 0x00, 0xEF, 0x07, 0xE7, 0x3D,
    0xE7, 0x3F, 0xEF, 0x07, 0x00, 0x00, 0x00, 0x00, 0x00, 0x00, 0x6C, 0x1E, 0xCB, 0x1E, 0xAC, 0x1E,
    0xAC, 0x1E, 0xAC, 0x1E, 0xAB, 0x1E, 0xAB, 0x1E, 0xCC, 0x1E, 0xAC, 0x1E, 0xCC, 0x1E, 0xCC, 0x1E,
    0xCC, 0x1E, 0xCC, 0x1E, 0xAB, 0x1E, 0xAB, 0x1E, 0xAB, 0x1E, 0xAC, 0x1E, 0xAC, 0x1E, 0xAC, 0x1E,
    0xAB, 0x1E, 0xAB, 0x1E, 0xCC, 0x1E, 0xEC, 0x1E, 0xEC, 0x1E, 0xAB, 0x1E, 0xAB, 0x1E, 0xAB, 0x1E,
    0xCB, 0x1E, 0xAB, 0x1E, 0xAB, 0x1E, 0xAB, 0x1E, 0x8C, 0x1E, 0xE9, 0x07, 0x00, 0x00, 0x00, 0x00,
    0x00, 0x00, 0x00, 0x00, 0xEA, 0x07, 0xEC, 0x07, 0xEF, 0x05, 0xEA, 0x07, 0xE7, 0x05, 0x6C, 0x36,
    0x6C, 0x36, 0xAA, 0x2E, 0xC9, 0x26, 0xCD, 0x26, 0xEB, 0x1D, 0xEB, 0x1E, 0xEB, 0x1E, 0xEB, 0x1E,
    0x2A, 0x1E, 0xEB, 0x1E, 0xEB, 0x1E, 0xEB, 0x1E, 0xEB, 0x1E, 0xEB, 0x1E, 0xEB, 0x1E, 0xEB, 0x1D,
    0xCD, 0x26, 0xCD, 0x26, 0xCD, 0x26, 0xAA, 0x2E, 0xAA, 0x2E, 0xAA, 0x2E, 0xAA, 0x2E, 0xAA, 0x2E,
    0xAA, 0x2E, 0xAA, 0x2E, 0xAA, 0x2E, 0xAA, 0x2E, 0xAA, 0x2E, 0xAA, 0x2E, 0xAA, 0x2E, 0xAA, 0x2E,
    0xAA, 0x2E, 0xAA, 0x2E, 0xAA, 0x2E, 0xAA, 0x2E, 0xAA, 0x2E, 0xAA, 0x2E, 0xAA, 0x2E, 0xAA, 0x2E,
    0xAA, 0x2E, 0xAA, 0x2E, 0xA9, 0x25, 0xCD, 0x26, 0xCD, 0x26, 0xCD, 0x26, 0xEB, 0x1D, 0xEB, 0x1E,
    0xEB, 0x1E, 0xEB, 0x1E, 0x2A, 0x1E, 0x2A, 0x1E, 0x2A, 0x1E, 0xEB, 0x1E, 0xEB, 0x1E, 0xEB, 0x1E,
    0xEB, 0x1E, 0xEB, 0x1E, 0xCD, 0x26, 0xCD, 0x26, 0xAA, 0x2E, 0x6C, 0x36, 0x6C, 0x36, 0xEF, 0x3F,
    0xE7, 0x05, 0x4A, 0x05, 0xEF, 0x07, 0x00, 0x00, 0x00, 0x00, 0x00, 0x00, 0x00, 0x00, 0x00, 0x00,
    0x00, 0x00, 0x00, 0x00, 0x00, 0x00, 0x00, 0x00, 0x00, 0x00, 0x00, 0x00, 0x00, 0x00, 0x00, 0x00,
    0x00, 0x00, 0x00, 0x00, 0x00, 0x00, 0x66, 0x06, 0x8B, 0x16, 0xAA, 0x0E, 0xEB, 0x1E, 0x8B, 0x16,
    0x8C, 0x1E, 0xAC, 0x1E, 0xAB, 0x1E, 0xAB, 0x1E, 0xAB, 0x1E, 0xCB, 0x1E, 0xAC, 0x1E, 0xAC, 0x1E,
    0xAB, 0x1E, 0xAB, 0x1E, 0xCB, 0x1E, 0xAB, 0x1E, 0xCC, 0x1E, 0xCB, 0x1E, 0xAB, 0x1E, 0xAB, 0x1E,
    0xCC, 0x1E, 0x2C, 0x27, 0x4D, 0x27, 0x6D, 0x27, 0x4D, 0x27, 0x2C, 0x27, 0x0C, 0x1F, 0xEC, 0x1E,
    0xCC, 0x1E, 0xAC, 0x1E, 0xAC, 0x1E, 0xAC, 0x1E, 0xAC, 0x1E, 0xAB, 0x1E, 0xAB, 0x1E, 0xAC, 0x1E,
    0xAC, 0x1E, 0xAC, 0x1E, 0xAC, 0x1E, 0xAC, 0x1E, 0xAC, 0x1E, 0xAC, 0x1E, 0xAC, 0x1E, 0xAC, 0x1E,
    0xAC, 0x1E, 0xAC, 0x1E, 0xAC, 0x1E, 0xAC, 0x1E, 0xAB, 0x1E, 0xAB, 0x1E, 0xCC, 0x1E, 0xCC, 0x1E,
    0xCC, 0x1E, 0xAC, 0x1E, 0xCC, 0x1E, 0xCC, 0x1E, 0xCC, 0x1E, 0xAB, 0x1E, 0xAC, 0x1E, 0xAC, 0x1E,
    0xCC, 0x1E, 0xCB, 0x1E, 0xCB, 0x15, 0x00, 0x00, 0x00, 0x00, 0x00, 0x00, 0xEF, 0x07, 0xE7, 0x3D,
    0xE7, 0x05, 0xEF, 0x07, 0x00, 0x00, 0x00, 0x00, 0x00, 0x00, 0x4D, 0x16, 0xCC, 0x1E, 0xCC, 0x1E,
    0xCC, 0x1E, 0xAB, 0x1E, 0xAB, 0x1E, 0xCC, 0x1E, 0xCC, 0x1E, 0xCC, 0x1E, 0xAC, 0x1E, 0xAC, 0x1E,
    0xAC, 0x1E, 0xCC, 0x1E, 0xAC, 0x1E, 0xAC, 0x1E, 0xAC, 0x1E, 0xAC, 0x1E, 0xAC, 0x1E, 0xAC, 0x1E,
    0xAC, 0x1E, 0xAB, 0x1E, 0xCC, 0x1E, 0xEC, 0x1E, 0xEC, 0x1E, 0xAC, 0x1E, 0xCB, 0x1E, 0xAB, 0x1E,
    0xAB, 0x1E, 0xAB, 0x1E, 0xAB, 0x1E, 0xCC, 0x1E, 0x8C, 0x1E, 0xAA, 0x06, 0x00, 0x00, 0x00, 0x00,
    0x00, 0x00, 0x00, 0x00, 0xEF, 0x07, 0xEA, 0x07, 0x4A, 0x05, 0xEF, 0x03, 0xEF, 0x07, 0xEA, 0x07,
    0xEF, 0x07, 0xEC, 0x37, 0xEA, 0x2F, 0xCD, 0x26, 0xEB, 0x1E, 0x2A, 0x1E, 0x0A, 0x1F, 0x0E, 0x1F,
    0x6C, 0x1E, 0x6C, 0x1E, 0x6C, 0x1E, 0x6C, 0x1E, 0x6C, 0x1E, 0x6C, 0x1E, 0x0E, 0x1F, 0x0E, 0x1F,
    0x0A, 0x1F, 0x0A, 0x1F, 0x0A, 0x1F, 0x0A, 0x1F, 0x2A, 0x1E, 0x2A, 0x1E, 0x2A, 0x1E, 0x2A, 0x1E,
    0x2A, 0x1E, 0x2A, 0x1E, 0x2A, 0x1E, 0x2A, 0x1E, 0x2A, 0x1E, 0x2A, 0x1E, 0x2A, 0x1E, 0x2A, 0x1E,
    0x2A, 0x1E, 0x2A, 0x1E, 0x2A, 0x1E, 0x2A, 0x1E, 0x2A, 0x1E, 0x2A, 0x1E, 0x2A, 0x1E, 0x2A, 0x1E,
    0x2A, 0x1E, 0x2A, 0x1E, 0x0A, 0x1F, 0x0A, 0x1F, 0x0A, 0x1F, 0x0A, 0x1F, 0x0E, 0x1F, 0x6C, 0x1E,
    0x6C, 0x1E, 0x6C, 0x1E, 0x6C, 0x1E, 0x6C, 0x1E, 0x6C, 0x1E, 0x0E, 0x1F, 0x0E, 0x1F, 0x0A, 0x1F,
    0x2A, 0x1E, 0xEB, 0x1E, 0xEB, 0x1D, 0xCD, 0x26, 0x6C, 0x36, 0xEF, 0x07, 0xEA, 0x07, 0x4A, 0x05,
    0xEF, 0x07, 0xE0, 0x07, 0xE0, 0x07, 0x00, 0x00, 0x00, 0x00, 0x00, 0x00, 0x00, 0x00, 0x00, 0x00,
    0x00, 0x00, 0x00, 0x00, 0x00, 0x00, 0x00, 0x00, 0x00, 0x00, 0x00, 0x00, 0x00, 0x00, 0x00, 0x00,
    0x00, 0x00, 0x00, 0x00, 0x00, 0x00, 0x00, 0x00, 0xE0, 0x07, 0x66, 0x06, 0x0A, 0x1F, 0x6A, 0x16,
    0x8B, 0x26, 0xAC, 0x26, 0xCB, 0x1E, 0x8B, 0x1E, 0x8C, 0x1E, 0xCB, 0x1E, 0xCC, 0x1E, 0xAB, 0x1E,
    0xAB, 0x1E, 0xAB, 0x1E, 0xCB, 0x1E, 0xAB, 0x1E, 0xCC, 0x1E, 0xCC, 0x1E, 0xAB, 0x1E, 0xAC, 0x1E,
    0xAC, 0x1E, 0x2C, 0x27, 0x8D, 0x27, 0xAD, 0x27, 0x8D, 0x27, 0x4D, 0x27, 0x0C, 0x27, 0xCC, 0x1E,
    0xAC, 0x1E, 0xAC, 0x1E, 0xAC, 0x1E, 0xAB, 0x1E, 0xAC, 0x1E, 0xAB, 0x1E, 0xAC, 0x1E, 0xAB, 0x1E,
    0xAB, 0x1E, 0xAC, 0x1E, 0xAC, 0x1E, 0xAC, 0x1E, 0xAC, 0x1E, 0xAC, 0x1E, 0xAC, 0x1E, 0xAC, 0x1E,
    0xAC, 0x1E, 0xAC, 0x1E, 0xAC, 0x1E, 0xAC, 0x1E, 0xAC, 0x1E, 0xAC, 0x1E, 0xCC, 0x1E, 0xAC, 0x1E,
    0xAC, 0x1E, 0xAC, 0x1E, 0xCC, 0x1E, 0xCC, 0x1E, 0xCC, 0x1E, 0xAB, 0x1E, 0xAC, 0x1E, 0xAC, 0x1E,
    0xAC, 0x1E, 0x8C, 0x1E, 0xCD, 0x16, 0x00, 0x00, 0x00, 0x00, 0x00, 0x00, 0xEF, 0x07, 0xE7, 0x05,
    0x4A, 0x05, 0xEF, 0x07, 0x00, 0x00, 0x00, 0x00, 0x00, 0x00, 0xAC, 0x1E, 0xCC, 0x1E, 0xCC, 0x1E,
    0xAC, 0x1E, 0xAB, 0x1E, 0xAB, 0x1E, 0xCC, 0x1E, 0xEC, 0x1E, 0xCC, 0x1E, 0xCC, 0x1E, 0xAC, 0x1E,
    0xAC, 0x1E, 0xAC, 0x1E, 0xAC, 0x1E, 0xAC, 0x1E, 0xAC, 0x1E, 0xAC, 0x1E, 0xAC, 0x1E, 0xAC, 0x1E,
    0xAC, 0x1E, 0xAB, 0x1E, 0xCC, 0x1E, 0xEC, 0x1E, 0xEC, 0x1E, 0xAC, 0x1E, 0xAB, 0x1E, 0xAB, 0x1E,
    0xAB, 0x1E, 0xAB, 0x1E, 0xAB, 0x1E, 0xAC, 0x1E, 0x8B, 0x1E, 0xC9, 0x26, 0x00, 0x00, 0x00, 0x00,
    0x00, 0x00, 0x00, 0x00, 0xEF, 0x07, 0xEA, 0x07, 0xEF, 0x03, 0x00, 0x00, 0xE0, 0x07, 0xE0, 0x07,
    0xEF, 0x07, 0x4A, 0x05, 0xEA, 0x07, 0xE7, 0x05, 0xEF, 0x3F, 0x6C, 0x36, 0x6C, 0x36, 0x6C, 0x36,
    0x6C, 0x36, 0x6C, 0x36, 0x6C, 0x36, 0x6C, 0x36, 0x6C, 0x36, 0x6C, 0x36, 0x6C, 0x36, 0x6C, 0x36,
    0x6C, 0x36, 0x6C, 0x36, 0x6C, 0x36, 0x6C, 0x36, 0x6C, 0x36, 0x6C, 0x36, 0x6C, 0x36, 0x6C, 0x36,
    0x6C, 0x36, 0x6C, 0x36, 0x6C, 0x36, 0x6C, 0x36, 0x6C, 0x36, 0x6C, 0x36, 0x6C, 0x36, 0x6C, 0x36,
    0x6C, 0x36, 0x6C, 0x36, 0x6C, 0x36, 0x6C, 0x36, 0x6C, 0x36, 0x6C, 0x36, 0x6C, 0x36, 0x6C, 0x36,
    0x6C, 0x36, 0x6C, 0x36, 0x6C, 0x36, 0x6C, 0x36, 0x6C, 0x36, 0x6C, 0x36, 0x6C, 0x36, 0x6C, 0x36,
    0x6C, 0x36, 0x6C, 0x36, 0x6C, 0x36, 0x6C, 0x36, 0x6C, 0x36, 0x6C, 0x36, 0x6C, 0x36, 0x6C, 0x36,
    0x6C, 0x36, 0xEF, 0x07, 0xE7, 0x05, 0xEA, 0x07, 0xEF, 0x07, 0xEF, 0x03, 0xE0, 0x07, 0xE0, 0x07,
    0x00, 0x00, 0x00, 0x00, 0x00, 0x00, 0x00, 0x00, 0x00, 0x00, 0x00, 0x00, 0x00, 0x00, 0x00, 0x00,
    0x00, 0x00, 0x00, 0x00, 0x00, 0x00, 0x00, 0x00, 0x00, 0x00, 0x00, 0x00, 0x00, 0x00, 0x00, 0x00,
    0x00, 0x00, 0x00, 0x00, 0x00, 0x00, 0x00, 0x00, 0x00, 0x00, 0xE0, 0x07, 0xE0, 0x07, 0xC6, 0x04,
    0xEB, 0x1D, 0x8B, 0x2E, 0x6A, 0x26, 0x6C, 0x26, 0x8C, 0x1E, 0x0C, 0x27, 0xCB, 0x1E, 0xCB, 0x26,
    0xAB, 0x1E, 0xAB, 0x1E, 0xAB, 0x1E, 0xAB, 0x1E, 0xCB, 0x1E, 0xCC, 0x1E, 0xCB, 0x1E, 0xAC, 0x1E,
    0xAB, 0x1E, 0xCC, 0x1E, 0x2D, 0x27, 0x6D, 0x27, 0x4D, 0x27, 0x0C, 0x1F, 0xCC, 0x1E, 0xAC, 0x1E,
    0xAB, 0x1E, 0xAC, 0x1E, 0xAB, 0x1E, 0xAB, 0x1E, 0xAB, 0x1E, 0xAC, 0x1E, 0xAB, 0x1E, 0xAB, 0x1E,
    0xAC, 0x1E, 0xAC, 0x1E, 0xAC, 0x1E, 0xAC, 0x1E, 0xAC, 0x1E, 0xAC, 0x1E, 0xAC, 0x1E, 0xAC, 0x1E,
    0xAC, 0x1E, 0xAC, 0x1E, 0xAC, 0x1E, 0xAC, 0x1E, 0xAC, 0x1E, 0xAC, 0x1E, 0xAC, 0x1E, 0xAC, 0x1E,
    0xAC, 0x1E, 0xAB, 0x1E, 0xCC, 0x1E, 0xEC, 0x1E, 0xCC, 0x1E, 0xAB, 0x1E, 0xAB, 0x1E, 0xAC, 0x1E,
    0xAC, 0x1E, 0x6C, 0x1E, 0xAC, 0x1E, 0x00, 0x00, 0x00, 0x00, 0x00, 0x00, 0xEF, 0x07, 0x4A, 0x05,
    0x4A, 0x05, 0xEF, 0x07, 0x00, 0x00, 0x00, 0x00, 0xFF, 0x07, 0x8C, 0x16, 0xCC, 0x1E, 0xCC, 0x1E,
    0xCC, 0x1E, 0xCB, 0x1E, 0xCB, 0x1E, 0xEC, 0x1E, 0x0C, 0x1F, 0xCC, 0x1E, 0xAC, 0x1E, 0xAC, 0x1E,
    0xAC, 0x1E, 0xAC, 0x1E, 0xAC, 0x1E, 0xAC, 0x1E, 0xAC, 0x1E, 0xAC, 0x1E, 0xAC, 0x1E, 0xAC, 0x1E,
    0xAC, 0x1E, 0xAB, 0x1E, 0xCC, 0x1E, 0xEC, 0x1E, 0xEC, 0x1E, 0xAC, 0x1E, 0xCB, 0x1E, 0xAC, 0x1E,
    0xAB, 0x1E, 0xAB, 0x1E, 0xAB, 0x1E, 0xAC, 0x1E, 0xCB, 0x1E, 0xAA, 0x2E, 0x00, 0x00, 0x00, 0x00,
    0x00, 0x00, 0x00, 0x00, 0x4A, 0x05, 0xE7, 0x07, 0xAA, 0x02, 0x00, 0x00, 0x00, 0x00, 0x00, 0x00,
    0x00, 0x00, 0x00, 0x00, 0x00, 0x00, 0x00, 0x00, 0x00, 0x00, 0x00, 0x00, 0x00, 0x00, 0x00, 0x00,
    0x00, 0x00, 0x00, 0x00, 0x00, 0x00, 0x00, 0x00, 0x00, 0x00, 0x00, 0x00, 0x00, 0x00, 0x00, 0x00,
    0x00, 0x00, 0x00, 0x00, 0x00, 0x00, 0x00, 0x00, 0x00, 0x00, 0x00, 0x00, 0x00, 0x00, 0x00, 0x00,
    0x00, 0x00, 0x00, 0x00, 0x00, 0x00, 0x00, 0x00, 0x00, 0x00, 0x00, 0x00, 0x00, 0x00, 0x00, 0x00,
    0x00, 0x00, 0x00, 0x00, 0x00, 0x00, 0x00, 0x00, 0x00, 0x00, 0x00, 0x00, 0x00, 0x00, 0x00, 0x00,
    0x00, 0x00, 0x00, 0x00, 0x00, 0x00, 0x00, 0x00, 0x00, 0x00, 0x00, 0x00, 0x00, 0x00, 0x00, 0x00,
    0x00, 0x00, 0x00, 0x00, 0x00, 0x00, 0x00, 0x00, 0x00, 0x00, 0x00, 0x00, 0x00, 0x00, 0x00, 0x00,
    0x00, 0x00, 0x00, 0x00, 0x00, 0x00, 0x00, 0x00, 0x00, 0x00, 0x00, 0x00, 0x00, 0x00, 0x00, 0x00,
    0x00, 0x00, 0x00, 0x00, 0x00, 0x00, 0x00, 0x00, 0xE0, 0x07, 0xE0, 0x07, 0xFF, 0x07, 0xEF, 0x03,
    0xEF, 0x07, 0xEF, 0x07, 0xEF, 0x07, 0xEF, 0x07, 0x4A, 0x05, 0x4A, 0x05, 0x4A, 0x05, 0x4A, 0x05,
    0xEF, 0x07, 0xEF, 0x07, 0xEF, 0x07, 0xFF, 0x07, 0xE0, 0x07, 0xE0, 0x07, 0x00, 0x00, 0x00, 0x00,
    0x00, 0x00, 0x00, 0x00, 0x00, 0x00, 0xEF, 0x7B, 0x6C, 0x36, 0xED, 0x4F, 0x6C, 0x1E, 0x4C, 0x27,
    0x6A, 0x26, 0x8A, 0x26, 0xCB, 0x1E, 0xCB, 0x1E, 0xCB, 0x1E, 0xCC, 0x1E, 0xCC, 0x1E, 0xAC, 0x1E,
    0xCC, 0x1E, 0xAB, 0x1E, 0xCC, 0x1E, 0x0C, 0x27, 0xEC, 0x1E, 0xCC, 0x1E, 0xCB, 0x1E, 0xAC, 0x1E,
    0xAB, 0x1E, 0xCC, 0x1E, 0xEC, 0x1E, 0xEC, 0x1E, 0xEC, 0x1E, 0xCC, 0x1E, 0xCC, 0x1E, 0xCC, 0x1E,
    0xCC, 0x1E, 0xCC, 0x1E, 0xAC, 0x1E, 0xAC, 0x1E, 0xAC, 0x1E, 0xAC, 0x1E, 0xAC, 0x1E, 0xAC, 0x1E,
    0xAC, 0x1E, 0xAC, 0x1E, 0xAC, 0x1E, 0xAC, 0x1E, 0xAC, 0x1E, 0xAC, 0x1E, 0xAC, 0x1E, 0xAC, 0x1E,
    0xAC, 0x1E, 0xAB, 0x1E, 0xCC, 0x1E, 0xEC, 0x1E, 0xEC, 0x1E, 0xAB, 0x1E, 0xCC, 0x1E, 0xAC, 0x1E,
    0xAC, 0x1E, 0xAC, 0x1E, 0xED, 0x16, 0xEF, 0x07, 0x00, 0x00, 0x00, 0x00, 0xEF, 0x07, 0x4A, 0x05,
    0xEF, 0x03, 0xFF, 0x07, 0x00, 0x00, 0xEF, 0x07, 0xD2, 0x26, 0xAC, 0x1E, 0xCC, 0x1E, 0xAC, 0x1E,
    0xAC, 0x1E, 0xAB, 0x1E, 0xCC, 0x1E, 0x0C, 0x27, 0x0C, 0x27, 0xCC, 0x1E, 0xAC, 0x1E, 0xAB, 0x1E,
    0xAB, 0x1E, 0xAC, 0x1E, 0xAC, 0x1E, 0xAC, 0x1E, 0xAC, 0x1E, 0xAC, 0x1E, 0xAC, 0x1E, 0xAC, 0x1E,
    0xAC, 0x1E, 0xAB, 0x1E, 0xCC, 0x1E, 0xEC, 0x1E, 0xEC, 0x1E, 0xAC, 0x1E, 0xAC, 0x1E, 0xAC, 0x1E,
    0xAB, 0x1E, 0xAB, 0x1E, 0xAB, 0x1E, 0xAB, 0x1E, 0x6B, 0x1E, 0xE0, 0x7F, 0x00, 0x00, 0x00, 0x00,
    0x00, 0x00, 0xE0, 0x07, 0x6C, 0x06, 0xCD, 0x06, 0x6C, 0x06, 0xEF, 0x03, 0x00, 0x00, 0x00, 0x00,
    0x00, 0x00, 0x00, 0x00, 0x00, 0x00, 0x00, 0x00, 0x00, 0x00, 0x00, 0x00, 0x00, 0x00, 0x00, 0x00,
    0x00, 0x00, 0x00, 0x00, 0x00, 0x00, 0x00, 0x00, 0x00, 0x00, 0x00, 0x00, 0x00, 0x00, 0x00, 0x00,
    0x00, 0x00, 0x00, 0x00, 0x00, 0x00, 0x00, 0x00, 0x00, 0x00, 0x00, 0x00, 0x00, 0x00, 0x00, 0x00,
    0x00, 0x00, 0x00, 0x00, 0x00, 0x00, 0x00, 0x00, 0x00, 0x00, 0x00, 0x00, 0x00, 0x00, 0x00, 0x00,
    0x00, 0x00, 0x00, 0x00, 0x00, 0x00, 0x00, 0x00, 0x00, 0x00, 0x00, 0x00, 0x00, 0x00, 0x00, 0x00,
    0x00, 0x00, 0x00, 0x00, 0x00, 0x00, 0x00, 0x00, 0x00, 0x00, 0x00, 0x00, 0x00, 0x00, 0x00, 0x00,
    0x00, 0x00, 0x00, 0x00, 0x00, 0x00, 0x00, 0x00, 0x00, 0x00, 0x00, 0x00, 0x00, 0x00, 0x00, 0x00,
    0x00, 0x00, 0x00, 0x00, 0x00, 0x00, 0x00, 0x00, 0x00, 0x00, 0x00, 0x00, 0x00, 0x00, 0x00, 0x00,
    0x00, 0x00, 0xFF, 0x07, 0xEF, 0x03, 0xEF, 0x07, 0x4A, 0x05, 0xEA, 0x07, 0xE7, 0x05, 0xEF, 0x05,
    0xEF, 0x3F, 0x6C, 0x36, 0x6C, 0x36, 0x6C, 0x36, 0x6C, 0x36, 0x6C, 0x36, 0x6C, 0x36, 0xEF, 0x07,
    0xEF, 0x05, 0xEA, 0x07, 0x4A, 0x05, 0xEF, 0x07, 0xE0, 0x07, 0x00, 0x00, 0x00, 0x00, 0x00, 0x00,
    0x00, 0x00, 0x00, 0x00, 0x00, 0x00, 0x00, 0x00, 0x00, 0x00, 0x00, 0x00, 0x00, 0x00, 0x00, 0x00,
    0xE0, 0xFF, 0xA4, 0x25, 0xAA, 0x16, 0xCA, 0x26, 0x0B, 0x1F, 0xEC, 0x1E, 0xAC, 0x1E, 0xCC, 0x1E,
    0xAB, 0x1E, 0xAB, 0x1E, 0xCC, 0x1E, 0x0C, 0x27, 0xEC, 0x1E, 0xCC, 0x1E, 0xCC, 0x1E, 0xAC, 0x1E,
    0xAB, 0x1E, 0x0C, 0x1F, 0x2C, 0x27, 0x4D, 0x27, 0x2C, 0x27, 0x0C, 0x1F, 0xEC, 0x1E, 0xCC, 0x1E,
    0xCC, 0x1E, 0xAC, 0x1E, 0xAC, 0x1E, 0xAB, 0x1E, 0xAC, 0x1E, 0xAC, 0x1E, 0xAC, 0x1E, 0xAC, 0x1E,
    0xAC, 0x1E, 0xAC, 0x1E, 0xAC, 0x1E, 0xAC, 0x1E, 0xAC, 0x1E, 0xAC, 0x1E, 0xAC, 0x1E, 0xAB, 0x1E,
    0xAB, 0x1E, 0xAC, 0x1E, 0xCC, 0x1E, 0x0C, 0x27, 0x0C, 0x27, 0xCC, 0x1E, 0xAB, 0x1E, 0xAB, 0x1E,
    0xAC, 0x1E, 0x8C, 0x1E, 0xAB, 0x1E, 0xCD, 0x06, 0xEF, 0x03, 0x00, 0x00, 0xFF, 0x07, 0xEF, 0x03,
    0xE0, 0x07, 0xE0, 0x07, 0xEF, 0x03, 0xF3, 0x37, 0x6D, 0x1E, 0xAC, 0x1E, 0xAC, 0x1E, 0xAC, 0x1E,
    0xCC, 0x1E, 0xAB, 0x1E, 0xEC, 0x1E, 0x2C, 0x27, 0x2C, 0x27, 0xCC, 0x1E, 0xAC, 0x1E, 0xAB, 0x1E,
    0xAC, 0x1E, 0xAC, 0x1E, 0xAC, 0x1E, 0xAC, 0x1E, 0xAC, 0x1E, 0xAC, 0x1E, 0xAC, 0x1E, 0xAB, 0x1E,
    0xAC, 0x1E, 0xAB, 0x1E, 0xCC, 0x1E, 0xEC, 0x1E, 0xEC, 0x1E, 0xAC, 0x1E, 0xAC, 0x1E, 0xAB, 0x1E,
    0xAB, 0x1E, 0xAB, 0x1E, 0xAB, 0x1E, 0xCB, 0x1E, 0x6A, 0x1E, 0x40, 0x55, 0x00, 0x00, 0x00, 0x00,
    0x00, 0x00, 0xEF, 0x03, 0xAD, 0x05, 0x0E, 0x1F, 0xEB, 0x1D, 0xE7, 0x05, 0xFF, 0x07, 0x00, 0x00,
    0x00, 0x00, 0x00, 0x00, 0x00, 0x00, 0x00, 0x00, 0x00, 0x00, 0x00, 0x00, 0x00, 0x00, 0x00, 0x00,
    0x00, 0x00, 0x00, 0x00, 0x00, 0x00, 0x00, 0x00, 0x00, 0x00, 0x00, 0x00, 0x00, 0x00, 0x00, 0x00,
    0x00, 0x00, 0x00, 0x00, 0x00, 0x00, 0x00, 0x00, 0x00, 0x00, 0x00, 0x00, 0x00, 0x00, 0x00, 0x00,
    0x00, 0x00, 0x00, 0x00, 0x00, 0x00, 0x00, 0x00, 0x00, 0x00, 0x00, 0x00, 0x00, 0x00, 0x00, 0x00,
    0x00, 0x00, 0x00, 0x00, 0x00, 0x00, 0x00, 0x00, 0x00, 0x00, 0x00, 0x00, 0x00, 0x00, 0x00, 0x00,
    0x00, 0x00, 0x00, 0x00, 0x00, 0x00, 0x00, 0x00, 0x00, 0x00, 0x00, 0x00, 0x00, 0x00, 0x00, 0x00,
    0x00, 0x00, 0x00, 0x00, 0x00, 0x00, 0x00, 0x00, 0x00, 0x00, 0x00, 0x00, 0x00, 0x00, 0x00, 0x00,
    0x00, 0x00, 0x00, 0x00, 0x00, 0x00, 0x00, 0x00, 0x00, 0x00, 0x00, 0x00, 0x00, 0x00, 0xE0, 0x07,
    0xEF, 0x07, 0xEA, 0x07, 0xE7, 0x05, 0xEF, 0x05, 0x6C, 0x36, 0x6C, 0x36, 0x6C, 0x36, 0x6C, 0x36,
    0xAA, 0x2E, 0xAA, 0x2E, 0xAA, 0x2E, 0x6C, 0x36, 0x6C, 0x06, 0xEF, 0x3F, 0xEF, 0x3D, 0xEA, 0x07,
    0x4A, 0x05, 0xEF, 0x07, 0xEF, 0x07, 0xE0, 0x07, 0x00, 0x00, 0x00, 0x00, 0x00, 0x00, 0x00, 0x00,
    0x00, 0x00, 0x00, 0x00, 0x00, 0x00, 0x00, 0x00, 0x00, 0x00, 0x00, 0x00, 0x00, 0x00, 0x00, 0x00,
    0x00, 0x00, 0x00, 0x00, 0xE0, 0x07, 0xC9, 0x26, 0x6C, 0x27, 0xCB, 0x1E, 0xAC, 0x1E, 0xAB, 0x1E,
    0xEC, 0x1E, 0xCB, 0x26, 0xCC, 0x1E, 0x0C, 0x1F, 0xEC, 0x26, 0xCC, 0x1E, 0xAB, 0x1E, 0xAC, 0x1E,
    0xAB, 0x1E, 0xEC, 0x1E, 0x4D, 0x27, 0x6D, 0x27, 0x6D, 0x27, 0x2C, 0x27, 0xEC, 0x1E, 0xCC, 0x1E,
    0xAC, 0x1E, 0xAB, 0x1E, 0xAC, 0x1E, 0xAC, 0x1E, 0xAB, 0x1E, 0xAC, 0x1E, 0xAC, 0x1E, 0xCC, 0x1E,
    0xAC, 0x1E, 0xAC, 0x1E, 0xAC, 0x1E, 0xAC, 0x1E, 0xAC, 0x1E, 0xAC, 0x1E, 0xAC, 0x1E, 0xAC, 0x1E,
    0xAB, 0x1E, 0xAC, 0x1E, 0xCC, 0x1E, 0x0C, 0x27, 0x2C, 0x27, 0xEC, 0x1E, 0xAB, 0x1E, 0xAC, 0x1E,
    0xAC, 0x1E, 0x8B, 0x1E, 0x8B, 0x1E, 0x6C, 0x16, 0x4A, 0x05, 0xFF, 0x07, 0xE0, 0x07, 0xE0, 0x07,
    0x00, 0x00, 0x00, 0x00, 0xEF, 0x05, 0x8E, 0x2E, 0xCC, 0x1E, 0x8B, 0x1E, 0x8C, 0x1E, 0xAB, 0x1E,
    0xCC, 0x1E, 0xCC, 0x1E, 0xEC, 0x1E, 0x2C, 0x27, 0x2C, 0x27, 0xCC, 0x1E, 0xAC, 0x1E, 0xAB, 0x1E,
    0xAC, 0x1E, 0xAC, 0x1E, 0xAC, 0x1E, 0xAC, 0x1E, 0xAC, 0x1E, 0xAC, 0x1E, 0xAC, 0x1E, 0xAB, 0x1E,
    0xAC, 0x1E, 0xAB, 0x1E, 0xCC, 0x1E, 0xEC, 0x1E, 0xEC, 0x1E, 0xCC, 0x1E, 0xAC, 0x1E, 0xAB, 0x1E,
    0xAB, 0x1E, 0xAB, 0x1E, 0xAB, 0x1E, 0xAC, 0x1E, 0xAC, 0x26, 0xAA, 0x2E, 0x00, 0x00, 0x00, 0x00,
    0x00, 0x00, 0xFF, 0x07, 0x4A, 0x05, 0xEB, 0x05, 0xAA, 0x06, 0x4A, 0x05, 0xFF, 0x07, 0x00, 0x00,
    0x00, 0x00, 0x00, 0x00, 0x00, 0x00, 0x00, 0x00, 0x00, 0x00, 0x00, 0x00, 0x00, 0x00, 0x00, 0x00,
    0x00, 0x00, 0x00, 0x00, 0x00, 0x00, 0x00, 0x00, 0x00, 0x00, 0x00, 0x00, 0x00, 0x00, 0x00, 0x00,
    0x00, 0x00, 0x00, 0x00, 0x00, 0x00, 0x00, 0x00, 0x00, 0x00, 0x00, 0x00, 0x00, 0x00, 0x00, 0x00,
    0x00, 0x00, 0x00, 0x00, 0x00, 0x00, 0x00, 0x00, 0x00, 0x00, 0x00, 0x00, 0x00, 0x00, 0x00, 0x00,
    0x00, 0x00, 0x00, 0x00, 0x00, 0x00, 0x00, 0x00, 0x00, 0x00, 0x00, 0x00, 0x00, 0x00, 0x00, 0x00,
    0x00, 0x00, 0x00, 0x00, 0x00, 0x00, 0x00, 0x00, 0x00, 0x00, 0x00, 0x00, 0x00, 0x00, 0x00, 0x00,
    0x00, 0x00, 0x00, 0x00, 0x00, 0x00, 0x00, 0x00, 0x00, 0x00, 0x00, 0x00, 0x00, 0x00, 0x00, 0x00,
    0x00, 0x00, 0x00, 0x00, 0x00, 0x00, 0x00, 0x00, 0x00, 0x00, 0x00, 0x00, 0x00, 0x00, 0xE0, 0x07,
    0xEF, 0x07, 0xEF, 0x07, 0x4A, 0x05, 0x4A, 0x05, 0x4A, 0x05, 0xEA, 0x07, 0xEA, 0x07, 0xEA, 0x07,
    0xEA, 0x07, 0xEA, 0x07, 0xEA, 0x07, 0x4A, 0x05, 0xEF, 0x07, 0xEF, 0x07, 0xEF, 0x03, 0xFF, 0x07,
    0xE0, 0x07, 0xE0, 0x07, 0xE0, 0x07, 0x00, 0x00, 0x00, 0x00, 0x00, 0x00, 0x00, 0x00, 0x00, 0x00,
    0x00, 0x00, 0x00, 0x00, 0x00, 0x00, 0x00, 0x00, 0x00, 0x00, 0x00, 0x00, 0x00, 0x00, 0x00, 0x00,
    0x00, 0x00, 0x00, 0x00, 0x00, 0x00, 0xE0, 0x07, 0x6C, 0x06, 0x0A, 0x1F, 0x2C, 0x1F, 0xEB, 0x1E,
    0xEC, 0x26, 0x8B, 0x26, 0xCB, 0x1E, 0xEC, 0x26, 0xCC, 0x1E, 0xAC, 0x1E, 0xCC, 0x1E, 0xAB, 0x1E,
    0xAC, 0x1E, 0xAB, 0x1E, 0xEC, 0x1E, 0x2C, 0x27, 0x2C, 0x27, 0x0C, 0x1F, 0xCC, 0x1E, 0xAC, 0x1E,
    0xAC, 0x1E, 0xAB, 0x1E, 0xAB, 0x1E, 0xAB, 0x1E, 0xAB, 0x1E, 0xAC, 0x1E, 0xAC, 0x1E, 0xAC, 0x1E,
    0xAC, 0x1E, 0xAC, 0x1E, 0xAC, 0x1E, 0xAC, 0x1E, 0xAC, 0x1E, 0xAC, 0x1E, 0xAC, 0x1E, 0xAC, 0x1E,
    0xAB, 0x1E, 0xAC, 0x1E, 0xCC, 0x1E, 0x0C, 0x27, 0x2C, 0x27, 0xEC, 0x1E, 0xCC, 0x1E, 0xAB, 0x1E,
    0xAC, 0x1E, 0xAC, 0x1E, 0xAB, 0x1E, 0x6C, 0x16, 0xCB, 0x15, 0xF5, 0x07, 0x00, 0x00, 0x00, 0x00,
    0x00, 0x00, 0x00, 0x00, 0xAF, 0x06, 0xAC, 0x1E, 0xCB, 0x1E, 0x8B, 0x1E, 0xAB, 0x1E, 0xAC, 0x1E,
    0xCC, 0x1E, 0xAC, 0x1E, 0xEC, 0x1E, 0x2C, 0x27, 0x0C, 0x27, 0xCC, 0x1E, 0xAC, 0x1E, 0xAB, 0x1E,
    0xAC, 0x1E, 0xAC, 0x1E, 0xAC, 0x1E, 0xAC, 0x1E, 0xAC, 0x1E, 0xAC, 0x1E, 0xAC, 0x1E, 0xAB, 0x1E,
    0xAC, 0x1E, 0xAB, 0x1E, 0xCC, 0x1E, 0xCC, 0x1E, 0xCC, 0x1E, 0xCC, 0x1E, 0xAC, 0x1E, 0xAC, 0x1E,
    0xAC, 0x1E, 0xAB, 0x1E, 0xAB, 0x1E, 0xAB, 0x1E, 0xAC, 0x26, 0xAB, 0x26, 0xEB, 0x1E, 0xEF, 0x3D,
    0xE0, 0x07, 0x00, 0x00, 0x00, 0x00, 0x00, 0x00, 0x00, 0x00, 0x00, 0x00, 0x00, 0x00, 0xE0, 0x07,
    0xEF, 0x05, 0xEB, 0x1D, 0x8B, 0x16, 0xCB, 0x26, 0x8B, 0x1E, 0xAB, 0x1E, 0xCB, 0x1E, 0x6C, 0x1E,
    0xCC, 0x26, 0xCC, 0x26, 0xCC, 0x26, 0xCC, 0x26, 0x8B, 0x26, 0xEB, 0x26, 0xEB, 0x26, 0xEB, 0x26,
    0x8B, 0x26, 0x8C, 0x26, 0x8C, 0x26, 0x8C, 0x26, 0xEC, 0x26, 0xEC, 0x26, 0xEC, 0x26, 0xEC, 0x26,
    0xEC, 0x26, 0xEC, 0x26, 0xEC, 0x26, 0xEC, 0x26, 0xEC, 0x26, 0xEC, 0x26, 0xEC, 0x26, 0xEC, 0x26,
    0xEC, 0x26, 0xEC, 0x26, 0xEC, 0x26, 0xEC, 0x26, 0xEC, 0x26, 0xEC, 0x26, 0xEC, 0x26, 0xEC, 0x26,
    0xEC, 0x26, 0x8C, 0x26, 0x8C, 0x26, 0x8C, 0x26, 0x8C, 0x26, 0x8B, 0x26, 0xEB, 0x26, 0xEB, 0x26,
    0x8B, 0x26, 0x8B, 0x26, 0x8B, 0x26, 0xCC, 0x26, 0x6C, 0x1E, 0xCC, 0x1E, 0xCC, 0x1E, 0xCB, 0x1E,
    0xAB, 0x1E, 0x8D, 0x1E, 0x6C, 0x26, 0x8B, 0x16, 0xCD, 0x26, 0xEA, 0x07, 0xE0, 0x07, 0x00, 0x00,
    0x00, 0x00, 0x00, 0x00, 0x00, 0x00, 0x00, 0x00, 0x00, 0x00, 0x00, 0x00, 0x00, 0x00, 0x00, 0x00,
    0x00, 0x00, 0x00, 0x00, 0x00, 0x00, 0x00, 0x00, 0x00, 0x00, 0x00, 0x00, 0x00, 0x00, 0x00, 0x00,
    0x00, 0x00, 0x00, 0x00, 0x00, 0x00, 0x00, 0x00, 0x00, 0x00, 0x00, 0x00, 0xE0, 0x07, 0xFF, 0x07,
    0xEF, 0x03, 0xEF, 0x07, 0xEF, 0x07, 0xEF, 0x07, 0xEF, 0x07, 0xEF, 0x07, 0xEF, 0x07, 0xEF, 0x07,
    0xEF, 0x07, 0xFF, 0x07, 0x00, 0x00, 0xE0, 0x07, 0x00, 0x00, 0x00, 0x00, 0x00, 0x00, 0x00, 0x00,
    0x00, 0x00, 0x00, 0x00, 0x00, 0x00, 0xA9, 0x26, 0xAB, 0x1E, 0x8B, 0x1E, 0xCC, 0x1E, 0xAB, 0x1E,
    0xAC, 0x1E, 0xAB, 0x1E, 0xAB, 0x1E, 0xCC, 0x1E, 0xEC, 0x1E, 0xCC, 0x1E, 0xAB, 0x1E, 0xAC, 0x1E,
    0xAC, 0x1E, 0xCC, 0x1E, 0xCC, 0x1E, 0xCC, 0x1E, 0xCC, 0x1E, 0xCC, 0x1E, 0xAC, 0x1E, 0xAC, 0x1E,
    0xAC, 0x1E, 0xAC, 0x1E, 0xAC, 0x1E, 0xAC, 0x1E, 0xAC, 0x1E, 0xAC, 0x1E, 0xAC, 0x1E, 0xAC, 0x1E,
    0xAB, 0x1E, 0xAC, 0x1E, 0xCC, 0x1E, 0x0C, 0x27, 0x2C, 0x27, 0xEC, 0x1E, 0xAC, 0x1E, 0xAC, 0x1E,
    0xAC, 0x1E, 0xAB, 0x1E, 0x8B, 0x1E, 0x8B, 0x1E, 0x2A, 0x0E, 0xEC, 0x07, 0x00, 0x00, 0x00, 0x00,
    0x00, 0x00, 0x00, 0x00, 0x6C, 0x1E, 0xCC, 0x1E, 0xCC, 0x26, 0xAB, 0x1E, 0xAC, 0x1E, 0xAC, 0x1E,
    0xAC, 0x1E, 0xAC, 0x1E, 0xEC, 0x1E, 0x0C, 0x27, 0x0C, 0x27, 0xCC, 0x1E, 0xAC, 0x1E, 0xCB, 0x1E,
    0xAB, 0x1E, 0xAC, 0x1E, 0xAC, 0x1E, 0xAC, 0x1E, 0xAC, 0x1E, 0xAC, 0x1E, 0xAC, 0x1E, 0xAB, 0x1E,
    0xAB, 0x1E, 0xAB, 0x1E, 0xCC, 0x1E, 0xCC, 0x1E, 0xCC, 0x1E, 0xAC, 0x1E, 0xAC, 0x1E, 0xCC, 0x1E,
    0xCC, 0x1E, 0xAC, 0x1E, 0xAB, 0x1E, 0xCC, 0x1E, 0xAC, 0x26, 0xCC, 0x26, 0xAB, 0x1E, 0xAB, 0x2E,
    0xCD, 0x26, 0x00, 0x00, 0x00, 0x00, 0x00, 0x00, 0x00, 0x00, 0x00, 0x00, 0x00, 0x00, 0xCD, 0x26,
    0xAB, 0x1E, 0xAB, 0x16, 0xAB, 0x1E, 0xCC, 0x26, 0x8B, 0x1E, 0xCB, 0x1E, 0xCC, 0x1E, 0xAC, 0x1E,
    0xCB, 0x1E, 0xCB, 0x1E, 0xCB, 0x1E, 0xCC, 0x1E, 0xAB, 0x1E, 0xAC, 0x1E, 0xCC, 0x1E, 0xAB, 0x1E,
    0xCB, 0x1E, 0xAC, 0x1E, 0xAC, 0x1E, 0xAB, 0x1E, 0xAB, 0x1E, 0xAB, 0x1E, 0xAB, 0x1E, 0xAB, 0x1E,
    0xAB, 0x1E, 0xAB, 0x1E, 0xAB, 0x1E, 0xAB, 0x1E, 0xAB, 0x1E, 0xAB, 0x1E, 0xAB, 0x1E, 0xAB, 0x1E,
    0xAB, 0x1E, 0xAB, 0x1E, 0xAB, 0x1E, 0xAB, 0x1E, 0xAB, 0x1E, 0xAB, 0x1E, 0xAB, 0x1E, 0xAB, 0x1E,
    0xAB, 0x1E, 0xAB, 0x1E, 0xAB, 0x1E, 0xAC, 0x1E, 0xCC, 0x1E, 0xCB, 0x1E, 0xCC, 0x1E, 0xAC, 0x1E,
    0xAB, 0x1E, 0x8B, 0x1E, 0xAC, 0x1E, 0xAB, 0x1E, 0xCC, 0x1E, 0xAB, 0x1E, 0xAC, 0x1E, 0xCC, 0x1E,
    0xCB, 0x1E, 0xCC, 0x1E, 0xAC, 0x1E, 0xAC, 0x1E, 0xAB, 0x1E, 0xEB, 0x1E, 0xAA, 0x2E, 0x00, 0x00,
    0x00, 0x00, 0x00, 0x00, 0x00, 0x00, 0x00, 0x00, 0x00, 0x00, 0x00, 0x00, 0x00, 0x00, 0x00, 0x00,
    0x00, 0x00, 0x00, 0x00, 0x00, 0x00, 0x00, 0x00, 0x00, 0x00, 0x00, 0x00, 0x00, 0x00, 0x00, 0x00,
    0x00, 0x00, 0x00, 0x00, 0x00, 0x00, 0x00, 0x00, 0x00, 0x00, 0xE0, 0x07, 0xEF, 0x07, 0xEA, 0x07,
    0xE7, 0x05, 0x6C, 0x06, 0x6C, 0x06, 0x6C, 0x06, 0x6C, 0x36, 0xEF, 0x07, 0xE7, 0x05, 0xEA, 0x07,
    0xEF, 0x07, 0xFF, 0x07, 0x00, 0x00, 0x00, 0x00, 0x00, 0x00, 0x00, 0x00, 0x00, 0x00, 0x00, 0x00,
    0x00, 0x00, 0x00, 0x00, 0x00, 0x00, 0x00, 0x00, 0x2A, 0x1E, 0xAB, 0x1E, 0xAB, 0x1E, 0xAC, 0x1E,
    0xAC, 0x1E, 0xAB, 0x1E, 0xAB, 0x1E, 0xCC, 0x1E, 0xCC, 0x1E, 0xAC, 0x1E, 0xAB, 0x1E, 0xAB, 0x1E,
    0xAC, 0x1E, 0xCC, 0x1E, 0xEC, 0x1E, 0xEC, 0x1E, 0xEC, 0x1E, 0xCC, 0x1E, 0xAC, 0x1E, 0xAB, 0x1E,
    0xAB, 0x1E, 0xAC, 0x1E, 0xAC, 0x1E, 0xAC, 0x1E, 0xAC, 0x1E, 0xAC, 0x1E, 0xAC, 0x1E, 0xAC, 0x1E,
    0xCB, 0x1E, 0xAC, 0x1E, 0xCC, 0x1E, 0x0C, 0x27, 0x0C, 0x27, 0xEC, 0x1E, 0xAC, 0x1E, 0xAB, 0x1E,
    0xAB, 0x1E, 0xAB, 0x1E, 0xAB, 0x1E, 0x6B, 0x1E, 0x6B, 0x1E, 0x0A, 0x1F, 0x00, 0x00, 0x00, 0x00,
    0x00, 0x00, 0x00, 0x00, 0x4C, 0x17, 0xAC, 0x26, 0xCB, 0x1E, 0xAB, 0x1E, 0xAB, 0x1E, 0xAC, 0x1E,
    0xAC, 0x1E, 0xAC, 0x1E, 0xEC, 0x1E, 0x0C, 0x1F, 0xEC, 0x26, 0xCC, 0x1E, 0xAB, 0x1E, 0xAC, 0x1E,
    0xAB, 0x1E, 0xAC, 0x1E, 0xAC, 0x1E, 0xAC, 0x1E, 0xAC, 0x1E, 0xAC, 0x1E, 0xAC, 0x1E, 0xAC, 0x1E,
    0xAC, 0x1E, 0xAC, 0x1E, 0xCC, 0x1E, 0xAC, 0x1E, 0xCC, 0x1E, 0xAC, 0x1E, 0xCC, 0x1E, 0xCC, 0x1E,
    0xCC, 0x1E, 0xAC, 0x1E, 0xAB, 0x1E, 0xAB, 0x1E, 0xAC, 0x1E, 0xCC, 0x1E, 0xAC, 0x1E, 0xAB, 0x26,
    0xED, 0x26, 0xAA, 0x2E, 0x00, 0x00, 0x00, 0x00, 0x00, 0x00, 0x00, 0x00, 0xEC, 0x37, 0x8C, 0x26,
    0x8B, 0x1E, 0xAC, 0x1E, 0xAB, 0x1E, 0xAB, 0x1E, 0xAB, 0x1E, 0xCC, 0x1E, 0xCC, 0x1E, 0xAC, 0x1E,
    0xAC, 0x1E, 0xAC, 0x1E, 0xAC, 0x1E, 0xAC, 0x1E, 0xCC, 0x1E, 0xAB, 0x1E, 0xCB, 0x1E, 0xAB, 0x1E,
    0xAB, 0x1E, 0xAC, 0x1E, 0xAB, 0x1E, 0xAB, 0x1E, 0xAC, 0x1E, 0xAC, 0x1E, 0xAC, 0x1E, 0xAC, 0x1E,
    0xAB, 0x1E, 0xAB, 0x1E, 0xAB, 0x1E, 0xAB, 0x1E, 0xAB, 0x1E, 0xAB, 0x1E, 0xAB, 0x1E, 0xAB, 0x1E,
    0xAB, 0x1E, 0xAB, 0x1E, 0xAB, 0x1E, 0xAB, 0x1E, 0xAC, 0x1E, 0xAC, 0x1E, 0xAC, 0x1E, 0xAC, 0x1E,
    0xAC, 0x1E, 0xAC, 0x1E, 0xAC, 0x1E, 0xAC, 0x1E, 0xAC, 0x1E, 0xAB, 0x1E, 0xAC, 0x1E, 0xAB, 0x1E,
    0xAC, 0x1E, 0xAB, 0x1E, 0xAC, 0x1E, 0xCC, 0x1E, 0xAC, 0x1E, 0xCC, 0x1E, 0xCC, 0x1E, 0xCC, 0x1E,
    0xAC, 0x1E, 0xCC, 0x1E, 0xAC, 0x1E, 0xAB, 0x1E, 0xAB, 0x1E, 0xAC, 0x1E, 0xCC, 0x26, 0xEB, 0x1E,
    0x00, 0x00, 0x00, 0x00, 0x00, 0x00, 0x00, 0x00, 0x00, 0x00, 0x00, 0x00, 0x00, 0x00, 0x00, 0x00,
    0x00, 0x00, 0x00, 0x00, 0x00, 0x00, 0x00, 0x00, 0x00, 0x00, 0x00, 0x00, 0x00, 0x00, 0x00, 0x00,
    0x00, 0x00, 0x00, 0x00, 0x00, 0x00, 0x00, 0x00, 0xE0, 0x07, 0xEF, 0x07, 0x4A, 0x05, 0xEF, 0x05,
    0x6C, 0x06, 0x6C, 0x06, 0x6C, 0x06, 0x6C, 0x06, 0xEF, 0x07, 0xEA, 0x07, 0x4A, 0x05, 0xEF, 0x07,
    0xE0, 0x07, 0x00, 0x00, 0x00, 0x00, 0x00, 0x00, 0x00, 0x00, 0x00, 0x00, 0x00, 0x00, 0x00, 0x00,
    0x00, 0x00, 0x00, 0x00, 0x00, 0x00, 0x00, 0x00, 0x00, 0x00, 0xAD, 0x16, 0xAC, 0x1E, 0xAC, 0x1E,
    0xAB, 0x1E, 0xAB, 0x1E, 0xAB, 0x1E, 0xCC, 0x1E, 0xCC, 0x1E, 0xCC, 0x1E, 0xAB, 0x1E, 0xAC, 0x1E,
    0xAC, 0x1E, 0xAC, 0x1E, 0xEC, 0x1E, 0x0C, 0x1F, 0xEC, 0x1E, 0xCC, 0x1E, 0xAC, 0x1E, 0xAB, 0x1E,
    0xAB, 0x1E, 0xAC, 0x1E, 0xAC, 0x1E, 0xAC, 0x1E, 0xAC, 0x1E, 0xAC, 0x1E, 0xAC, 0x1E, 0xAB, 0x1E,
    0xAC, 0x1E, 0xAB, 0x1E, 0xCC, 0x1E, 0xEC, 0x26, 0x0C, 0x1F, 0xEC, 0x1E, 0xAC, 0x1E, 0xCB, 0x1E,
    0xAB, 0x1E, 0xCB, 0x1E, 0xAB, 0x1E, 0x8B, 0x1E, 0xAB, 0x1E, 0xA9, 0x16, 0x00, 0x00, 0x00, 0x00,
    0x00, 0x00, 0x00, 0x00, 0x0B, 0x1F, 0xCC, 0x26, 0xCC, 0x1E, 0xAC, 0x1E, 0xAB, 0x1E, 0xCC, 0x1E,
    0xAC, 0x1E, 0xAC, 0x1E, 0xCC, 0x1E, 0xEC, 0x1E, 0xEC, 0x1E, 0xCC, 0x1E, 0xAB, 0x1E, 0xAC, 0x1E,
    0xAB, 0x1E, 0xAC, 0x1E, 0xAC, 0x1E, 0xAC, 0x1E, 0xAC, 0x1E, 0xAC, 0x1E, 0xAC, 0x1E, 0xAC, 0x1E,
    0xAC, 0x1E, 0xAC, 0x1E, 0xAC, 0x1E, 0xAC, 0x1E, 0xAC, 0x1E, 0xAB, 0x1E, 0xCC, 0x1E, 0xCC, 0x1E,
    0xCC, 0x1E, 0xAC, 0x1E, 0xAB, 0x1E, 0xAC, 0x1E, 0xAC, 0x1E, 0xCC, 0x1E, 0xAC, 0x1E, 0xAC, 0x26,
    0xAC, 0x1E, 0x8A, 0x26, 0xCB, 0x26, 0xEF, 0x3D, 0xEA, 0x57, 0xAD, 0x2E, 0xCB, 0x26, 0xAB, 0x1E,
    0x8C, 0x1E, 0xAC, 0x1E, 0xCB, 0x1E, 0xAB, 0x1E, 0xCC, 0x1E, 0xAC, 0x1E, 0xCC, 0x1E, 0xAB, 0x1E,
    0xAC, 0x1E, 0xAC, 0x1E, 0xAC, 0x1E, 0xAC, 0x1E, 0xCC, 0x1E, 0xAC, 0x1E, 0xAB, 0x1E, 0xAB, 0x1E,
    0xAB, 0x1E, 0xAB, 0x1E, 0xAB, 0x1E, 0xAB, 0x1E, 0xAB, 0x1E, 0xAB, 0x1E, 0xAB, 0x1E, 0xAB, 0x1E,
    0xAB, 0x1E, 0xAB, 0x1E, 0xAB, 0x1E, 0xAB, 0x1E, 0xAB, 0x1E, 0xAB, 0x1E, 0xAB, 0x1E, 0xAB, 0x1E,
    0xAB, 0x1E, 0xAB, 0x1E, 0xAB, 0x1E, 0xAB, 0x1E, 0xAB, 0x1E, 0xAB, 0x1E, 0xAB, 0x1E, 0xAB, 0x1E,
    0xAB, 0x1E, 0xAB, 0x1E, 0xAB, 0x1E, 0xAC, 0x1E, 0xAB, 0x1E, 0xAB, 0x1E, 0xAC, 0x1E, 0xAB, 0x1E,
    0xAB, 0x1E, 0xAB, 0x1E, 0xCB, 0x1E, 0xAB, 0x1E, 0xAB, 0x1E, 0xCB, 0x1E, 0xCC, 0x1E, 0xCC, 0x1E,
    0xAC, 0x1E, 0xAC, 0x1E, 0xAC, 0x1E, 0xCC, 0x1E, 0xAC, 0x1E, 0xAC, 0x1E, 0xCB, 0x1E, 0xAB, 0x1E,
    0x8B, 0x26, 0x8B, 0x1E, 0x6C, 0x26, 0xAA, 0x2E, 0x69, 0x1E, 0x2A, 0x1E, 0x2A, 0x1E, 0x2A, 0x1E,
    0xCD, 0x26, 0xAA, 0x06, 0xE7, 0x05, 0xE0, 0x07, 0x00, 0x00, 0x00, 0x00, 0x00, 0x00, 0x00, 0x00,
    0x00, 0x00, 0x00, 0x00, 0x00, 0x00, 0x00, 0x00, 0xE0, 0x07, 0xFF, 0x07, 0xEF, 0x07, 0xEF, 0x07,
    0x4A, 0x05, 0x4A, 0x05, 0x4A, 0x05, 0xEF, 0x07, 0xEF, 0x07, 0xFF, 0x07, 0xE0, 0x07, 0x00, 0x00,
    0x00, 0x00, 0x00, 0x00, 0x00, 0x00, 0x00, 0x00, 0x00, 0x00, 0x00, 0x00, 0x00, 0x00, 0x00, 0x00,
    0x00, 0x00, 0x00, 0x00, 0x00, 0x00, 0x00, 0x00, 0xE0, 0x07, 0xEF, 0x05, 0xAA, 0x2E, 0x8B, 0x16,
    0x6B, 0x1E, 0xAA, 0x16, 0xAB, 0x26, 0x8C, 0x26, 0x8B, 0x1E, 0xAC, 0x1E, 0xAB, 0x1E, 0xAB, 0x1E,
    0xAB, 0x1E, 0xAB, 0x1E, 0xAB, 0x1E, 0xCC, 0x1E, 0xCC, 0x1E, 0xCC, 0x1E, 0xAC, 0x1E, 0xAC, 0x1E,
    0xAC, 0x1E, 0xAC, 0x1E, 0xAC, 0x1E, 0xAC, 0x1E, 0xAC, 0x1E, 0xAC, 0x1E, 0xAC, 0x1E, 0xAB, 0x1E,
    0xAC, 0x1E, 0xAB, 0x1E, 0xCC, 0x1E, 0xEC, 0x1E, 0xEC, 0x1E, 0xCC, 0x1E, 0xAC, 0x1E, 0xAC, 0x1E,
    0xAB, 0x1E, 0xCB, 0x1E, 0xAB, 0x1E, 0xAB, 0x1E, 0xAC, 0x1E, 0xE9, 0x1E, 0x00, 0x00, 0x00, 0x00,
    0x00, 0x00, 0x00, 0x00, 0x2D, 0x1F, 0xCC, 0x1E, 0xCB, 0x1E, 0xAC, 0x1E, 0xAB, 0x1E, 0xAB, 0x1E,
    0xAB, 0x1E, 0xAC, 0x1E, 0xCC, 0x1E, 0xCC, 0x1E, 0xCC, 0x1E, 0xCC, 0x1E, 0xAB, 0x1E, 0xAC, 0x1E,
    0xAB, 0x1E, 0xAC, 0x1E, 0xAC, 0x1E, 0xAC, 0x1E, 0xAC, 0x1E, 0xAC, 0x1E, 0xAC, 0x1E, 0xAC, 0x1E,
    0xAC, 0x1E, 0xAC, 0x1E, 0xAC, 0x1E, 0xAC, 0x1E, 0xAC, 0x1E, 0xAB, 0x1E, 0xCC, 0x1E, 0xEC, 0x1E,
    0xEC, 0x1E, 0xCC, 0x1E, 0xAB, 0x1E, 0xAC, 0x1E, 0xAC, 0x1E, 0xAC, 0x1E, 0xAC, 0x1E, 0xAC, 0x1E,
    0xAC, 0x1E, 0xAB, 0x26, 0xCB, 0x26, 0xAB, 0x26, 0xAB, 0x26, 0xAC, 0x26, 0xCB, 0x26, 0xAB, 0x1E,
    0xAB, 0x1E, 0xAC, 0x1E, 0xAB, 0x1E, 0xAB, 0x1E, 0xAC, 0x1E, 0xAC, 0x1E, 0xCC, 0x1E, 0xAB, 0x1E,
    0xAC, 0x1E, 0xAC, 0x1E, 0xAC, 0x1E, 0xAC, 0x1E, 0xCC, 0x1E, 0xCC, 0x1E, 0xEC, 0x1E, 0xEC, 0x1E,
    0x0C, 0x27, 0x0C, 0x27, 0x0C, 0x27, 0x0C, 0x27, 0x0C, 0x27, 0x0C, 0x27, 0x0C, 0x27, 0x0C, 0x27,
    0x2C, 0x27, 0x2C, 0x27, 0x2C, 0x27, 0x2C, 0x27, 0x2C, 0x27, 0x2C, 0x27, 0x2C, 0x27, 0x2C, 0x27,
    0x2C, 0x27, 0x2C, 0x27, 0x2C, 0x27, 0x2C, 0x27, 0x0C, 0x27, 0x0C, 0x27, 0x0C, 0x27, 0x0C, 0x27,
    0x0C, 0x27, 0x0C, 0x27, 0x0C, 0x27, 0x0C, 0x27, 0x0C, 0x1F, 0xEC, 0x1E, 0xEC, 0x1E, 0xEC, 0x1E,
    0xCC, 0x1E, 0xCC, 0x1E, 0xCC, 0x1E, 0xAB, 0x1E, 0xAB, 0x1E, 0xAB, 0x1E, 0xCC, 0x1E, 0xCC, 0x1E,
    0xAC, 0x1E, 0xAC, 0x1E, 0xAC, 0x1E, 0xAC, 0x1E, 0xAC, 0x1E, 0xAC, 0x1E, 0xAB, 0x1E, 0xCB, 0x1E,
    0xCB, 0x26, 0xCB, 0x1E, 0xCB, 0x26, 0xAB, 0x26, 0xAB, 0x1E, 0x8B, 0x26, 0x8B, 0x26, 0x8B, 0x26,
    0xAC, 0x26, 0x8C, 0x1E, 0xCB, 0x1E, 0xAB, 0x1E, 0xE9, 0x1E, 0xEB, 0x1D, 0x4A, 0x05, 0xE0, 0x07,
    0xE0, 0x07, 0xE0, 0x07, 0x00, 0x00, 0x00, 0x00, 0x00, 0x00, 0x00, 0x00, 0x00, 0x00, 0x00, 0x00,
    0x00, 0x00, 0x00, 0x00, 0x00, 0x00, 0x00, 0x00, 0x00, 0x00, 0x00, 0x00, 0x00, 0x00, 0x00, 0x00,
    0x00, 0x00, 0xE0, 0x07, 0xE0, 0x07, 0xEF, 0x03, 0xEF, 0x07, 0xEF, 0x07, 0x4A, 0x05, 0xE7, 0x05,
    0xE7, 0x05, 0xEF, 0x05, 0xE7, 0x05, 0xE7, 0x05, 0xEA, 0x07, 0x00, 0x00, 0x00, 0x00, 0x00, 0x00,
    0x00, 0x00, 0x00, 0x00, 0x00, 0x00, 0x4B, 0x2E, 0x4B, 0x1E, 0xAC, 0x26, 0x8B, 0x1E, 0xAB, 0x1E,
    0xAB, 0x1E, 0xAB, 0x1E, 0xAB, 0x1E, 0xAC, 0x1E, 0xCC, 0x1E, 0xCB, 0x1E, 0xCC, 0x1E, 0xCC, 0x1E,
    0xCC, 0x1E, 0xAC, 0x1E, 0xAC, 0x1E, 0xAC, 0x1E, 0xAC, 0x1E, 0xAC, 0x1E, 0xAC, 0x1E, 0xAB, 0x1E,
    0xAC, 0x1E, 0xAB, 0x1E, 0xCC, 0x1E, 0xCC, 0x1E, 0xCC, 0x1E, 0xCC, 0x1E, 0xAC, 0x1E, 0xCC, 0x1E,
    0xAB, 0x1E, 0xAB, 0x1E, 0xAC, 0x1E, 0xAB, 0x1E, 0xAB, 0x1E, 0xAB, 0x1E, 0x00, 0x00, 0x00, 0x00,
    0x00, 0x00, 0x00, 0x00, 0xEB, 0x26, 0xCB, 0x1E, 0xAB, 0x1E, 0xAB, 0x1E, 0xAB, 0x1E, 0xAB, 0x1E,
    0xAB, 0x1E, 0xAC, 0x1E, 0xAC, 0x1E, 0xCC, 0x1E, 0xCC, 0x1E, 0xCC, 0x1E, 0xAB, 0x1E, 0xAB, 0x1E,
    0xAB, 0x1E, 0xAC, 0x1E, 0xAC, 0x1E, 0xAC, 0x1E, 0xAC, 0x1E, 0xAC, 0x1E, 0xAC, 0x1E, 0xAC, 0x1E,
    0xAC, 0x1E, 0xAC, 0x1E, 0xAC, 0x1E, 0xAC, 0x1E, 0xAB, 0x1E, 0xAB, 0x1E, 0xCC, 0x1E, 0xEC, 0x1E,
    0xEC, 0x1E, 0xEC, 0x1E, 0xCC, 0x1E, 0xAB, 0x1E, 0xAC, 0x1E, 0xAC, 0x1E, 0xAB, 0x1E, 0xAC, 0x1E,
    0xAC, 0x1E, 0xAB, 0x1E, 0xAB, 0x1E, 0xAB, 0x1E, 0xAB, 0x1E, 0xAC, 0x26, 0xAC, 0x1E, 0xAC, 0x1E,
    0xAB, 0x1E, 0xAC, 0x1E, 0xAB, 0x1E, 0xAB, 0x1E, 0xAB, 0x1E, 0xAC, 0x1E, 0xEC, 0x1E, 0x0C, 0x1F,
    0x0C, 0x27, 0x0C, 0x27, 0x0C, 0x27, 0x2C, 0x27, 0x2C, 0x27, 0x4D, 0x27, 0x4D, 0x27, 0x4D, 0x27,
    0x4D, 0x27, 0x6D, 0x27, 0x6D, 0x27, 0x6D, 0x27, 0x6D, 0x27, 0x6D, 0x27, 0x6D, 0x27, 0x6D, 0x27,
    0x6D, 0x27, 0x6D, 0x27, 0x6D, 0x27, 0x6D, 0x27, 0x6D, 0x27, 0x6D, 0x27, 0x6D, 0x27, 0x6D, 0x27,
    0x6D, 0x27, 0x6D, 0x27, 0x6D, 0x27, 0x6D, 0x27, 0x6D, 0x27, 0x6D, 0x27, 0x6D, 0x27, 0x6D, 0x27,
    0x6D, 0x27, 0x6D, 0x27, 0x6D, 0x27, 0x6D, 0x27, 0x4D, 0x27, 0x4D, 0x27, 0x4D, 0x27, 0x4D, 0x27,
    0x2C, 0x27, 0x2C, 0x27, 0x2C, 0x27, 0x2C, 0x27, 0x0C, 0x1F, 0x0C, 0x1F, 0xEC, 0x1E, 0xEC, 0x1E,
    0xCC, 0x1E, 0xAC, 0x1E, 0xAC, 0x1E, 0xAC, 0x1E, 0xAB, 0x1E, 0xCC, 0x1E, 0xAC, 0x1E, 0xAB, 0x1E,
    0xAB, 0x1E, 0xCB, 0x1E, 0xAB, 0x1E, 0xAB, 0x26, 0xAB, 0x1E, 0xAB, 0x1E, 0xAB, 0x1E, 0xAB, 0x1E,
    0xAB, 0x1E, 0xAC, 0x1E, 0x8B, 0x1E, 0xAB, 0x1E, 0xAB, 0x1E, 0xAC, 0x1E, 0xAC, 0x26, 0xEB, 0x1E,
    0xAF, 0x2E, 0xAA, 0x2E, 0xAA, 0x2E, 0xF5, 0x57, 0x00, 0x00, 0x00, 0x00, 0x00, 0x00, 0x00, 0x00,
    0x00, 0x00, 0x00, 0x00, 0x00, 0x00, 0x00, 0x00, 0x00, 0x00, 0x00, 0x00, 0x00, 0x00, 0x00, 0x00,
    0xE0, 0x07, 0x4A, 0x05, 0xE7, 0x05, 0xEF, 0x3F, 0x6C, 0x36, 0x6C, 0x36, 0xAA, 0x2E, 0xAA, 0x2E,
    0xAA, 0x2E, 0xAA, 0x2E, 0xEC, 0x37, 0xE7, 0x07, 0xEF, 0x07, 0x00, 0x00, 0x00, 0x00, 0x00, 0x00,
    0x00, 0x00, 0x00, 0x00, 0x00, 0x00, 0x00, 0x00, 0xEB, 0x1D, 0x8C, 0x26, 0xAB, 0x1E, 0xAB, 0x1E,
    0xAB, 0x1E, 0xAB, 0x1E, 0xAB, 0x1E, 0xAB, 0x1E, 0xAC, 0x1E, 0xAB, 0x1E, 0xCC, 0x1E, 0xEC, 0x1E,
    0xCC, 0x1E, 0xCC, 0x1E, 0xAC, 0x1E, 0xAB, 0x1E, 0xAC, 0x1E, 0xAC, 0x1E, 0xAC, 0x1E, 0xAB, 0x1E,
    0xAB, 0x1E, 0xAB, 0x1E, 0xCC, 0x1E, 0xCC, 0x1E, 0xCC, 0x1E, 0xAC, 0x1E, 0xAC, 0x1E, 0xCC, 0x1E,
    0xAB, 0x1E, 0xAB, 0x1E, 0xAC, 0x1E, 0xAB, 0x1E, 0x8B, 0x1E, 0x8B, 0x16, 0x00, 0x00, 0x00, 0x00,
    0x00, 0x00, 0x00, 0x00, 0xEB, 0x1E, 0xAB, 0x1E, 0xAB, 0x1E, 0xAB, 0x1E, 0xAB, 0x1E, 0xAC, 0x1E,
    0xCC, 0x1E, 0xAC, 0x1E, 0xAC, 0x1E, 0xAC, 0x1E, 0xCC, 0x1E, 0xCC, 0x1E, 0xAC, 0x1E, 0xAB, 0x1E,
    0xAC, 0x1E, 0xAC, 0x1E, 0xAC, 0x1E, 0xAC, 0x1E, 0xAC, 0x1E, 0xAC, 0x1E, 0xAC, 0x1E, 0xAC, 0x1E,
    0xAC, 0x1E, 0xAC, 0x1E, 0xAC, 0x1E, 0xAC, 0x1E, 0xAB, 0x1E, 0xAB, 0x1E, 0xCC, 0x1E, 0xCC, 0x1E,
    0xEC, 0x1E, 0xCC, 0x1E, 0xCC, 0x1E, 0xAB, 0x1E, 0xAC, 0x1E, 0xAC, 0x1E, 0xAC, 0x1E, 0xAB, 0x1E,
    0xAC, 0x1E, 0xAB, 0x1E, 0xAB, 0x1E, 0xAC, 0x1E, 0xAB, 0x1E, 0xAB, 0x1E, 0xAB, 0x1E, 0xAC, 0x1E,
    0xAB, 0x1E, 0xAB, 0x1E, 0xAC, 0x1E, 0xAC, 0x1E, 0xAB, 0x1E, 0xEC, 0x1E, 0xEC, 0x1E, 0x0C, 0x1F,
    0x0C, 0x27, 0x0C, 0x27, 0x0C, 0x27, 0x0C, 0x27, 0x2C, 0x27, 0x2C, 0x27, 0x2C, 0x27, 0x2C, 0x27,
    0x2C, 0x27, 0x2C, 0x27, 0x2C, 0x27, 0x2C, 0x27, 0x2C, 0x27, 0x2C, 0x27, 0x2C, 0x27, 0x2C, 0x27,
    0x2C, 0x27, 0x2C, 0x27, 0x2C, 0x27, 0x2C, 0x27, 0x2C, 0x27, 0x2C, 0x27, 0x2C, 0x27, 0x2C, 0x27,
    0x2C, 0x27, 0x2C, 0x27, 0x2C, 0x27, 0x2C, 0x27, 0x2C, 0x27, 0x2C, 0x27, 0x2C, 0x27, 0x2C, 0x27,
    0x2C, 0x27, 0x2C, 0x27, 0x2C, 0x27, 0x2C, 0x27, 0x2C, 0x27, 0x2C, 0x27, 0x2C, 0x27, 0x2C, 0x27,
    0x2C, 0x27, 0x0C, 0x27, 0x2C, 0x27, 0x0C, 0x27, 0x0C, 0x1F, 0x0C, 0x1F, 0x0C, 0x1F, 0x0C, 0x1F,
    0xEC, 0x1E, 0xAC, 0x1E, 0xAC, 0x1E, 0xAC, 0x1E, 0xAB, 0x1E, 0xAB, 0x1E, 0xAB, 0x1E, 0xAC, 0x1E,
    0xAB, 0x1E, 0xCB, 0x1E, 0xCB, 0x1E, 0xAB, 0x1E, 0xAB, 0x1E, 0xAB, 0x1E, 0xAB, 0x1E, 0xAB, 0x1E,
    0xAC, 0x1E, 0xAC, 0x1E, 0xAB, 0x1E, 0xAB, 0x1E, 0xAC, 0x1E, 0xAC, 0x1E, 0x8C, 0x1E, 0xAB, 0x1E,
    0xCD, 0x26, 0x6C, 0x26, 0xCC, 0x26, 0x6B, 0x1E, 0x6C, 0x36, 0xEF, 0x05, 0x00, 0x00, 0x00, 0x00,
    0x00, 0x00, 0x00, 0x00, 0x00, 0x00, 0x00, 0x00, 0x00, 0x00, 0x00, 0x00, 0x00, 0x00, 0x00, 0x00,
    0x4A, 0x05, 0xEF, 0x07, 0x6C, 0x36, 0xAA, 0x2E, 0xAA, 0x2E, 0x6C, 0x36, 0x6C, 0x36, 0x6C, 0x36,
    0xEF, 0x05, 0xEA, 0x07, 0xEF, 0x07, 0xE0, 0x07, 0x00, 0x00, 0x00, 0x00, 0x00, 0x00, 0x00, 0x00,
    0x00, 0x00, 0x00, 0x00, 0x00, 0x00, 0x00, 0x00, 0xC6, 0x34, 0xCB, 0x1E, 0x8B, 0x1E, 0xAC, 0x1E,
    0xAB, 0x1E, 0xAB, 0x26, 0xAB, 0x1E, 0xAC, 0x1E, 0xCC, 0x1E, 0xCB, 0x1E, 0xCC, 0x1E, 0x0C, 0x1F,
    0xEC, 0x1E, 0xCC, 0x1E, 0xAB, 0x1E, 0xAC, 0x1E, 0xAB, 0x1E, 0xAC, 0x1E, 0xAC, 0x1E, 0xAC, 0x1E,
    0xAB, 0x1E, 0xAC, 0x1E, 0xCC, 0x1E, 0xCC, 0x1E, 0xAC, 0x1E, 0xAC, 0x1E, 0xAC, 0x1E, 0xCC, 0x1E,
    0xAB, 0x1E, 0xAB, 0x1E, 0xAB, 0x1E, 0xAC, 0x1E, 0xAB, 0x1E, 0xAB, 0x1E, 0x00, 0x00, 0x00, 0x00,
    0x00, 0x00, 0x00, 0x00, 0x0C, 0x1F, 0xAB, 0x1E, 0xAB, 0x1E, 0xAB, 0x1E, 0xAB, 0x1E, 0xAC, 0x1E,
    0xCC, 0x1E, 0xCC, 0x1E, 0xAC, 0x1E, 0xAC, 0x1E, 0xCC, 0x1E, 0xCC, 0x1E, 0xAC, 0x1E, 0xAB, 0x1E,
    0xAC, 0x1E, 0xAC, 0x1E, 0xAC, 0x1E, 0xAC, 0x1E, 0xAC, 0x1E, 0xAC, 0x1E, 0xAC, 0x1E, 0xAC, 0x1E,
    0xAC, 0x1E, 0xAC, 0x1E, 0xAC, 0x1E, 0xAC, 0x1E, 0xAC, 0x1E, 0xAC, 0x1E, 0xAC, 0x1E, 0xCC, 0x1E,
    0xCC, 0x1E, 0xCC, 0x1E, 0xCC, 0x1E, 0xAC, 0x1E, 0xAB, 0x1E, 0xAB, 0x1E, 0xAC, 0x1E, 0xAC, 0x1E,
    0xAC, 0x1E, 0xAC, 0x1E, 0xAB, 0x1E, 0xAC, 0x1E, 0xAB, 0x1E, 0xAC, 0x1E, 0xAB, 0x1E, 0xAB, 0x1E,
    0xAC, 0x1E, 0xAC, 0x1E, 0xAB, 0x1E, 0xAB, 0x1E, 0xCC, 0x1E, 0xCC, 0x1E, 0xCC, 0x1E, 0xCC, 0x1E,
    0xCC, 0x1E, 0xCC, 0x1E, 0xCC, 0x1E, 0xCC, 0x1E, 0xCC, 0x1E, 0xCC, 0x1E, 0xCC, 0x1E, 0xCC, 0x1E,
    0xCC, 0x1E, 0xCC, 0x1E, 0xCC, 0x1E, 0xCC, 0x1E, 0xCC, 0x1E, 0xCC, 0x1E, 0xCC, 0x1E, 0xCC, 0x1E,
    0xCC, 0x1E, 0xCC, 0x1E, 0xCC, 0x1E, 0xCC, 0x1E, 0xCC, 0x1E, 0xCC, 0x1E, 0xCC, 0x1E, 0xCC, 0x1E,
    0xCC, 0x1E, 0xCC, 0x1E, 0xCC, 0x1E, 0xCC, 0x1E, 0xCC, 0x1E, 0xCC, 0x1E, 0xCC, 0x1E, 0xCC, 0x1E,
    0xCC, 0x1E, 0xCC, 0x1E, 0xCC, 0x1E, 0xCC, 0x1E, 0xCC, 0x1E, 0xCC, 0x1E, 0xCC, 0x1E, 0xCC, 0x1E,
    0xCC, 0x1E, 0xCC, 0x1E, 0xCC, 0x1E, 0xCC, 0x1E, 0xCC, 0x1E, 0xCC, 0x1E, 0xCC, 0x1E, 0xCC, 0x1E,
    0xCC, 0x1E, 0xCC, 0x1E, 0xAC, 0x1E, 0xAB, 0x1E, 0xAC, 0x1E, 0xAB, 0x1E, 0xAB, 0x1E, 0xAB, 0x1E,
    0xAB, 0x1E, 0xAB, 0x1E, 0xCC, 0x1E, 0xAB, 0x1E, 0xAB, 0x1E, 0xAB, 0x1E, 0xAB, 0x1E, 0xAB, 0x1E,
    0xAB, 0x1E, 0xAB, 0x1E, 0xAB, 0x1E, 0xAB, 0x1E, 0xCC, 0x1E, 0xCC, 0x1E, 0xAC, 0x1E, 0x8C, 0x26,
    0xCC, 0x1E, 0xCC, 0x26, 0xCB, 0x26, 0xCC, 0x1E, 0xEC, 0x26, 0x8C, 0x16, 0xEB, 0x1E, 0x2A, 0x3E,
    0xEA, 0x57, 0x00, 0x00, 0x00, 0x00, 0x00, 0x00, 0x00, 0x00, 0x00, 0x00, 0x00, 0x00, 0xE0, 0x07,
    0xEF, 0x07, 0x4A, 0x05, 0xEA, 0x07, 0xEA, 0x07, 0xEA, 0x07, 0x4A, 0x05, 0xEF, 0x07, 0xEF, 0x03,
    0xE0, 0x07, 0x00, 0x00, 0x00, 0x00, 0x00, 0x00, 0x00, 0x00, 0x00, 0x00, 0x00, 0x00, 0x00, 0x00,
    0x00, 0x00, 0x00, 0x00, 0x00, 0x00, 0x00, 0x00, 0x00, 0x00, 0x6C, 0x36, 0x2A, 0x1E, 0xAC, 0x26,
    0xCB, 0x26, 0xAB, 0x26, 0xAC, 0x1E, 0xAB, 0x1E, 0xAC, 0x1E, 0xAC, 0x1E, 0xEC, 0x1E, 0x2C, 0x27,
    0x0C, 0x27, 0xCC, 0x1E, 0xAC, 0x1E, 0xAB, 0x1E, 0xAC, 0x1E, 0xAC, 0x1E, 0xAC, 0x1E, 0xAC, 0x1E,
    0xAB, 0x1E, 0xAC, 0x1E, 0xCC, 0x1E, 0xCC, 0x1E, 0xAC, 0x1E, 0xAC, 0x1E, 0xCC, 0x1E, 0xCC, 0x1E,
    0xAC, 0x1E, 0xAB, 0x1E, 0xAB, 0x1E, 0xAC, 0x1E, 0xAB, 0x1E, 0xAC, 0x1E, 0x00, 0x00, 0x00, 0x00,
    0x00, 0x00, 0x00, 0x00, 0x6B, 0x1E, 0xAC, 0x1E, 0xAC, 0x1E, 0xAB, 0x1E, 0xAB, 0x1E, 0xCC, 0x1E,
    0xEC, 0x1E, 0xCC, 0x1E, 0xAC, 0x1E, 0xAC, 0x1E, 0xCC, 0x1E, 0xCC, 0x1E, 0xAC, 0x1E, 0xAB, 0x1E,
    0xAC, 0x1E, 0xAC, 0x1E, 0xAC, 0x1E, 0xAC, 0x1E, 0xAC, 0x1E, 0xAC, 0x1E, 0xAC, 0x1E, 0xAC, 0x1E,
    0xAC, 0x1E, 0xAC, 0x1E, 0xAC, 0x1E, 0xAC, 0x1E, 0xAC, 0x1E, 0xAC, 0x1E, 0xAC, 0x1E, 0xAC, 0x1E,
    0xAC, 0x1E, 0xAB, 0x1E, 0xAC, 0x1E, 0xAC, 0x1E, 0xCC, 0x1E, 0xCC, 0x1E, 0xEC, 0x1E, 0xEC, 0x1E,
    0xEC, 0x1E, 0x0C, 0x1F, 0x0C, 0x27, 0x0C, 0x27, 0x0C, 0x27, 0x0C, 0x27, 0x0C, 0x1F, 0x0C, 0x1F,
    0xEC, 0x1E, 0xEC, 0x1E, 0xCC, 0x1E, 0xCC, 0x1E, 0xAC, 0x1E, 0xAB, 0x1E, 0xAC, 0x1E, 0xAC, 0x1E,
    0xAC, 0x1E, 0xAC, 0x1E, 0xAC, 0x1E, 0xAC, 0x1E, 0xAC, 0x1E, 0xAC, 0x1E, 0xAB, 0x1E, 0xAB, 0x1E,
    0xAB, 0x1E, 0xAB, 0x1E, 0xAB, 0x1E, 0xAB, 0x1E, 0xAB, 0x1E, 0xAB, 0x1E, 0xAB, 0x1E, 0xAB, 0x1E,
    0xAB, 0x1E, 0xAB, 0x1E, 0xAB, 0x1E, 0xAB, 0x1E, 0xAB, 0x1E, 0xAB, 0x1E, 0xAB, 0x1E, 0xAB, 0x1E,
    0xAB, 0x1E, 0xAB, 0x1E, 0xAB, 0x1E, 0xAB, 0x1E, 0xAB, 0x1E, 0xAB, 0x1E, 0xAB, 0x1E, 0xAB, 0x1E,
    0xAB, 0x1E, 0xAB, 0x1E, 0xAB, 0x1E, 0xAB, 0x1E, 0xAB, 0x1E, 0xAB, 0x1E, 0xAB, 0x1E, 0xAB, 0x1E,
    0xAC, 0x1E, 0xAC, 0x1E, 0xAC, 0x1E, 0xAC, 0x1E, 0xAC, 0x1E, 0xAC, 0x1E, 0xAC, 0x1E, 0xAC, 0x1E,
    0xAB, 0x1E, 0xAC, 0x1E, 0xCC, 0x1E, 0xCC, 0x1E, 0xEC, 0x1E, 0xEC, 0x1E, 0x0C, 0x1F, 0x0C, 0x1F,
    0x0C, 0x1F, 0x0C, 0x27, 0x0C, 0x27, 0xEC, 0x26, 0xEC, 0x1E, 0xCC, 0x1E, 0xCC, 0x1E, 0xCC, 0x1E,
    0xCC, 0x1E, 0xAC, 0x1E, 0xAB, 0x1E, 0xAC, 0x1E, 0xAC, 0x1E, 0xAC, 0x1E, 0xAC, 0x1E, 0xCC, 0x26,
    0xAC, 0x1E, 0xCC, 0x1E, 0xCC, 0x1E, 0xAC, 0x1E, 0xCC, 0x1E, 0xAC, 0x1E, 0xCB, 0x26, 0xCB, 0x26,
    0x0C, 0x1F, 0x0D, 0x1F, 0x2B, 0x2F, 0xF2, 0x27, 0x6C, 0x36, 0x4A, 0x05, 0xE0, 0x07, 0x00, 0x00,
    0x00, 0x00, 0x00, 0x00, 0x00, 0x00, 0x00, 0x00, 0x00, 0x00, 0x00, 0x00, 0x00, 0x00, 0x00, 0x00,
    0x00, 0x00, 0x00, 0x00, 0xE0, 0x07, 0xE0, 0x07, 0xE0, 0x07, 0xEF, 0x03, 0xEF, 0x07, 0xE7, 0x07,
    0x4A, 0x05, 0xEC, 0x37, 0xE7, 0x05, 0xEF, 0x07, 0x00, 0x00, 0x00, 0x00, 0x00, 0x00, 0x00, 0x00,
    0x00, 0x00, 0xCC, 0x26, 0xCC, 0x1E, 0xAC, 0x1E, 0xAB, 0x1E, 0xAC, 0x1E, 0xEC, 0x1E, 0x4D, 0x27,
    0x2C, 0x27, 0xCC, 0x1E, 0xAC, 0x1E, 0xAB, 0x1E, 0xAC, 0x1E, 0xAC, 0x1E, 0xAC, 0x1E, 0xAC, 0x1E,
    0xAB, 0x1E, 0xAC, 0x1E, 0xCC, 0x1E, 0xCC, 0x1E, 0xAC, 0x1E, 0xAC, 0x1E, 0xCC, 0x1E, 0xEC, 0x1E,
    0xCC, 0x1E, 0xAB, 0x1E, 0xAB, 0x1E, 0xCC, 0x1E, 0xAC, 0x1E, 0xCB, 0x1E, 0x00, 0x00, 0x00, 0x00,
    0x00, 0x00, 0x00, 0x00, 0xCC, 0x1E, 0xAC, 0x1E, 0xAB, 0x1E, 0xAB, 0x1E, 0xAB, 0x1E, 0xEC, 0x1E,
    0x0C, 0x1F, 0xCC, 0x1E, 0xAC, 0x1E, 0xAB, 0x1E, 0xAC, 0x1E, 0xCC, 0x1E, 0xAC, 0x1E, 0xAB, 0x1E,
    0xAC, 0x1E, 0xAC, 0x1E, 0xAC, 0x1E, 0xAC, 0x1E, 0xAC, 0x1E, 0xAC, 0x1E, 0xAC, 0x1E, 0xAC, 0x1E,
    0xAC, 0x1E, 0xAC, 0x1E, 0xAC, 0x1E, 0xAC, 0x1E, 0xAC, 0x1E, 0xAC, 0x1E, 0xAC, 0x1E, 0xAC, 0x1E,
    0xAB, 0x1E, 0xAB, 0x1E, 0xAB, 0x1E, 0xAC, 0x1E, 0xCC, 0x1E, 0xEC, 0x1E, 0x0C, 0x1F, 0x2C, 0x27,
    0x2C, 0x27, 0x4D, 0x27, 0x4D, 0x27, 0x6D, 0x27, 0x6D, 0x27, 0x4D, 0x27, 0x4D, 0x27, 0x2C, 0x27,
    0x0C, 0x27, 0xEC, 0x1E, 0xCC, 0x1E, 0xAC, 0x1E, 0xAC, 0x1E, 0xAB, 0x1E, 0xAB, 0x1E, 0xAB, 0x1E,
    0xAC, 0x1E, 0xAB, 0x1E, 0xAC, 0x1E, 0xAB, 0x1E, 0xAB, 0x1E, 0xAC, 0x1E, 0xAB, 0x1E, 0xAC, 0x1E,
    0xAC, 0x1E, 0xAC, 0x1E, 0xCC, 0x1E, 0xCC, 0x1E, 0xCC, 0x1E, 0xCC, 0x1E, 0xCC, 0x1E, 0xCC, 0x1E,
    0xCC, 0x1E, 0xCC, 0x1E, 0xCC, 0x1E, 0xCC, 0x1E, 0xCC, 0x1E, 0xCC, 0x1E, 0xCC, 0x1E, 0xCC, 0x1E,
    0xCC, 0x1E, 0xCC, 0x1E, 0xCC, 0x1E, 0xCC, 0x1E, 0xCC, 0x1E, 0xCC, 0x1E, 0xCC, 0x1E, 0xCC, 0x1E,
    0xCC, 0x1E, 0xCC, 0x1E, 0xCC, 0x1E, 0xCC, 0x1E, 0xAC, 0x1E, 0xAC, 0x1E, 0xAC, 0x1E, 0xAB, 0x1E,
    0xAC, 0x1E, 0xAC, 0x1E, 0xAB, 0x1E, 0xAC, 0x1E, 0xAC, 0x1E, 0xAB, 0x1E, 0xAB, 0x1E, 0xAB, 0x1E,
    0xAB, 0x1E, 0xAC, 0x1E, 0xAC, 0x1E, 0xCC, 0x1E, 0xEC, 0x1E, 0x0C, 0x27, 0x2C, 0x27, 0x4C, 0x27,
    0x4C, 0x27, 0x4D, 0x27, 0x4D, 0x27, 0x4D, 0x27, 0x2C, 0x27, 0x2C, 0x27, 0x2C, 0x27, 0x2D, 0x27,
    0x2C, 0x27, 0xEC, 0x1E, 0xAC, 0x1E, 0xAC, 0x1E, 0xAC, 0x1E, 0xAC, 0x1E, 0xAC, 0x1E, 0xAB, 0x1E,
    0xCC, 0x1E, 0xAC, 0x1E, 0xAC, 0x1E, 0xAC, 0x1E, 0xCB, 0x1E, 0xAB, 0x1E, 0xAC, 0x1E, 0xCB, 0x1E,
    0xCC, 0x26, 0xCB, 0x1E, 0xEC, 0x26, 0x0C, 0x1F, 0xCC, 0x26, 0xCB, 0x26, 0xEB, 0x1D, 0xE0, 0x07,
    0x00, 0x00, 0x00, 0x00, 0x00, 0x00, 0x00, 0x00, 0x00, 0x00, 0x00, 0x00, 0x00, 0x00, 0x00, 0x00,
    0x00, 0x00, 0xEF, 0x03, 0xEA, 0x07, 0xE7, 0x05, 0xE7, 0x05, 0xEF, 0x3F, 0x6C, 0x36, 0xEA, 0x2F,
    0xEB, 0x1D, 0xCD, 0x26, 0x6C, 0x36, 0xEA, 0x07, 0xFF, 0x07, 0x00, 0x00, 0x00, 0x00, 0x00, 0x00,
    0x00, 0x00, 0xE7, 0x3D, 0xEC, 0x26, 0xCC, 0x1E, 0xAC, 0x1E, 0xAC, 0x1E, 0xEC, 0x1E, 0x4D, 0x27,
    0x2C, 0x27, 0xEC, 0x1E, 0xAC, 0x1E, 0xAC, 0x1E, 0xAC, 0x1E, 0xAC, 0x1E, 0xAC, 0x1E, 0xAC, 0x1E,
    0xAB, 0x1E, 0xAC, 0x1E, 0xCC, 0x1E, 0xAC, 0x1E, 0xAB, 0x1E, 0xAC, 0x1E, 0xCC, 0x1E, 0x0C, 0x1F,
    0xEC, 0x1E, 0xAB, 0x1E, 0xAB, 0x1E, 0xAC, 0x1E, 0xAC, 0x1E, 0xCC, 0x1E, 0x00, 0x00, 0x00, 0x00,
    0x00, 0x00, 0x00, 0x00, 0xAB, 0x26, 0xAB, 0x1E, 0xAB, 0x1E, 0xAB, 0x1E, 0xAB, 0x1E, 0x2C, 0x27,
    0x0C, 0x27, 0xCC, 0x1E, 0xAB, 0x1E, 0xAC, 0x1E, 0xAB, 0x1E, 0xAC, 0x1E, 0xAC, 0x1E, 0xAC, 0x1E,
    0xAC, 0x1E, 0xAC, 0x1E, 0xAC, 0x1E, 0xAC, 0x1E, 0xAC, 0x1E, 0xAC, 0x1E, 0xAC, 0x1E, 0xAC, 0x1E,
    0xAC, 0x1E, 0xAC, 0x1E, 0xAC, 0x1E, 0xAC, 0x1E, 0xAC, 0x1E, 0xAC, 0x1E, 0xAC, 0x1E, 0xAC, 0x1E,
    0xAC, 0x1E, 0xAC, 0x1E, 0xAC, 0x1E, 0xCC, 0x1E, 0xCC, 0x1E, 0xEC, 0x1E, 0xEC, 0x1E, 0x0C, 0x1F,
    0x0C, 0x27, 0x2C, 0x27, 0x2C, 0x27, 0x2C, 0x27, 0x2C, 0x27, 0x2C, 0x27, 0x0C, 0x1F, 0x0C, 0x1F,
    0xEC, 0x1E, 0xCC, 0x1E, 0xCC, 0x1E, 0xAB, 0x1E, 0xAB, 0x1E, 0xAC, 0x1E, 0xAB, 0x1E, 0xAC, 0x1E,
    0xAC, 0x1E, 0xAB, 0x1E, 0xAC, 0x1E, 0xAB, 0x1E, 0xAB, 0x1E, 0xAC, 0x1E, 0xCC, 0x1E, 0xCC, 0x1E,
    0xCC, 0x1E, 0xCC, 0x1E, 0xEC, 0x1E, 0xEC, 0x1E, 0xEC, 0x1E, 0xEC, 0x1E, 0xEC, 0x1E, 0xEC, 0x1E,
    0xEC, 0x1E, 0xEC, 0x1E, 0xEC, 0x1E, 0xEC, 0x1E, 0xEC, 0x1E, 0xEC, 0x1E, 0xEC, 0x1E, 0xEC, 0x1E,
    0xEC, 0x1E, 0xEC, 0x1E, 0xEC, 0x1E, 0xEC, 0x1E, 0xEC, 0x1E, 0xEC, 0x1E, 0xEC, 0x1E, 0xEC, 0x1E,
    0xEC, 0x1E, 0xEC, 0x1E, 0xEC, 0x1E, 0xEC, 0x1E, 0xCC, 0x1E, 0xCC, 0x1E, 0xCC, 0x1E, 0xCC, 0x1E,
    0xAC, 0x1E, 0xAB, 0x1E, 0xAB, 0x1E, 0xAC, 0x1E, 0xAC, 0x1E, 0xAB, 0x1E, 0xAB, 0x1E, 0xAB, 0x1E,
    0xAB, 0x1E, 0xAB, 0x1E, 0xAB, 0x1E, 0xCC, 0x1E, 0xCC, 0x1E, 0xEC, 0x1E, 0x0C, 0x1F, 0x0C, 0x1F,
    0x0C, 0x27, 0x0C, 0x27, 0x2C, 0x27, 0x0C, 0x27, 0x0C, 0x27, 0x0C, 0x27, 0x2C, 0x27, 0x2C, 0x27,
    0x2C, 0x27, 0xEC, 0x1E, 0xAC, 0x1E, 0xAB, 0x1E, 0xAC, 0x1E, 0xAC, 0x1E, 0xAC, 0x1E, 0xAB, 0x1E,
    0xAC, 0x1E, 0xCC, 0x1E, 0xAB, 0x1E, 0xAB, 0x1E, 0xAB, 0x1E, 0xAB, 0x1E, 0xAB, 0x1E, 0xAB, 0x1E,
    0xCB, 0x1E, 0xAB, 0x1E, 0xCC, 0x1E, 0xEC, 0x1E, 0xCB, 0x26, 0xCC, 0x1E, 0xEC, 0x26, 0x2C, 0x37,
    0x00, 0x00, 0x00, 0x00, 0x00, 0x00, 0x00, 0x00, 0x00, 0x00, 0x00, 0x00, 0x00, 0x00, 0x00, 0x00,
    0xE0, 0x07, 0xEF, 0x05, 0xAA, 0x2E, 0xAA, 0x2E, 0xAA, 0x2E, 0xEC, 0x37, 0x6C, 0x36, 0x6C, 0x36,
    0x6C, 0x36, 0xE7, 0x07, 0xEF, 0x07, 0xEF, 0x07, 0xEF, 0x07, 0x00, 0x00, 0x00, 0x00, 0x00, 0x00,
    0x00, 0x00, 0x00, 0x00, 0xEC, 0x26, 0xCC, 0x1E, 0xAB, 0x1E, 0xAB, 0x1E, 0xEC, 0x1E, 0x4D, 0x27,
    0x2C, 0x27, 0xEC, 0x1E, 0xAB, 0x1E, 0xAC, 0x1E, 0xAC, 0x1E, 0xAC, 0x1E, 0xAC, 0x1E, 0xAC, 0x1E,
    0xAC, 0x1E, 0xAC, 0x1E, 0xAC, 0x1E, 0xAB, 0x1E, 0xAC, 0x1E, 0xAB, 0x1E, 0xCC, 0x1E, 0x0C, 0x27,
    0x2C, 0x27, 0xAB, 0x1E, 0xAC, 0x1E, 0xAC, 0x1E, 0xCC, 0x1E, 0xEB, 0x26, 0x00, 0x00, 0x00, 0x00,
    0x00, 0x00, 0x00, 0x00, 0xEC, 0x26, 0xAC, 0x1E, 0xAB, 0x1E, 0xAB, 0x1E, 0xAC, 0x1E, 0x2C, 0x27,
    0x2C, 0x27, 0xCC, 0x1E, 0xAC, 0x1E, 0xAB, 0x1E, 0xAB, 0x1E, 0xAC, 0x1E, 0xAC, 0x1E, 0xAC, 0x1E,
    0xAC, 0x1E, 0xAC, 0x1E, 0xAC, 0x1E, 0xAC, 0x1E, 0xAC, 0x1E, 0xAC, 0x1E, 0xAC, 0x1E, 0xAC, 0x1E,
    0xAC, 0x1E, 0xAC, 0x1E, 0xAC, 0x1E, 0xAC, 0x1E, 0xAC, 0x1E, 0xAC, 0x1E, 0xAC, 0x1E, 0xAC, 0x1E,
    0xAC, 0x1E, 0xAC, 0x1E, 0xAC, 0x1E, 0xCC, 0x1E, 0xCC, 0x1E, 0xCC, 0x1E, 0xCC, 0x1E, 0xCC, 0x1E,
    0xCC, 0x1E, 0xCC, 0x1E, 0xCC, 0x1E, 0xCC, 0x1E, 0xCC, 0x1E, 0xCC, 0x1E, 0xCC, 0x1E, 0xCC, 0x1E,
    0xAC, 0x1E, 0xAC, 0x1E, 0xAC, 0x1E, 0xAB, 0x1E, 0xAC, 0x1E, 0xAC, 0x1E, 0xAC, 0x1E, 0xAC, 0x1E,
    0xAC, 0x1E, 0xAC, 0x1E, 0xAC, 0x1E, 0xAB, 0x1E, 0xAC, 0x1E, 0xAC, 0x1E, 0xCC, 0x1E, 0xCC, 0x1E,
    0xCC, 0x1E, 0xCC, 0x1E, 0xCC, 0x1E, 0xCC, 0x1E, 0xCC, 0x1E, 0xCC, 0x1E, 0xCC, 0x1E, 0xCC, 0x1E,
    0xCC, 0x1E, 0xCC, 0x1E, 0xCC, 0x1E, 0xCC, 0x1E, 0xCC, 0x1E, 0xCC, 0x1E, 0xCC, 0x1E, 0xCC, 0x1E,
    0xCC, 0x1E, 0xCC, 0x1E, 0xCC, 0x1E, 0xCC, 0x1E, 0xCC, 0x1E, 0xCC, 0x1E, 0xCC, 0x1E, 0xCC, 0x1E,
    0xCC, 0x1E, 0xCC, 0x1E, 0xCC, 0x1E, 0xCC, 0x1E, 0xCC, 0x1E, 0xCC, 0x1E, 0xCC, 0x1E, 0xCC, 0x1E,
    0xAC, 0x1E, 0xAC, 0x1E, 0xAB, 0x1E, 0xAC, 0x1E, 0xAC, 0x1E, 0xAC, 0x1E, 0xAB, 0x1E, 0xAB, 0x1E,
    0xAC, 0x1E, 0xAC, 0x1E, 0xAB, 0x1E, 0xAB, 0x1E, 0xAC, 0x1E, 0xCC, 0x1E, 0xCC, 0x1E, 0xCC, 0x1E,
    0xCC, 0x1E, 0xCC, 0x1E, 0xCC, 0x1E, 0xCC, 0x1E, 0xCC, 0x1E, 0xCC, 0x1E, 0xCC, 0x1E, 0xCC, 0x1E,
    0xCC, 0x1E, 0xCC, 0x1E, 0xCC, 0x1E, 0xAC, 0x1E, 0xAC, 0x1E, 0xAC, 0x1E, 0xAB, 0x1E, 0xAB, 0x1E,
    0xAC, 0x1E, 0xAC, 0x1E, 0xCB, 0x1E, 0xAB, 0x1E, 0xAC, 0x1E, 0xAB, 0x1E, 0xAB, 0x1E, 0xAC, 0x1E,
    0xCB, 0x1E, 0xAC, 0x1E, 0xCC, 0x1E, 0xCC, 0x1E, 0xCB, 0x1E, 0xCB, 0x1E, 0xCC, 0x1E, 0xAB, 0x1E,
    0xEC, 0x16, 0xEF, 0x3D, 0x00, 0x00, 0x00, 0x00, 0x00, 0x00, 0x00, 0x00, 0x00, 0x00, 0x00, 0x00,
    0xE0, 0x07, 0x4A, 0x05, 0xE7, 0x05, 0xE7, 0x05, 0xEA, 0x07, 0xEA, 0x07, 0xEF, 0x07, 0xEF, 0x07,
    0xFF, 0x07, 0xE0, 0x07, 0x00, 0x00, 0xEF, 0x07, 0x6C, 0x36, 0xEF, 0x7F, 0x00, 0x00, 0x00, 0x00,
    0x00, 0x00, 0xE0, 0x07, 0xCC, 0x1E, 0xCC, 0x1E, 0xAB, 0x1E, 0xAC, 0x1E, 0xEC, 0x1E, 0x4D, 0x27,
    0x2C, 0x27, 0xEC, 0x1E, 0xAB, 0x1E, 0xAC, 0x1E, 0xAC, 0x1E, 0xAC, 0x1E, 0xAC, 0x1E, 0xAC, 0x1E,
    0xAC, 0x1E, 0xAC, 0x1E, 0xAC, 0x1E, 0xAB, 0x1E, 0xAB, 0x1E, 0xAC, 0x1E, 0xCC, 0x1E, 0x2C, 0x27,
    0x4C, 0x27, 0xAC, 0x1E, 0xAC, 0x1E, 0xAB, 0x1E, 0xCC, 0x1E, 0xAB, 0x1E, 0x00, 0x00, 0x00, 0x00,
    0x00, 0x00, 0x00, 0x00, 0xAB, 0x1E, 0xAB, 0x1E, 0x8B, 0x1E, 0xAC, 0x1E, 0xCC, 0x1E, 0x4D, 0x27,
    0x2C, 0x27, 0xCC, 0x1E, 0xAC, 0x1E, 0xAB, 0x1E, 0xAB, 0x1E, 0xAC, 0x1E, 0xAC, 0x1E, 0xAC, 0x1E,
    0xAC, 0x1E, 0xAC, 0x1E, 0xAC, 0x1E, 0xAC, 0x1E, 0xAC, 0x1E, 0xAC, 0x1E, 0xAC, 0x1E, 0xAC, 0x1E,
    0xAC, 0x1E, 0xAC, 0x1E, 0xAC, 0x1E, 0xAC, 0x1E, 0xAC, 0x1E, 0xAC, 0x1E, 0xAC, 0x1E, 0xAC, 0x1E,
    0xAC, 0x1E, 0xAC, 0x1E, 0xAC, 0x1E, 0xAC, 0x1E, 0xAB, 0x1E, 0xAB, 0x1E, 0xAC, 0x1E, 0xAC, 0x1E,
    0xAC, 0x1E, 0xAC, 0x1E, 0xAC, 0x1E, 0xAB, 0x1E, 0xAB, 0x1E, 0xAC, 0x1E, 0xAC, 0x1E, 0xCC, 0x1E,
    0xCC, 0x1E, 0xCC, 0x1E, 0xCC, 0x1E, 0xCC, 0x1E, 0xCC, 0x1E, 0xCC, 0x1E, 0xEC, 0x1E, 0xEC, 0x1E,
    0xCC, 0x1E, 0xCC, 0x1E, 0xCC, 0x1E, 0xCC, 0x1E, 0xAC, 0x1E, 0xAC, 0x1E, 0xAC, 0x1E, 0xAC, 0x1E,
    0xAB, 0x1E, 0xAC, 0x1E, 0xAC, 0x1E, 0xAC, 0x1E, 0xAB, 0x1E, 0xAB, 0x1E, 0xAB, 0x1E, 0xAB, 0x1E,
    0xAB, 0x1E, 0xAB, 0x1E, 0xAB, 0x1E, 0xAB, 0x1E, 0xAB, 0x1E, 0xAB, 0x1E, 0xAB, 0x1E, 0xAB, 0x1E,
    0xAB, 0x1E, 0xAB, 0x1E, 0xAB, 0x1E, 0xAB, 0x1E, 0xAB, 0x1E, 0xAB, 0x1E, 0xAB, 0x1E, 0xAB, 0x1E,
    0xAB, 0x1E, 0xAC, 0x1E, 0xAC, 0x1E, 0xAC, 0x1E, 0xAC, 0x1E, 0xAB, 0x1E, 0xAC, 0x1E, 0xAC, 0x1E,
    0xAC, 0x1E, 0xAC, 0x1E, 0xCC, 0x1E, 0xCC, 0x1E, 0xCC, 0x1E, 0xCC, 0x1E, 0xEC, 0x1E, 0xEC, 0x1E,
    0xEC, 0x1E, 0xCC, 0x1E, 0xCC, 0x1E, 0xCC, 0x1E, 0xCC, 0x1E, 0xCC, 0x1E, 0xCC, 0x1E, 0xCC, 0x1E,
    0xAC, 0x1E, 0xAC, 0x1E, 0xAC, 0x1E, 0xAB, 0x1E, 0xAB, 0x1E, 0xAC, 0x1E, 0xAC, 0x1E, 0xAB, 0x1E,
    0xAB, 0x1E, 0xAC, 0x1E, 0xAC, 0x1E, 0xCC, 0x1E, 0xCC, 0x1E, 0xEC, 0x1E, 0xEC, 0x1E, 0x0C, 0x1F,
    0xEC, 0x1E, 0xEC, 0x1E, 0xCC, 0x1E, 0xAB, 0x1E, 0xAB, 0x1E, 0xAB, 0x1E, 0xAB, 0x1E, 0xAB, 0x1E,
    0xAB, 0x1E, 0xAB, 0x1E, 0xAB, 0x1E, 0xAC, 0x1E, 0xCC, 0x1E, 0xCC, 0x1E, 0xCC, 0x1E, 0xCC, 0x1E,
    0xEC, 0x1E, 0x6B, 0x1E, 0xCC, 0x26, 0x6C, 0x16, 0x8B, 0x16, 0xEB, 0x1E, 0xEA, 0x2F, 0xEA, 0x07,
    0x00, 0x00, 0x00, 0x00, 0x00, 0x00, 0x00, 0x00, 0x00, 0x00, 0x00, 0x00, 0x00, 0x00, 0x00, 0x00,
    0x00, 0x00, 0x00, 0x00, 0xE0, 0x07, 0xEF, 0x07, 0x0E, 0x1F, 0xCD, 0x26, 0xEF, 0x07, 0xFF, 0x07,
    0x00, 0x00, 0x00, 0x00, 0xEB, 0x1E, 0xCC, 0x1E, 0xAB, 0x1E, 0xAC, 0x1E, 0xEC, 0x1E, 0x4D, 0x27,
    0x2C, 0x27, 0xEC, 0x1E, 0xAB, 0x1E, 0xAC, 0x1E, 0xAC, 0x1E, 0xAC, 0x1E, 0xAC, 0x1E, 0xAC, 0x1E,
    0xAC, 0x1E, 0xAC, 0x1E, 0xAC, 0x1E, 0xAB, 0x1E, 0xAB, 0x1E, 0xAC, 0x1E, 0xCC, 0x1E, 0x2C, 0x27,
    0x4D, 0x27, 0xCC, 0x1E, 0xAC, 0x1E, 0xAC, 0x1E, 0xCC, 0x1E, 0xAB, 0x1E, 0x00, 0x00, 0x00, 0x00,
    0x00, 0x00, 0x00, 0x00, 0xCC, 0x1E, 0xAB, 0x1E, 0xAB, 0x1E, 0xAC, 0x1E, 0xEC, 0x1E, 0x6D, 0x27,
    0x4D, 0x27, 0xEC, 0x1E, 0xAC, 0x1E, 0xAB, 0x1E, 0xAC, 0x1E, 0xAC, 0x1E, 0xAC, 0x1E, 0xAC, 0x1E,
    0xAC, 0x1E, 0xAC, 0x1E, 0xAC, 0x1E, 0xAC, 0x1E, 0xAC, 0x1E, 0xAC, 0x1E, 0xAC, 0x1E, 0xAC, 0x1E,
    0xAC, 0x1E, 0xAC, 0x1E, 0xAC, 0x1E, 0xAC, 0x1E, 0xAC, 0x1E, 0xAC, 0x1E, 0xAC, 0x1E, 0xAC, 0x1E,
    0xAC, 0x1E, 0xAC, 0x1E, 0xAC, 0x1E, 0xAB, 0x1E, 0xAB, 0x1E, 0xAC, 0x1E, 0xAB, 0x1E, 0xAB, 0x1E,
    0xAB, 0x1E, 0xAB, 0x1E, 0xAC, 0x1E, 0xAC, 0x1E, 0xCC, 0x1E, 0xCC, 0x1E, 0xEC, 0x1E, 0xEC, 0x1E,
    0x0C, 0x1F, 0x0C, 0x1F, 0x0C, 0x27, 0x0C, 0x27, 0x2C, 0x27, 0x2C, 0x27, 0x2C, 0x27, 0x2C, 0x27,
    0x2C, 0x27, 0x0C, 0x1F, 0xEC, 0x1E, 0xCC, 0x1E, 0xAC, 0x1E, 0xAC, 0x1E, 0xAC, 0x1E, 0xAC, 0x1E,
    0xAC, 0x1E, 0xAC, 0x1E, 0xAB, 0x1E, 0xAC, 0x1E, 0xAB, 0x1E, 0xAB, 0x1E, 0xAB, 0x1E, 0xAB, 0x1E,
    0xAB, 0x1E, 0xAB, 0x1E, 0xAB, 0x1E, 0xAB, 0x1E, 0xAB, 0x1E, 0xAB, 0x1E, 0xAB, 0x1E, 0xAB, 0x1E,
    0xAB, 0x1E, 0xAB, 0x1E, 0xAB, 0x1E, 0xAB, 0x1E, 0xAB, 0x1E, 0xAB, 0x1E, 0xAB, 0x1E, 0xAB, 0x1E,
    0xAB, 0x1E, 0xAC, 0x1E, 0xAC, 0x1E, 0xAB, 0x1E, 0xAC, 0x1E, 0xAB, 0x1E, 0xAC, 0x1E, 0xAC, 0x1E,
    0xAC, 0x1E, 0xAC, 0x1E, 0xCC, 0x1E, 0xEC, 0x1E, 0x0C, 0x27, 0x2C, 0x27, 0x2C, 0x27, 0x2C, 0x27,
    0x2C, 0x27, 0x2C, 0x27, 0x0C, 0x27, 0x0C, 0x27, 0x0C, 0x1F, 0xEC, 0x1E, 0xEC, 0x1E, 0xEC, 0x1E,
    0xEC, 0x1E, 0xEC, 0x1E, 0xCC, 0x1E, 0xCC, 0x1E, 0xAB, 0x1E, 0xAB, 0x1E, 0xAB, 0x1E, 0xAC, 0x1E,
    0xAC, 0x1E, 0xAB, 0x1E, 0xAC, 0x1E, 0xCC, 0x1E, 0xEC, 0x1E, 0x0C, 0x1F, 0x0C, 0x27, 0x2C, 0x27,
    0x2C, 0x27, 0x2C, 0x1F, 0x2C, 0x27, 0x0C, 0x1F, 0xEC, 0x1E, 0xAB, 0x1E, 0xAB, 0x1E, 0xAC, 0x1E,
    0xAB, 0x1E, 0xAB, 0x1E, 0xAC, 0x1E, 0xAB, 0x1E, 0xAC, 0x1E, 0xAB, 0x1E, 0xCC, 0x1E, 0xCC, 0x1E,
    0xCB, 0x1E, 0xAB, 0x1E, 0xAC, 0x1E, 0x8C, 0x1E, 0xAB, 0x1E, 0xCC, 0x1E, 0xEB, 0x1E, 0xAA, 0x16,
    0x00, 0x00, 0x00, 0x00, 0x00, 0x00, 0x00, 0x00, 0x00, 0x00, 0x00, 0x00, 0x00, 0x00, 0x00, 0x00,
    0x00, 0x00, 0xEF, 0x03, 0xEF, 0x05, 0xEB, 0x1E, 0xAC, 0x16, 0x2C, 0x1F, 0xEA, 0x07, 0xE0, 0x07,
    0x00, 0x00, 0x00, 0x00, 0x2B, 0x1F, 0xCC, 0x1E, 0xCB, 0x1E, 0xAB, 0x1E, 0xEC, 0x1E, 0x6D, 0x27,
    0x4C, 0x27, 0xEC, 0x1E, 0xAB, 0x1E, 0xAC, 0x1E, 0xAC, 0x1E, 0xAC, 0x1E, 0xAC, 0x1E, 0xAC, 0x1E,
    0xAC, 0x1E, 0xAC, 0x1E, 0xAC, 0x1E, 0xAC, 0x1E, 0xAB, 0x1E, 0xAC, 0x1E, 0xEC, 0x1E, 0x4D, 0x27,
    0x6D, 0x27, 0xEC, 0x1E, 0xAC, 0x1E, 0xAB, 0x1E, 0xAC, 0x1E, 0x8C, 0x1E, 0x00, 0x00, 0x00, 0x00,
    0x00, 0x00, 0xFF, 0x07, 0xCB, 0x26, 0xCB, 0x1E, 0xAC, 0x1E, 0xAB, 0x1E, 0x0C, 0x1F, 0x8D, 0x27,
    0x4D, 0x27, 0xEC, 0x1E, 0xAB, 0x1E, 0xAB, 0x1E, 0xAC, 0x1E, 0xAC, 0x1E, 0xAC, 0x1E, 0xAC, 0x1E,
    0xAC, 0x1E, 0xAC, 0x1E, 0xAC, 0x1E, 0xAC, 0x1E, 0xAC, 0x1E, 0xAC, 0x1E, 0xAC, 0x1E, 0xAC, 0x1E,
    0xAC, 0x1E, 0xAC, 0x1E, 0xAC, 0x1E, 0xAC, 0x1E, 0xAC, 0x1E, 0xAC, 0x1E, 0xAC, 0x1E, 0xAC, 0x1E,
    0xAC, 0x1E, 0xAC, 0x1E, 0xAC, 0x1E, 0xAC, 0x1E, 0xAB, 0x1E, 0xAB, 0x1E, 0xAC, 0x1E, 0xAB, 0x1E,
    0xAB, 0x1E, 0xAC, 0x1E, 0xAC, 0x1E, 0xCC, 0x1E, 0xEC, 0x1E, 0x0C, 0x1F, 0x0C, 0x27, 0x2C, 0x27,
    0x2C, 0x27, 0x2C, 0x27, 0x2C, 0x27, 0x4D, 0x27, 0x4D, 0x27, 0x4D, 0x27, 0x4D, 0x27, 0x4D, 0x27,
    0x4C, 0x27, 0x0C, 0x1F, 0xEC, 0x1E, 0xAC, 0x1E, 0xAC, 0x1E, 0xAC, 0x1E, 0xAC, 0x1E, 0xAC, 0x1E,
    0xAC, 0x1E, 0xAB, 0x1E, 0xAB, 0x1E, 0xAB, 0x1E, 0xAB, 0x1E, 0xAB, 0x1E, 0xAB, 0x1E, 0xAB, 0x1E,
    0xAB, 0x1E, 0xAB, 0x1E, 0xAB, 0x1E, 0xAB, 0x1E, 0xAB, 0x1E, 0xAB, 0x1E, 0xAB, 0x1E, 0xAB, 0x1E,
    0xAB, 0x1E, 0xAB, 0x1E, 0xAB, 0x1E, 0xAB, 0x1E, 0xAB, 0x1E, 0xAB, 0x1E, 0xAB, 0x1E, 0xAB, 0x1E,
    0xAB, 0x1E, 0xAC, 0x1E, 0xAB, 0x1E, 0xAC, 0x1E, 0xAB, 0x1E, 0xAB, 0x1E, 0xAC, 0x1E, 0xAC, 0x1E,
    0xAB, 0x1E, 0xAB, 0x1E, 0xAC, 0x1E, 0xEC, 0x1E, 0x2C, 0x27, 0x4D, 0x27, 0x4D, 0x27, 0x6D, 0x27,
    0x6D, 0x27, 0x4D, 0x27, 0x4D, 0x27, 0x2C, 0x27, 0x2C, 0x27, 0x2C, 0x27, 0x2C, 0x27, 0x0C, 0x27,
    0x0C, 0x27, 0x0C, 0x1F, 0xEC, 0x1E, 0xCC, 0x1E, 0xAC, 0x1E, 0xAC, 0x1E, 0xAB, 0x1E, 0xAC, 0x1E,
    0xAB, 0x1E, 0xAC, 0x1E, 0xAC, 0x1E, 0xAC, 0x1E, 0xCC, 0x1E, 0xCC, 0x1E, 0xEC, 0x1E, 0x0C, 0x1F,
    0x0C, 0x27, 0x0C, 0x1F, 0x0C, 0x1F, 0x0C, 0x1F, 0xEC, 0x1E, 0xCC, 0x1E, 0xAB, 0x1E, 0xAC, 0x1E,
    0xAC, 0x1E, 0xAC, 0x1E, 0xAC, 0x1E, 0xAC, 0x1E, 0xAC, 0x1E, 0xAC, 0x1E, 0xAC, 0x1E, 0xCC, 0x1E,
    0xAC, 0x1E, 0xAC, 0x1E, 0xCB, 0x1E, 0xAC, 0x1E, 0xAC, 0x1E, 0xAB, 0x1E, 0xAB, 0x1E, 0xCC, 0x26,
    0xC9, 0x4E, 0x00, 0x00, 0x00, 0x00, 0x00, 0x00, 0x00, 0x00, 0x00, 0x00, 0x00, 0x00, 0x00, 0x00,
    0xFF, 0x07, 0xEF, 0x3F, 0xEB, 0x1D, 0x8B, 0x16, 0xEC, 0x16, 0x2B, 0x17, 0xEA, 0x07, 0x00, 0x00,
    0x00, 0x00, 0x00, 0x00, 0x2B, 0x27, 0xCC, 0x1E, 0xAC, 0x1E, 0xAB, 0x1E, 0xEC, 0x1E, 0x6D, 0x27,
    0x4D, 0x27, 0xEC, 0x1E, 0xAB, 0x1E, 0xAC, 0x1E, 0xAC, 0x1E, 0xAC, 0x1E, 0xAC, 0x1E, 0xAC, 0x1E,
    0xAC, 0x1E, 0xAC, 0x1E, 0xAC, 0x1E, 0xAC, 0x1E, 0xAB, 0x1E, 0xAB, 0x1E, 0xEC, 0x1E, 0x4D, 0x27,
    0x8D, 0x27, 0x0C, 0x1F, 0xAC, 0x1E, 0xAB, 0x1E, 0xAC, 0x26, 0xAB, 0x1E, 0x00, 0x00, 0x00, 0x00,
    0x00, 0x00, 0xEA, 0x57, 0xEB, 0x26, 0xCB, 0x1E, 0xCB, 0x1E, 0xAC, 0x1E, 0x2C, 0x27, 0x8D, 0x27,
    0x4D, 0x27, 0xEC, 0x1E, 0xAB, 0x1E, 0xAB, 0x1E, 0xAC, 0x1E, 0xAC, 0x1E, 0xAC, 0x1E, 0xAC, 0x1E,
    0xAC, 0x1E, 0xAC, 0x1E, 0xAC, 0x1E, 0xAC, 0x1E, 0xAC, 0x1E, 0xAC, 0x1E, 0xAC, 0x1E, 0xAC, 0x1E,
    0xAC, 0x1E, 0xAC, 0x1E, 0xAC, 0x1E, 0xAC, 0x1E, 0xAC, 0x1E, 0xAC, 0x1E, 0xAC, 0x1E, 0xAC, 0x1E,
    0xAC, 0x1E, 0xAC, 0x1E, 0xAC, 0x1E, 0xAC, 0x1E, 0xAC, 0x1E, 0xAC, 0x1E, 0xAC, 0x1E, 0xAB, 0x1E,
    0xAB, 0x1E, 0xAC, 0x1E, 0xCC, 0x1E, 0xCC, 0x1E, 0xCC, 0x1E, 0xEC, 0x1E, 0xEC, 0x1E, 0xEC, 0x1E,
    0x0C, 0x1F, 0x0C, 0x1F, 0x0C, 0x1F, 0x0C, 0x1F, 0x0C, 0x1F, 0x0C, 0x27, 0x0C, 0x27, 0x0C, 0x27,
    0xEC, 0x1E, 0xCC, 0x1E, 0xAB, 0x1E, 0xAB, 0x1E, 0xAC, 0x1E, 0xAC, 0x1E, 0xAC, 0x1E, 0xAC, 0x1E,
    0xAC, 0x1E, 0xAB, 0x1E, 0xAB, 0x1E, 0xAB, 0x1E, 0xAB, 0x1E, 0xAB, 0x1E, 0xAB, 0x1E, 0xAB, 0x1E,
    0xCB, 0x1E, 0xCB, 0x1E, 0xCB, 0x1E, 0xCB, 0x1E, 0xAB, 0x1E, 0xAB, 0x1E, 0xAB, 0x1E, 0xAB, 0x1E,
    0xAB, 0x1E, 0xAB, 0x1E, 0xAB, 0x1E, 0xAB, 0x1E, 0xAB, 0x1E, 0xAB, 0x1E, 0xAB, 0x1E, 0xCB, 0x1E,
    0xAB, 0x1E, 0xAC, 0x1E, 0xAB, 0x1E, 0xAB, 0x1E, 0xAB, 0x1E, 0xAC, 0x1E, 0xAC, 0x1E, 0xAC, 0x1E,
    0xAB, 0x1E, 0xAC, 0x1E, 0xAB, 0x1E, 0xAB, 0x1E, 0xCC, 0x1E, 0x0C, 0x27, 0x0C, 0x27, 0x2C, 0x27,
    0x0C, 0x27, 0x0C, 0x1F, 0x0C, 0x1F, 0x0C, 0x1F, 0xEC, 0x1E, 0xEC, 0x1E, 0xEC, 0x1E, 0xEC, 0x1E,
    0xEC, 0x1E, 0xEC, 0x1E, 0xEC, 0x1E, 0xCC, 0x1E, 0xCC, 0x1E, 0xAB, 0x1E, 0xAC, 0x1E, 0xAB, 0x1E,
    0xAB, 0x1E, 0xAB, 0x1E, 0xAC, 0x1E, 0xAC, 0x1E, 0xAB, 0x1E, 0xAC, 0x1E, 0xCC, 0x1E, 0xCC, 0x1E,
    0xCC, 0x1E, 0xCC, 0x1E, 0xCC, 0x1E, 0xCC, 0x1E, 0xCC, 0x1E, 0xCC, 0x1E, 0xAC, 0x1E, 0xAC, 0x1E,
    0xAC, 0x1E, 0xAC, 0x1E, 0xAC, 0x1E, 0xAB, 0x1E, 0xAC, 0x1E, 0xAB, 0x1E, 0xAC, 0x1E, 0xCC, 0x1E,
    0xAC, 0x1E, 0xAC, 0x1E, 0xCB, 0x1E, 0xCC, 0x1E, 0xCB, 0x1E, 0xAB, 0x1E, 0xCC, 0x26, 0xAB, 0x1E,
    0xCB, 0x26, 0x4A, 0x2D, 0x00, 0x00, 0x00, 0x00, 0x00, 0x00, 0x00, 0x00, 0x00, 0x00, 0x00, 0x00,
    0xEF, 0x07, 0xEA, 0x07, 0x6C, 0x36, 0xCD, 0x26, 0x8B, 0x16, 0xED, 0x27, 0xEF, 0x03, 0x00, 0x00,
    0x00, 0x00, 0x00, 0x00, 0x0B, 0x27, 0xCC, 0x1E, 0xAB, 0x1E, 0xAB, 0x1E, 0xEC, 0x1E, 0x4D, 0x27,
    0x2C, 0x27, 0xEC, 0x1E, 0xAB, 0x1E, 0xAC, 0x1E, 0xAC, 0x1E, 0xAC, 0x1E, 0xAC, 0x1E, 0xAC, 0x1E,
    0xAC, 0x1E, 0xAC, 0x1E, 0xAC, 0x1E, 0xAC, 0x1E, 0xAB, 0x1E, 0xAB, 0x1E, 0xEC, 0x1E, 0x4D, 0x27,
    0x8D, 0x27, 0x2C, 0x27, 0xAC, 0x1E, 0xAB, 0x1E, 0xAC, 0x1E, 0xAB, 0x1E, 0xEF, 0x03, 0x00, 0x00,
    0x00, 0x00, 0xCD, 0x26, 0xCB, 0x1E, 0xCC, 0x1E, 0xCC, 0x1E, 0xAB, 0x1E, 0x2C, 0x27, 0x8D, 0x27,
    0x4D, 0x27, 0xEC, 0x1E, 0xAB, 0x1E, 0xAB, 0x1E, 0xAC, 0x1E, 0xAC, 0x1E, 0xAC, 0x1E, 0xAC, 0x1E,
    0xAC, 0x1E, 0xAC, 0x1E, 0xAC, 0x1E, 0xAC, 0x1E, 0xAC, 0x1E, 0xAC, 0x1E, 0xAC, 0x1E, 0xAC, 0x1E,
    0xAC, 0x1E, 0xAC, 0x1E, 0xAC, 0x1E, 0xAC, 0x1E, 0xAC, 0x1E, 0xAC, 0x1E, 0xAC, 0x1E, 0xAC, 0x1E,
    0xAC, 0x1E, 0xAC, 0x1E, 0xAC, 0x1E, 0xAC, 0x1E, 0xCC, 0x1E, 0xCC, 0x1E, 0xCC, 0x1E, 0xCC, 0x1E,
    0xCC, 0x1E, 0xAC, 0x1E, 0xAB, 0x1E, 0xAB, 0x1E, 0xAC, 0x1E, 0xAC, 0x1E, 0xAB, 0x1E, 0xAB, 0x1E,
    0xAB, 0x1E, 0xAC, 0x1E, 0xAC, 0x1E, 0xAC, 0x1E, 0xAB, 0x1E, 0xAB, 0x1E, 0xAB, 0x1E, 0xAB, 0x1E,
    0xAB, 0x1E, 0xAB, 0x1E, 0xAB, 0x1E, 0xAC, 0x1E, 0xAC, 0x1E, 0xAC, 0x1E, 0xAC, 0x1E, 0xAC, 0x1E,
    0xAC, 0x1E, 0xAC, 0x1E, 0xAB, 0x1E, 0x8B, 0x1E, 0xAC, 0x1E, 0xAC, 0x1E, 0xAC, 0x1E, 0xAC, 0x1E,
    0xCC, 0x1E, 0xCC, 0x1E, 0xCC, 0x1E, 0xCC, 0x1E, 0xAC, 0x1E, 0xAC, 0x1E, 0xAC, 0x1E, 0xAC, 0x1E,
    0xAC, 0x1E, 0xAC, 0x1E, 0xAC, 0x1E, 0xAC, 0x1E, 0xAC, 0x1E, 0xAC, 0x1E, 0xAC, 0x1E, 0xCC, 0x1E,
    0xAC, 0x1E, 0xAB, 0x1E, 0xAB, 0x1E, 0xAC, 0x1E, 0xAC, 0x1E, 0xAC, 0x1E, 0xAC, 0x1E, 0xAC, 0x1E,
    0xAC, 0x1E, 0xAB, 0x1E, 0xAC, 0x1E, 0xAB, 0x1E, 0xAB, 0x1E, 0xAB, 0x1E, 0xCC, 0x1E, 0xCC, 0x1E,
    0xCC, 0x1E, 0xCB, 0x1E, 0xAC, 0x1E, 0xAC, 0x1E, 0xAC, 0x1E, 0xAC, 0x1E, 0xAC, 0x1E, 0xAB, 0x1E,
    0xAB, 0x1E, 0xAC, 0x1E, 0xAC, 0x1E, 0xAB, 0x1E, 0xAB, 0x1E, 0xCC, 0x1E, 0xCC, 0x1E, 0xEC, 0x1E,
    0xEC, 0x1E, 0xEC, 0x1E, 0xEC, 0x1E, 0xEC, 0x1E, 0xCC, 0x1E, 0xCC, 0x1E, 0xCC, 0x1E, 0xAC, 0x1E,
    0xAC, 0x1E, 0xAC, 0x1E, 0xAC, 0x1E, 0xAC, 0x1E, 0xAC, 0x1E, 0xAB, 0x1E, 0xAC, 0x1E, 0xAC, 0x1E,
    0xCC, 0x1E, 0xCC, 0x1E, 0xCC, 0x1E, 0xEC, 0x1E, 0xCC, 0x1E, 0xCC, 0x1E, 0xAC, 0x1E, 0xAC, 0x1E,
    0xAC, 0x1E, 0xAC, 0x1E, 0xAC, 0x1E, 0xCC, 0x1E, 0xAB, 0x1E, 0xAB, 0x1E, 0xAC, 0x1E, 0xCC, 0x1E,
    0xAB, 0x26, 0x8B, 0x26, 0x8D, 0x26, 0xEC, 0x26, 0xAC, 0x26, 0x2C, 0x1F, 0xED, 0x27, 0xEF, 0x07,
    0x00, 0x00, 0x00, 0x00, 0x00, 0x00, 0x00, 0x00, 0x00, 0x00, 0x00, 0x00, 0x00, 0x00, 0xEF, 0x07,
    0xEB, 0x1D, 0x0C, 0x2F, 0xCB, 0x26, 0xCB, 0x1E, 0xAB, 0x1E, 0xCC, 0x1E, 0xEC, 0x1E, 0x4D, 0x27,
    0x2C, 0x27, 0xEC, 0x1E, 0xAB, 0x1E, 0xAC, 0x1E, 0xAC, 0x1E, 0xAC, 0x1E, 0xAC, 0x1E, 0xAC, 0x1E,
    0xAC, 0x1E, 0xAC, 0x1E, 0xAC, 0x1E, 0xAC, 0x1E, 0xAB, 0x1E, 0xAB, 0x1E, 0xEC, 0x1E, 0x4D, 0x27,
    0x8D, 0x27, 0x2C, 0x27, 0xAB, 0x1E, 0xAB, 0x1E, 0x8B, 0x1E, 0xAC, 0x1E, 0x4A, 0x05, 0x00, 0x00,
    0x00, 0x00, 0xAA, 0x2E, 0xCB, 0x1E, 0xCB, 0x1E, 0xCC, 0x1E, 0xAC, 0x1E, 0x2C, 0x27, 0x8D, 0x27,
    0x4D, 0x27, 0xEC, 0x1E, 0xAB, 0x1E, 0xAB, 0x1E, 0xAC, 0x1E, 0xAC, 0x1E, 0xAC, 0x1E, 0xAC, 0x1E,
    0xAC, 0x1E, 0xAC, 0x1E, 0xAC, 0x1E, 0xAC, 0x1E, 0xAC, 0x1E, 0xAC, 0x1E, 0xAC, 0x1E, 0xAC, 0x1E,
    0xAC, 0x1E, 0xAC, 0x1E, 0xAC, 0x1E, 0xAC, 0x1E, 0xAC, 0x1E, 0xAC, 0x1E, 0xAC, 0x1E, 0xAC, 0x1E,
    0xAC, 0x1E, 0xAC, 0x1E, 0xAC, 0x1E, 0xCC, 0x1E, 0xCC, 0x1E, 0xCC, 0x1E, 0xCC, 0x1E, 0xCC, 0x1E,
    0xCC, 0x1E, 0xAC, 0x1E, 0xAC, 0x1E, 0xAC, 0x1E, 0xAC, 0x1E, 0xAC, 0x1E, 0xAB, 0x1E, 0xAB, 0x1E,
    0xAB, 0x1E, 0xAB, 0x1E, 0xAC, 0x1E, 0xCC, 0x1E, 0xAC, 0x1E, 0xAB, 0x1E, 0xAB, 0x1E, 0xAB, 0x1E,
    0xAB, 0x1E, 0xAC, 0x1E, 0xAB, 0x1E, 0xAC, 0x1E, 0xAB, 0x1E, 0xAC, 0x1E, 0xAC, 0x1E, 0xAC, 0x1E,
    0xAB, 0x1E, 0x8B, 0x1E, 0x8B, 0x1E, 0x8B, 0x1E, 0xAB, 0x1E, 0xAB, 0x1E, 0xAB, 0x1E, 0xAB, 0x1E,
    0xAC, 0x1E, 0xAC, 0x1E, 0xAC, 0x1E, 0xAC, 0x1E, 0xAC, 0x1E, 0xAC, 0x1E, 0xAC, 0x1E, 0xAC, 0x1E,
    0xAC, 0x1E, 0xAC, 0x1E, 0xAC, 0x1E, 0xAB, 0x1E, 0xAB, 0x1E, 0xAB, 0x1E, 0xAB, 0x1E, 0xAC, 0x1E,
    0xAB, 0x1E, 0xCC, 0x1E, 0xAB, 0x1E, 0xAC, 0x1E, 0xCC, 0x1E, 0xAB, 0x1E, 0xAB, 0x1E, 0xAC, 0x1E,
    0xAB, 0x1E, 0xAB, 0x1E, 0xAC, 0x1E, 0xAB, 0x1E, 0xAB, 0x1E, 0xAB, 0x1E, 0xAC, 0x1E, 0xCC, 0x1E,
    0xCC, 0x1E, 0xCC, 0x1E, 0xAC, 0x1E, 0xAC, 0x1E, 0xAC, 0x1E, 0xAC, 0x1E, 0xAC, 0x1E, 0xAC, 0x1E,
    0xAB, 0x1E, 0xAB, 0x1E, 0xAC, 0x1E, 0xAC, 0x1E, 0xAC, 0x1E, 0xCC, 0x1E, 0x0C, 0x27, 0x2C, 0x27,
    0x4D, 0x27, 0x4D, 0x27, 0x4C, 0x27, 0x2C, 0x27, 0x2C, 0x27, 0x2C, 0x27, 0x0C, 0x1F, 0xEC, 0x1E,
    0xCC, 0x1E, 0xAC, 0x1E, 0xAB, 0x1E, 0xAC, 0x1E, 0xAB, 0x1E, 0xAB, 0x1E, 0xAC, 0x1E, 0xAC, 0x1E,
    0xCC, 0x1E, 0xCC, 0x1E, 0xEC, 0x1E, 0x0C, 0x1F, 0x0C, 0x27, 0x0C, 0x1F, 0xEC, 0x26, 0xCC, 0x1E,
    0xAC, 0x1E, 0xAC, 0x1E, 0xAB, 0x1E, 0xCC, 0x1E, 0xAC, 0x1E, 0xAB, 0x1E, 0xAC, 0x1E, 0xCC, 0x1E,
    0xCB, 0x1E, 0x8B, 0x1E, 0x8C, 0x26, 0xCC, 0x1E, 0x8C, 0x1E, 0x8B, 0x1E, 0xCC, 0x1E, 0xCD, 0x16,
    0x00, 0x00, 0x00, 0x00, 0x00, 0x00, 0x00, 0x00, 0x00, 0x00, 0x00, 0x00, 0x00, 0x00, 0x2C, 0x16,
    0xAB, 0x26, 0xCC, 0x26, 0xAB, 0x26, 0xCC, 0x1E, 0xAC, 0x1E, 0xCC, 0x1E, 0xEC, 0x1E, 0x2C, 0x27,
    0x0C, 0x27, 0xCC, 0x1E, 0xAB, 0x1E, 0xAB, 0x1E, 0xAB, 0x1E, 0xAC, 0x1E, 0xAC, 0x1E, 0xAC, 0x1E,
    0xAC, 0x1E, 0xAC, 0x1E, 0xAC, 0x1E, 0xAC, 0x1E, 0xAB, 0x1E, 0xAB, 0x1E, 0xEC, 0x1E, 0x4D, 0x27,
    0xAD, 0x27, 0x2C, 0x27, 0xAC, 0x1E, 0xAC, 0x1E, 0xAB, 0x1E, 0xCB, 0x1E, 0xC8, 0x15, 0x00, 0x00,
    0xE0, 0x07, 0xAB, 0x1E, 0xEC, 0x1E, 0xCC, 0x1E, 0xCC, 0x1E, 0xAC, 0x1E, 0x2D, 0x27, 0x8D, 0x27,
    0x4D, 0x27, 0xEC, 0x1E, 0xAB, 0x1E, 0xAC, 0x1E, 0xAC, 0x1E, 0xAC, 0x1E, 0xAC, 0x1E, 0xAC, 0x1E,
    0xAC, 0x1E, 0xAC, 0x1E, 0xAC, 0x1E, 0xAC, 0x1E, 0xAC, 0x1E, 0xAC, 0x1E, 0xAC, 0x1E, 0xAC, 0x1E,
    0xAC, 0x1E, 0xAC, 0x1E, 0xAC, 0x1E, 0xAC, 0x1E, 0xAC, 0x1E, 0xAC, 0x1E, 0xAC, 0x1E, 0xAC, 0x1E,
    0xAB, 0x1E, 0xAC, 0x1E, 0xCC, 0x1E, 0xCC, 0x1E, 0xCC, 0x1E, 0xCC, 0x1E, 0xCC, 0x1E, 0xCC, 0x1E,
    0xAC, 0x1E, 0xAB, 0x1E, 0xAC, 0x1E, 0xAB, 0x1E, 0xAB, 0x1E, 0xAC, 0x1E, 0xAB, 0x1E, 0xCB, 0x1E,
    0xAB, 0x1E, 0xCB, 0x1E, 0xAB, 0x1E, 0xCC, 0x1E, 0xAB, 0x1E, 0xAB, 0x1E, 0xAC, 0x1E, 0xAC, 0x1E,
    0xAB, 0x1E, 0xAB, 0x1E, 0xAB, 0x1E, 0xAC, 0x1E, 0xAB, 0x1E, 0xAC, 0x1E, 0x8C, 0x1E, 0xAB, 0x1E,
    0x8C, 0x1E, 0xAB, 0x1E, 0x8C, 0x26, 0xAB, 0x1E, 0xCB, 0x1E, 0xCB, 0x1E, 0xCB, 0x1E, 0xCB, 0x1E,
    0xCB, 0x1E, 0xCB, 0x1E, 0xCB, 0x1E, 0xCB, 0x1E, 0xAC, 0x1E, 0xAC, 0x1E, 0xAC, 0x1E, 0xAC, 0x1E,
    0x8B, 0x1E, 0x8B, 0x1E, 0x8B, 0x1E, 0xCB, 0x1E, 0xCB, 0x1E, 0xCB, 0x1E, 0xCB, 0x1E, 0xCB, 0x1E,
    0xCB, 0x1E, 0xCB, 0x1E, 0xCB, 0x1E, 0xCC, 0x1E, 0xEB, 0x1E, 0xEC, 0x1E, 0xCC, 0x1E, 0xCC, 0x1E,
    0xCC, 0x26, 0xAB, 0x1E, 0xCB, 0x1E, 0xAB, 0x1E, 0xAB, 0x1E, 0xAC, 0x1E, 0xAC, 0x1E, 0xCC, 0x1E,
    0xCC, 0x1E, 0xAC, 0x1E, 0xAC, 0x1E, 0xAB, 0x1E, 0xAC, 0x1E, 0xAC, 0x1E, 0xAC, 0x1E, 0xAC, 0x1E,
    0xCC, 0x1E, 0xAC, 0x1E, 0xAC, 0x1E, 0xCC, 0x1E, 0xCC, 0x1E, 0xAC, 0x1E, 0x0C, 0x27, 0x4D, 0x27,
    0x6D, 0x27, 0x6D, 0x27, 0x6D, 0x27, 0x6D, 0x27, 0x6D, 0x27, 0x6D, 0x27, 0x2C, 0x27, 0x0C, 0x1F,
    0xCC, 0x1E, 0xAC, 0x1E, 0xAC, 0x1E, 0xAB, 0x1E, 0xAC, 0x1E, 0xAB, 0x1E, 0xAB, 0x1E, 0xAC, 0x1E,
    0xAC, 0x1E, 0xCC, 0x1E, 0xCC, 0x1E, 0xEC, 0x1E, 0xEC, 0x1E, 0x0C, 0x1F, 0xEC, 0x1E, 0xEC, 0x1E,
    0xAC, 0x1E, 0xAC, 0x1E, 0xAB, 0x1E, 0xAC, 0x1E, 0xAC, 0x1E, 0xAC, 0x1E, 0xAC, 0x1E, 0xAC, 0x1E,
    0xAC, 0x1E, 0xAC, 0x1E, 0xAC, 0x1E, 0xAC, 0x1E, 0xAC, 0x1E, 0xAB, 0x1E, 0xCC, 0x1E, 0xCC, 0x1E,
    0xEF, 0x1E, 0x00, 0x00, 0x00, 0x00, 0x00, 0x00, 0x00, 0x00, 0x00, 0x00, 0xEF, 0x07, 0x6B, 0x1E,
    0x8B, 0x1E, 0xAB, 0x1E, 0xAB, 0x1E, 0xCC, 0x1E, 0xAB, 0x1E, 0xAC, 0x1E, 0xCC, 0x1E, 0x0C, 0x1F,
    0xEC, 0x1E, 0xCC, 0x1E, 0xAB, 0x1E, 0xAC, 0x1E, 0xAC, 0x1E, 0xAC, 0x1E, 0xAC, 0x1E, 0xAC, 0x1E,
    0xAC, 0x1E, 0xAC, 0x1E, 0xAC, 0x1E, 0xAC, 0x1E, 0xAC, 0x1E, 0xAB, 0x1E, 0xEC, 0x1E, 0x4D, 0x27,
    0xAD, 0x27, 0x2C, 0x27, 0xAC, 0x1E, 0xAB, 0x1E, 0xAB, 0x1E, 0x8B, 0x1E, 0x0B, 0x1E, 0x00, 0x00,
    0xE7, 0x07, 0x0B, 0x1F, 0xCB, 0x1E, 0xCB, 0x1E, 0xAC, 0x1E, 0xAC, 0x1E, 0x2C, 0x27, 0x8D, 0x27,
    0x4D, 0x27, 0xEC, 0x1E, 0xAB, 0x1E, 0xAC, 0x1E, 0xAC, 0x1E, 0xAC, 0x1E, 0xAC, 0x1E, 0xAC, 0x1E,
    0xAC, 0x1E, 0xAC, 0x1E, 0xAC, 0x1E, 0xAC, 0x1E, 0xAC, 0x1E, 0xAC, 0x1E, 0xAC, 0x1E, 0xAC, 0x1E,
    0xAC, 0x1E, 0xAC, 0x1E, 0xAC, 0x1E, 0xAC, 0x1E, 0xAC, 0x1E, 0xAC, 0x1E, 0xAC, 0x1E, 0xAC, 0x1E,
    0xAB, 0x1E, 0xAC, 0x1E, 0xCC, 0x1E, 0xCC, 0x1E, 0xCC, 0x1E, 0xCC, 0x1E, 0xCC, 0x1E, 0xAC, 0x1E,
    0xAC, 0x1E, 0xAB, 0x1E, 0xAB, 0x1E, 0xAB, 0x1E, 0xAB, 0x1E, 0xAB, 0x1E, 0xAB, 0x1E, 0xCB, 0x1E,
    0xAB, 0x1E, 0xCB, 0x1E, 0xAB, 0x1E, 0xAB, 0x1E, 0xAB, 0x1E, 0xAB, 0x1E, 0xCB, 0x1E, 0xCC, 0x1E,
    0x8B, 0x1E, 0xCC, 0x1E, 0xAB, 0x1E, 0xAC, 0x1E, 0x8B, 0x1E, 0xAC, 0x1E, 0x6A, 0x1E, 0x6B, 0x1E,
    0x6A, 0x1E, 0x0B, 0x1F, 0x6C, 0x26, 0xCB, 0x26, 0x4A, 0x17, 0x4A, 0x17, 0x4A, 0x17, 0x4A, 0x17,
    0xAA, 0x16, 0xAA, 0x16, 0xAA, 0x16, 0xAA, 0x16, 0x2E, 0x17, 0x2E, 0x17, 0x2E, 0x17, 0x2E, 0x17,
    0xAD, 0x16, 0xAD, 0x16, 0xAD, 0x16, 0xAD, 0x16, 0xAA, 0x16, 0xAA, 0x16, 0xAA, 0x16, 0xAA, 0x16,
    0xAA, 0x16, 0x4D, 0x17, 0xAC, 0x16, 0xCD, 0x16, 0x6B, 0x0F, 0x2B, 0x1F, 0x0C, 0x1F, 0xEB, 0x26,
    0x0C, 0x27, 0xAB, 0x26, 0xEB, 0x1E, 0xCB, 0x1E, 0xAC, 0x1E, 0xCC, 0x1E, 0xCB, 0x1E, 0xCB, 0x1E,
    0xAC, 0x1E, 0xAC, 0x26, 0xAC, 0x1E, 0x8B, 0x1E, 0xAC, 0x1E, 0xAC, 0x1E, 0xAC, 0x1E, 0xAC, 0x1E,
    0xCC, 0x1E, 0xAC, 0x1E, 0xAB, 0x1E, 0xCC, 0x1E, 0xAC, 0x1E, 0xAC, 0x1E, 0xAC, 0x1E, 0xEC, 0x26,
    0x0C, 0x27, 0x0C, 0x27, 0x2C, 0x27, 0x2C, 0x27, 0x2C, 0x27, 0x2C, 0x27, 0x0C, 0x1F, 0xEC, 0x1E,
    0xCC, 0x1E, 0xAC, 0x1E, 0xAC, 0x1E, 0xAB, 0x1E, 0xAB, 0x1E, 0xAB, 0x1E, 0xAC, 0x1E, 0xAC, 0x1E,
    0xAB, 0x1E, 0xAC, 0x1E, 0xCC, 0x1E, 0xCC, 0x1E, 0xCC, 0x1E, 0xCC, 0x1E, 0xCC, 0x1E, 0xCC, 0x1E,
    0xAC, 0x1E, 0xAC, 0x1E, 0xAB, 0x1E, 0xCC, 0x1E, 0xAB, 0x1E, 0xAC, 0x1E, 0xAC, 0x1E, 0xAC, 0x1E,
    0xAB, 0x1E, 0xAB, 0x1E, 0xAC, 0x1E, 0xAC, 0x1E, 0xAC, 0x1E, 0xAB, 0x1E, 0xCC, 0x1E, 0xCC, 0x1E,
    0xEC, 0x1E, 0xEF, 0x07, 0x00, 0x00, 0x00, 0x00, 0x00, 0x00, 0x00, 0x00, 0x0C, 0x1F, 0xAB, 0x1E,
    0xAB, 0x1E, 0xAB, 0x1E, 0xAB, 0x1E, 0xAC, 0x1E, 0xAB, 0x1E, 0xAC, 0x1E, 0xCC, 0x1E, 0xEC, 0x1E,
    0xCC, 0x1E, 0xCC, 0x1E, 0xAB, 0x1E, 0xAB, 0x1E, 0xAC, 0x1E, 0xAC, 0x1E, 0xAC, 0x1E, 0xAC, 0x1E,
    0xAC, 0x1E, 0xAC, 0x1E, 0xAC, 0x1E, 0xAC, 0x1E, 0xAC, 0x1E, 0xAB, 0x1E, 0xEC, 0x1E, 0x4D, 0x27,
    0x8D, 0x27, 0x2C, 0x27, 0xAC, 0x1E, 0xAB, 0x1E, 0xAB, 0x1E, 0xAB, 0x1E, 0x8B, 0x26, 0x00, 0x00,
    0xCD, 0x06, 0xAB, 0x1E, 0xCC, 0x1E, 0xAC, 0x1E, 0xCC, 0x1E, 0xAC, 0x1E, 0x2C, 0x27, 0x8D, 0x27,
    0x4D, 0x27, 0xEC, 0x1E, 0xAB, 0x1E, 0xAC, 0x1E, 0xAC, 0x1E, 0xAC, 0x1E, 0xAC, 0x1E, 0xAC, 0x1E,
    0xAC, 0x1E, 0xAC, 0x1E, 0xAC, 0x1E, 0xAC, 0x1E, 0xAC, 0x1E, 0xAC, 0x1E, 0xAC, 0x1E, 0xAC, 0x1E,
    0xAC, 0x1E, 0xAC, 0x1E, 0xAC, 0x1E, 0xAC, 0x1E, 0xAC, 0x1E, 0xAC, 0x1E, 0xAC, 0x1E, 0xAC, 0x1E,
    0xAB, 0x1E, 0xAC, 0x1E, 0xCC, 0x1E, 0xCC, 0x1E, 0xCC, 0x1E, 0xAB, 0x1E, 0xAB, 0x1E, 0xCC, 0x1E,
    0xAB, 0x1E, 0xAC, 0x1E, 0xAC, 0x1E, 0xAB, 0x1E, 0xAB, 0x1E, 0xAC, 0x1E, 0x8B, 0x1E, 0xCB, 0x1E,
    0xCB, 0x1E, 0xEB, 0x1E, 0xCB, 0x1E, 0xEB, 0x1E, 0x8B, 0x16, 0x8A, 0x1E, 0xCB, 0x1E, 0x6B, 0x1E,
    0xAC, 0x1E, 0xEC, 0x26, 0xEB, 0x26, 0xAD, 0x1E, 0x6A, 0x26, 0x6C, 0x1E, 0xE7, 0x1C, 0xE7, 0x03,
    0xE0, 0x03, 0x00, 0x00, 0x00, 0x00, 0x00, 0x00, 0x00, 0x00, 0x00, 0x00, 0x00, 0x00, 0x00, 0x00,
    0x00, 0x00, 0x00, 0x00, 0x00, 0x00, 0x00, 0x00, 0x00, 0x00, 0x00, 0x00, 0x00, 0x00, 0x00, 0x00,
    0x00, 0x00, 0x00, 0x00, 0x00, 0x00, 0x00, 0x00, 0x00, 0x00, 0x00, 0x00, 0x00, 0x00, 0x00, 0x00,
    0x00, 0x00, 0x00, 0x00, 0x00, 0x00, 0x00, 0x00, 0x00, 0x00, 0xE0, 0x07, 0xEF, 0x07, 0xC9, 0x26,
    0xEC, 0x37, 0xEA, 0x26, 0x0C, 0x1F, 0x2C, 0x27, 0xAC, 0x1E, 0xCB, 0x1E, 0xCB, 0x1E, 0xCB, 0x1E,
    0x8C, 0x1E, 0xAC, 0x26, 0xCC, 0x1E, 0x8B, 0x1E, 0xAC, 0x1E, 0xAC, 0x1E, 0xAC, 0x1E, 0xAC, 0x1E,
    0xCC, 0x1E, 0xAC, 0x1E, 0xAC, 0x1E, 0xCB, 0x1E, 0xCC, 0x1E, 0xAC, 0x1E, 0xAC, 0x1E, 0xAC, 0x1E,
    0xAC, 0x1E, 0xAB, 0x1E, 0xAC, 0x1E, 0xAC, 0x1E, 0xAC, 0x1E, 0xAB, 0x1E, 0xAC, 0x1E, 0xAC, 0x1E,
    0xAB, 0x1E, 0xCC, 0x1E, 0xCC, 0x1E, 0xEC, 0x1E, 0xEC, 0x1E, 0xEC, 0x1E, 0xEC, 0x1E, 0xCC, 0x1E,
    0xCC, 0x1E, 0xCC, 0x1E, 0xAC, 0x1E, 0xAC, 0x1E, 0xAB, 0x1E, 0xAB, 0x1E, 0xAC, 0x1E, 0xAB, 0x1E,
    0xAC, 0x1E, 0xAC, 0x1E, 0xCC, 0x1E, 0xCC, 0x1E, 0xCC, 0x1E, 0xCC, 0x1E, 0xCC, 0x1E, 0xAC, 0x1E,
    0xAC, 0x1E, 0xAC, 0x1E, 0xAC, 0x1E, 0xAC, 0x1E, 0xAC, 0x1E, 0xAB, 0x1E, 0xAB, 0x1E, 0xCC, 0x1E,
    0xAC, 0x1E, 0xCC, 0x1E, 0xED, 0x26, 0x8B, 0x26, 0xCC, 0x26, 0xCB, 0x1E, 0xCC, 0x1E, 0xAB, 0x1E,
    0x8B, 0x1E, 0xAB, 0x1E, 0xAB, 0x1E, 0xAC, 0x1E, 0xAC, 0x1E, 0xAC, 0x1E, 0xCC, 0x1E, 0xCC, 0x1E,
    0xCC, 0x1E, 0xCC, 0x1E, 0xAB, 0x1E, 0xAB, 0x1E, 0xAC, 0x1E, 0xAC, 0x1E, 0xAC, 0x1E, 0xAC, 0x1E,
    0xAC, 0x1E, 0xAC, 0x1E, 0xAC, 0x1E, 0xAC, 0x1E, 0xAC, 0x1E, 0xAB, 0x1E, 0xEC, 0x1E, 0x4D, 0x27,
    0x8D, 0x27, 0x2C, 0x27, 0xAC, 0x1E, 0xAB, 0x1E, 0xAB, 0x1E, 0xCC, 0x1E, 0x4A, 0x1E, 0x4A, 0x05,
    0x2E, 0x17, 0xAB, 0x1E, 0xCC, 0x1E, 0xCC, 0x1E, 0xAC, 0x1E, 0xAC, 0x1E, 0x2C, 0x27, 0x8D, 0x27,
    0x4D, 0x27, 0xEC, 0x1E, 0xAB, 0x1E, 0xAC, 0x1E, 0xAC, 0x1E, 0xAC, 0x1E, 0xAC, 0x1E, 0xAC, 0x1E,
    0xAC, 0x1E, 0xAC, 0x1E, 0xAC, 0x1E, 0xAC, 0x1E, 0xAC, 0x1E, 0xAC, 0x1E, 0xAC, 0x1E, 0xAC, 0x1E,
    0xAC, 0x1E, 0xAC, 0x1E, 0xAC, 0x1E, 0xAC, 0x1E, 0xAC, 0x1E, 0xAC, 0x1E, 0xAC, 0x1E, 0xAC, 0x1E,
    0xAB, 0x1E, 0xAC, 0x1E, 0xCC, 0x1E, 0xCC, 0x1E, 0xCC, 0x1E, 0xAC, 0x1E, 0xAB, 0x1E, 0xAC, 0x1E,
    0xAC, 0x1E, 0xAB, 0x1E, 0xAB, 0x1E, 0x8B, 0x1E, 0xAB, 0x1E, 0x8B, 0x1E, 0xAC, 0x1E, 0xCB, 0x1E,
    0xCA, 0x26, 0x2B, 0x1F, 0x0C, 0x1F, 0x6B, 0x17, 0x6C, 0x06, 0xA9, 0x05, 0xEC, 0x07, 0x6C, 0x06,
    0xEF, 0x3D, 0xEA, 0x57, 0xEA, 0x57, 0xFF, 0x07, 0x00, 0x00, 0x00, 0x00, 0x00, 0x00, 0x00, 0x00,
    0x00, 0x00, 0x00, 0x00, 0x00, 0x00, 0x00, 0x00, 0x00, 0x00, 0x00, 0x00, 0x00, 0x00, 0x00, 0x00,
    0x00, 0x00, 0x00, 0x00, 0x00, 0x00, 0x00, 0x00, 0x00, 0x00, 0x00, 0x00, 0x00, 0x00, 0x00, 0x00,
    0x00, 0x00, 0x00, 0x00, 0x00, 0x00, 0x00, 0x00, 0x00, 0x00, 0x00, 0x00, 0x00, 0x00, 0x00, 0x00,
    0x00, 0x00, 0x00, 0x00, 0x00, 0x00, 0x00, 0x00, 0x00, 0x00, 0x00, 0x00, 0x00, 0x00, 0x00, 0x00,
    0x00, 0x00, 0x00, 0x00, 0x00, 0x00, 0xEF, 0x7F, 0xCC, 0x34, 0xEC, 0x07, 0x6C, 0x06, 0xAA, 0x06,
    0xAD, 0x05, 0xEF, 0x1E, 0x8B, 0x16, 0x6B, 0x1E, 0x8C, 0x26, 0x8C, 0x1E, 0x6C, 0x16, 0xCC, 0x1E,
    0xEC, 0x1E, 0xCC, 0x1E, 0xCC, 0x1E, 0xCB, 0x1E, 0xCC, 0x1E, 0xCC, 0x1E, 0xCC, 0x1E, 0xAC, 0x1E,
    0xAC, 0x1E, 0xAC, 0x1E, 0xAB, 0x1E, 0xCC, 0x1E, 0xCC, 0x1E, 0xCC, 0x1E, 0xAC, 0x1E, 0xAB, 0x1E,
    0xAB, 0x1E, 0xCC, 0x1E, 0x2C, 0x27, 0x4D, 0x27, 0x6D, 0x27, 0x4D, 0x27, 0x2C, 0x27, 0x2C, 0x27,
    0x0C, 0x1F, 0xEC, 0x1E, 0xCC, 0x1E, 0xAC, 0x1E, 0xAC, 0x1E, 0xAB, 0x1E, 0xAC, 0x1E, 0xAB, 0x1E,
    0xAC, 0x1E, 0xAC, 0x1E, 0xCC, 0x1E, 0xCC, 0x1E, 0xEC, 0x1E, 0xEC, 0x1E, 0xEC, 0x26, 0xEC, 0x1E,
    0xCC, 0x1E, 0xAB, 0x1E, 0xAC, 0x1E, 0xAC, 0x1E, 0xAB, 0x1E, 0xAB, 0x1E, 0xCC, 0x1E, 0xAC, 0x1E,
    0xAB, 0x1E, 0xAB, 0x1E, 0xCC, 0x1E, 0xAC, 0x1E, 0xAC, 0x1E, 0xAB, 0x1E, 0xAB, 0x1E, 0xAB, 0x1E,
    0xAB, 0x1E, 0xAB, 0x1E, 0xAB, 0x1E, 0xAC, 0x1E, 0xAC, 0x1E, 0xAC, 0x1E, 0xAC, 0x1E, 0xAC, 0x1E,
    0xCC, 0x1E, 0xCC, 0x1E, 0xAB, 0x1E, 0xAB, 0x1E, 0xAC, 0x1E, 0xAC, 0x1E, 0xAC, 0x1E, 0xAC, 0x1E,
    0xAC, 0x1E, 0xAC, 0x1E, 0xAC, 0x1E, 0xAC, 0x1E, 0xAC, 0x1E, 0xAB, 0x1E, 0xEC, 0x1E, 0x4D, 0x27,
    0x8D, 0x27, 0x2C, 0x27, 0xCC, 0x1E, 0xAB, 0x1E, 0xCB, 0x1E, 0xAB, 0x1E, 0x8B, 0x1E, 0xA9, 0x25,
    0x6E, 0x27, 0xAC, 0x1E, 0xAC, 0x1E, 0xAB, 0x1E, 0xAC, 0x1E, 0xAC, 0x1E, 0x2C, 0x27, 0x8D, 0x27,
    0x4D, 0x27, 0xEC, 0x1E, 0xAB, 0x1E, 0xAC, 0x1E, 0xAC, 0x1E, 0xAC, 0x1E, 0xAC, 0x1E, 0xAC, 0x1E,
    0xAC, 0x1E, 0xAC, 0x1E, 0xAC, 0x1E, 0xAC, 0x1E, 0xAC, 0x1E, 0xAC, 0x1E, 0xAC, 0x1E, 0xAC, 0x1E,
    0xAC, 0x1E, 0xAC, 0x1E, 0xAC, 0x1E, 0xAC, 0x1E, 0xAB, 0x1E, 0xAC, 0x1E, 0xCC, 0x1E, 0xAC, 0x1E,
    0xAB, 0x1E, 0xAC, 0x1E, 0xCC, 0x1E, 0xCC, 0x1E, 0xAC, 0x1E, 0xAC, 0x1E, 0xAB, 0x1E, 0xAB, 0x1E,
    0xCC, 0x1E, 0xAB, 0x1E, 0xAB, 0x1E, 0x6B, 0x1E, 0x8B, 0x1E, 0x4B, 0x1E, 0x8B, 0x1E, 0x8B, 0x16,
    0xEA, 0x2F, 0xEC, 0x07, 0xAA, 0x06, 0xEA, 0x07, 0x00, 0x00, 0x00, 0x00, 0x00, 0x00, 0x00, 0x00,
    0x00, 0x00, 0x00, 0x00, 0x00, 0x00, 0x00, 0x00, 0x00, 0x00, 0x00, 0x00, 0x00, 0x00, 0x00, 0x00,
    0x00, 0x00, 0x00, 0x00, 0x00, 0x00, 0x00, 0x00, 0x00, 0x00, 0x00, 0x00, 0x00, 0x00, 0x00, 0x00,
    0x00, 0x00, 0x00, 0x00, 0x00, 0x00, 0x00, 0x00, 0x00, 0x00, 0x00, 0x00, 0x00, 0x00, 0x00, 0x00,
    0x00, 0x00, 0x00, 0x00, 0x00, 0x00, 0x00, 0x00, 0x00, 0x00, 0x00, 0x00, 0x00, 0x00, 0x00, 0x00,
    0x00, 0x00, 0x00, 0x00, 0x00, 0x00, 0x00, 0x00, 0x00, 0x00, 0x00, 0x00, 0x00, 0x00, 0x00, 0x00,
    0x00, 0x00, 0x00, 0x00, 0x00, 0x00, 0x00, 0x00, 0x00, 0x00, 0x00, 0x00, 0x00, 0x00, 0x00, 0x00,
    0x00, 0x00, 0x00, 0x00, 0xFF, 0x07, 0xE7, 0x05, 0xEB, 0x1D, 0x8B, 0x16, 0x2C, 0x16, 0xCB, 0x26,
    0x0B, 0x1F, 0xEC, 0x26, 0xCB, 0x16, 0xEB, 0x1E, 0xAC, 0x1E, 0xCC, 0x1E, 0xAC, 0x1E, 0xAB, 0x1E,
    0xAC, 0x1E, 0xCC, 0x1E, 0xAB, 0x1E, 0xAC, 0x1E, 0xAC, 0x1E, 0xAB, 0x1E, 0xCC, 0x1E, 0xAB, 0x1E,
    0xAB, 0x1E, 0xAB, 0x1E, 0x2C, 0x27, 0x8D, 0x27, 0xAD, 0x27, 0x8D, 0x27, 0x6D, 0x27, 0x4D, 0x27,
    0x2C, 0x27, 0x0C, 0x1F, 0xEC, 0x1E, 0xCC, 0x1E, 0xAC, 0x1E, 0xAB, 0x1E, 0xAB, 0x1E, 0xAC, 0x1E,
    0xAB, 0x1E, 0xAB, 0x1E, 0xCC, 0x1E, 0xCC, 0x1E, 0xCC, 0x1E, 0xEC, 0x1E, 0xEC, 0x1E, 0xEC, 0x1E,
    0xEC, 0x1E, 0xCC, 0x1E, 0xAC, 0x1E, 0xAC, 0x1E, 0xAC, 0x1E, 0xAB, 0x1E, 0xAC, 0x1E, 0xCC, 0x1E,
    0xAB, 0x1E, 0xAB, 0x1E, 0xCC, 0x1E, 0xAC, 0x1E, 0xAC, 0x1E, 0xAC, 0x1E, 0xAB, 0x1E, 0xAB, 0x1E,
    0xAC, 0x1E, 0xAB, 0x1E, 0xAB, 0x1E, 0xAC, 0x1E, 0xCC, 0x1E, 0xCC, 0x1E, 0xAC, 0x1E, 0xAC, 0x1E,
    0xAC, 0x1E, 0xAC, 0x1E, 0xAC, 0x1E, 0xAC, 0x1E, 0xAC, 0x1E, 0xAC, 0x1E, 0xAC, 0x1E, 0xAC, 0x1E,
    0xAC, 0x1E, 0xAC, 0x1E, 0xAC, 0x1E, 0xAC, 0x1E, 0xAC, 0x1E, 0xAB, 0x1E, 0xEC, 0x1E, 0x4D, 0x27,
    0x8D, 0x27, 0x2C, 0x27, 0xAC, 0x1E, 0xAB, 0x1E, 0xAC, 0x1E, 0xEC, 0x26, 0xAB, 0x26, 0x8B, 0x2E,
    0x2D, 0x2F, 0xAC, 0x1E, 0xAC, 0x1E, 0xCC, 0x1E, 0xAC, 0x1E, 0xAB, 0x1E, 0x2C, 0x27, 0x8D, 0x27,
    0x4D, 0x27, 0xEC, 0x1E, 0xAB, 0x1E, 0xAC, 0x1E, 0xAC, 0x1E, 0xAC, 0x1E, 0xAC, 0x1E, 0xAC, 0x1E,
    0xAC, 0x1E, 0xAC, 0x1E, 0xAC, 0x1E, 0xAC, 0x1E, 0xAC, 0x1E, 0xAC, 0x1E, 0xAC, 0x1E, 0xAC, 0x1E,
    0xAC, 0x1E, 0xAC, 0x1E, 0xAC, 0x1E, 0xAC, 0x1E, 0xAB, 0x1E, 0xAC, 0x1E, 0xCC, 0x1E, 0xCC, 0x1E,
    0xAC, 0x1E, 0xAC, 0x1E, 0xCC, 0x1E, 0xAC, 0x1E, 0xAB, 0x1E, 0xCB, 0x1E, 0xAB, 0x1E, 0xAB, 0x1E,
    0xAB, 0x1E, 0x8B, 0x1E, 0xCB, 0x1E, 0x4B, 0x1E, 0x2A, 0x1E, 0xAA, 0x2E, 0x4A, 0x05, 0x4A, 0x05,
    0xE0, 0x07, 0xE0, 0x07, 0xE0, 0x07, 0xE0, 0x07, 0x00, 0x00, 0x00, 0x00, 0x00, 0x00, 0x00, 0x00,
    0x00, 0x00, 0x00, 0x00, 0x00, 0x00, 0x00, 0x00, 0x00, 0x00, 0x00, 0x00, 0x00, 0x00, 0x00, 0x00,
    0x00, 0x00, 0x00, 0x00, 0x00, 0x00, 0x00, 0x00, 0x00, 0x00, 0x00, 0x00, 0x00, 0x00, 0x00, 0x00,
    0x00, 0x00, 0x00, 0x00, 0x00, 0x00, 0x00, 0x00, 0x00, 0x00, 0x00, 0x00, 0x00, 0x00, 0x00, 0x00,
    0x00, 0x00, 0x00, 0x00, 0x00, 0x00, 0x00, 0x00, 0x00, 0x00, 0x00, 0x00, 0x00, 0x00, 0x00, 0x00,
    0x00, 0x00, 0x00, 0x00, 0x00, 0x00, 0x00, 0x00, 0x00, 0x00, 0x00, 0x00, 0x00, 0x00, 0x00, 0x00,
    0x00, 0x00, 0x00, 0x00, 0x00, 0x00, 0x00, 0x00, 0x00, 0x00, 0x00, 0x00, 0x00, 0x00, 0x00, 0x00,
    0x00, 0x00, 0x00, 0x00, 0x00, 0x00, 0x00, 0x00, 0xFF, 0x07, 0xEF, 0x07, 0x4A, 0x05, 0xEA, 0x07,
    0xE7, 0x07, 0xCD, 0x26, 0x2B, 0x17, 0x0B, 0x0F, 0xAD, 0x1E, 0x8D, 0x1E, 0x8C, 0x16, 0xAB, 0x26,
    0x8C, 0x1E, 0xAC, 0x1E, 0x8C, 0x26, 0x0C, 0x1F, 0xCC, 0x26, 0xAC, 0x1E, 0xAB, 0x26, 0xAC, 0x1E,
    0xAB, 0x1E, 0xAB, 0x1E, 0xAB, 0x1E, 0x2C, 0x27, 0x4D, 0x27, 0x2C, 0x27, 0x0C, 0x27, 0x0C, 0x1F,
    0x0C, 0x1F, 0xEC, 0x1E, 0xCC, 0x1E, 0xAC, 0x1E, 0xAC, 0x1E, 0xAC, 0x1E, 0xAC, 0x1E, 0xAC, 0x1E,
    0xAC, 0x1E, 0xAB, 0x1E, 0xAC, 0x1E, 0xCC, 0x1E, 0xCC, 0x1E, 0xCC, 0x1E, 0xCC, 0x1E, 0xCC, 0x1E,
    0xCC, 0x1E, 0xCC, 0x1E, 0xCC, 0x1E, 0xAC, 0x1E, 0xAB, 0x1E, 0xAB, 0x1E, 0xAC, 0x1E, 0xAC, 0x1E,
    0xAB, 0x1E, 0xAB, 0x1E, 0xCC, 0x1E, 0xAB, 0x1E, 0xAB, 0x1E, 0xAB, 0x1E, 0xAB, 0x1E, 0xAB, 0x1E,
    0xAC, 0x1E, 0xAB, 0x1E, 0xAB, 0x1E, 0xAC, 0x1E, 0xCC, 0x1E, 0xAC, 0x1E, 0xAC, 0x1E, 0xAC, 0x1E,
    0xAC, 0x1E, 0xAC, 0x1E, 0xAC, 0x1E, 0xAC, 0x1E, 0xAC, 0x1E, 0xAC, 0x1E, 0xAC, 0x1E, 0xAC, 0x1E,
    0xAC, 0x1E, 0xAC, 0x1E, 0xAC, 0x1E, 0xAC, 0x1E, 0xAC, 0x1E, 0xAB, 0x1E, 0xEC, 0x1E, 0x4D, 0x27,
    0x8D, 0x27, 0x2C, 0x27, 0xAC, 0x1E, 0xAB, 0x1E, 0xAC, 0x1E, 0xCC, 0x26, 0xAC, 0x26, 0x6B, 0x37,
    0xEE, 0x26, 0xAC, 0x1E, 0xAB, 0x1E, 0xAB, 0x1E, 0xAC, 0x1E, 0xAB, 0x1E, 0x2C, 0x27, 0x8D, 0x27,
    0x4D, 0x27, 0xEC, 0x1E, 0xAB, 0x1E, 0xAC, 0x1E, 0xAC, 0x1E, 0xAC, 0x1E, 0xAC, 0x1E, 0xAC, 0x1E,
    0xAC, 0x1E, 0xAC, 0x1E, 0xAC, 0x1E, 0xAC, 0x1E, 0xAC, 0x1E, 0xAC, 0x1E, 0xAC, 0x1E, 0xAC, 0x1E,
    0xAC, 0x1E, 0xAC, 0x1E, 0xAC, 0x1E, 0xAC, 0x1E, 0xAB, 0x1E, 0xAC, 0x1E, 0xCC, 0x1E, 0xCC, 0x1E,
    0xAC, 0x1E, 0xAC, 0x1E, 0xCC, 0x1E, 0xAB, 0x1E, 0xAB, 0x1E, 0xAB, 0x1E, 0xAB, 0x1E, 0xAB, 0x1E,
    0xCB, 0x1E, 0xAB, 0x1E, 0xAC, 0x16, 0x00, 0x00, 0x00, 0x00, 0x00, 0x00, 0x00, 0x00, 0x1F, 0x00,
    0x00, 0x00, 0x00, 0x00, 0x00, 0x00, 0xE0, 0x07, 0x00, 0x00, 0x00, 0x00, 0x00, 0x00, 0x00, 0x00,
    0x00, 0x00, 0x00, 0x00, 0x00, 0x00, 0x00, 0x00, 0x00, 0x00, 0x00, 0x00, 0x00, 0x00, 0x00, 0x00,
    0x00, 0x00, 0x00, 0x00, 0x00, 0x00, 0x00, 0x00, 0x00, 0x00, 0x00, 0x00, 0x00, 0x00, 0x00, 0x00,
    0xE0, 0x07, 0x00, 0x00, 0x00, 0x00, 0x00, 0x00, 0x00, 0x00, 0x00, 0x00, 0x00, 0x00, 0x00, 0x00,
    0x00, 0x00, 0x00, 0x00, 0x00, 0x00, 0x00, 0x00, 0x00, 0x00, 0x00, 0x00, 0xE0, 0x07, 0xE0, 0x07,
    0xE0, 0x07, 0x00, 0x00, 0x00, 0x00, 0x00, 0x00, 0x00, 0x00, 0x00, 0x00, 0x00, 0x00, 0x00, 0x00,
    0x00, 0x00, 0x00, 0x00, 0x00, 0x00, 0x00, 0x00, 0x00, 0x00, 0x00, 0x00, 0x00, 0x00, 0x00, 0x00,
    0x00, 0x00, 0x00, 0x00, 0x00, 0x00, 0x00, 0x00, 0x00, 0x00, 0x00, 0x00, 0x00, 0x00, 0x00, 0x00,
    0x00, 0x00, 0x00, 0x00, 0x00, 0x00, 0x00, 0x00, 0x00, 0x00, 0x00, 0x00, 0x00, 0x00, 0x00, 0x00,
    0xEF, 0x05, 0xEF, 0x07, 0x00, 0x00, 0x00, 0x00, 0x00, 0x00, 0x2E, 0x1E, 0xEB, 0x26, 0xAC, 0x26,
    0xAB, 0x1E, 0xAB, 0x1E, 0xAB, 0x1E, 0xAB, 0x1E, 0xCC, 0x1E, 0xCC, 0x1E, 0xAC, 0x1E, 0xAB, 0x1E,
    0xAC, 0x1E, 0xAB, 0x1E, 0xAC, 0x1E, 0xAC, 0x1E, 0xCC, 0x1E, 0xCC, 0x1E, 0xCC, 0x1E, 0xCC, 0x1E,
    0xCC, 0x1E, 0xCC, 0x1E, 0xCC, 0x1E, 0xAC, 0x1E, 0xAC, 0x1E, 0xAC, 0x1E, 0xAB, 0x1E, 0xAB, 0x1E,
    0xAB, 0x1E, 0xAB, 0x1E, 0xAC, 0x1E, 0xAC, 0x1E, 0xAC, 0x1E, 0xCC, 0x1E, 0xCC, 0x1E, 0xCC, 0x1E,
    0xCC, 0x1E, 0xCC, 0x1E, 0xCC, 0x1E, 0xCC, 0x1E, 0xCC, 0x1E, 0xCC, 0x1E, 0xCC, 0x1E, 0xCC, 0x1E,
    0xAC, 0x1E, 0xAC, 0x1E, 0xAB, 0x1E, 0xAC, 0x1E, 0xAC, 0x1E, 0xAC, 0x1E, 0xAC, 0x1E, 0xAC, 0x1E,
    0xAC, 0x1E, 0xAC, 0x1E, 0xAC, 0x1E, 0xAC, 0x1E, 0xAC, 0x1E, 0xAC, 0x1E, 0xAC, 0x1E, 0xAC, 0x1E,
    0xAC, 0x1E, 0xAC, 0x1E, 0xAC, 0x1E, 0xAC, 0x1E, 0xAC, 0x1E, 0xAB, 0x1E, 0xEC, 0x1E, 0x4D, 0x27,
    0x8D, 0x27, 0x2C, 0x27, 0xAC, 0x1E, 0xAB, 0x1E, 0xAC, 0x1E, 0xCC, 0x26, 0xCB, 0x1E, 0x0D, 0x2F,
    0xAD, 0x2E, 0xAC, 0x1E, 0x8C, 0x1E, 0xAC, 0x1E, 0xAB, 0x1E, 0xAB, 0x1E, 0x2C, 0x27, 0x8D, 0x27,
    0x4D, 0x27, 0xEC, 0x1E, 0xAB, 0x1E, 0xAC, 0x1E, 0xAC, 0x1E, 0xAC, 0x1E, 0xAC, 0x1E, 0xAC, 0x1E,
    0xAC, 0x1E, 0xAC, 0x1E, 0xAC, 0x1E, 0xAC, 0x1E, 0xAC, 0x1E, 0xAC, 0x1E, 0xAC, 0x1E, 0xAC, 0x1E,
    0xAC, 0x1E, 0xAC, 0x1E, 0xAC, 0x1E, 0xAC, 0x1E, 0xAB, 0x1E, 0xAC, 0x1E, 0xCC, 0x1E, 0xCC, 0x1E,
    0xCC, 0x1E, 0xAC, 0x1E, 0xAB, 0x1E, 0xAC, 0x1E, 0xAB, 0x1E, 0xAB, 0x1E, 0xAB, 0x1E, 0xCC, 0x1E,
    0xAC, 0x1E, 0x6A, 0x1E, 0x00, 0x00, 0x00, 0x00, 0x00, 0x00, 0x00, 0x00, 0x00, 0x00, 0x1F, 0x00,
    0x00, 0x00, 0x00, 0x00, 0x00, 0x00, 0x00, 0x00, 0x00, 0x00, 0x00, 0x00, 0x00, 0x00, 0x00, 0x00,
    0x00, 0x00, 0x00, 0x00, 0x00, 0x00, 0x00, 0x00, 0x00, 0x00, 0x00, 0x00, 0x00, 0x00, 0x00, 0x00,
    0x00, 0x00, 0x00, 0x00, 0x00, 0x00, 0x00, 0x00, 0x00, 0x00, 0x00, 0x00, 0x00, 0x00, 0x00, 0x00,
    0x00, 0x00, 0x00, 0x00, 0x00, 0x00, 0x00, 0x00, 0x00, 0x00, 0x00, 0x00, 0x00, 0x00, 0x00, 0x00,
    0x00, 0x00, 0x00, 0x00, 0x00, 0x00, 0x00, 0x00, 0x00, 0x00, 0x00, 0x00, 0x00, 0x00, 0x00, 0x00,
    0x00, 0x00, 0x00, 0x00, 0x00, 0x00, 0x00, 0x00, 0x00, 0x00, 0x00, 0x00, 0x00, 0x00, 0x00, 0x00,
    0x00, 0x00, 0x00, 0x00, 0x00, 0x00, 0x00, 0x00, 0x00, 0x00, 0x00, 0x00, 0x00, 0x00, 0x00, 0x00,
    0x00, 0x00, 0x00, 0x00, 0x00, 0x00, 0x00, 0x00, 0x00, 0x00, 0x00, 0x00, 0x00, 0x00, 0x00, 0x00,
    0x00, 0x00, 0x00, 0x00, 0x00, 0x00, 0x00, 0x00, 0x00, 0x00, 0x00, 0x00, 0x00, 0x00, 0x00, 0x00,
    0x00, 0x00, 0x00, 0x00, 0x00, 0x00, 0x00, 0x00, 0x00, 0x00, 0x00, 0x00, 0x4C, 0x27, 0xAC, 0x1E,
    0xAB, 0x1E, 0x8B, 0x1E, 0xAB, 0x1E, 0xCB, 0x1E, 0xEC, 0x1E, 0xCC, 0x1E, 0xAC, 0x1E, 0xAB, 0x1E,
    0xAC, 0x1E, 0xAB, 0x1E, 0xAC, 0x1E, 0xAC, 0x1E, 0xCC, 0x1E, 0x0C, 0x1F, 0x2C, 0x27, 0x2C, 0x27,
    0x0C, 0x1F, 0xEC, 0x1E, 0xCC, 0x1E, 0xCC, 0x1E, 0xAC, 0x1E, 0xAC, 0x1E, 0xAC, 0x1E, 0xAC, 0x1E,
    0xAC, 0x1E, 0xAC, 0x1E, 0xAB, 0x1E, 0xAC, 0x1E, 0xCC, 0x1E, 0xCC, 0x1E, 0xEC, 0x1E, 0x0C, 0x1F,
    0x0C, 0x1F, 0x2C, 0x27, 0x2C, 0x27, 0x2C, 0x27, 0x2C, 0x27, 0x2C, 0x27, 0x2C, 0x27, 0x0C, 0x1F,
    0xEC, 0x1E, 0xCC, 0x1E, 0xCC, 0x1E, 0xAC, 0x1E, 0xAC, 0x1E, 0xAC, 0x1E, 0xAC, 0x1E, 0xAC, 0x1E,
    0xAC, 0x1E, 0xAC, 0x1E, 0xAC, 0x1E, 0xAC, 0x1E, 0xAC, 0x1E, 0xAC, 0x1E, 0xAC, 0x1E, 0xAC, 0x1E,
    0xAC, 0x1E, 0xAC, 0x1E, 0xAC, 0x1E, 0xAC, 0x1E, 0xAC, 0x1E, 0xAB, 0x1E, 0xEC, 0x1E, 0x4D, 0x27,
    0x8D, 0x27, 0x2C, 0x27, 0xAC, 0x1E, 0xAB, 0x1E, 0xAC, 0x1E, 0xCC, 0x26, 0xCC, 0x1E, 0x2B, 0x37,
    0xAD, 0x2E, 0xAC, 0x1E, 0x8C, 0x1E, 0xAC, 0x1E, 0xAB, 0x1E, 0xAB, 0x1E, 0x2C, 0x27, 0x8D, 0x27,
    0x4D, 0x27, 0xEC, 0x1E, 0xAB, 0x1E, 0xAC, 0x1E, 0xAC, 0x1E, 0xAC, 0x1E, 0xAC, 0x1E, 0xAC, 0x1E,
    0xAC, 0x1E, 0xAC, 0x1E, 0xAC, 0x1E, 0xAC, 0x1E, 0xAC, 0x1E, 0xAC, 0x1E, 0xAC, 0x1E, 0xAC, 0x1E,
    0xAC, 0x1E, 0xAC, 0x1E, 0xAC, 0x1E, 0xAC, 0x1E, 0xAB, 0x1E, 0xAB, 0x1E, 0xCC, 0x1E, 0xCC, 0x1E,
    0xCC, 0x1E, 0xCC, 0x1E, 0xAB, 0x1E, 0xAC, 0x1E, 0xAB, 0x1E, 0xAB, 0x1E, 0xAC, 0x1E, 0xCB, 0x1E,
    0xAC, 0x1E, 0xAB, 0x1E, 0x00, 0x00, 0x00, 0x00, 0x00, 0x00, 0x00, 0x00, 0xFF, 0x07, 0xAA, 0x02,
    0xE0, 0x07, 0x00, 0x00, 0x00, 0x00, 0x00, 0x00, 0x00, 0x00, 0x00, 0x00, 0x00, 0x00, 0x00, 0x00,
    0x00, 0x00, 0x00, 0x00, 0x00, 0x00, 0x00, 0x00, 0x00, 0x00, 0x00, 0x00, 0x00, 0x00, 0x00, 0x00,
    0x00, 0x00, 0x00, 0x00, 0x00, 0x00, 0x00, 0x00, 0x00, 0x00, 0x00, 0x00, 0x00, 0x00, 0x00, 0x00,
    0x00, 0x00, 0x00, 0x00, 0x00, 0x00, 0x00, 0x00, 0x00, 0x00, 0x00, 0x00, 0x00, 0x00, 0x00, 0x00,
    0x00, 0x00, 0x00, 0x00, 0x00, 0x00, 0x00, 0x00, 0x00, 0x00, 0x00, 0x00, 0x00, 0x00, 0x00, 0x00,
    0x00, 0x00, 0x00, 0x00, 0x00, 0x00, 0x00, 0x00, 0x00, 0x00, 0x00, 0x00, 0x00, 0x00, 0x00, 0x00,
    0x00, 0x00, 0x00, 0x00, 0x00, 0x00, 0x00, 0x00, 0x00, 0x00, 0x00, 0x00, 0x00, 0x00, 0x00, 0x00,
    0x00, 0x00, 0x00, 0x00, 0x00, 0x00, 0x00, 0x00, 0x00, 0x00, 0x00, 0x00, 0x00, 0x00, 0x00, 0x00,
    0x00, 0x00, 0x00, 0x00, 0x00, 0x00, 0x00, 0x00, 0x00, 0x00, 0x00, 0x00, 0x00, 0x00, 0x00, 0x00,
    0x00, 0x00, 0x00, 0x00, 0x00, 0x00, 0x00, 0x00, 0x00, 0x00, 0x00, 0x00, 0xEF, 0x07, 0xEC, 0x26,
    0xAB, 0x1E, 0x8B, 0x1E, 0xAB, 0x1E, 0xCC, 0x1E, 0xEC, 0x1E, 0xCC, 0x1E, 0xAC, 0x1E, 0xAB, 0x1E,
    0xAC, 0x1E, 0xAB, 0x1E, 0xAC, 0x1E, 0xAC, 0x1E, 0xAC, 0x1E, 0xEC, 0x1E, 0x2C, 0x27, 0x4C, 0x27,
    0x2C, 0x27, 0x0C, 0x1F, 0xCC, 0x1E, 0xCC, 0x1E, 0xAC, 0x1E, 0xAC, 0x1E, 0xAB, 0x1E, 0xAC, 0x1E,
    0xAC, 0x1E, 0xAC, 0x1E, 0xAB, 0x1E, 0xAC, 0x1E, 0xCC, 0x1E, 0xCC, 0x1E, 0xEC, 0x1E, 0x0C, 0x1F,
    0x0C, 0x1F, 0x2C, 0x27, 0x2C, 0x27, 0x2C, 0x27, 0x2C, 0x27, 0x2C, 0x27, 0x0C, 0x27, 0x0C, 0x1F,
    0xEC, 0x1E, 0xCC, 0x1E, 0xCC, 0x1E, 0xCC, 0x1E, 0xAC, 0x1E, 0xAC, 0x1E, 0xAC, 0x1E, 0xAC, 0x1E,
    0xAC, 0x1E, 0xAC, 0x1E, 0xAC, 0x1E, 0xAC, 0x1E, 0xAC, 0x1E, 0xAC, 0x1E, 0xAC, 0x1E, 0xAC, 0x1E,
    0xAC, 0x1E, 0xAC, 0x1E, 0xAC, 0x1E, 0xAC, 0x1E, 0xAC, 0x1E, 0xAB, 0x1E, 0xEC, 0x1E, 0x4D, 0x27,
    0x8D, 0x27, 0x2C, 0x27, 0xAC, 0x1E, 0xAB, 0x1E, 0xAC, 0x1E, 0xCC, 0x26, 0xCC, 0x1E, 0x2B, 0x37,
    0xEE, 0x26, 0xAC, 0x1E, 0xAB, 0x1E, 0xAB, 0x1E, 0xAC, 0x1E, 0xAB, 0x1E, 0x2C, 0x27, 0x8D, 0x27,
    0x4D, 0x27, 0xEC, 0x1E, 0xAB, 0x1E, 0xAC, 0x1E, 0xAC, 0x1E, 0xAC, 0x1E, 0xAC, 0x1E, 0xAC, 0x1E,
    0xAC, 0x1E, 0xAC, 0x1E, 0xAC, 0x1E, 0xAC, 0x1E, 0xAC, 0x1E, 0xAC, 0x1E, 0xAC, 0x1E, 0xAC, 0x1E,
    0xAC, 0x1E, 0xAC, 0x1E, 0xAC, 0x1E, 0xAC, 0x1E, 0xAB, 0x1E, 0xAB, 0x1E, 0xCC, 0x1E, 0xCC, 0x1E,
    0xCC, 0x1E, 0xCC, 0x1E, 0xAB, 0x1E, 0xAC, 0x1E, 0xAC, 0x1E, 0xAC, 0x1E, 0xCC, 0x1E, 0xAC, 0x1E,
    0xCC, 0x1E, 0x8C, 0x26, 0xEF, 0x3F, 0x00, 0x00, 0x00, 0x00, 0x00, 0x00, 0xEF, 0x07, 0xE7, 0x03,
    0xE0, 0x03, 0x00, 0x00, 0x00, 0x00, 0x00, 0x00, 0x00, 0x00, 0x00, 0x00, 0x00, 0x00, 0x00, 0x00,
    0x00, 0x00, 0x00, 0x00, 0x00, 0x00, 0x00, 0x00, 0x00, 0x00, 0x00, 0x00, 0x00, 0x00, 0x00, 0x00,
    0x00, 0x00, 0x00, 0x00, 0x00, 0x00, 0x00, 0x00, 0x00, 0x00, 0x00, 0x00, 0x00, 0x00, 0x00, 0x00,
    0x00, 0x00, 0x00, 0x00, 0x00, 0x00, 0x00, 0x00, 0x00, 0x00, 0x00, 0x00, 0x00, 0x00, 0x00, 0x00,
    0x00, 0x00, 0x00, 0x00, 0x00, 0x00, 0x00, 0x00, 0x00, 0x00, 0x00, 0x00, 0x00, 0x00, 0x00, 0x00,
    0x00, 0x00, 0x00, 0x00, 0x00, 0x00, 0x00, 0x00, 0x00, 0x00, 0x00, 0x00, 0x00, 0x00, 0x00, 0x00,
    0x00, 0x00, 0x00, 0x00, 0x00, 0x00, 0x00, 0x00, 0x00, 0x00, 0x00, 0x00, 0x00, 0x00, 0x00, 0x00,
    0xE0, 0x07, 0x00, 0x00, 0x00, 0x00, 0x00, 0x00, 0x00, 0x00, 0x00, 0x00, 0x00, 0x00, 0x00, 0x00,
    0x00, 0x00, 0x00, 0x00, 0x00, 0x00, 0x00, 0x00, 0x00, 0x00, 0x00, 0x00, 0x00, 0x00, 0x00, 0x00,
    0x00, 0x00, 0x00, 0x00, 0x00, 0x00, 0x00, 0x00, 0x00, 0x00, 0x00, 0x00, 0x00, 0x00, 0xAF, 0x2E,
    0xEA, 0x16, 0xCC, 0x1E, 0x8B, 0x26, 0xEC, 0x26, 0xEC, 0x26, 0xEC, 0x26, 0xAC, 0x26, 0xAC, 0x26,
    0xAC, 0x26, 0xAC, 0x1E, 0xAB, 0x1E, 0xCC, 0x1E, 0xAB, 0x1E, 0xAB, 0x1E, 0xCC, 0x1E, 0xEC, 0x1E,
    0xEC, 0x1E, 0xCC, 0x1E, 0xAC, 0x1E, 0xAB, 0x1E, 0xAC, 0x1E, 0xAC, 0x1E, 0xAC, 0x1E, 0xAB, 0x1E,
    0xAB, 0x1E, 0xAB, 0x1E, 0xAC, 0x1E, 0xAC, 0x1E, 0xAC, 0x1E, 0xCC, 0x1E, 0xCC, 0x1E, 0xCC, 0x1E,
    0xCC, 0x1E, 0xCC, 0x1E, 0xEC, 0x1E, 0xEC, 0x1E, 0xEC, 0x1E, 0xEC, 0x1E, 0xCC, 0x1E, 0xCC, 0x1E,
    0xCC, 0x1E, 0xCC, 0x1E, 0xCC, 0x1E, 0xCC, 0x1E, 0xAC, 0x1E, 0xAC, 0x1E, 0xAC, 0x1E, 0xAC, 0x1E,
    0xAC, 0x1E, 0xAC, 0x1E, 0xAC, 0x1E, 0xAC, 0x1E, 0xAC, 0x1E, 0xAC, 0x1E, 0xAC, 0x1E, 0xAC, 0x1E,
    0xAC, 0x1E, 0xAC, 0x1E, 0xAC, 0x1E, 0xAC, 0x1E, 0xAC, 0x1E, 0xAB, 0x1E, 0xEC, 0x1E, 0x4D, 0x27,
    0x8D, 0x27, 0x2C, 0x27, 0xAC, 0x1E, 0xAB, 0x1E, 0xAC, 0x1E, 0xCC, 0x26, 0xCB, 0x1E, 0x0D, 0x2F,
    0x2D, 0x2F, 0xAC, 0x1E, 0xAC, 0x1E, 0xCC, 0x1E, 0xAC, 0x1E, 0xAB, 0x1E, 0x2C, 0x27, 0x8D, 0x27,
    0x4D, 0x27, 0xEC, 0x1E, 0xAB, 0x1E, 0xAC, 0x1E, 0xAC, 0x1E, 0xAC, 0x1E, 0xAC, 0x1E, 0xAC, 0x1E,
    0xAC, 0x1E, 0xAC, 0x1E, 0xAC, 0x1E, 0xAC, 0x1E, 0xAC, 0x1E, 0xAC, 0x1E, 0xAC, 0x1E, 0xAC, 0x1E,
    0xAC, 0x1E, 0xAC, 0x1E, 0xAC, 0x1E, 0xAC, 0x1E, 0xAB, 0x1E, 0xAB, 0x1E, 0xCC, 0x1E, 0xCC, 0x1E,
    0xCC, 0x1E, 0xCC, 0x1E, 0xAB, 0x1E, 0xCC, 0x1E, 0xAC, 0x1E, 0xAC, 0x1E, 0xAC, 0x1E, 0xCC, 0x1E,
    0xCC, 0x1E, 0x8B, 0x1E, 0x0E, 0x1F, 0xE0, 0x07, 0x00, 0x00, 0x00, 0x00, 0x00, 0x00, 0xE0, 0x07,
    0x00, 0x00, 0x00, 0x00, 0x00, 0x00, 0x00, 0x00, 0x00, 0x00, 0x00, 0x00, 0x00, 0x00, 0x00, 0x00,
    0x00, 0x00, 0x00, 0x00, 0x00, 0x00, 0xE0, 0x07, 0xEF, 0x03, 0xEF, 0x07, 0x4A, 0x05, 0x4A, 0x05,
    0xE7, 0x07, 0xE7, 0x05, 0xE7, 0x05, 0xE7, 0x07, 0xE7, 0x07, 0xE7, 0x07, 0xE7, 0x07, 0xE7, 0x07,
    0xE7, 0x07, 0xE7, 0x07, 0xE7, 0x07, 0x66, 0x36, 0x4A, 0x2D, 0xAF, 0x2E, 0xAD, 0x25, 0xAD, 0x25,
    0xAF, 0x06, 0xEC, 0x07, 0x6C, 0x06, 0x6C, 0x06, 0x66, 0x06, 0xE7, 0x07, 0xE7, 0x07, 0xE7, 0x07,
    0xE7, 0x07, 0xE7, 0x07, 0xE7, 0x07, 0xE7, 0x07, 0xEA, 0x07, 0xEA, 0x07, 0x4A, 0x05, 0x4A, 0x05,
    0xEF, 0x07, 0xEF, 0x03, 0xE0, 0x07, 0x00, 0x00, 0x00, 0x00, 0x00, 0x00, 0x00, 0x00, 0x00, 0x00,
    0x00, 0x00, 0x00, 0x00, 0x00, 0x00, 0x00, 0x00, 0x00, 0x00, 0x00, 0x00, 0x00, 0x00, 0x00, 0x00,
    0x00, 0x00, 0x00, 0x00, 0x00, 0x00, 0x00, 0x00, 0x00, 0x00, 0xE0, 0x07, 0xEF, 0x07, 0xEF, 0x07,
    0xEF, 0x07, 0x4A, 0x05, 0xEA, 0x07, 0xEF, 0x3D, 0xEF, 0x07, 0xEA, 0x07, 0x00, 0x00, 0x00, 0x00,
    0x00, 0x00, 0x00, 0x00, 0x00, 0x00, 0x00, 0x00, 0x00, 0x00, 0x00, 0x00, 0x00, 0x00, 0x8D, 0x26,
    0xAC, 0x26, 0xAC, 0x1E, 0xAB, 0x1E, 0xAC, 0x1E, 0xAB, 0x1E, 0xCB, 0x1E, 0xCB, 0x1E, 0xCB, 0x1E,
    0xCC, 0x1E, 0xAC, 0x1E, 0xAC, 0x1E, 0xAB, 0x1E, 0xAB, 0x1E, 0xAC, 0x1E, 0xCC, 0x1E, 0xCC, 0x1E,
    0xCC, 0x1E, 0xCC, 0x1E, 0xCC, 0x1E, 0xCC, 0x1E, 0xAC, 0x1E, 0xAC, 0x1E, 0xAB, 0x1E, 0xAC, 0x1E,
    0xAC, 0x1E, 0xAC, 0x1E, 0xAB, 0x1E, 0xAC, 0x1E, 0xAC, 0x1E, 0xAC, 0x1E, 0xAC, 0x1E, 0xAC, 0x1E,
    0xAB, 0x1E, 0xAB, 0x1E, 0xAC, 0x1E, 0xAC, 0x1E, 0xAC, 0x1E, 0xAC, 0x1E, 0xAC, 0x1E, 0xAC, 0x1E,
    0xAC, 0x1E, 0xAC, 0x1E, 0xAC, 0x1E, 0xAC, 0x1E, 0xAC, 0x1E, 0xAC, 0x1E, 0xAC, 0x1E, 0xAC, 0x1E,
    0xAC, 0x1E, 0xAC, 0x1E, 0xAC, 0x1E, 0xAC, 0x1E, 0xAC, 0x1E, 0xAB, 0x1E, 0xEC, 0x1E, 0x4D, 0x27,
    0x8D, 0x27, 0x2C, 0x27, 0xAC, 0x1E, 0xAB, 0x1E, 0xCC, 0x1E, 0xCC, 0x26, 0xAC, 0x26, 0x6B, 0x37,
    0xED, 0x1E, 0x8B, 0x1E, 0xAC, 0x1E, 0xAB, 0x1E, 0xAC, 0x1E, 0xAC, 0x1E, 0x2C, 0x27, 0x8D, 0x27,
    0x4D, 0x27, 0xEC, 0x1E, 0xAB, 0x1E, 0xAC, 0x1E, 0xAC, 0x1E, 0xAC, 0x1E, 0xAC, 0x1E, 0xAC, 0x1E,
    0xAC, 0x1E, 0xAC, 0x1E, 0xAC, 0x1E, 0xAC, 0x1E, 0xAC, 0x1E, 0xAC, 0x1E, 0xAC, 0x1E, 0xAC, 0x1E,
    0xAC, 0x1E, 0xAC, 0x1E, 0xAC, 0x1E, 0xAC, 0x1E, 0xAB, 0x1E, 0xAB, 0x1E, 0xCC, 0x1E, 0xCC, 0x1E,
    0xCC, 0x1E, 0xAC, 0x1E, 0xAC, 0x1E, 0xCC, 0x1E, 0xCC, 0x1E, 0xAB, 0x1E, 0xAC, 0x1E, 0xCC, 0x1E,
    0xAB, 0x1E, 0xAC, 0x1E, 0xAC, 0x26, 0xE0, 0x07, 0x00, 0x00, 0x00, 0x00, 0x00, 0x00, 0x00, 0x00,
    0x00, 0x00, 0x00, 0x00, 0x00, 0x00, 0x00, 0x00, 0x00, 0x00, 0x00, 0x00, 0x00, 0x00, 0x00, 0x00,
    0x00, 0x00, 0xEF, 0x7B, 0xE7, 0x3D, 0xAA, 0x2E, 0x2E, 0x1E, 0xEA, 0x15, 0x2C, 0x16, 0xCD, 0x26,
    0xEA, 0x26, 0xEA, 0x26, 0xEA, 0x26, 0x69, 0x1E, 0xEB, 0x1E, 0xEB, 0x1E, 0xEB, 0x1E, 0xEB, 0x1E,
    0xEB, 0x1E, 0xEB, 0x1E, 0x8B, 0x1E, 0xAA, 0x2E, 0xCC, 0x26, 0x6C, 0x26, 0x8B, 0x26, 0x8B, 0x26,
    0xCC, 0x1E, 0xCC, 0x1E, 0xAD, 0x1E, 0xAC, 0x1E, 0x8B, 0x1E, 0x8B, 0x1E, 0xEB, 0x1E, 0xEA, 0x26,
    0xEA, 0x26, 0xEA, 0x26, 0xEA, 0x26, 0xEA, 0x26, 0x6C, 0x26, 0xCB, 0x26, 0xAE, 0x26, 0x4D, 0x2F,
    0x8B, 0x16, 0x2A, 0x1E, 0xEA, 0x2F, 0xE7, 0x3D, 0xE0, 0x07, 0x00, 0x00, 0x00, 0x00, 0x00, 0x00,
    0x00, 0x00, 0x00, 0x00, 0x00, 0x00, 0x00, 0x00, 0x00, 0x00, 0x00, 0x00, 0x00, 0x00, 0x00, 0x00,
    0x00, 0x00, 0x00, 0x00, 0x00, 0x00, 0x00, 0x00, 0x00, 0x00, 0x00, 0x00, 0xE0, 0x07, 0xEF, 0x07,
    0xEA, 0x07, 0xEF, 0x07, 0xAA, 0x2E, 0xCD, 0x26, 0xEB, 0x1E, 0xAA, 0x2E, 0xEF, 0x03, 0x00, 0x00,
    0x00, 0x00, 0x00, 0x00, 0x00, 0x00, 0x00, 0x00, 0x00, 0x00, 0x00, 0x00, 0x00, 0x00, 0x1F, 0x00,
    0xCC, 0x1E, 0xAC, 0x1E, 0xCB, 0x1E, 0xCC, 0x1E, 0xAB, 0x1E, 0xCB, 0x1E, 0xCB, 0x1E, 0xAB, 0x1E,
    0xAC, 0x1E, 0xAB, 0x1E, 0xCC, 0x1E, 0xCB, 0x1E, 0xAC, 0x1E, 0xAB, 0x1E, 0xCC, 0x1E, 0xCC, 0x1E,
    0xEC, 0x1E, 0xEC, 0x1E, 0xEC, 0x1E, 0xCC, 0x1E, 0xCC, 0x1E, 0xAC, 0x1E, 0xAC, 0x1E, 0xAB, 0x1E,
    0xAB, 0x1E, 0xAB, 0x1E, 0xAC, 0x1E, 0xAC, 0x1E, 0xAC, 0x1E, 0xAB, 0x1E, 0xAB, 0x1E, 0xAC, 0x1E,
    0xAC, 0x1E, 0xAB, 0x1E, 0xAB, 0x1E, 0xAC, 0x1E, 0xAC, 0x1E, 0xAC, 0x1E, 0xAC, 0x1E, 0xAC, 0x1E,
    0xAC, 0x1E, 0xAC, 0x1E, 0xAC, 0x1E, 0xAC, 0x1E, 0xAC, 0x1E, 0xAC, 0x1E, 0xAC, 0x1E, 0xAC, 0x1E,
    0xAC, 0x1E, 0xAC, 0x1E, 0xAC, 0x1E, 0xAC, 0x1E, 0xAC, 0x1E, 0xAB, 0x1E, 0xEC, 0x1E, 0x4D, 0x27,
    0x8D, 0x27, 0x2C, 0x27, 0xAC, 0x1E, 0xAC, 0x1E, 0xAC, 0x1E, 0xEC, 0x26, 0xAB, 0x26, 0x2C, 0x37,
    0xAD, 0x16, 0xAB, 0x1E, 0xAC, 0x1E, 0xAB, 0x1E, 0xAB, 0x1E, 0xAC, 0x1E, 0x2C, 0x27, 0x8D, 0x27,
    0x4D, 0x27, 0xEC, 0x1E, 0xAB, 0x1E, 0xAC, 0x1E, 0xAC, 0x1E, 0xAC, 0x1E, 0xAC, 0x1E, 0xAC, 0x1E,
    0xAC, 0x1E, 0xAC, 0x1E, 0xAC, 0x1E, 0xAC, 0x1E, 0xAC, 0x1E, 0xAC, 0x1E, 0xAC, 0x1E, 0xAC, 0x1E,
    0xAC, 0x1E, 0xAC, 0x1E, 0xAC, 0x1E, 0xAC, 0x1E, 0xAC, 0x1E, 0xAC, 0x1E, 0xAC, 0x1E, 0xCC, 0x1E,
    0xCC, 0x1E, 0xAB, 0x1E, 0xAC, 0x1E, 0xCC, 0x1E, 0xCC, 0x1E, 0xAB, 0x1E, 0xAC, 0x1E, 0xAC, 0x1E,
    0xAB, 0x1E, 0xAB, 0x26, 0xEB, 0x26, 0xEC, 0x37, 0x00, 0x00, 0x00, 0x00, 0x00, 0x00, 0x00, 0x00,
    0x00, 0x00, 0x00, 0x00, 0xE0, 0x07, 0xE7, 0x03, 0xCC, 0x04, 0x4A, 0x05, 0xA9, 0x05, 0xEB, 0x1D,
    0x69, 0x1E, 0xAA, 0x2E, 0xEC, 0x26, 0xCC, 0x26, 0xAC, 0x1E, 0x6B, 0x1E, 0x4C, 0x16, 0xCC, 0x1E,
    0xAB, 0x1E, 0xAB, 0x1E, 0xAB, 0x1E, 0xAB, 0x1E, 0xAC, 0x1E, 0xAC, 0x1E, 0xAC, 0x1E, 0xAC, 0x1E,
    0xAC, 0x1E, 0xAC, 0x26, 0xAB, 0x26, 0x8B, 0x26, 0xAB, 0x26, 0xAC, 0x26, 0x8B, 0x26, 0xCB, 0x26,
    0xCB, 0x1E, 0xAB, 0x1E, 0xAB, 0x1E, 0x8B, 0x1E, 0x8B, 0x1E, 0xAB, 0x26, 0xAC, 0x26, 0xAB, 0x26,
    0xAB, 0x1E, 0xCB, 0x1E, 0xCB, 0x1E, 0xCB, 0x1E, 0xCC, 0x1E, 0x8B, 0x1E, 0xCC, 0x1E, 0xAC, 0x26,
    0x8B, 0x1E, 0xAB, 0x1E, 0xCB, 0x26, 0xEA, 0x26, 0x8B, 0x16, 0xC9, 0x06, 0x6C, 0x06, 0x66, 0x06,
    0xE7, 0x05, 0xE7, 0x3D, 0x4A, 0x55, 0x00, 0x00, 0x00, 0x00, 0x00, 0x00, 0x00, 0x00, 0x00, 0x00,
    0x00, 0x00, 0x00, 0x00, 0x00, 0x00, 0x00, 0x00, 0x00, 0x00, 0x00, 0x00, 0x00, 0x00, 0x00, 0x00,
    0xEF, 0x07, 0x4A, 0x05, 0xEF, 0x3F, 0xAA, 0x2E, 0xC9, 0x26, 0xAA, 0x2E, 0xEF, 0x07, 0x00, 0x00,
    0x00, 0x00, 0x00, 0x00, 0x00, 0x00, 0x00, 0x00, 0x00, 0x00, 0x00, 0x00, 0x00, 0x00, 0x00, 0x00,
    0x2B, 0x17, 0x0C, 0x1F, 0xCB, 0x1E, 0xCC, 0x26, 0xAB, 0x1E, 0xAC, 0x1E, 0xCB, 0x1E, 0xAB, 0x1E,
    0xAC, 0x1E, 0xAC, 0x1E, 0xCC, 0x1E, 0xCC, 0x1E, 0xAC, 0x1E, 0xAB, 0x1E, 0xAC, 0x1E, 0xAC, 0x1E,
    0xEC, 0x1E, 0xEC, 0x1E, 0xEC, 0x1E, 0xCC, 0x1E, 0xCC, 0x1E, 0xAC, 0x1E, 0xAB, 0x1E, 0xAB, 0x1E,
    0xAC, 0x1E, 0xAC, 0x1E, 0xAB, 0x1E, 0xAB, 0x1E, 0xAB, 0x1E, 0xAB, 0x1E, 0xAB, 0x1E, 0xAB, 0x1E,
    0xAB, 0x1E, 0xAC, 0x1E, 0xAC, 0x1E, 0xAC, 0x1E, 0xAC, 0x1E, 0xAC, 0x1E, 0xAC, 0x1E, 0xAC, 0x1E,
    0xAC, 0x1E, 0xAC, 0x1E, 0xAC, 0x1E, 0xAC, 0x1E, 0xAC, 0x1E, 0xAC, 0x1E, 0xAC, 0x1E, 0xAC, 0x1E,
    0xAC, 0x1E, 0xAC, 0x1E, 0xAC, 0x1E, 0xAC, 0x1E, 0xAC, 0x1E, 0xAB, 0x1E, 0xEC, 0x1E, 0x4D, 0x27,
    0x8D, 0x27, 0x2C, 0x27, 0xAC, 0x1E, 0xAB, 0x1E, 0xCC, 0x26, 0xAB, 0x1E, 0xAB, 0x1E, 0xAA, 0x2E,
    0xEB, 0x05, 0x6A, 0x16, 0xAB, 0x1E, 0xAB, 0x1E, 0xAB, 0x1E, 0xAC, 0x1E, 0x2C, 0x27, 0x8D, 0x27,
    0x4D, 0x27, 0xEC, 0x1E, 0xAB, 0x1E, 0xAC, 0x1E, 0xAC, 0x1E, 0xAC, 0x1E, 0xAC, 0x1E, 0xAC, 0x1E,
    0xAC, 0x1E, 0xAC, 0x1E, 0xAC, 0x1E, 0xAC, 0x1E, 0xAC, 0x1E, 0xAC, 0x1E, 0xAC, 0x1E, 0xAC, 0x1E,
    0xAC, 0x1E, 0xAC, 0x1E, 0xAC, 0x1E, 0xAC, 0x1E, 0xAC, 0x1E, 0xAC, 0x1E, 0xAC, 0x1E, 0xAC, 0x1E,
    0xAB, 0x1E, 0xAB, 0x1E, 0xCC, 0x1E, 0xCC, 0x1E, 0xAC, 0x1E, 0xAB, 0x1E, 0xAC, 0x1E, 0xAC, 0x1E,
    0xAB, 0x1E, 0xAC, 0x1E, 0xCB, 0x1E, 0xCC, 0x1E, 0xEB, 0x1D, 0xEF, 0x07, 0xEF, 0x07, 0xEF, 0x07,
    0xEF, 0x2F, 0x4A, 0x2F, 0xAC, 0x0E, 0xEB, 0x16, 0xAC, 0x16, 0x4B, 0x1E, 0x8A, 0x1E, 0xAB, 0x26,
    0xCB, 0x1E, 0xAB, 0x26, 0xCB, 0x1E, 0xCB, 0x26, 0x8C, 0x1E, 0x8C, 0x1E, 0x8C, 0x1E, 0xAC, 0x1E,
    0xAC, 0x1E, 0xAC, 0x1E, 0xAC, 0x1E, 0xAB, 0x1E, 0xAC, 0x1E, 0xAC, 0x1E, 0xAC, 0x1E, 0xCC, 0x1E,
    0xCC, 0x1E, 0xAC, 0x26, 0xAB, 0x26, 0xAB, 0x26, 0xAB, 0x26, 0xAB, 0x26, 0xAB, 0x1E, 0xCB, 0x1E,
    0xCB, 0x1E, 0xAB, 0x1E, 0xAB, 0x1E, 0xAB, 0x1E, 0x8C, 0x26, 0xAC, 0x26, 0xCC, 0x26, 0xCC, 0x26,
    0xCC, 0x1E, 0xCC, 0x1E, 0xCC, 0x1E, 0xCC, 0x1E, 0xCC, 0x1E, 0xAC, 0x1E, 0xAC, 0x26, 0xCC, 0x26,
    0x8B, 0x1E, 0xAB, 0x1E, 0xEB, 0x26, 0xCB, 0x1E, 0xCB, 0x1E, 0xCA, 0x1E, 0xCB, 0x1E, 0xAB, 0x1E,
    0x6B, 0x1E, 0xAB, 0x1E, 0x8B, 0x26, 0x2C, 0x1E, 0x2C, 0x26, 0xEB, 0x1C, 0xF5, 0x57, 0x00, 0x00,
    0x00, 0x00, 0x00, 0x00, 0x00, 0x00, 0x00, 0x00, 0x00, 0x00, 0x00, 0x00, 0x00, 0x00, 0x00, 0x00,
    0x00, 0x00, 0xE0, 0x07, 0xEF, 0x07, 0x4A, 0x05, 0xEA, 0x07, 0x4A, 0x05, 0xEF, 0x03, 0x00, 0x00,
    0x00, 0x00, 0x00, 0x00, 0x00, 0x00, 0x00, 0x00, 0x00, 0x00, 0x00, 0x00, 0x00, 0x00, 0x00, 0x00,
    0xEF, 0x07, 0xEB, 0x1E, 0x2C, 0x1F, 0xCB, 0x26, 0xAC, 0x1E, 0xCB, 0x1E, 0xEB, 0x26, 0xAB, 0x26,
    0xCC, 0x1E, 0xCB, 0x1E, 0xCC, 0x1E, 0xAC, 0x1E, 0xCC, 0x1E, 0xAB, 0x1E, 0xAC, 0x1E, 0xAB, 0x1E,
    0xAC, 0x1E, 0xAC, 0x1E, 0xAC, 0x1E, 0xAC, 0x1E, 0xCC, 0x1E, 0xAC, 0x1E, 0xAC, 0x1E, 0xAC, 0x1E,
    0xAC, 0x1E, 0xAC, 0x1E, 0xAC, 0x1E, 0xAC, 0x1E, 0xAC, 0x1E, 0xAC, 0x1E, 0xAC, 0x1E, 0xAC, 0x1E,
    0xAC, 0x1E, 0xAC, 0x1E, 0xAC, 0x1E, 0xAC, 0x1E, 0xAC, 0x1E, 0xAC, 0x1E, 0xAC, 0x1E, 0xAC, 0x1E,
    0xAC, 0x1E, 0xAC, 0x1E, 0xAC, 0x1E, 0xAC, 0x1E, 0xAC, 0x1E, 0xAC, 0x1E, 0xAC, 0x1E, 0xAC, 0x1E,
    0xAC, 0x1E, 0xAC, 0x1E, 0xAC, 0x1E, 0xAC, 0x1E, 0xAC, 0x1E, 0xAB, 0x1E, 0xEC, 0x1E, 0x4D, 0x27,
    0x8D, 0x27, 0x2C, 0x27, 0xAC, 0x1E, 0xAB, 0x1E, 0xAB, 0x1E, 0xCC, 0x1E, 0x8B, 0x1E, 0xEF, 0x07,
    0xE7, 0x07, 0xAB, 0x1E, 0xAB, 0x1E, 0xCB, 0x1E, 0xAC, 0x1E, 0xAC, 0x1E, 0x2C, 0x27, 0x8D, 0x27,
    0x4D, 0x27, 0xEC, 0x1E, 0xAB, 0x1E, 0xAC, 0x1E, 0xAC, 0x1E, 0xAC, 0x1E, 0xAC, 0x1E, 0xAC, 0x1E,
    0xAC, 0x1E, 0xAC, 0x1E, 0xAC, 0x1E, 0xAC, 0x1E, 0xAC, 0x1E, 0xAC, 0x1E, 0xAC, 0x1E, 0xAC, 0x1E,
    0xAC, 0x1E, 0xAC, 0x1E, 0xAC, 0x1E, 0xAC, 0x1E, 0xAC, 0x1E, 0xAC, 0x1E, 0xAC, 0x1E, 0xAC, 0x1E,
    0xAB, 0x1E, 0xAB, 0x1E, 0xCC, 0x1E, 0xCC, 0x1E, 0xCC, 0x1E, 0xAC, 0x1E, 0xAC, 0x1E, 0xAB, 0x1E,
    0xAB, 0x1E, 0xAC, 0x1E, 0xAB, 0x1E, 0xAB, 0x1E, 0xAB, 0x1E, 0xEC, 0x16, 0xCC, 0x1E, 0xED, 0x1E,
    0x2C, 0x27, 0xEB, 0x1E, 0xAC, 0x1E, 0xAB, 0x1E, 0xAC, 0x1E, 0xAB, 0x1E, 0xAB, 0x1E, 0xAB, 0x26,
    0xCB, 0x1E, 0xAB, 0x26, 0xAB, 0x1E, 0xAB, 0x26, 0xAC, 0x1E, 0xAC, 0x1E, 0xAC, 0x1E, 0xAC, 0x1E,
    0xAC, 0x1E, 0xAC, 0x1E, 0xAC, 0x1E, 0xAB, 0x1E, 0xAC, 0x1E, 0xAC, 0x1E, 0xAC, 0x1E, 0xCC, 0x1E,
    0xCC, 0x1E, 0xAC, 0x1E, 0xAB, 0x1E, 0xAB, 0x1E, 0xAB, 0x1E, 0xAB, 0x1E, 0xAB, 0x1E, 0xAB, 0x1E,
    0xAB, 0x1E, 0xAB, 0x1E, 0xAB, 0x1E, 0xAB, 0x1E, 0xAC, 0x1E, 0xAB, 0x1E, 0xCC, 0x1E, 0xCC, 0x1E,
    0xCC, 0x1E, 0xCC, 0x1E, 0xCC, 0x1E, 0xCC, 0x1E, 0xCC, 0x1E, 0xCC, 0x1E, 0xAC, 0x1E, 0xCC, 0x1E,
    0xAB, 0x1E, 0xAB, 0x1E, 0xCB, 0x26, 0xAB, 0x1E, 0xCB, 0x1E, 0xCB, 0x1E, 0xCB, 0x1E, 0xCB, 0x1E,
    0xAB, 0x1E, 0xAB, 0x1E, 0x8C, 0x1E, 0x8C, 0x1E, 0x6C, 0x1E, 0x2B, 0x1E, 0xAB, 0x1E, 0x4B, 0x1E,
    0x6C, 0x16, 0xAA, 0x16, 0xEE, 0x1F, 0xE7, 0x1E, 0x6C, 0x36, 0xEA, 0x07, 0xEF, 0x07, 0xE0, 0x07,
    0x00, 0x00, 0x00, 0x00, 0x00, 0x00, 0x00, 0x00, 0x00, 0x00, 0x00, 0x00, 0x00, 0x00, 0x00, 0x00,
    0x00, 0x00, 0xE0, 0x07, 0x4A, 0x05, 0xE7, 0x05, 0xEF, 0x3F, 0x6C, 0x36, 0xEF, 0x05, 0xEF, 0x05,
    0xEF, 0x07, 0x00, 0x00, 0x00, 0x00, 0x00, 0x00, 0x00, 0x00, 0x00, 0x00, 0x00, 0x00, 0xEB, 0x1E,
    0xCC, 0x1E, 0xCC, 0x1E, 0xCC, 0x1E, 0xAB, 0x1E, 0xAC, 0x1E, 0xCB, 0x1E, 0xAB, 0x1E, 0xAB, 0x1E,
    0xAB, 0x1E, 0xAB, 0x1E, 0xAC, 0x1E, 0xAB, 0x1E, 0xAC, 0x1E, 0xAC, 0x1E, 0xAC, 0x1E, 0xAC, 0x1E,
    0xAC, 0x1E, 0xAC, 0x1E, 0xAC, 0x1E, 0xAC, 0x1E, 0xAC, 0x1E, 0xAC, 0x1E, 0xAC, 0x1E, 0xAC, 0x1E,
    0xAC, 0x1E, 0xAC, 0x1E, 0xAC, 0x1E, 0xAC, 0x1E, 0xAC, 0x1E, 0xAC, 0x1E, 0xAC, 0x1E, 0xAC, 0x1E,
    0xAC, 0x1E, 0xAC, 0x1E, 0xAC, 0x1E, 0xAC, 0x1E, 0xAC, 0x1E, 0xAC, 0x1E, 0xAC, 0x1E, 0xAC, 0x1E,
    0xAC, 0x1E, 0xAC, 0x1E, 0xAC, 0x1E, 0xAC, 0x1E, 0xAC, 0x1E, 0xAB, 0x1E, 0xEC, 0x1E, 0x4D, 0x27,
    0x8D, 0x27, 0x2C, 0x27, 0xAC, 0x1E, 0xAC, 0x1E, 0xCB, 0x1E, 0xAB, 0x1E, 0xEB, 0x26, 0x00, 0x00,
    0xE0, 0x07, 0x6B, 0x1E, 0xCB, 0x1E, 0xAB, 0x1E, 0xAC, 0x1E, 0xAC, 0x1E, 0x2D, 0x27, 0x8D, 0x27,
    0x4D, 0x27, 0xEC, 0x1E, 0xAB, 0x1E, 0xAC, 0x1E, 0xAC, 0x1E, 0xAC, 0x1E, 0xAC, 0x1E, 0xAC, 0x1E,
    0xAC, 0x1E, 0xAC, 0x1E, 0xAC, 0x1E, 0xAC, 0x1E, 0xAC, 0x1E, 0xAC, 0x1E, 0xAC, 0x1E, 0xAC, 0x1E,
    0xAC, 0x1E, 0xAC, 0x1E, 0xAC, 0x1E, 0xAC, 0x1E, 0xAC, 0x1E, 0xAC, 0x1E, 0xAC, 0x1E, 0xAC, 0x1E,
    0xAB, 0x1E, 0xAB, 0x1E, 0xCC, 0x1E, 0xCC, 0x1E, 0xCC, 0x1E, 0xAB, 0x1E, 0xAC, 0x1E, 0xAC, 0x1E,
    0xAC, 0x1E, 0xAC, 0x1E, 0xAB, 0x1E, 0xAC, 0x1E, 0xAC, 0x1E, 0xCC, 0x1E, 0xCC, 0x1E, 0xCC, 0x1E,
    0xCC, 0x26, 0xCB, 0x1E, 0xCC, 0x1E, 0xAB, 0x1E, 0xAB, 0x1E, 0xAC, 0x1E, 0xCB, 0x1E, 0xCC, 0x1E,
    0xCC, 0x1E, 0xAB, 0x1E, 0xAB, 0x1E, 0xAC, 0x1E, 0xAC, 0x1E, 0xAC, 0x1E, 0xAC, 0x1E, 0xAC, 0x1E,
    0xAC, 0x1E, 0xAC, 0x1E, 0xAC, 0x1E, 0xAB, 0x1E, 0xAC, 0x1E, 0xAC, 0x1E, 0xAC, 0x1E, 0xAC, 0x1E,
    0xAC, 0x1E, 0xAC, 0x1E, 0xCB, 0x1E, 0xAB, 0x1E, 0xAB, 0x1E, 0xAB, 0x1E, 0xAB, 0x1E, 0xAB, 0x1E,
    0xCB, 0x1E, 0xAB, 0x1E, 0xAB, 0x1E, 0xAB, 0x1E, 0xAC, 0x1E, 0xAB, 0x1E, 0xAC, 0x1E, 0xAC, 0x1E,
    0xAC, 0x1E, 0xAC, 0x1E, 0xAC, 0x1E, 0xAC, 0x1E, 0xAC, 0x1E, 0xAC, 0x1E, 0xAC, 0x1E, 0xAC, 0x1E,
    0xAB, 0x1E, 0xAC, 0x1E, 0xCC, 0x1E, 0xAB, 0x1E, 0xAB, 0x1E, 0xCB, 0x1E, 0xAC, 0x1E, 0xAB, 0x1E,
    0xAB, 0x1E, 0xAB, 0x1E, 0x8B, 0x1E, 0xAC, 0x1E, 0x8C, 0x1E, 0x8C, 0x1E, 0xAC, 0x1E, 0xAC, 0x1E,
    0xAC, 0x1E, 0x8B, 0x1E, 0x0C, 0x1F, 0xCB, 0x1E, 0xCC, 0x1E, 0x6A, 0x26, 0x2C, 0x1F, 0xEC, 0x37,
    0xFF, 0x07, 0x00, 0x00, 0x00, 0x00, 0x00, 0x00, 0x00, 0x00, 0x00, 0x00, 0x00, 0x00, 0x00, 0x00,
    0x00, 0x00, 0x00, 0x00, 0xEF, 0x07, 0x6C, 0x36, 0xCD, 0x26, 0x2A, 0x1E, 0xEB, 0x1E, 0xAA, 0x2E,
    0xEF, 0x07, 0x00, 0x00, 0x00, 0x00, 0x00, 0x00, 0x00, 0x00, 0x00, 0x00, 0x00, 0x00, 0x00, 0x00,
    0xED, 0x16, 0xCC, 0x1E, 0xCC, 0x1E, 0xAB, 0x1E, 0xCB, 0x1E, 0xCB, 0x1E, 0xCC, 0x1E, 0xAB, 0x1E,
    0xAC, 0x1E, 0xAB, 0x1E, 0xCC, 0x1E, 0xAB, 0x1E, 0xAC, 0x1E, 0xAC, 0x1E, 0xAC, 0x1E, 0xCC, 0x1E,
    0xCC, 0x1E, 0xAC, 0x1E, 0xAC, 0x1E, 0xAB, 0x1E, 0xAB, 0x1E, 0xAC, 0x1E, 0xAC, 0x1E, 0xAC, 0x1E,
    0xAC, 0x1E, 0xAC, 0x1E, 0xAC, 0x1E, 0xAC, 0x1E, 0xAC, 0x1E, 0xAC, 0x1E, 0xAC, 0x1E, 0xAC, 0x1E,
    0xAC, 0x1E, 0xAC, 0x1E, 0xAC, 0x1E, 0xAC, 0x1E, 0xAC, 0x1E, 0xAC, 0x1E, 0xAC, 0x1E, 0xAC, 0x1E,
    0xAC, 0x1E, 0xAC, 0x1E, 0xAC, 0x1E, 0xAC, 0x1E, 0xAC, 0x1E, 0xAB, 0x1E, 0xEC, 0x1E, 0x4D, 0x27,
    0xAD, 0x27, 0x2C, 0x27, 0xAC, 0x1E, 0xAB, 0x1E, 0xAB, 0x1E, 0x8B, 0x1E, 0x6B, 0x1E, 0x00, 0x00,
    0xE0, 0x07, 0x29, 0x26, 0xAB, 0x1E, 0xAB, 0x1E, 0xAC, 0x1E, 0xAC, 0x1E, 0x2C, 0x27, 0x8D, 0x27,
    0x4D, 0x27, 0xEC, 0x1E, 0xAB, 0x1E, 0xAB, 0x1E, 0xAC, 0x1E, 0xAC, 0x1E, 0xAC, 0x1E, 0xAC, 0x1E,
    0xAC, 0x1E, 0xAC, 0x1E, 0xAC, 0x1E, 0xAC, 0x1E, 0xAC, 0x1E, 0xAC, 0x1E, 0xAC, 0x1E, 0xAC, 0x1E,
    0xAC, 0x1E, 0xAC, 0x1E, 0xAC, 0x1E, 0xAC, 0x1E, 0xAC, 0x1E, 0xAC, 0x1E, 0xAC, 0x1E, 0xAC, 0x1E,
    0xAB, 0x1E, 0xAC, 0x1E, 0xCC, 0x1E, 0xCC, 0x1E, 0xCC, 0x1E, 0xAB, 0x1E, 0xAC, 0x1E, 0xAC, 0x1E,
    0xAC, 0x1E, 0xAC, 0x1E, 0xAC, 0x1E, 0xAC, 0x1E, 0xAC, 0x1E, 0xAC, 0x1E, 0xCC, 0x26, 0xCC, 0x1E,
    0xCC, 0x1E, 0xCB, 0x1E, 0xCB, 0x1E, 0xCB, 0x1E, 0xAB, 0x1E, 0xAC, 0x1E, 0xCC, 0x1E, 0xCC, 0x1E,
    0xCC, 0x1E, 0xAB, 0x1E, 0xAC, 0x1E, 0xAB, 0x1E, 0xAC, 0x1E, 0xAB, 0x1E, 0xAC, 0x1E, 0xAC, 0x1E,
    0xAC, 0x1E, 0xAC, 0x1E, 0xAC, 0x1E, 0xAC, 0x1E, 0xAC, 0x1E, 0xAC, 0x1E, 0xAC, 0x1E, 0xCC, 0x1E,
    0xCC, 0x1E, 0xAC, 0x1E, 0xAB, 0x1E, 0xAB, 0x1E, 0xAC, 0x1E, 0xAB, 0x1E, 0xAB, 0x1E, 0xAB, 0x1E,
    0xAB, 0x1E, 0xAB, 0x1E, 0xAC, 0x1E, 0xAB, 0x1E, 0xAB, 0x1E, 0xAC, 0x1E, 0xCC, 0x1E, 0xAB, 0x1E,
    0xAC, 0x1E, 0xAC, 0x1E, 0xAC, 0x1E, 0xAC, 0x1E, 0xAC, 0x1E, 0xAC, 0x1E, 0xAC, 0x1E, 0xAC, 0x1E,
    0xAC, 0x1E, 0xAB, 0x1E, 0xAB, 0x1E, 0xAC, 0x1E, 0xAC, 0x1E, 0xAB, 0x1E, 0xAB, 0x1E, 0xCB, 0x1E,
    0xAC, 0x1E, 0xAC, 0x1E, 0xAC, 0x1E, 0xAC, 0x1E, 0xAC, 0x1E, 0x8B, 0x1E, 0xAB, 0x1E, 0xAC, 0x1E,
    0xCC, 0x1E, 0xAB, 0x1E, 0xEB, 0x26, 0xAC, 0x1E, 0xCB, 0x26, 0xCB, 0x26, 0xCB, 0x1E, 0xAB, 0x2E,
    0x8B, 0x2E, 0xEF, 0x3D, 0x00, 0x00, 0x00, 0x00, 0x00, 0x00, 0x00, 0x00, 0x00, 0x00, 0x00, 0x00,
    0x00, 0x00, 0x00, 0x00, 0x00, 0x00, 0xEF, 0x07, 0x6C, 0x36, 0xCD, 0x26, 0xCD, 0x26, 0xAA, 0x2E,
    0xEA, 0x07, 0x00, 0x00, 0x00, 0x00, 0x00, 0x00, 0x00, 0x00, 0x00, 0x00, 0x00, 0x00, 0x00, 0x00,
    0xEB, 0x06, 0xED, 0x16, 0x0C, 0x1F, 0xAC, 0x1E, 0xCB, 0x26, 0xAB, 0x1E, 0xCB, 0x1E, 0xAC, 0x1E,
    0xAC, 0x1E, 0xAC, 0x1E, 0xCC, 0x1E, 0xAC, 0x1E, 0xAC, 0x1E, 0xAC, 0x1E, 0xAC, 0x1E, 0xAC, 0x1E,
    0xCC, 0x1E, 0xCC, 0x1E, 0xAC, 0x1E, 0xAB, 0x1E, 0xAB, 0x1E, 0xAC, 0x1E, 0xAC, 0x1E, 0xAC, 0x1E,
    0xAC, 0x1E, 0xAC, 0x1E, 0xAC, 0x1E, 0xAC, 0x1E, 0xAC, 0x1E, 0xAC, 0x1E, 0xAC, 0x1E, 0xAC, 0x1E,
    0xAC, 0x1E, 0xAC, 0x1E, 0xAC, 0x1E, 0xAC, 0x1E, 0xAC, 0x1E, 0xAC, 0x1E, 0xAC, 0x1E, 0xAC, 0x1E,
    0xAC, 0x1E, 0xAC, 0x1E, 0xAC, 0x1E, 0xAC, 0x1E, 0xAB, 0x1E, 0xAB, 0x1E, 0xEC, 0x1E, 0x4D, 0x27,
    0xAD, 0x27, 0x2C, 0x27, 0xAC, 0x1E, 0xAC, 0x1E, 0xAB, 0x1E, 0xCB, 0x1E, 0xC8, 0x15, 0x00, 0x00,
    0x00, 0x00, 0xEB, 0x1D, 0xAB, 0x1E, 0xAB, 0x1E, 0xAC, 0x1E, 0xAB, 0x1E, 0x2C, 0x27, 0x8D, 0x27,
    0x4D, 0x27, 0xEC, 0x1E, 0xAB, 0x1E, 0xAB, 0x1E, 0xAC, 0x1E, 0xAC, 0x1E, 0xAC, 0x1E, 0xAC, 0x1E,
    0xAC, 0x1E, 0xAC, 0x1E, 0xAC, 0x1E, 0xAC, 0x1E, 0xAC, 0x1E, 0xAC, 0x1E, 0xAC, 0x1E, 0xAC, 0x1E,
    0xAC, 0x1E, 0xAC, 0x1E, 0xAC, 0x1E, 0xAC, 0x1E, 0xAC, 0x1E, 0xAC, 0x1E, 0xAC, 0x1E, 0xAC, 0x1E,
    0xAC, 0x1E, 0xAC, 0x1E, 0xAC, 0x1E, 0xCC, 0x1E, 0xAC, 0x1E, 0xAC, 0x1E, 0xAB, 0x1E, 0xCC, 0x1E,
    0xAC, 0x1E, 0xAC, 0x1E, 0xAC, 0x1E, 0xAC, 0x1E, 0xAC, 0x1E, 0xAC, 0x1E, 0xCC, 0x1E, 0xCC, 0x26,
    0xAC, 0x1E, 0xCC, 0x1E, 0xCC, 0x1E, 0xCB, 0x1E, 0xAB, 0x1E, 0xAB, 0x1E, 0xCC, 0x1E, 0xCC, 0x1E,
    0xCC, 0x1E, 0xCC, 0x1E, 0xAC, 0x1E, 0xAB, 0x1E, 0xAC, 0x1E, 0xAC, 0x1E, 0xAC, 0x1E, 0xAB, 0x1E,
    0xAB, 0x1E, 0xAB, 0x1E, 0xAB, 0x1E, 0xAB, 0x1E, 0xAB, 0x1E, 0xAB, 0x1E, 0xAB, 0x1E, 0xAB, 0x1E,
    0xAB, 0x1E, 0xAB, 0x1E, 0xAB, 0x1E, 0xAB, 0x1E, 0xAB, 0x1E, 0xAB, 0x1E, 0xAB, 0x1E, 0xAB, 0x1E,
    0xAB, 0x1E, 0xAB, 0x1E, 0xAB, 0x1E, 0xAB, 0x1E, 0xAB, 0x1E, 0xAB, 0x1E, 0xAB, 0x1E, 0xAB, 0x1E,
    0xAB, 0x1E, 0xAB, 0x1E, 0xAB, 0x1E, 0xAB, 0x1E, 0xAB, 0x1E, 0xAB, 0x1E, 0xAC, 0x1E, 0xAC, 0x1E,
    0xAC, 0x1E, 0xAB, 0x1E, 0xAC, 0x1E, 0xAC, 0x1E, 0xCB, 0x1E, 0xCC, 0x1E, 0xCB, 0x1E, 0xCB, 0x1E,
    0xAB, 0x1E, 0xAC, 0x1E, 0xAC, 0x1E, 0xAC, 0x1E, 0xAB, 0x1E, 0xAC, 0x1E, 0xAB, 0x1E, 0xAC, 0x1E,
    0xAC, 0x1E, 0xAB, 0x1E, 0xCC, 0x26, 0xAC, 0x26, 0xCB, 0x1E, 0xCC, 0x26, 0xCC, 0x26, 0xCC, 0x26,
    0x6B, 0x1E, 0x8D, 0x26, 0x4B, 0x26, 0xAD, 0x25, 0x00, 0x00, 0x00, 0x00, 0x00, 0x00, 0x00, 0x00,
    0x00, 0x00, 0x00, 0x00, 0x00, 0x00, 0x00, 0x00, 0xEF, 0x03, 0x4A, 0x05, 0xEA, 0x07, 0xEA, 0x07,
    0xEF, 0x07, 0x00, 0x00, 0x00, 0x00, 0x00, 0x00, 0x00, 0x00, 0x00, 0x00, 0x00, 0x00, 0x00, 0x00,
    0xE7, 0x05, 0xCD, 0x06, 0xEB, 0x1E, 0x8B, 0x16, 0xCB, 0x26, 0x6B, 0x1E, 0xEB, 0x1E, 0xCB, 0x1E,
    0xAC, 0x1E, 0xAB, 0x1E, 0xCC, 0x1E, 0xAC, 0x1E, 0xAC, 0x1E, 0xAB, 0x1E, 0xAB, 0x1E, 0xAC, 0x1E,
    0xAC, 0x1E, 0xAC, 0x1E, 0xAC, 0x1E, 0xAC, 0x1E, 0xAC, 0x1E, 0xCC, 0x1E, 0xAC, 0x1E, 0xAC, 0x1E,
    0xAC, 0x1E, 0xAC, 0x1E, 0xAC, 0x1E, 0xAC, 0x1E, 0xAC, 0x1E, 0xAC, 0x1E, 0xAC, 0x1E, 0xAC, 0x1E,
    0xAC, 0x1E, 0xAC, 0x1E, 0xAC, 0x1E, 0xAC, 0x1E, 0xAC, 0x1E, 0xAC, 0x1E, 0xAC, 0x1E, 0xAC, 0x1E,
    0xAC, 0x1E, 0xAC, 0x1E, 0xAC, 0x1E, 0xAC, 0x1E, 0xAB, 0x1E, 0xAB, 0x1E, 0xEC, 0x1E, 0x4D, 0x27,
    0x8D, 0x27, 0x2C, 0x27, 0xAB, 0x1E, 0xAB, 0x1E, 0x8B, 0x1E, 0xAC, 0x1E, 0x4A, 0x05, 0x00, 0x00,
    0x00, 0x00, 0xE7, 0x3D, 0x8B, 0x1E, 0xCB, 0x1E, 0xAB, 0x1E, 0xAC, 0x1E, 0x2C, 0x27, 0x8D, 0x27,
    0x4D, 0x27, 0xEC, 0x1E, 0xAB, 0x1E, 0xAB, 0x1E, 0xAC, 0x1E, 0xAC, 0x1E, 0xAC, 0x1E, 0xAC, 0x1E,
    0xAC, 0x1E, 0xAC, 0x1E, 0xAC, 0x1E, 0xAC, 0x1E, 0xAC, 0x1E, 0xAC, 0x1E, 0xAC, 0x1E, 0xAC, 0x1E,
    0xAC, 0x1E, 0xAC, 0x1E, 0xAC, 0x1E, 0xAC, 0x1E, 0xAC, 0x1E, 0xAC, 0x1E, 0xAC, 0x1E, 0xAC, 0x1E,
    0xAC, 0x1E, 0xAC, 0x1E, 0xAC, 0x1E, 0xAC, 0x1E, 0xAC, 0x1E, 0xAC, 0x1E, 0xCC, 0x1E, 0xEC, 0x1E,
    0xEC, 0x1E, 0xCC, 0x1E, 0xAC, 0x1E, 0xAC, 0x1E, 0xAC, 0x1E, 0xAC, 0x1E, 0xAC, 0x1E, 0xAC, 0x1E,
    0xAC, 0x1E, 0xAC, 0x1E, 0xAC, 0x1E, 0xAB, 0x1E, 0xCC, 0x1E, 0x0C, 0x27, 0x0C, 0x27, 0x2C, 0x1F,
    0x2C, 0x1F, 0x0C, 0x1F, 0x0C, 0x1F, 0xEC, 0x1E, 0xEC, 0x1E, 0xEC, 0x1E, 0xEC, 0x1E, 0xEC, 0x1E,
    0xEC, 0x1E, 0xEC, 0x1E, 0xEC, 0x1E, 0xEC, 0x1E, 0xEC, 0x1E, 0xEC, 0x1E, 0xEC, 0x1E, 0xEC, 0x1E,
    0xEC, 0x1E, 0xEC, 0x1E, 0xEC, 0x1E, 0xEC, 0x1E, 0xEC, 0x1E, 0xEC, 0x1E, 0xEC, 0x1E, 0xEC, 0x1E,
    0xEC, 0x1E, 0xEC, 0x1E, 0xEC, 0x1E, 0xEC, 0x1E, 0xEC, 0x1E, 0xEC, 0x1E, 0xEC, 0x1E, 0xEC, 0x1E,
    0xEC, 0x1E, 0xEC, 0x1E, 0xEC, 0x1E, 0xEC, 0x1E, 0xEC, 0x1E, 0xEC, 0x1E, 0xEC, 0x1E, 0xEC, 0x1E,
    0xEC, 0x1E, 0x0C, 0x1F, 0x0C, 0x1F, 0x0C, 0x1F, 0x0C, 0x1F, 0x0C, 0x27, 0x0C, 0x27, 0x0C, 0x27,
    0x0C, 0x27, 0xCC, 0x1E, 0xAC, 0x1E, 0xAC, 0x1E, 0xAB, 0x1E, 0xAB, 0x1E, 0xAB, 0x1E, 0xCC, 0x1E,
    0xAC, 0x1E, 0xAB, 0x1E, 0xCB, 0x1E, 0xCC, 0x1E, 0xCB, 0x1E, 0xCC, 0x1E, 0xCC, 0x26, 0xCC, 0x1E,
    0xAC, 0x1E, 0xCC, 0x26, 0xAB, 0x1E, 0xCC, 0x1E, 0xAB, 0x1E, 0xAC, 0x1E, 0x6A, 0x16, 0xCB, 0x15,
    0xEB, 0x1E, 0xAA, 0x2E, 0xE7, 0x05, 0xE0, 0x07, 0x00, 0x00, 0x00, 0x00, 0x00, 0x00, 0x00, 0x00,
    0x00, 0x00, 0x00, 0x00, 0x00, 0x00, 0xFF, 0x07, 0x4A, 0x05, 0xE7, 0x05, 0xE7, 0x05, 0xEF, 0x05,
    0xEA, 0x07, 0x00, 0x00, 0x00, 0x00, 0x00, 0x00, 0x00, 0x00, 0x00, 0x00, 0x00, 0x00, 0xAC, 0x16,
    0x8C, 0x1E, 0xAC, 0x1E, 0xCB, 0x1E, 0xAC, 0x1E, 0xAC, 0x1E, 0xAB, 0x1E, 0xAB, 0x1E, 0xAC, 0x1E,
    0xAC, 0x1E, 0xAC, 0x1E, 0xCC, 0x1E, 0xCC, 0x1E, 0xCC, 0x1E, 0xCC, 0x1E, 0xAC, 0x1E, 0xAC, 0x1E,
    0xAC, 0x1E, 0xAC, 0x1E, 0xAC, 0x1E, 0xAC, 0x1E, 0xAC, 0x1E, 0xAC, 0x1E, 0xAC, 0x1E, 0xAC, 0x1E,
    0xAC, 0x1E, 0xAC, 0x1E, 0xAC, 0x1E, 0xAC, 0x1E, 0xAC, 0x1E, 0xAC, 0x1E, 0xAC, 0x1E, 0xAC, 0x1E,
    0xAC, 0x1E, 0xAC, 0x1E, 0xAC, 0x1E, 0xAC, 0x1E, 0xAB, 0x1E, 0xAB, 0x1E, 0xEC, 0x1E, 0x4D, 0x27,
    0x8D, 0x27, 0x2C, 0x27, 0xAC, 0x1E, 0xAB, 0x1E, 0xAB, 0x1E, 0xAB, 0x1E, 0xAA, 0x02, 0x00, 0x00,
    0x00, 0x00, 0xEF, 0x03, 0xAB, 0x26, 0xAB, 0x1E, 0xAC, 0x1E, 0xAB, 0x1E, 0x0C, 0x1F, 0x8D, 0x27,
    0x4D, 0x27, 0xEC, 0x1E, 0xAB, 0x1E, 0xAB, 0x1E, 0xAC, 0x1E, 0xAC, 0x1E, 0xAC, 0x1E, 0xAC, 0x1E,
    0xAC, 0x1E, 0xAC, 0x1E, 0xAC, 0x1E, 0xAC, 0x1E, 0xAC, 0x1E, 0xAC, 0x1E, 0xAC, 0x1E, 0xAC, 0x1E,
    0xAC, 0x1E, 0xAC, 0x1E, 0xAC, 0x1E, 0xAC, 0x1E, 0xAC, 0x1E, 0xAC, 0x1E, 0xAC, 0x1E, 0xAC, 0x1E,
    0xAC, 0x1E, 0xAC, 0x1E, 0xAC, 0x1E, 0xAC, 0x1E, 0xAC, 0x1E, 0xAC, 0x1E, 0xCC, 0x1E, 0xEC, 0x1E,
    0x0C, 0x1F, 0x0C, 0x1F, 0xCC, 0x1E, 0xAC, 0x1E, 0xAC, 0x1E, 0xAC, 0x1E, 0xAB, 0x1E, 0xAC, 0x1E,
    0xAC, 0x1E, 0xCC, 0x1E, 0xAC, 0x1E, 0xEC, 0x1E, 0x2C, 0x27, 0x4D, 0x27, 0x6D, 0x27, 0x6D, 0x27,
    0x4D, 0x27, 0x4D, 0x27, 0x2C, 0x27, 0x2C, 0x27, 0x2C, 0x27, 0x2C, 0x27, 0x2C, 0x27, 0x0C, 0x27,
    0x0C, 0x27, 0x0C, 0x27, 0x0C, 0x27, 0x0C, 0x27, 0x0C, 0x27, 0x0C, 0x27, 0x0C, 0x27, 0x0C, 0x27,
    0x0C, 0x27, 0x0C, 0x1F, 0x0C, 0x1F, 0x0C, 0x1F, 0x0C, 0x1F, 0x0C, 0x1F, 0x0C, 0x1F, 0x0C, 0x1F,
    0x0C, 0x1F, 0x0C, 0x1F, 0x0C, 0x1F, 0x0C, 0x1F, 0x0C, 0x1F, 0x0C, 0x1F, 0x0C, 0x1F, 0x0C, 0x1F,
    0x0C, 0x27, 0x0C, 0x27, 0x0C, 0x27, 0x0C, 0x27, 0x0C, 0x27, 0x0C, 0x27, 0x0C, 0x27, 0x2C, 0x27,
    0x2C, 0x27, 0x2C, 0x27, 0x2C, 0x27, 0x2C, 0x27, 0x4D, 0x27, 0x4D, 0x27, 0x4D, 0x27, 0x4D, 0x27,
    0x4D, 0x27, 0x2C, 0x27, 0xEC, 0x1E, 0xAC, 0x1E, 0xAB, 0x1E, 0xAC, 0x1E, 0xAB, 0x1E, 0xAC, 0x1E,
    0xAB, 0x1E, 0xAB, 0x1E, 0xAB, 0x1E, 0xCC, 0x1E, 0xCC, 0x1E, 0xCC, 0x1E, 0xAC, 0x1E, 0xAC, 0x1E,
    0xAC, 0x1E, 0xAC, 0x1E, 0xAB, 0x1E, 0xCC, 0x1E, 0x8B, 0x1E, 0xAC, 0x1E, 0xAB, 0x1E, 0x6C, 0x1E,
    0xCC, 0x16, 0xAC, 0x1E, 0x8B, 0x1E, 0xCD, 0x26, 0x00, 0x00, 0x00, 0x00, 0x00, 0x00, 0x00, 0x00,
    0x00, 0x00, 0x00, 0x00, 0x00, 0x00, 0x00, 0x00, 0xEA, 0x07, 0xC9, 0x26, 0xCD, 0x26, 0xAD, 0x25,
    0xEA, 0x07, 0x00, 0x00, 0x00, 0x00, 0x00, 0x00, 0x00, 0x00, 0x00, 0x00, 0x00, 0x00, 0x00, 0x00,
    0x6B, 0x0E, 0x8B, 0x1E, 0xCC, 0x1E, 0xAB, 0x1E, 0xAB, 0x1E, 0xAB, 0x1E, 0xAB, 0x1E, 0xAC, 0x1E,
    0xAC, 0x1E, 0xAC, 0x1E, 0xCC, 0x1E, 0xCC, 0x1E, 0xCC, 0x1E, 0xCC, 0x1E, 0xAC, 0x1E, 0xAB, 0x1E,
    0xAC, 0x1E, 0xAC, 0x1E, 0xAC, 0x1E, 0xAC, 0x1E, 0xAC, 0x1E, 0xAC, 0x1E, 0xAC, 0x1E, 0xAC, 0x1E,
    0xAC, 0x1E, 0xAC, 0x1E, 0xAC, 0x1E, 0xAC, 0x1E, 0xAC, 0x1E, 0xAC, 0x1E, 0xAC, 0x1E, 0xAC, 0x1E,
    0xAC, 0x1E, 0xAC, 0x1E, 0xAC, 0x1E, 0xAC, 0x1E, 0xAB, 0x1E, 0xAB, 0x1E, 0xEC, 0x1E, 0x4D, 0x27,
    0x8D, 0x27, 0x0C, 0x1F, 0xAB, 0x1E, 0xAB, 0x1E, 0xAC, 0x26, 0xAB, 0x1E, 0x00, 0x00, 0x00, 0x00,
    0x00, 0x00, 0x00, 0x00, 0xCC, 0x1E, 0xAB, 0x1E, 0xAB, 0x1E, 0xAC, 0x1E, 0x0C, 0x1F, 0x6D, 0x27,
    0x4D, 0x27, 0xEC, 0x1E, 0xAC, 0x1E, 0xAB, 0x1E, 0xAC, 0x1E, 0xAC, 0x1E, 0xAC, 0x1E, 0xAC, 0x1E,
    0xAC, 0x1E, 0xAC, 0x1E, 0xAC, 0x1E, 0xAC, 0x1E, 0xAC, 0x1E, 0xAC, 0x1E, 0xAC, 0x1E, 0xAC, 0x1E,
    0xAC, 0x1E, 0xAC, 0x1E, 0xAC, 0x1E, 0xAC, 0x1E, 0xAC, 0x1E, 0xAC, 0x1E, 0xAC, 0x1E, 0xAC, 0x1E,
    0xAC, 0x1E, 0xAC, 0x1E, 0xAC, 0x1E, 0xAC, 0x1E, 0xAC, 0x1E, 0xAC, 0x1E, 0xCC, 0x1E, 0xEC, 0x1E,
    0x0C, 0x1F, 0x0C, 0x1F, 0xEC, 0x1E, 0xAB, 0x1E, 0xAC, 0x1E, 0xAC, 0x1E, 0xAC, 0x1E, 0xAC, 0x1E,
    0xAC, 0x1E, 0xAB, 0x1E, 0xCC, 0x1E, 0xEC, 0x1E, 0x0C, 0x27, 0x2C, 0x27, 0x2C, 0x27, 0x2C, 0x27,
    0x2C, 0x27, 0x2C, 0x27, 0x0C, 0x27, 0x0C, 0x1F, 0xEC, 0x1E, 0xEC, 0x1E, 0xEC, 0x1E, 0xEC, 0x1E,
    0xEC, 0x1E, 0xEC, 0x1E, 0xEC, 0x1E, 0xEC, 0x1E, 0xEC, 0x1E, 0xEC, 0x1E, 0xEC, 0x1E, 0xEC, 0x1E,
    0xEC, 0x1E, 0xEC, 0x1E, 0xEC, 0x1E, 0xEC, 0x1E, 0xEC, 0x1E, 0xEC, 0x1E, 0xEC, 0x1E, 0xEC, 0x1E,
    0xEC, 0x1E, 0xEC, 0x1E, 0xEC, 0x1E, 0xEC, 0x1E, 0xEC, 0x1E, 0xEC, 0x1E, 0xEC, 0x1E, 0xEC, 0x1E,
    0xEC, 0x1E, 0xEC, 0x1E, 0xEC, 0x1E, 0xEC, 0x1E, 0xEC, 0x1E, 0xEC, 0x1E, 0xEC, 0x1E, 0xEC, 0x1E,
    0xEC, 0x1E, 0x0C, 0x1F, 0x0C, 0x1F, 0x0C, 0x27, 0x0C, 0x27, 0x2C, 0x27, 0x2C, 0x27, 0x2C, 0x27,
    0x2C, 0x27, 0x0C, 0x27, 0xEC, 0x1E, 0xCC, 0x1E, 0xAB, 0x1E, 0xAB, 0x1E, 0xAB, 0x1E, 0xAC, 0x1E,
    0xAB, 0x1E, 0xAB, 0x1E, 0xAB, 0x1E, 0xCC, 0x1E, 0xCC, 0x1E, 0xCC, 0x1E, 0xAC, 0x1E, 0xAC, 0x1E,
    0xAC, 0x1E, 0xAB, 0x1E, 0xAB, 0x1E, 0xAC, 0x1E, 0xAC, 0x1E, 0xAC, 0x1E, 0xAB, 0x1E, 0x8C, 0x1E,
    0xAC, 0x1E, 0xAC, 0x1E, 0x8C, 0x1E, 0x8B, 0x16, 0x6C, 0x36, 0x00, 0x00, 0x00, 0x00, 0x00, 0x00,
    0x00, 0x00, 0x00, 0x00, 0x00, 0x00, 0x00, 0x00, 0xE0, 0x07, 0x6C, 0x36, 0xCD, 0x26, 0xAD, 0x25,
    0xE7, 0x05, 0x00, 0x00, 0x00, 0x00, 0x00, 0x00, 0x00, 0x00, 0x00, 0x00, 0x00, 0x00, 0x00, 0x00,
    0xEF, 0x05, 0xAC, 0x1E, 0xCB, 0x1E, 0xAB, 0x1E, 0xAC, 0x26, 0xAC, 0x1E, 0xAB, 0x1E, 0xAC, 0x1E,
    0xAC, 0x1E, 0xAB, 0x1E, 0xCC, 0x1E, 0xEC, 0x1E, 0xEC, 0x1E, 0xCC, 0x1E, 0xAB, 0x1E, 0xAC, 0x1E,
    0xAB, 0x1E, 0xAC, 0x1E, 0xAC, 0x1E, 0xAC, 0x1E, 0xAC, 0x1E, 0xAC, 0x1E, 0xAC, 0x1E, 0xAC, 0x1E,
    0xAC, 0x1E, 0xAC, 0x1E, 0xAC, 0x1E, 0xAC, 0x1E, 0xAC, 0x1E, 0xAC, 0x1E, 0xAC, 0x1E, 0xAC, 0x1E,
    0xAC, 0x1E, 0xAC, 0x1E, 0xAC, 0x1E, 0xAC, 0x1E, 0xAB, 0x1E, 0xAC, 0x1E, 0xEC, 0x1E, 0x4D, 0x27,
    0x6D, 0x27, 0xEC, 0x1E, 0xAC, 0x1E, 0xAB, 0x1E, 0xAC, 0x1E, 0x8C, 0x1E, 0x00, 0x00, 0x00, 0x00,
    0x00, 0x00, 0x00, 0x00, 0x8B, 0x1E, 0xAB, 0x1E, 0xAB, 0x1E, 0xAC, 0x1E, 0xEC, 0x1E, 0x4D, 0x27,
    0x2C, 0x27, 0xCC, 0x1E, 0xAC, 0x1E, 0xAB, 0x1E, 0xAB, 0x1E, 0xAC, 0x1E, 0xAC, 0x1E, 0xAC, 0x1E,
    0xAC, 0x1E, 0xAC, 0x1E, 0xAC, 0x1E, 0xAC, 0x1E, 0xAC, 0x1E, 0xAC, 0x1E, 0xAC, 0x1E, 0xAC, 0x1E,
    0xAC, 0x1E, 0xAC, 0x1E, 0xAC, 0x1E, 0xAC, 0x1E, 0xAC, 0x1E, 0xAC, 0x1E, 0xAC, 0x1E, 0xAC, 0x1E,
    0xAC, 0x1E, 0xAC, 0x1E, 0xAC, 0x1E, 0xAC, 0x1E, 0xAC, 0x1E, 0xAC, 0x1E, 0xCC, 0x1E, 0xCC, 0x1E,
    0xCC, 0x1E, 0xCC, 0x1E, 0xCC, 0x1E, 0xAC, 0x1E, 0xAB, 0x1E, 0xAC, 0x1E, 0xAB, 0x1E, 0xAB, 0x1E,
    0xAB, 0x1E, 0xAC, 0x1E, 0xCC, 0x1E, 0xCC, 0x1E, 0xCC, 0x1E, 0xCC, 0x1E, 0xEC, 0x1E, 0xCC, 0x1E,
    0xCC, 0x1E, 0xCC, 0x1E, 0xCC, 0x1E, 0xCC, 0x1E, 0xCC, 0x1E, 0xCC, 0x1E, 0xAC, 0x1E, 0xAC, 0x1E,
    0xAC, 0x1E, 0xAC, 0x1E, 0xAC, 0x1E, 0xAC, 0x1E, 0xAC, 0x1E, 0xAC, 0x1E, 0xAC, 0x1E, 0xAC, 0x1E,
    0xAC, 0x1E, 0xAC, 0x1E, 0xAC, 0x1E, 0xAC, 0x1E, 0xAC, 0x1E, 0xAC, 0x1E, 0xAC, 0x1E, 0xAC, 0x1E,
    0xAC, 0x1E, 0xAC, 0x1E, 0xAC, 0x1E, 0xAC, 0x1E, 0xAC, 0x1E, 0xAC, 0x1E, 0xAC, 0x1E, 0xAC, 0x1E,
    0xAC, 0x1E, 0xAC, 0x1E, 0xAC, 0x1E, 0xAC, 0x1E, 0xAC, 0x1E, 0xAC, 0x1E, 0xAC, 0x1E, 0xCC, 0x1E,
    0xCC, 0x1E, 0xCC, 0x1E, 0xCC, 0x1E, 0xCC, 0x1E, 0xCC, 0x1E, 0xCC, 0x1E, 0xCC, 0x1E, 0xEC, 0x1E,
    0xCC, 0x1E, 0xCC, 0x1E, 0xCC, 0x1E, 0xCC, 0x1E, 0xAC, 0x1E, 0xAC, 0x1E, 0xAB, 0x1E, 0xAC, 0x1E,
    0xAB, 0x1E, 0xAC, 0x1E, 0xAC, 0x1E, 0xCC, 0x1E, 0xCC, 0x1E, 0xCC, 0x1E, 0xAC, 0x1E, 0xAC, 0x1E,
    0xAC, 0x1E, 0xAB, 0x1E, 0xAC, 0x1E, 0xCC, 0x1E, 0xAB, 0x1E, 0xAB, 0x1E, 0xAB, 0x1E, 0xAB, 0x1E,
    0xAC, 0x1E, 0xAC, 0x1E, 0xAC, 0x1E, 0x8C, 0x1E, 0xAB, 0x1E, 0xEB, 0x1E, 0x00, 0x00, 0x00, 0x00,
    0x00, 0x00, 0x00, 0x00, 0x00, 0x00, 0x00, 0x00, 0x00, 0x00, 0xEF, 0x07, 0xEA, 0x07, 0xEA, 0x07,
    0xEF, 0x07, 0xE0, 0x07, 0x00, 0x00, 0x00, 0x00, 0x00, 0x00, 0x00, 0x00, 0x00, 0x00, 0x00, 0x00,
    0x00, 0x00, 0xEC, 0x07, 0x6A, 0x26, 0xCB, 0x1E, 0x8B, 0x1E, 0xAC, 0x1E, 0xAB, 0x1E, 0xAB, 0x1E,
    0xAC, 0x1E, 0xAB, 0x1E, 0xEC, 0x1E, 0x0C, 0x1F, 0xEC, 0x1E, 0xCC, 0x1E, 0xAC, 0x1E, 0xAB, 0x1E,
    0xAB, 0x1E, 0xAC, 0x1E, 0xAC, 0x1E, 0xAC, 0x1E, 0xAC, 0x1E, 0xAC, 0x1E, 0xAC, 0x1E, 0xAC, 0x1E,
    0xAC, 0x1E, 0xAC, 0x1E, 0xAC, 0x1E, 0xAC, 0x1E, 0xAC, 0x1E, 0xAC, 0x1E, 0xAC, 0x1E, 0xAC, 0x1E,
    0xAC, 0x1E, 0xAC, 0x1E, 0xAC, 0x1E, 0xAB, 0x1E, 0xAB, 0x1E, 0xAC, 0x1E, 0xCC, 0x1E, 0x2C, 0x27,
    0x4D, 0x27, 0xCC, 0x1E, 0xAC, 0x1E, 0xAC, 0x1E, 0xAC, 0x1E, 0xAB, 0x1E, 0x00, 0x00, 0x00, 0x00,
    0x00, 0x00, 0x00, 0x00, 0xEC, 0x26, 0xAC, 0x1E, 0xAB, 0x1E, 0xAB, 0x1E, 0xCC, 0x1E, 0x4C, 0x27,
    0x2C, 0x27, 0xCC, 0x1E, 0xAC, 0x1E, 0xAB, 0x1E, 0xAB, 0x1E, 0xAC, 0x1E, 0xAC, 0x1E, 0xAC, 0x1E,
    0xAC, 0x1E, 0xAC, 0x1E, 0xAC, 0x1E, 0xAC, 0x1E, 0xAC, 0x1E, 0xAC, 0x1E, 0xAC, 0x1E, 0xAC, 0x1E,
    0xAC, 0x1E, 0xAC, 0x1E, 0xAC, 0x1E, 0xAC, 0x1E, 0xAC, 0x1E, 0xAC, 0x1E, 0xAC, 0x1E, 0xAC, 0x1E,
    0xAC, 0x1E, 0xAC, 0x1E, 0xAC, 0x1E, 0xAC, 0x1E, 0xAC, 0x1E, 0xAC, 0x1E, 0xAC, 0x1E, 0xAB, 0x1E,
    0xAB, 0x1E, 0xAC, 0x1E, 0xAB, 0x1E, 0xAC, 0x1E, 0xCC, 0x1E, 0xCC, 0x1E, 0xCC, 0x1E, 0xCC, 0x1E,
    0xCC, 0x1E, 0xAC, 0x1E, 0xAB, 0x1E, 0xAC, 0x1E, 0xAC, 0x1E, 0xAC, 0x1E, 0xAC, 0x1E, 0xAC, 0x1E,
    0xAB, 0x1E, 0xAB, 0x1E, 0xAC, 0x1E, 0xAC, 0x1E, 0xCC, 0x1E, 0xCC, 0x1E, 0xCC, 0x1E, 0xCC, 0x1E,
    0xCC, 0x1E, 0xCC, 0x1E, 0xCC, 0x1E, 0xCC, 0x1E, 0xCC, 0x1E, 0xCC, 0x1E, 0xCC, 0x1E, 0xCC, 0x1E,
    0xCC, 0x1E, 0xCC, 0x1E, 0xCC, 0x1E, 0xCC, 0x1E, 0xCC, 0x1E, 0xCC, 0x1E, 0xCC, 0x1E, 0xCC, 0x1E,
    0xCC, 0x1E, 0xCC, 0x1E, 0xCC, 0x1E, 0xCC, 0x1E, 0xCC, 0x1E, 0xCC, 0x1E, 0xCC, 0x1E, 0xCC, 0x1E,
    0xCC, 0x1E, 0xCC, 0x1E, 0xCC, 0x1E, 0xCC, 0x1E, 0xCC, 0x1E, 0xCC, 0x1E, 0xCC, 0x1E, 0xCC, 0x1E,
    0xCC, 0x1E, 0xCC, 0x1E, 0xAC, 0x1E, 0xAC, 0x1E, 0xAB, 0x1E, 0xAC, 0x1E, 0xAC, 0x1E, 0xAB, 0x1E,
    0xAC, 0x1E, 0xAC, 0x1E, 0xAC, 0x1E, 0xAB, 0x1E, 0xAC, 0x1E, 0xCC, 0x1E, 0xCC, 0x1E, 0xCC, 0x1E,
    0xCC, 0x1E, 0xCC, 0x1E, 0xEC, 0x1E, 0xEC, 0x1E, 0x0C, 0x27, 0x0C, 0x1F, 0xEC, 0x1E, 0xAC, 0x1E,
    0xAC, 0x1E, 0xAB, 0x1E, 0xAC, 0x1E, 0xAC, 0x1E, 0xAC, 0x1E, 0xAC, 0x1E, 0xAB, 0x1E, 0xAC, 0x1E,
    0xAC, 0x1E, 0x8B, 0x1E, 0xAB, 0x1E, 0x8B, 0x1E, 0xCB, 0x1E, 0xCB, 0x1E, 0xCB, 0x1E, 0x0D, 0x1F,
    0xAC, 0x26, 0x8E, 0x16, 0x0E, 0x1F, 0x4A, 0x05, 0x00, 0x00, 0x00, 0x00, 0x00, 0x00, 0x00, 0x00,
    0x00, 0x00, 0x00, 0x00, 0x00, 0x00, 0xEF, 0x07, 0x4A, 0x05, 0xAA, 0x06, 0xEF, 0x05, 0x4A, 0x05,
    0x00, 0x00, 0x00, 0x00, 0xC9, 0x26, 0xEB, 0x1E, 0x6B, 0x26, 0xAC, 0x26, 0xAB, 0x1E, 0xAB, 0x1E,
    0xAB, 0x1E, 0xAB, 0x1E, 0xEC, 0x1E, 0x0C, 0x1F, 0x0C, 0x1F, 0xCC, 0x1E, 0xAC, 0x1E, 0xAB, 0x1E,
    0xAB, 0x1E, 0xAC, 0x1E, 0xAC, 0x1E, 0xAC, 0x1E, 0xAC, 0x1E, 0xAC, 0x1E, 0xAC, 0x1E, 0xAC, 0x1E,
    0xAC, 0x1E, 0xAC, 0x1E, 0xAC, 0x1E, 0xAC, 0x1E, 0xAC, 0x1E, 0xAC, 0x1E, 0xAC, 0x1E, 0xAC, 0x1E,
    0xAC, 0x1E, 0xAC, 0x1E, 0xAC, 0x1E, 0xAB, 0x1E, 0xAB, 0x1E, 0xAC, 0x1E, 0xCC, 0x1E, 0x2C, 0x27,
    0x4C, 0x27, 0xAC, 0x1E, 0xAC, 0x1E, 0xAB, 0x1E, 0xAC, 0x1E, 0xAB, 0x1E, 0x00, 0x00, 0x00, 0x00,
    0x00, 0x00, 0x00, 0x00, 0xEB, 0x26, 0xAB, 0x1E, 0xAB, 0x1E, 0xAB, 0x1E, 0xAB, 0x1E, 0x2C, 0x27,
    0x0C, 0x27, 0xCC, 0x1E, 0xAB, 0x1E, 0xAC, 0x1E, 0xAB, 0x1E, 0xAC, 0x1E, 0xAC, 0x1E, 0xAC, 0x1E,
    0xAC, 0x1E, 0xAC, 0x1E, 0xAC, 0x1E, 0xAC, 0x1E, 0xAC, 0x1E, 0xAC, 0x1E, 0xAC, 0x1E, 0xAC, 0x1E,
    0xAC, 0x1E, 0xAC, 0x1E, 0xAC, 0x1E, 0xAC, 0x1E, 0xAC, 0x1E, 0xAC, 0x1E, 0xAC, 0x1E, 0xAC, 0x1E,
    0xAC, 0x1E, 0xAC, 0x1E, 0xAC, 0x1E, 0xAC, 0x1E, 0xAC, 0x1E, 0xAC, 0x1E, 0xAC, 0x1E, 0xAB, 0x1E,
    0xAC, 0x1E, 0xAB, 0x1E, 0xAB, 0x1E, 0xAC, 0x1E, 0xCC, 0x1E, 0xCC, 0x1E, 0xCC, 0x1E, 0xCC, 0x1E,
    0xCC, 0x1E, 0xAB, 0x1E, 0xAB, 0x1E, 0xAC, 0x1E, 0xAB, 0x1E, 0xAB, 0x1E, 0xAB, 0x1E, 0xAB, 0x1E,
    0xAC, 0x1E, 0xAC, 0x1E, 0xCC, 0x1E, 0xEC, 0x1E, 0xEC, 0x1E, 0x0C, 0x1F, 0x0C, 0x27, 0x0C, 0x27,
    0x0C, 0x27, 0x0C, 0x27, 0x0C, 0x27, 0x0C, 0x27, 0x0C, 0x27, 0x0C, 0x27, 0x0C, 0x27, 0x0C, 0x27,
    0x0C, 0x27, 0x0C, 0x27, 0x0C, 0x27, 0x0C, 0x27, 0x0C, 0x27, 0x0C, 0x27, 0x0C, 0x27, 0x0C, 0x27,
    0x0C, 0x27, 0x0C, 0x27, 0x0C, 0x27, 0x0C, 0x27, 0x0C, 0x27, 0x0C, 0x27, 0x0C, 0x27, 0x0C, 0x27,
    0x0C, 0x27, 0x0C, 0x27, 0x0C, 0x27, 0x0C, 0x27, 0x0C, 0x27, 0x0C, 0x27, 0x0C, 0x27, 0x0C, 0x27,
    0x0C, 0x1F, 0xEC, 0x1E, 0xEC, 0x1E, 0xCC, 0x1E, 0xAC, 0x1E, 0xAB, 0x1E, 0xAC, 0x1E, 0xAC, 0x1E,
    0xAC, 0x1E, 0xAB, 0x1E, 0xAC, 0x1E, 0xAC, 0x1E, 0xAC, 0x1E, 0xCC, 0x1E, 0xCC, 0x1E, 0xCC, 0x1E,
    0xCC, 0x1E, 0xEC, 0x1E, 0xEC, 0x1E, 0x0C, 0x1F, 0x2C, 0x27, 0x2C, 0x27, 0x0C, 0x27, 0xEC, 0x1E,
    0xAC, 0x1E, 0xAC, 0x1E, 0xAC, 0x1E, 0xAC, 0x1E, 0xAB, 0x1E, 0xAB, 0x1E, 0xAB, 0x1E, 0xAB, 0x1E,
    0xAC, 0x1E, 0xAC, 0x1E, 0xAC, 0x1E, 0xAC, 0x1E, 0xCB, 0x1E, 0xCB, 0x1E, 0xCC, 0x1E, 0xCC, 0x1E,
    0xAC, 0x1E, 0xCC, 0x1E, 0xCC, 0x1E, 0x6C, 0x1E, 0xAA, 0x2E, 0x00, 0x00, 0x00, 0x00, 0x00, 0x00,
    0x00, 0x00, 0x00, 0x00, 0x00, 0x00, 0xFF, 0x07, 0xCD, 0x06, 0x0A, 0x1F, 0xEB, 0x1E, 0xA9, 0x25,
    0xEF, 0x07, 0x00, 0x00, 0x00, 0xF8, 0xCB, 0x26, 0x8B, 0x26, 0xCB, 0x1E, 0xAB, 0x1E, 0xAB, 0x1E,
    0xAB, 0x1E, 0xAB, 0x1E, 0xEC, 0x1E, 0x2C, 0x27, 0x0C, 0x1F, 0xCC, 0x1E, 0xAC, 0x1E, 0xAB, 0x1E,
    0xAB, 0x1E, 0xAC, 0x1E, 0xAC, 0x1E, 0xAC, 0x1E, 0xAC, 0x1E, 0xAC, 0x1E, 0xAC, 0x1E, 0xAC, 0x1E,
    0xAC, 0x1E, 0xAC, 0x1E, 0xAC, 0x1E, 0xAC, 0x1E, 0xAC, 0x1E, 0xAC, 0x1E, 0xAC, 0x1E, 0xAC, 0x1E,
    0xAC, 0x1E, 0xAC, 0x1E, 0xAC, 0x1E, 0xAB, 0x1E, 0xAC, 0x1E, 0xAB, 0x1E, 0xCC, 0x1E, 0x0C, 0x27,
    0x2C, 0x27, 0xAC, 0x1E, 0xAC, 0x1E, 0xAC, 0x1E, 0x8C, 0x1E, 0xAB, 0x26, 0x00, 0x00, 0x00, 0x00,
    0x00, 0x00, 0x00, 0x00, 0xCC, 0x1E, 0xCC, 0x1E, 0xAB, 0x1E, 0xAB, 0x1E, 0xAB, 0x1E, 0x0C, 0x1F,
    0x0C, 0x1F, 0xCC, 0x1E, 0xAC, 0x1E, 0xAB, 0x1E, 0xAC, 0x1E, 0xCC, 0x1E, 0xAC, 0x1E, 0xAB, 0x1E,
    0xAC, 0x1E, 0xAC, 0x1E, 0xAC, 0x1E, 0xAC, 0x1E, 0xAC, 0x1E, 0xAC, 0x1E, 0xAC, 0x1E, 0xAC, 0x1E,
    0xAC, 0x1E, 0xAC, 0x1E, 0xAC, 0x1E, 0xAC, 0x1E, 0xAC, 0x1E, 0xAC, 0x1E, 0xAC, 0x1E, 0xAC, 0x1E,
    0xAC, 0x1E, 0xAC, 0x1E, 0xAC, 0x1E, 0xAC, 0x1E, 0xAC, 0x1E, 0xAC, 0x1E, 0xAC, 0x1E, 0xAC, 0x1E,
    0xAB, 0x1E, 0xAB, 0x1E, 0xAC, 0x1E, 0xAC, 0x1E, 0xCC, 0x1E, 0xCC, 0x1E, 0xCC, 0x1E, 0xAC, 0x1E,
    0xAB, 0x1E, 0xAC, 0x1E, 0xAC, 0x1E, 0xAB, 0x1E, 0xAB, 0x1E, 0xAB, 0x1E, 0xAB, 0x1E, 0xAC, 0x1E,
    0xAC, 0x1E, 0xCC, 0x1E, 0xEC, 0x1E, 0x0C, 0x1F, 0x2C, 0x27, 0x2C, 0x27, 0x4D, 0x27, 0x4D, 0x27,
    0x4D, 0x27, 0x4D, 0x27, 0x4D, 0x27, 0x4D, 0x27, 0x4D, 0x27, 0x4D, 0x27, 0x4D, 0x27, 0x4D, 0x27,
    0x4C, 0x27, 0x2C, 0x27, 0x2C, 0x27, 0x2C, 0x27, 0x2C, 0x27, 0x2C, 0x27, 0x2C, 0x27, 0x2C, 0x27,
    0x4C, 0x27, 0x4C, 0x27, 0x4C, 0x27, 0x2C, 0x27, 0x4D, 0x27, 0x4D, 0x27, 0x4D, 0x27, 0x4D, 0x27,
    0x4D, 0x27, 0x4D, 0x27, 0x4D, 0x27, 0x4D, 0x27, 0x4D, 0x27, 0x4D, 0x27, 0x4D, 0x27, 0x4D, 0x27,
    0x2C, 0x27, 0x2C, 0x27, 0x0C, 0x1F, 0xEC, 0x1E, 0xCC, 0x1E, 0xAB, 0x1E, 0xAB, 0x1E, 0xAB, 0x1E,
    0xAC, 0x1E, 0xAB, 0x1E, 0xAC, 0x1E, 0xAB, 0x1E, 0xAC, 0x1E, 0xAB, 0x1E, 0xAC, 0x1E, 0xAC, 0x1E,
    0xCC, 0x1E, 0xCC, 0x1E, 0xCC, 0x1E, 0xEC, 0x1E, 0x0C, 0x27, 0x0C, 0x1F, 0x0C, 0x27, 0xEC, 0x1E,
    0xCC, 0x1E, 0xAC, 0x1E, 0xAC, 0x1E, 0xAC, 0x1E, 0xAC, 0x1E, 0xAB, 0x1E, 0xAC, 0x1E, 0xAB, 0x1E,
    0xAB, 0x1E, 0xAC, 0x1E, 0xAB, 0x1E, 0xAC, 0x1E, 0xCC, 0x1E, 0xCB, 0x1E, 0xAC, 0x1E, 0xAC, 0x1E,
    0xAB, 0x1E, 0xAC, 0x1E, 0xAC, 0x1E, 0xAB, 0x1E, 0xCC, 0x26, 0xEF, 0x7B, 0x00, 0x00, 0x00, 0x00,
    0x00, 0x00, 0x00, 0x00, 0x00, 0x00, 0x00, 0x00, 0xAA, 0x06, 0x2A, 0x1E, 0x2A, 0x1E, 0xEB, 0x1E,
    0xE7, 0x05, 0x00, 0x00, 0xE0, 0x7B, 0x4C, 0x27, 0xAB, 0x26, 0xAB, 0x26, 0xAB, 0x1E, 0xAB, 0x1E,
    0xAB, 0x1E, 0xAB, 0x1E, 0xEC, 0x1E, 0x2C, 0x27, 0x0C, 0x1F, 0xCC, 0x1E, 0xCC, 0x1E, 0xAB, 0x1E,
    0xAB, 0x1E, 0xAC, 0x1E, 0xAC, 0x1E, 0xAC, 0x1E, 0xAC, 0x1E, 0xAC, 0x1E, 0xAC, 0x1E, 0xAC, 0x1E,
    0xAC, 0x1E, 0xAC, 0x1E, 0xAC, 0x1E, 0xAC, 0x1E, 0xAC, 0x1E, 0xAC, 0x1E, 0xAC, 0x1E, 0xAC, 0x1E,
    0xAB, 0x1E, 0xAC, 0x1E, 0xCC, 0x1E, 0xAC, 0x1E, 0xAB, 0x1E, 0xAC, 0x1E, 0xCC, 0x1E, 0x0C, 0x1F,
    0xEC, 0x1E, 0xAB, 0x1E, 0xAC, 0x1E, 0xAC, 0x1E, 0x8C, 0x1E, 0x8C, 0x1E, 0x00, 0x00, 0x00, 0x00,
    0x00, 0x00, 0x00, 0x00, 0x0C, 0x1F, 0xCC, 0x1E, 0xCC, 0x1E, 0xAB, 0x1E, 0xAB, 0x1E, 0xCC, 0x1E,
    0xEC, 0x1E, 0xCC, 0x1E, 0xAC, 0x1E, 0xAC, 0x1E, 0xCC, 0x1E, 0xCC, 0x1E, 0xAC, 0x1E, 0xAB, 0x1E,
    0xAC, 0x1E, 0xAC, 0x1E, 0xAC, 0x1E, 0xAC, 0x1E, 0xAC, 0x1E, 0xAC, 0x1E, 0xAC, 0x1E, 0xAC, 0x1E,
    0xAC, 0x1E, 0xAC, 0x1E, 0xAC, 0x1E, 0xAC, 0x1E, 0xAC, 0x1E, 0xAC, 0x1E, 0xAC, 0x1E, 0xAC, 0x1E,
    0xAC, 0x1E, 0xAC, 0x1E, 0xAC, 0x1E, 0xAC, 0x1E, 0xAC, 0x1E, 0xAC, 0x1E, 0xAC, 0x1E, 0xAC, 0x1E,
    0xAC, 0x1E, 0xAC, 0x1E, 0xAC, 0x1E, 0xAC, 0x1E, 0xAC, 0x1E, 0xAC, 0x1E, 0xAC, 0x1E, 0xAB, 0x1E,
    0xAB, 0x1E, 0xAC, 0x1E, 0xAC, 0x1E, 0xAC, 0x1E, 0xAC, 0x1E, 0xAC, 0x1E, 0xAB, 0x1E, 0xAB, 0x1E,
    0xAC, 0x1E, 0xCC, 0x1E, 0xCC, 0x1E, 0xEC, 0x1E, 0xEC, 0x1E, 0x0C, 0x1F, 0x0C, 0x1F, 0x0C, 0x27,
    0x0C, 0x27, 0x0C, 0x27, 0x0C, 0x27, 0x0C, 0x27, 0x0C, 0x27, 0x0C, 0x27, 0x0C, 0x27, 0xEC, 0x26,
    0xEC, 0x26, 0xEC, 0x26, 0xEC, 0x26, 0xEC, 0x26, 0xEC, 0x26, 0xEC, 0x26, 0xEC, 0x26, 0xEC, 0x26,
    0xEC, 0x26, 0xEC, 0x26, 0xEC, 0x26, 0xEC, 0x26, 0x0C, 0x27, 0xEC, 0x26, 0xEC, 0x26, 0x0C, 0x27,
    0x0C, 0x27, 0x0C, 0x27, 0x0C, 0x27, 0x0C, 0x27, 0x0C, 0x27, 0x0C, 0x27, 0x0C, 0x27, 0x0C, 0x1F,
    0x0C, 0x1F, 0xEC, 0x1E, 0xEC, 0x1E, 0xCC, 0x1E, 0xCC, 0x1E, 0xAC, 0x1E, 0xAB, 0x1E, 0xAC, 0x1E,
    0xAC, 0x1E, 0xAC, 0x1E, 0xAC, 0x1E, 0xAC, 0x1E, 0xAC, 0x1E, 0xAC, 0x1E, 0xAB, 0x1E, 0xAB, 0x1E,
    0xAB, 0x1E, 0xAC, 0x1E, 0xAC, 0x1E, 0xCC, 0x1E, 0xCC, 0x1E, 0xCC, 0x1E, 0xCC, 0x1E, 0xCC, 0x1E,
    0xCC, 0x1E, 0xCC, 0x1E, 0xAC, 0x1E, 0xAC, 0x1E, 0xAB, 0x1E, 0xAC, 0x1E, 0xAB, 0x1E, 0xAB, 0x1E,
    0xAB, 0x1E, 0xAB, 0x1E, 0xAB, 0x1E, 0xAB, 0x1E, 0xCC, 0x1E, 0xAC, 0x1E, 0xCC, 0x1E, 0xAC, 0x1E,
    0xCC, 0x1E, 0xAC, 0x1E, 0xAC, 0x26, 0xAB, 0x1E, 0x8B, 0x26, 0x8D, 0x26, 0xEC, 0x37, 0x00, 0x00,
    0x00, 0x00, 0x00, 0x00, 0x00, 0x00, 0x00, 0x00, 0xEA, 0x07, 0x66, 0x06, 0x6C, 0x36, 0x6C, 0x36,
    0xEA, 0x07, 0x00, 0x00, 0xEB, 0x3D, 0xED, 0x26, 0xAB, 0x1E, 0xAB, 0x1E, 0xCB, 0x1E, 0xAB, 0x1E,
    0xAB, 0x1E, 0xAC, 0x1E, 0xEC, 0x1E, 0x2C, 0x27, 0x0C, 0x1F, 0xCC, 0x1E, 0xAC, 0x1E, 0xAB, 0x1E,
    0xAB, 0x1E, 0xAC, 0x1E, 0xAC, 0x1E, 0xAC, 0x1E, 0xAC, 0x1E, 0xAC, 0x1E, 0xAC, 0x1E, 0xAC, 0x1E,
    0xAC, 0x1E, 0xAC, 0x1E, 0xAC, 0x1E, 0xAC, 0x1E, 0xAC, 0x1E, 0xAC, 0x1E, 0xAC, 0x1E, 0xAC, 0x1E,
    0xAB, 0x1E, 0xAC, 0x1E, 0xCC, 0x1E, 0xCC, 0x1E, 0xAC, 0x1E, 0xAC, 0x1E, 0xCC, 0x1E, 0xEC, 0x1E,
    0xCC, 0x1E, 0xAB, 0x1E, 0xAB, 0x1E, 0xAC, 0x1E, 0x8C, 0x1E, 0x6B, 0x1E, 0x00, 0x00, 0x00, 0x00,
    0x00, 0x00, 0x00, 0x00, 0x0C, 0x1F, 0xCB, 0x1E, 0xAB, 0x1E, 0xAB, 0x1E, 0xAB, 0x1E, 0xAC, 0x1E,
    0xEC, 0x1E, 0xCC, 0x1E, 0xAC, 0x1E, 0xAC, 0x1E, 0xCC, 0x1E, 0xCC, 0x1E, 0xAC, 0x1E, 0xAB, 0x1E,
    0xAC, 0x1E, 0xAC, 0x1E, 0xAC, 0x1E, 0xAC, 0x1E, 0xAC, 0x1E, 0xAC, 0x1E, 0xAC, 0x1E, 0xAC, 0x1E,
    0xAC, 0x1E, 0xAC, 0x1E, 0xAC, 0x1E, 0xAC, 0x1E, 0xAC, 0x1E, 0xAC, 0x1E, 0xAC, 0x1E, 0xAC, 0x1E,
    0xAC, 0x1E, 0xAC, 0x1E, 0xAC, 0x1E, 0xAC, 0x1E, 0xAC, 0x1E, 0xAC, 0x1E, 0xAC, 0x1E, 0xAC, 0x1E,
    0xAC, 0x1E, 0xAC, 0x1E, 0xAC, 0x1E, 0xAC, 0x1E, 0xCC, 0x1E, 0xCC, 0x1E, 0xCC, 0x1E, 0xCC, 0x1E,
    0xCC, 0x1E, 0xCC, 0x1E, 0xCC, 0x1E, 0xCC, 0x1E, 0xCC, 0x1E, 0xCC, 0x1E, 0xCC, 0x1E, 0xCC, 0x1E,
    0xAB, 0x1E, 0xAC, 0x1E, 0xAB, 0x1E, 0xAC, 0x1E, 0xAC, 0x1E, 0xAC, 0x1E, 0xAB, 0x1E, 0xAC, 0x1E,
    0xAC, 0x1E, 0xAC, 0x1E, 0xAC, 0x1E, 0xAC, 0x1E, 0xAB, 0x1E, 0xAB, 0x1E, 0xAB, 0x1E, 0xAC, 0x1E,
    0xCC, 0x1E, 0xAC, 0x1E, 0xAC, 0x1E, 0xAC, 0x1E, 0xAC, 0x1E, 0xAC, 0x1E, 0xAC, 0x1E, 0xAC, 0x1E,
    0xCC, 0x1E, 0xAC, 0x1E, 0xAC, 0x1E, 0xAC, 0x1E, 0xAC, 0x1E, 0xAC, 0x1E, 0xAC, 0x1E, 0xAB, 0x1E,
    0xAC, 0x1E, 0xAC, 0x1E, 0xAC, 0x1E, 0xAC, 0x1E, 0xAC, 0x1E, 0xAC, 0x1E, 0xAC, 0x1E, 0xAC, 0x1E,
    0xAC, 0x1E, 0xAC, 0x1E, 0xAC, 0x1E, 0xAB, 0x1E, 0xAC, 0x1E, 0xAC, 0x1E, 0xCC, 0x1E, 0xCC, 0x1E,
    0xCC, 0x1E, 0xCC, 0x1E, 0xCC, 0x1E, 0xCC, 0x1E, 0xCC, 0x1E, 0xCC, 0x1E, 0xCC, 0x1E, 0xCC, 0x1E,
    0xCC, 0x1E, 0xCC, 0x1E, 0xCC, 0x1E, 0xAC, 0x1E, 0xAC, 0x1E, 0xAB, 0x1E, 0xAB, 0x1E, 0xAB, 0x1E,
    0xAB, 0x1E, 0xAC, 0x1E, 0xAC, 0x1E, 0xAC, 0x1E, 0xCC, 0x1E, 0xCC, 0x1E, 0xCC, 0x1E, 0xCC, 0x1E,
    0xCC, 0x1E, 0xAC, 0x1E, 0xAB, 0x1E, 0xAC, 0x1E, 0xCC, 0x1E, 0xAC, 0x1E, 0xAC, 0x1E, 0xAC, 0x1E,
    0xAC, 0x1E, 0xAC, 0x1E, 0xAB, 0x1E, 0xAC, 0x1E, 0xAC, 0x1E, 0xAC, 0x1E, 0xCB, 0x1E, 0xAC, 0x1E,
    0x0D, 0x1F, 0xA9, 0x16, 0xEB, 0x1E, 0x66, 0x06, 0xFF, 0x07, 0x00, 0x00, 0x00, 0x00, 0x00, 0x00,
    0x00, 0x00, 0x00, 0x00, 0xCB, 0x26, 0xAC, 0x26, 0xAB, 0x1E, 0xAB, 0x1E, 0xAC, 0x1E, 0xAC, 0x1E,
    0xCB, 0x1E, 0xAC, 0x1E, 0xEC, 0x1E, 0x0C, 0x27, 0x0C, 0x1F, 0xCC, 0x1E, 0xAC, 0x1E, 0xAB, 0x1E,
    0xAB, 0x1E, 0xAC, 0x1E, 0xAC, 0x1E, 0xAC, 0x1E, 0xAC, 0x1E, 0xAC, 0x1E, 0xAC, 0x1E, 0xAC, 0x1E,
    0xAC, 0x1E, 0xAC, 0x1E, 0xAC, 0x1E, 0xAC, 0x1E, 0xAC, 0x1E, 0xAC, 0x1E, 0xAC, 0x1E, 0xAC, 0x1E,
    0xAB, 0x1E, 0xAC, 0x1E, 0xCC, 0x1E, 0xCC, 0x1E, 0xAC, 0x1E, 0xAC, 0x1E, 0xCC, 0x1E, 0xCC, 0x1E,
    0xAC, 0x1E, 0xAC, 0x1E, 0xAC, 0x1E, 0xAC, 0x1E, 0x8B, 0x1E, 0x6C, 0x1E, 0x00, 0x00, 0x00, 0x00,
    0x00, 0x00, 0x00, 0x00, 0xEB, 0x1E, 0xCB, 0x1E, 0xAB, 0x1E, 0xAB, 0x1E, 0xAB, 0x1E, 0xAC, 0x1E,
    0xCC, 0x1E, 0xAC, 0x1E, 0xAC, 0x1E, 0xAC, 0x1E, 0xCC, 0x1E, 0xCC, 0x1E, 0xAC, 0x1E, 0xAB, 0x1E,
    0xAC, 0x1E, 0xAC, 0x1E, 0xAC, 0x1E, 0xAC, 0x1E, 0xAC, 0x1E, 0xAC, 0x1E, 0xAC, 0x1E, 0xAC, 0x1E,
    0xAC, 0x1E, 0xAC, 0x1E, 0xAC, 0x1E, 0xAC, 0x1E, 0xAC, 0x1E, 0xAC, 0x1E, 0xAC, 0x1E, 0xAC, 0x1E,
    0xAC, 0x1E, 0xAC, 0x1E, 0xAC, 0x1E, 0xAC, 0x1E, 0xAC, 0x1E, 0xAC, 0x1E, 0xAC, 0x1E, 0xAC, 0x1E,
    0xAC, 0x1E, 0xAC, 0x1E, 0xAC, 0x1E, 0xCC, 0x1E, 0xCC, 0x1E, 0xEC, 0x1E, 0x0C, 0x1F, 0x0C, 0x27,
    0x2C, 0x27, 0x2C, 0x27, 0x2C, 0x27, 0x2C, 0x27, 0x0C, 0x27, 0x0C, 0x1F, 0xEC, 0x1E, 0xAC, 0x1E,
    0xAC, 0x1E, 0xAC, 0x1E, 0xAC, 0x1E, 0xAB, 0x1E, 0xAC, 0x1E, 0xCC, 0x1E, 0xAC, 0x1E, 0xAB, 0x1E,
    0xAC, 0x1E, 0xAC, 0x1E, 0xAC, 0x1E, 0xAC, 0x1E, 0xAC, 0x1E, 0xAB, 0x1E, 0xAB, 0x1E, 0xAB, 0x1E,
    0xAB, 0x1E, 0xAB, 0x1E, 0xAB, 0x1E, 0xAC, 0x1E, 0xAC, 0x1E, 0xAC, 0x1E, 0xAC, 0x1E, 0xAC, 0x1E,
    0xAC, 0x1E, 0xAC, 0x1E, 0xAC, 0x1E, 0xAB, 0x1E, 0xAC, 0x1E, 0xAB, 0x1E, 0xAB, 0x1E, 0xAB, 0x1E,
    0xAC, 0x1E, 0xAC, 0x1E, 0xAC, 0x1E, 0xCB, 0x1E, 0xCC, 0x1E, 0xAC, 0x1E, 0xAC, 0x1E, 0xAC, 0x1E,
    0xAC, 0x1E, 0xAC, 0x1E, 0xAB, 0x1E, 0xAB, 0x1E, 0xAC, 0x1E, 0xAC, 0x1E, 0xEC, 0x1E, 0x0C, 0x1F,
    0x0C, 0x27, 0x0C, 0x27, 0x0C, 0x27, 0x2C, 0x27, 0x2C, 0x27, 0x2C, 0x27, 0x2C, 0x27, 0x2C, 0x27,
    0x2C, 0x27, 0x0C, 0x27, 0xEC, 0x1E, 0xCC, 0x1E, 0xCC, 0x1E, 0xAB, 0x1E, 0xAB, 0x1E, 0xAB, 0x1E,
    0xAB, 0x1E, 0xAC, 0x1E, 0xAB, 0x1E, 0xAC, 0x1E, 0xCC, 0x1E, 0xCC, 0x1E, 0xCC, 0x1E, 0xEC, 0x1E,
    0xEC, 0x1E, 0xEC, 0x1E, 0xEC, 0x1E, 0xEC, 0x1E, 0xCC, 0x1E, 0xAB, 0x1E, 0xAC, 0x1E, 0xAB, 0x1E,
    0xAC, 0x1E, 0xAC, 0x1E, 0xAC, 0x1E, 0xAB, 0x1E, 0xAC, 0x1E, 0xAC, 0x1E, 0xAB, 0x1E, 0xAC, 0x1E,
    0xCC, 0x1E, 0x8B, 0x26, 0xEC, 0x26, 0xE9, 0x1E, 0xFF, 0x07, 0x00, 0x00, 0x00, 0x00, 0x00, 0x00,
    0x00, 0x00, 0x00, 0x00, 0xCC, 0x26, 0xCB, 0x26, 0xCC, 0x1E, 0xAB, 0x1E, 0xCB, 0x1E, 0xCC, 0x1E,
    0xCC, 0x1E, 0xCC, 0x1E, 0xCC, 0x1E, 0xEC, 0x1E, 0xEC, 0x1E, 0xCC, 0x1E, 0xAB, 0x1E, 0xAC, 0x1E,
    0xAB, 0x1E, 0xAC, 0x1E, 0xAC, 0x1E, 0xAC, 0x1E, 0xAC, 0x1E, 0xAC, 0x1E, 0xAC, 0x1E, 0xAC, 0x1E,
    0xAC, 0x1E, 0xAC, 0x1E, 0xAC, 0x1E, 0xAC, 0x1E, 0xAC, 0x1E, 0xAC, 0x1E, 0xAC, 0x1E, 0xAC, 0x1E,
    0xAB, 0x1E, 0xAC, 0x1E, 0xCC, 0x1E, 0xCC, 0x1E, 0xAC, 0x1E, 0xAC, 0x1E, 0xAC, 0x1E, 0xCC, 0x1E,
    0xAB, 0x1E, 0xAB, 0x1E, 0xAC, 0x1E, 0xAC, 0x1E, 0x8B, 0x1E, 0x4B, 0x1E, 0x00, 0x00, 0x00, 0x00,
    0x00, 0x00, 0x00, 0x00, 0x8B, 0x26, 0xCB, 0x1E, 0xAB, 0x1E, 0xAB, 0x1E, 0xAB, 0x1E, 0xAB, 0x1E,
    0xAB, 0x1E, 0xAC, 0x1E, 0xAC, 0x1E, 0xCC, 0x1E, 0xCC, 0x1E, 0xCC, 0x1E, 0xAB, 0x1E, 0xAB, 0x1E,
    0xAB, 0x1E, 0xAC, 0x1E, 0xAC, 0x1E, 0xAC, 0x1E, 0xAC, 0x1E, 0xAC, 0x1E, 0xAC, 0x1E, 0xAC, 0x1E,
    0xAC, 0x1E, 0xAC, 0x1E, 0xAC, 0x1E, 0xAC, 0x1E, 0xAC, 0x1E, 0xAC, 0x1E, 0xAC, 0x1E, 0xAC, 0x1E,
    0xAC, 0x1E, 0xAC, 0x1E, 0xAC, 0x1E, 0xAC, 0x1E, 0xAC, 0x1E, 0xAC, 0x1E, 0xAC, 0x1E, 0xAB, 0x1E,
    0xAB, 0x1E, 0xAC, 0x1E, 0xCC, 0x1E, 0xCC, 0x1E, 0xEC, 0x1E, 0x0C, 0x1F, 0x2C, 0x27, 0x2C, 0x27,
    0x4C, 0x27, 0x4D, 0x27, 0x4D, 0x27, 0x2C, 0x27, 0x0C, 0x27, 0xEC, 0x1E, 0xAC, 0x1E, 0xAC, 0x1E,
    0xAB, 0x1E, 0xAC, 0x1E, 0xAC, 0x1E, 0xCC, 0x1E, 0xAC, 0x1E, 0xCC, 0x1E, 0xCC, 0x1E, 0xAC, 0x1E,
    0xAC, 0x1E, 0xAC, 0x1E, 0xAC, 0x1E, 0xAC, 0x1E, 0xAB, 0x1E, 0xCC, 0x1E, 0xAC, 0x1E, 0xAC, 0x1E,
    0xAB, 0x1E, 0xAB, 0x26, 0xAB, 0x26, 0xAB, 0x26, 0xAB, 0x1E, 0xAB, 0x1E, 0xAB, 0x1E, 0xAB, 0x1E,
    0xAB, 0x1E, 0xAB, 0x1E, 0xAB, 0x1E, 0xAB, 0x1E, 0xAC, 0x26, 0xAC, 0x1E, 0xAC, 0x1E, 0xAC, 0x1E,
    0xAC, 0x1E, 0xAB, 0x1E, 0xAC, 0x1E, 0xCB, 0x1E, 0xCC, 0x1E, 0xAC, 0x1E, 0xAC, 0x1E, 0xCC, 0x1E,
    0xAC, 0x1E, 0xAC, 0x1E, 0xAC, 0x1E, 0xAC, 0x1E, 0xCC, 0x1E, 0xAB, 0x1E, 0xCC, 0x1E, 0xEC, 0x1E,
    0x0C, 0x27, 0x2C, 0x27, 0x2C, 0x27, 0x2C, 0x27, 0x4D, 0x27, 0x4D, 0x27, 0x6D, 0x27, 0x4D, 0x27,
    0x4D, 0x27, 0x2C, 0x27, 0x0C, 0x27, 0xEC, 0x1E, 0xCC, 0x1E, 0xAC, 0x1E, 0xAC, 0x1E, 0xAB, 0x1E,
    0xAB, 0x1E, 0xAB, 0x1E, 0xAC, 0x1E, 0xAB, 0x1E, 0xAC, 0x1E, 0xCC, 0x1E, 0xCC, 0x1E, 0xCC, 0x1E,
    0xEC, 0x1E, 0xEC, 0x1E, 0xEC, 0x1E, 0xEC, 0x1E, 0xEC, 0x1E, 0xCC, 0x1E, 0xAC, 0x1E, 0xAC, 0x1E,
    0xCC, 0x1E, 0xAB, 0x1E, 0xAC, 0x1E, 0xAB, 0x1E, 0xAC, 0x1E, 0xAC, 0x1E, 0xAC, 0x1E, 0xAB, 0x1E,
    0xAC, 0x1E, 0xAB, 0x1E, 0xAB, 0x1E, 0xCB, 0x1E, 0x8B, 0x16, 0x00, 0x00, 0x00, 0x00, 0x00, 0x00,
    0x00, 0x00, 0x00, 0x00, 0x0C, 0x27, 0xCB, 0x26, 0xCB, 0x1E, 0xAB, 0x1E, 0xAB, 0x1E, 0xEC, 0x1E,
    0xEC, 0x1E, 0xCC, 0x1E, 0xCC, 0x1E, 0xCC, 0x1E, 0xCC, 0x1E, 0xCC, 0x1E, 0xAC, 0x1E, 0xAB, 0x1E,
    0xAC, 0x1E, 0xAC, 0x1E, 0xAC, 0x1E, 0xAC, 0x1E, 0xAC, 0x1E, 0xAC, 0x1E, 0xAC, 0x1E, 0xAC, 0x1E,
    0xAC, 0x1E, 0xAC, 0x1E, 0xAC, 0x1E, 0xAC, 0x1E, 0xAC, 0x1E, 0xAC, 0x1E, 0xAC, 0x1E, 0xAB, 0x1E,
    0xAB, 0x1E, 0xAB, 0x1E, 0xCC, 0x1E, 0xCC, 0x1E, 0xCC, 0x1E, 0xAC, 0x1E, 0xAC, 0x1E, 0xCC, 0x1E,
    0xAC, 0x1E, 0xAB, 0x1E, 0xAC, 0x1E, 0xAB, 0x1E, 0x8B, 0x1E, 0x8B, 0x16, 0x00, 0x00, 0x00, 0x00,
    0x00, 0x00, 0x00, 0x00, 0xCC, 0x1E, 0xCC, 0x1E, 0xAB, 0x1E, 0xAC, 0x1E, 0xAB, 0x1E, 0xAB, 0x1E,
    0xAB, 0x1E, 0xAC, 0x1E, 0xCC, 0x1E, 0xCC, 0x1E, 0xCC, 0x1E, 0xCC, 0x1E, 0xAB, 0x1E, 0xAC, 0x1E,
    0xAB, 0x1E, 0xAC, 0x1E, 0xAC, 0x1E, 0xAC, 0x1E, 0xAC, 0x1E, 0xAC, 0x1E, 0xAC, 0x1E, 0xAC, 0x1E,
    0xAC, 0x1E, 0xAC, 0x1E, 0xAC, 0x1E, 0xAC, 0x1E, 0xAC, 0x1E, 0xAC, 0x1E, 0xAC, 0x1E, 0xAC, 0x1E,
    0xAC, 0x1E, 0xAC, 0x1E, 0xAC, 0x1E, 0xAC, 0x1E, 0xAC, 0x1E, 0xAC, 0x1E, 0xAC, 0x1E, 0xAC, 0x1E,
    0xAC, 0x1E, 0xAC, 0x1E, 0xAC, 0x1E, 0xCC, 0x1E, 0xCC, 0x1E, 0xEC, 0x1E, 0xEC, 0x1E, 0xEC, 0x1E,
    0xEC, 0x1E, 0xEC, 0x1E, 0xCC, 0x1E, 0xCC, 0x1E, 0xAC, 0x1E, 0xAC, 0x1E, 0xAB, 0x1E, 0xAC, 0x1E,
    0xAC, 0x1E, 0xAC, 0x1E, 0xAB, 0x1E, 0xAC, 0x1E, 0xCC, 0x26, 0xCC, 0x26, 0xCC, 0x1E, 0xAC, 0x1E,
    0xAC, 0x26, 0xAC, 0x26, 0xAC, 0x1E, 0xAC, 0x1E, 0xAB, 0x1E, 0xAC, 0x26, 0xAC, 0x26, 0xAC, 0x26,
    0xAB, 0x26, 0x8C, 0x26, 0x8C, 0x26, 0x8C, 0x26, 0x8C, 0x1E, 0x8C, 0x1E, 0x8C, 0x1E, 0x8C, 0x1E,
    0x8C, 0x1E, 0x8C, 0x1E, 0x8C, 0x1E, 0x8C, 0x1E, 0x8C, 0x26, 0xAC, 0x26, 0xAC, 0x26, 0xAB, 0x1E,
    0xAC, 0x1E, 0xAB, 0x1E, 0xAC, 0x26, 0xCC, 0x26, 0xCC, 0x26, 0xAC, 0x26, 0x8C, 0x1E, 0xCC, 0x26,
    0xAC, 0x1E, 0xAC, 0x1E, 0xAC, 0x1E, 0xAB, 0x1E, 0xAB, 0x1E, 0xAC, 0x1E, 0xAB, 0x1E, 0xAB, 0x1E,
    0xAB, 0x1E, 0xAC, 0x1E, 0xAB, 0x1E, 0xCC, 0x1E, 0xEC, 0x1E, 0x0C, 0x27, 0x0C, 0x27, 0x0C, 0x27,
    0x0C, 0x27, 0x0C, 0x1F, 0xEC, 0x1E, 0xEC, 0x1E, 0xCC, 0x1E, 0xAC, 0x1E, 0xAB, 0x1E, 0xAB, 0x1E,
    0xAC, 0x1E, 0xAC, 0x1E, 0xAC, 0x1E, 0xAB, 0x1E, 0xAB, 0x1E, 0xAC, 0x1E, 0xAC, 0x1E, 0xCC, 0x1E,
    0xCC, 0x1E, 0xCC, 0x1E, 0xCC, 0x1E, 0xCC, 0x1E, 0xCC, 0x1E, 0xCC, 0x1E, 0xAC, 0x1E, 0xAC, 0x1E,
    0xAC, 0x1E, 0xAC, 0x1E, 0xAC, 0x1E, 0xAB, 0x1E, 0xAC, 0x1E, 0xAB, 0x1E, 0xAB, 0x1E, 0xAC, 0x1E,
    0xAC, 0x1E, 0xAB, 0x1E, 0xAC, 0x26, 0xCC, 0x1E, 0xCC, 0x1E, 0x0E, 0x1F, 0x00, 0x00, 0x00, 0x00,
    0x00, 0x00, 0x6A, 0x26, 0xCB, 0x26, 0xAB, 0x1E, 0xAC, 0x1E, 0xAB, 0x1E, 0xAC, 0x1E, 0xEC, 0x1E,
    0xEC, 0x1E, 0xCC, 0x1E, 0xCC, 0x1E, 0xCC, 0x1E, 0xAC, 0x1E, 0xAC, 0x1E, 0xAC, 0x1E, 0xAC, 0x1E,
    0xAC, 0x1E, 0xAC, 0x1E, 0xAC, 0x1E, 0xAC, 0x1E, 0xAC, 0x1E, 0xAC, 0x1E, 0xAC, 0x1E, 0xAC, 0x1E,
    0xAC, 0x1E, 0xAC, 0x1E, 0xAC, 0x1E, 0xAC, 0x1E, 0xAC, 0x1E, 0xAC, 0x1E, 0xAC, 0x1E, 0xAB, 0x1E,
    0xAC, 0x1E, 0xAB, 0x1E, 0xCC, 0x1E, 0xCC, 0x1E, 0xCC, 0x1E, 0xCC, 0x1E, 0xAC, 0x1E, 0xCC, 0x1E,
    0xAB, 0x1E, 0xAB, 0x1E, 0xCC, 0x1E, 0xAB, 0x1E, 0x8B, 0x1E, 0xAB, 0x1E, 0x00, 0x00, 0x00, 0x00,
    0x00, 0x00, 0x00, 0x00, 0xAA, 0x1E, 0xCC, 0x26, 0xAB, 0x1E, 0xAB, 0x1E, 0xAB, 0x1E, 0xAC, 0x1E,
    0xAB, 0x1E, 0xAC, 0x1E, 0xCC, 0x1E, 0xEC, 0x1E, 0xEC, 0x1E, 0xCC, 0x1E, 0xAB, 0x1E, 0xAC, 0x1E,
    0xAB, 0x1E, 0xAC, 0x1E, 0xAC, 0x1E, 0xAC, 0x1E, 0xAC, 0x1E, 0xAC, 0x1E, 0xAC, 0x1E, 0xAC, 0x1E,
    0xAC, 0x1E, 0xAC, 0x1E, 0xAC, 0x1E, 0xAC, 0x1E, 0xAC, 0x1E, 0xAC, 0x1E, 0xAC, 0x1E, 0xAC, 0x1E,
    0xAC, 0x1E, 0xAC, 0x1E, 0xAC, 0x1E, 0xAC, 0x1E, 0xAC, 0x1E, 0xAC, 0x1E, 0xAC, 0x1E, 0xCC, 0x1E,
    0xCC, 0x1E, 0xCC, 0x1E, 0xAC, 0x1E, 0xAC, 0x1E, 0xAC, 0x1E, 0xAC, 0x1E, 0xAC, 0x1E, 0xAB, 0x1E,
    0xAB, 0x1E, 0xAB, 0x1E, 0xAB, 0x1E, 0xAB, 0x1E, 0xAC, 0x1E, 0xAC, 0x1E, 0xAC, 0x1E, 0xCC, 0x1E,
    0xAC, 0x1E, 0xCC, 0x26, 0xAB, 0x1E, 0xCC, 0x1E, 0xCC, 0x26, 0xEC, 0x26, 0x0C, 0x1F, 0x8B, 0x1E,
    0x4B, 0x26, 0x6C, 0x26, 0x8B, 0x1E, 0x8B, 0x1E, 0xEC, 0x26, 0x6A, 0x26, 0x6A, 0x26, 0x6A, 0x26,
    0x4B, 0x26, 0x29, 0x26, 0x29, 0x26, 0xEA, 0x2D, 0xEA, 0x15, 0xEA, 0x15, 0xEA, 0x15, 0xEA, 0x15,
    0xEA, 0x15, 0xEA, 0x15, 0xEA, 0x15, 0x29, 0x16, 0x2C, 0x26, 0x4B, 0x26, 0x4B, 0x26, 0x69, 0x1E,
    0x8B, 0x1E, 0x89, 0x1E, 0x6A, 0x26, 0xA9, 0x26, 0xAC, 0x26, 0x6C, 0x26, 0x2C, 0x1E, 0xAB, 0x1E,
    0xAC, 0x1E, 0x8C, 0x1E, 0xAC, 0x1E, 0xAB, 0x1E, 0xAC, 0x1E, 0xCC, 0x1E, 0xAB, 0x1E, 0xAB, 0x1E,
    0xAC, 0x1E, 0xCC, 0x1E, 0xAB, 0x1E, 0xCB, 0x1E, 0xAB, 0x1E, 0xAB, 0x1E, 0xAB, 0x1E, 0xAB, 0x1E,
    0xAC, 0x1E, 0xAC, 0x1E, 0xAB, 0x1E, 0xAC, 0x1E, 0xAB, 0x1E, 0xAB, 0x1E, 0xCC, 0x1E, 0xCC, 0x1E,
    0xCC, 0x1E, 0xCC, 0x1E, 0xCC, 0x1E, 0xCC, 0x1E, 0xCC, 0x1E, 0xCC, 0x1E, 0xCC, 0x1E, 0xAC, 0x1E,
    0xAC, 0x1E, 0xAC, 0x1E, 0xAC, 0x1E, 0xAB, 0x1E, 0xAB, 0x1E, 0xAC, 0x1E, 0xAC, 0x1E, 0xAB, 0x1E,
    0xAC, 0x1E, 0xAB, 0x1E, 0xCC, 0x1E, 0xCC, 0x1E, 0xCC, 0x1E, 0xAB, 0x1E, 0xAC, 0x1E, 0xAC, 0x1E,
    0xAC, 0x1E, 0xAB, 0x1E, 0xAC, 0x1E, 0xCC, 0x1E, 0xAC, 0x1E, 0xAC, 0x1E, 0x2C, 0x27, 0x0C, 0x1F,
    0xCC, 0x26, 0xCB, 0x26, 0xAC, 0x1E, 0xAB, 0x1E, 0xCC, 0x1E, 0xAB, 0x1E, 0xCC, 0x1E, 0x0C, 0x27,
    0x0C, 0x1F, 0xCC, 0x1E, 0xAC, 0x1E, 0xAC, 0x1E, 0xAC, 0x1E, 0xAC, 0x1E, 0xAC, 0x1E, 0xAC, 0x1E,
    0xAC, 0x1E, 0xAC, 0x1E, 0xAC, 0x1E, 0xAC, 0x1E, 0xAC, 0x1E, 0xAC, 0x1E, 0xAC, 0x1E, 0xAC, 0x1E,
    0xAC, 0x1E, 0xAC, 0x1E, 0xAC, 0x1E, 0xAC, 0x1E, 0xAC, 0x1E, 0xAC, 0x1E, 0xAC, 0x1E, 0xAB, 0x1E,
    0xAC, 0x1E, 0xAB, 0x1E, 0xCC, 0x1E, 0xEC, 0x1E, 0xEC, 0x1E, 0xCC, 0x1E, 0xAC, 0x1E, 0xAC, 0x1E,
    0xCB, 0x1E, 0xCC, 0x1E, 0xCC, 0x1E, 0xCC, 0x1E, 0xAC, 0x1E, 0xE9, 0x1E, 0x00, 0x00, 0x00, 0x00,
    0x00, 0x00, 0x00, 0x00, 0x4B, 0x16, 0xAC, 0x26, 0xAB, 0x1E, 0xAB, 0x1E, 0xAB, 0x1E, 0xAC, 0x1E,
    0xAC, 0x1E, 0xAC, 0x1E, 0xEC, 0x1E, 0x0C, 0x1F, 0xEC, 0x26, 0xCC, 0x1E, 0xAB, 0x1E, 0xAC, 0x1E,
    0xAB, 0x1E, 0xAC, 0x1E, 0xAC, 0x1E, 0xAC, 0x1E, 0xAC, 0x1E, 0xAC, 0x1E, 0xAC, 0x1E, 0xAC, 0x1E,
    0xAC, 0x1E, 0xAC, 0x1E, 0xAC, 0x1E, 0xAC, 0x1E, 0xAC, 0x1E, 0xAC, 0x1E, 0xAC, 0x1E, 0xAC, 0x1E,
    0xAC, 0x1E, 0xAC, 0x1E, 0xAC, 0x1E, 0xAC, 0x1E, 0xAB, 0x1E, 0xAC, 0x1E, 0xCC, 0x1E, 0xCC, 0x1E,
    0xCC, 0x1E, 0xCC, 0x1E, 0xAC, 0x1E, 0xCB, 0x1E, 0xAC, 0x1E, 0xAC, 0x1E, 0xAC, 0x1E, 0xAB, 0x1E,
    0xAB, 0x1E, 0xAC, 0x1E, 0xAC, 0x1E, 0xAC, 0x1E, 0xAC, 0x1E, 0xAC, 0x1E, 0xAC, 0x1E, 0xAC, 0x1E,
    0xAC, 0x1E, 0xCC, 0x26, 0xCB, 0x1E, 0xCC, 0x26, 0xAB, 0x1E, 0x6C, 0x27, 0x6C, 0x06, 0x00, 0x00,
    0x00, 0x00, 0x00, 0x00, 0x00, 0x00, 0x00, 0x00, 0x00, 0x00, 0x00, 0x00, 0x00, 0x00, 0x00, 0x00,
    0x00, 0x00, 0x00, 0x00, 0x00, 0x00, 0x00, 0x00, 0x00, 0x00, 0x00, 0x00, 0x00, 0x00, 0x00, 0x00,
    0x00, 0x00, 0x00, 0x00, 0x00, 0x00, 0x00, 0x00, 0x00, 0x00, 0x00, 0x00, 0x00, 0x00, 0x00, 0x00,
    0x00, 0x00, 0x00, 0x00, 0x00, 0x00, 0x00, 0x00, 0x00, 0x00, 0x00, 0x00, 0x00, 0x00, 0xF5, 0x07,
    0x4B, 0x16, 0x8D, 0x26, 0xAC, 0x1E, 0xAC, 0x1E, 0xAC, 0x1E, 0xAC, 0x1E, 0xAB, 0x1E, 0xAB, 0x1E,
    0xCB, 0x1E, 0xCC, 0x1E, 0xAB, 0x1E, 0xCC, 0x1E, 0xAC, 0x1E, 0xAC, 0x1E, 0xCB, 0x1E, 0xAB, 0x1E,
    0xAB, 0x1E, 0xAC, 0x1E, 0xAB, 0x1E, 0xAC, 0x1E, 0xAB, 0x1E, 0xAC, 0x1E, 0xCC, 0x1E, 0xEC, 0x1E,
    0x0C, 0x27, 0x2C, 0x27, 0x2C, 0x27, 0x0C, 0x27, 0x0C, 0x27, 0xEC, 0x1E, 0xCC, 0x1E, 0xCC, 0x1E,
    0xAC, 0x1E, 0xAC, 0x1E, 0xAB, 0x1E, 0xAC, 0x1E, 0xAC, 0x1E, 0xAB, 0x1E, 0xAC, 0x1E, 0xAC, 0x1E,
    0xAC, 0x1E, 0xCC, 0x1E, 0xEC, 0x1E, 0x0C, 0x1F, 0x0C, 0x27, 0x0C, 0x1F, 0xEC, 0x1E, 0xAB, 0x1E,
    0xAC, 0x1E, 0xAB, 0x1E, 0xAC, 0x1E, 0xAC, 0x1E, 0xAC, 0x1E, 0xAB, 0x1E, 0xCC, 0x1E, 0xAB, 0x1E,
    0xAC, 0x1E, 0xCB, 0x1E, 0xCB, 0x1E, 0xAB, 0x1E, 0xCC, 0x1E, 0xAB, 0x1E, 0x0C, 0x1F, 0x2C, 0x27,
    0x0C, 0x1F, 0xCC, 0x1E, 0xAB, 0x1E, 0xAC, 0x1E, 0xAC, 0x1E, 0xAC, 0x1E, 0xAC, 0x1E, 0xAC, 0x1E,
    0xAC, 0x1E, 0xAC, 0x1E, 0xAC, 0x1E, 0xAC, 0x1E, 0xAC, 0x1E, 0xAC, 0x1E, 0xAC, 0x1E, 0xAC, 0x1E,
    0xAC, 0x1E, 0xAC, 0x1E, 0xAC, 0x1E, 0xAC, 0x1E, 0xAC, 0x1E, 0xAC, 0x1E, 0xAC, 0x1E, 0xAB, 0x1E,
    0xAC, 0x1E, 0xAB, 0x1E, 0xCC, 0x1E, 0xEC, 0x26, 0x0C, 0x1F, 0xEC, 0x1E, 0xAC, 0x1E, 0xCB, 0x1E,
    0xCB, 0x1E, 0xCB, 0x1E, 0xCB, 0x1E, 0xCC, 0x1E, 0xAB, 0x1E, 0xA9, 0x16, 0x00, 0x00, 0x00, 0x00,
    0x00, 0x00, 0x00, 0x00, 0x6C, 0x1E, 0xCC, 0x1E, 0xAB, 0x1E, 0xAB, 0x1E, 0xAC, 0x1E, 0xAC, 0x1E,
    0xAC, 0x1E, 0xAC, 0x1E, 0xEC, 0x1E, 0x0C, 0x27, 0x0C, 0x27, 0xCC, 0x1E, 0xAC, 0x1E, 0xCB, 0x1E,
    0xAB, 0x1E, 0xAC, 0x1E, 0xAC, 0x1E, 0xAC, 0x1E, 0xAC, 0x1E, 0xAC, 0x1E, 0xAC, 0x1E, 0xAC, 0x1E,
    0xAC, 0x1E, 0xAC, 0x1E, 0xAC, 0x1E, 0xAC, 0x1E, 0xAC, 0x1E, 0xAC, 0x1E, 0xAC, 0x1E, 0xAC, 0x1E,
    0xAC, 0x1E, 0xAC, 0x1E, 0xAC, 0x1E, 0xAB, 0x1E, 0xAC, 0x1E, 0xAB, 0x1E, 0xCC, 0x1E, 0xEC, 0x1E,
    0xEC, 0x1E, 0xCC, 0x1E, 0xAC, 0x1E, 0xCC, 0x1E, 0xAC, 0x1E, 0xAB, 0x1E, 0xAC, 0x1E, 0xAB, 0x1E,
    0xAB, 0x1E, 0xAB, 0x1E, 0xAB, 0x1E, 0xAC, 0x1E, 0xAC, 0x1E, 0xAC, 0x1E, 0xAC, 0x1E, 0xAC, 0x26,
    0x8B, 0x1E, 0xAC, 0x1E, 0x8B, 0x1E, 0xCC, 0x1E, 0xEC, 0x26, 0xEC, 0x37, 0x00, 0x00, 0x00, 0x00,
    0x00, 0x00, 0x00, 0x00, 0x00, 0x00, 0x00, 0x00, 0x00, 0x00, 0x00, 0x00, 0x00, 0x00, 0x00, 0x00,
    0x00, 0x00, 0x00, 0x00, 0x00, 0x00, 0x00, 0x00, 0x00, 0x00, 0x00, 0x00, 0x00, 0x00, 0x00, 0x00,
    0x00, 0x00, 0x00, 0x00, 0x00, 0x00, 0x00, 0x00, 0x00, 0x00, 0x00, 0x00, 0x00, 0x00, 0x00, 0x00,
    0x00, 0x00, 0x00, 0x00, 0x00, 0x00, 0x00, 0x00, 0x00, 0x00, 0x00, 0x00, 0x00, 0x00, 0x00, 0x00,
    0x6C, 0x06, 0xAC, 0x26, 0xAB, 0x1E, 0x8B, 0x26, 0xCC, 0x1E, 0xCC, 0x1E, 0xCC, 0x1E, 0xCB, 0x1E,
    0xAC, 0x1E, 0xCC, 0x1E, 0xAB, 0x1E, 0xAB, 0x1E, 0xCB, 0x1E, 0xCC, 0x26, 0xCB, 0x1E, 0xAB, 0x1E,
    0xAB, 0x1E, 0xAB, 0x1E, 0xAC, 0x1E, 0xAC, 0x1E, 0xAB, 0x1E, 0xAB, 0x1E, 0xAB, 0x1E, 0xEC, 0x1E,
    0x2C, 0x27, 0x2C, 0x27, 0x2C, 0x27, 0x2C, 0x27, 0x2C, 0x27, 0x0C, 0x27, 0xEC, 0x1E, 0xCC, 0x1E,
    0xCC, 0x1E, 0xAC, 0x1E, 0xAB, 0x1E, 0xAC, 0x1E, 0xAC, 0x1E, 0xAB, 0x1E, 0xAB, 0x1E, 0xAC, 0x1E,
    0xAC, 0x1E, 0xCC, 0x1E, 0xEC, 0x1E, 0xEC, 0x1E, 0x0C, 0x1F, 0x0C, 0x1F, 0xEC, 0x1E, 0xCC, 0x1E,
    0xAC, 0x1E, 0xAB, 0x1E, 0xAC, 0x1E, 0xAC, 0x1E, 0xAB, 0x1E, 0xAC, 0x1E, 0xAC, 0x1E, 0xAC, 0x1E,
    0xAB, 0x1E, 0xAC, 0x1E, 0xAC, 0x1E, 0xAB, 0x1E, 0xAC, 0x1E, 0xAC, 0x1E, 0xEC, 0x1E, 0x0C, 0x1F,
    0xEC, 0x1E, 0xCC, 0x1E, 0xAB, 0x1E, 0xAB, 0x1E, 0xAC, 0x1E, 0xAC, 0x1E, 0xAC, 0x1E, 0xAC, 0x1E,
    0xAC, 0x1E, 0xAC, 0x1E, 0xAC, 0x1E, 0xAC, 0x1E, 0xAC, 0x1E, 0xAC, 0x1E, 0xAC, 0x1E, 0xAC, 0x1E,
    0xAC, 0x1E, 0xAC, 0x1E, 0xAC, 0x1E, 0xAC, 0x1E, 0xAC, 0x1E, 0xAC, 0x1E, 0xAC, 0x1E, 0xAB, 0x1E,
    0xCB, 0x1E, 0xAC, 0x1E, 0xCC, 0x1E, 0x0C, 0x27, 0x0C, 0x27, 0xEC, 0x1E, 0xAC, 0x1E, 0xAB, 0x1E,
    0xCC, 0x1E, 0xCC, 0x1E, 0xAC, 0x1E, 0xCC, 0x1E, 0x0B, 0x1F, 0x0A, 0x1F, 0x00, 0x00, 0x00, 0x00,
    0x00, 0x00, 0x00, 0x00, 0xAF, 0x06, 0xAC, 0x1E, 0xCB, 0x1E, 0xAB, 0x1E, 0xAB, 0x1E, 0xAC, 0x1E,
    0xCC, 0x1E, 0xCC, 0x1E, 0xEC, 0x1E, 0x2C, 0x27, 0x0C, 0x27, 0xCC, 0x1E, 0xAC, 0x1E, 0xAB, 0x1E,
    0xAC, 0x1E, 0xAC, 0x1E, 0xAC, 0x1E, 0xAC, 0x1E, 0xAC, 0x1E, 0xAC, 0x1E, 0xAC, 0x1E, 0xAC, 0x1E,
    0xAC, 0x1E, 0xAC, 0x1E, 0xAC, 0x1E, 0xAC, 0x1E, 0xAC, 0x1E, 0xAC, 0x1E, 0xAC, 0x1E, 0xAC, 0x1E,
    0xAC, 0x1E, 0xAC, 0x1E, 0xAC, 0x1E, 0xAB, 0x1E, 0xAB, 0x1E, 0xAC, 0x1E, 0xCC, 0x1E, 0x0C, 0x1F,
    0x0C, 0x27, 0xEC, 0x1E, 0xAC, 0x1E, 0xCC, 0x1E, 0xAC, 0x1E, 0xAC, 0x1E, 0xCB, 0x1E, 0xCB, 0x1E,
    0xAC, 0x26, 0x8C, 0x26, 0x8C, 0x26, 0x8C, 0x26, 0xEB, 0x26, 0xCC, 0x26, 0xED, 0x16, 0xEB, 0x16,
    0x4B, 0x1E, 0xCB, 0x26, 0x8B, 0x16, 0xEB, 0x1E, 0x6C, 0x36, 0xEF, 0x07, 0x00, 0x00, 0x00, 0x00,
    0x00, 0x00, 0x00, 0x00, 0x00, 0x00, 0x00, 0x00, 0x00, 0x00, 0x00, 0x00, 0x00, 0x00, 0x00, 0x00,
    0x00, 0x00, 0x00, 0x00, 0x00, 0x00, 0x00, 0x00, 0x00, 0x00, 0x00, 0x00, 0x00, 0x00, 0x00, 0x00,
    0x00, 0x00, 0x00, 0x00, 0x00, 0x00, 0x00, 0x00, 0x00, 0x00, 0x00, 0x00, 0x00, 0x00, 0x00, 0x00,
    0x00, 0x00, 0x00, 0x00, 0x00, 0x00, 0x00, 0x00, 0x00, 0x00, 0x00, 0x00, 0x00, 0x00, 0x00, 0x00,
    0xEF, 0x03, 0xEF, 0x05, 0xCD, 0x26, 0x8B, 0x16, 0x6C, 0x26, 0xAC, 0x1E, 0xCC, 0x1E, 0x8B, 0x26,
    0xEB, 0x1E, 0xEC, 0x26, 0xEB, 0x26, 0x8B, 0x26, 0xEC, 0x26, 0xEC, 0x26, 0x0B, 0x1F, 0x8B, 0x1E,
    0xCB, 0x1E, 0xAB, 0x1E, 0xAC, 0x1E, 0xAC, 0x1E, 0xAB, 0x1E, 0xAB, 0x1E, 0xAC, 0x1E, 0xAC, 0x1E,
    0xAB, 0x1E, 0xCC, 0x1E, 0xCC, 0x1E, 0xEC, 0x1E, 0xEC, 0x1E, 0xCC, 0x1E, 0xCC, 0x1E, 0xAC, 0x1E,
    0xAC, 0x1E, 0xAC, 0x1E, 0xAC, 0x1E, 0xAB, 0x1E, 0xAB, 0x1E, 0xAB, 0x1E, 0xAC, 0x1E, 0xAC, 0x1E,
    0xAC, 0x1E, 0xCC, 0x1E, 0xCC, 0x1E, 0xCC, 0x1E, 0xCC, 0x1E, 0xCC, 0x1E, 0xCC, 0x1E, 0xCC, 0x1E,
    0xAC, 0x1E, 0xAB, 0x1E, 0xAC, 0x1E, 0xAB, 0x1E, 0xAC, 0x1E, 0xAB, 0x1E, 0xAC, 0x1E, 0xAB, 0x1E,
    0xAC, 0x1E, 0xAC, 0x1E, 0xAC, 0x1E, 0xAC, 0x1E, 0xAC, 0x1E, 0xCC, 0x1E, 0xCC, 0x1E, 0xCC, 0x1E,
    0xCC, 0x1E, 0xCC, 0x1E, 0xAC, 0x1E, 0xAC, 0x1E, 0xAC, 0x1E, 0xAC, 0x1E, 0xAC, 0x1E, 0xAC, 0x1E,
    0xAC, 0x1E, 0xAC, 0x1E, 0xAC, 0x1E, 0xAC, 0x1E, 0xAC, 0x1E, 0xAC, 0x1E, 0xAC, 0x1E, 0xAC, 0x1E,
    0xAC, 0x1E, 0xAC, 0x1E, 0xAC, 0x1E, 0xAC, 0x1E, 0xAC, 0x1E, 0xAC, 0x1E, 0xAC, 0x1E, 0xAC, 0x1E,
    0xAB, 0x1E, 0xAC, 0x1E, 0xCC, 0x1E, 0x0C, 0x27, 0x2C, 0x27, 0xEC, 0x1E, 0xAC, 0x1E, 0xCC, 0x1E,
    0xAC, 0x1E, 0xCC, 0x1E, 0xAB, 0x1E, 0xAB, 0x1E, 0x8B, 0x0E, 0xEC, 0x07, 0x00, 0x00, 0x00, 0x00,
    0x00, 0x00, 0x00, 0x00, 0xEF, 0x05, 0x8E, 0x2E, 0xCC, 0x1E, 0xAB, 0x1E, 0xAC, 0x1E, 0xAB, 0x1E,
    0xCC, 0x1E, 0xCC, 0x1E, 0xEC, 0x1E, 0x2C, 0x27, 0x2C, 0x27, 0xCC, 0x1E, 0xAC, 0x1E, 0xAB, 0x1E,
    0xAC, 0x1E, 0xAC, 0x1E, 0xAC, 0x1E, 0xAC, 0x1E, 0xAC, 0x1E, 0xAC, 0x1E, 0xAC, 0x1E, 0xAC, 0x1E,
    0xAC, 0x1E, 0xAC, 0x1E, 0xAC, 0x1E, 0xAC, 0x1E, 0xAC, 0x1E, 0xAC, 0x1E, 0xAC, 0x1E, 0xAC, 0x1E,
    0xAC, 0x1E, 0xAC, 0x1E, 0xAC, 0x1E, 0xAB, 0x1E, 0xAC, 0x1E, 0xAC, 0x1E, 0xCC, 0x1E, 0x0C, 0x1F,
    0x2C, 0x27, 0xEC, 0x1E, 0xCB, 0x1E, 0xCC, 0x1E, 0xAB, 0x1E, 0xCC, 0x1E, 0xCC, 0x26, 0xCB, 0x26,
    0xEA, 0x57, 0x00, 0x00, 0x00, 0x00, 0x00, 0x00, 0x00, 0x00, 0x00, 0x00, 0x00, 0x00, 0x00, 0x00,
    0x00, 0x00, 0x00, 0x00, 0x00, 0x00, 0x00, 0x00, 0x00, 0x00, 0x00, 0x00, 0x00, 0x00, 0x00, 0x00,
    0x00, 0x00, 0x00, 0x00, 0x00, 0x00, 0x00, 0x00, 0x00, 0x00, 0x00, 0x00, 0x00, 0x00, 0x00, 0x00,
    0x00, 0x00, 0x00, 0x00, 0x00, 0x00, 0x00, 0x00, 0x00, 0x00, 0x00, 0x00, 0x00, 0x00, 0x00, 0x00,
    0x00, 0x00, 0x00, 0x00, 0x00, 0x00, 0x00, 0x00, 0x00, 0x00, 0x00, 0x00, 0x00, 0x00, 0x00, 0x00,
    0x00, 0x00, 0x00, 0x00, 0x00, 0x00, 0x00, 0x00, 0x00, 0x00, 0x00, 0x00, 0x00, 0x00, 0x00, 0x00,
    0x00, 0x00, 0x00, 0x00, 0x00, 0x00, 0x00, 0x00, 0x00, 0x00, 0x00, 0x00, 0x00, 0x00, 0x00, 0x00,
    0x00, 0x00, 0x00, 0x00, 0x00, 0x00, 0x00, 0x00, 0x00, 0x00, 0x00, 0x00, 0x00, 0x00, 0x00, 0x00,
    0xAA, 0x1E, 0xAB, 0x1E, 0x8C, 0x26, 0xAC, 0x26, 0xAB, 0x1E, 0xAB, 0x1E, 0xAC, 0x1E, 0xAC, 0x1E,
    0xAB, 0x1E, 0xAB, 0x1E, 0xAC, 0x1E, 0xAC, 0x1E, 0xAB, 0x1E, 0xAB, 0x1E, 0xAB, 0x1E, 0xAB, 0x1E,
    0xAC, 0x1E, 0xAC, 0x1E, 0xCC, 0x1E, 0xCC, 0x1E, 0xCC, 0x1E, 0xCC, 0x1E, 0xCC, 0x1E, 0xCC, 0x1E,
    0xCC, 0x1E, 0xAC, 0x1E, 0xAC, 0x1E, 0xAB, 0x1E, 0xAC, 0x1E, 0xAC, 0x1E, 0xAB, 0x1E, 0xAC, 0x1E,
    0xCC, 0x1E, 0xCC, 0x1E, 0xEC, 0x1E, 0xEC, 0x1E, 0x0C, 0x1F, 0x0C, 0x27, 0x2C, 0x27, 0x2C, 0x27,
    0x2C, 0x27, 0x0C, 0x27, 0xEC, 0x1E, 0xEC, 0x1E, 0xCC, 0x1E, 0xAC, 0x1E, 0xAB, 0x1E, 0xAB, 0x1E,
    0xAB, 0x1E, 0xAC, 0x1E, 0xAC, 0x1E, 0xCC, 0x1E, 0xAC, 0x1E, 0xAC, 0x1E, 0xAC, 0x1E, 0xAC, 0x1E,
    0xAC, 0x1E, 0xAC, 0x1E, 0xAC, 0x1E, 0xAC, 0x1E, 0xAC, 0x1E, 0xAC, 0x1E, 0xAC, 0x1E, 0xAC, 0x1E,
    0xAC, 0x1E, 0xAC, 0x1E, 0xAC, 0x1E, 0xAC, 0x1E, 0xAC, 0x1E, 0xAC, 0x1E, 0xAC, 0x1E, 0xAC, 0x1E,
    0xAB, 0x1E, 0xAC, 0x1E, 0xCC, 0x1E, 0x0C, 0x27, 0x2C, 0x27, 0xEC, 0x1E, 0xCC, 0x1E, 0xAB, 0x1E,
    0xAC, 0x1E, 0xAC, 0x1E, 0xAB, 0x1E, 0xAC, 0x16, 0x6C, 0x1E, 0xF5, 0x07, 0x00, 0x00, 0x00, 0x00,
    0xE0, 0x07, 0xE0, 0x07, 0xEF, 0x03, 0xF3, 0x37, 0x6D, 0x1E, 0xCC, 0x1E, 0xAC, 0x1E, 0xCC, 0x1E,
    0xCC, 0x1E, 0xAB, 0x1E, 0xEC, 0x1E, 0x2C, 0x27, 0x2C, 0x27, 0xCC, 0x1E, 0xAC, 0x1E, 0xAB, 0x1E,
    0xAC, 0x1E, 0xAC, 0x1E, 0xAC, 0x1E, 0xAC, 0x1E, 0xAC, 0x1E, 0xAC, 0x1E, 0xAC, 0x1E, 0xAC, 0x1E,
    0xAC, 0x1E, 0xAC, 0x1E, 0xAC, 0x1E, 0xAC, 0x1E, 0xAC, 0x1E, 0xAC, 0x1E, 0xAC, 0x1E, 0xAC, 0x1E,
    0xAC, 0x1E, 0xAC, 0x1E, 0xAC, 0x1E, 0xAC, 0x1E, 0xAC, 0x1E, 0xAB, 0x1E, 0xEC, 0x1E, 0x2C, 0x27,
    0x4D, 0x27, 0x0C, 0x27, 0xAC, 0x1E, 0xCB, 0x1E, 0xAB, 0x1E, 0xAC, 0x1E, 0xEB, 0x1E, 0xE0, 0x07,
    0x00, 0x00, 0x00, 0x00, 0x00, 0x00, 0x00, 0x00, 0x00, 0x00, 0x00, 0x00, 0x00, 0x00, 0x00, 0x00,
    0x00, 0x00, 0x00, 0x00, 0x00, 0x00, 0x00, 0x00, 0x00, 0x00, 0x00, 0x00, 0x00, 0x00, 0x00, 0x00,
    0x00, 0x00, 0x00, 0x00, 0x00, 0x00, 0x00, 0x00, 0x00, 0x00, 0x00, 0x00, 0x00, 0x00, 0x00, 0x00,
    0x00, 0x00, 0x00, 0x00, 0x00, 0x00, 0x00, 0x00, 0x00, 0x00, 0x00, 0x00, 0x00, 0x00, 0x00, 0x00,
    0x00, 0x00, 0x00, 0x00, 0x00, 0x00, 0x00, 0x00, 0x00, 0x00, 0x00, 0x00, 0x00, 0x00, 0x00, 0x00,
    0x00, 0x00, 0x00, 0x00, 0x00, 0x00, 0x00, 0x00, 0x00, 0x00, 0x00, 0x00, 0x00, 0x00, 0x00, 0x00,
    0x00, 0x00, 0x00, 0x00, 0x00, 0x00, 0x00, 0x00, 0x00, 0x00, 0x00, 0x00, 0x00, 0x00, 0x00, 0x00,
    0x00, 0x00, 0x00, 0x00, 0x00, 0x00, 0x00, 0x00, 0x00, 0x00, 0x00, 0x00, 0x00, 0x00, 0x00, 0x00,
    0x00, 0x00, 0xAC, 0x1E, 0x8C, 0x1E, 0xCC, 0x1E, 0xAB, 0x1E, 0xCC, 0x1E, 0xAC, 0x1E, 0xAC, 0x1E,
    0xAB, 0x1E, 0xAC, 0x1E, 0xAB, 0x1E, 0xAC, 0x1E, 0xAB, 0x1E, 0xAB, 0x1E, 0xAC, 0x1E, 0xAB, 0x1E,
    0xAC, 0x1E, 0xAC, 0x1E, 0xAC, 0x1E, 0xCC, 0x1E, 0xEC, 0x1E, 0xEC, 0x1E, 0xEC, 0x1E, 0xCC, 0x1E,
    0xCC, 0x1E, 0xCC, 0x1E, 0xAB, 0x1E, 0xAC, 0x1E, 0xAB, 0x1E, 0xAB, 0x1E, 0xAC, 0x1E, 0xAB, 0x1E,
    0xCC, 0x1E, 0xEC, 0x1E, 0x0C, 0x1F, 0x2C, 0x27, 0x4D, 0x27, 0x6D, 0x27, 0x6D, 0x27, 0x8D, 0x27,
    0x6D, 0x27, 0x6D, 0x27, 0x2C, 0x27, 0x0C, 0x1F, 0xCC, 0x1E, 0xAC, 0x1E, 0xAC, 0x1E, 0xAB, 0x1E,
    0xAB, 0x1E, 0xAC, 0x1E, 0xAC, 0x1E, 0xCC, 0x1E, 0xAC, 0x1E, 0xAC, 0x1E, 0xAC, 0x1E, 0xAC, 0x1E,
    0xAC, 0x1E, 0xAC, 0x1E, 0xAC, 0x1E, 0xAC, 0x1E, 0xAC, 0x1E, 0xAC, 0x1E, 0xAC, 0x1E, 0xAC, 0x1E,
    0xAC, 0x1E, 0xAC, 0x1E, 0xAC, 0x1E, 0xAC, 0x1E, 0xAC, 0x1E, 0xAC, 0x1E, 0xAC, 0x1E, 0xAC, 0x1E,
    0xAB, 0x1E, 0xAC, 0x1E, 0xCC, 0x1E, 0x0C, 0x27, 0x2C, 0x27, 0xEC, 0x1E, 0xAB, 0x1E, 0xCC, 0x1E,
    0xAC, 0x1E, 0xAC, 0x1E, 0xCB, 0x1E, 0x6C, 0x16, 0x6C, 0x06, 0xFF, 0x07, 0xE0, 0x07, 0xE0, 0x07,
    0xEF, 0x03, 0xFF, 0x07, 0x00, 0x00, 0xEF, 0x07, 0xD2, 0x26, 0xEC, 0x1E, 0xCC, 0x1E, 0xCC, 0x1E,
    0xAC, 0x1E, 0xAB, 0x1E, 0xCC, 0x1E, 0x0C, 0x27, 0x0C, 0x27, 0xCC, 0x1E, 0xAC, 0x1E, 0xAB, 0x1E,
    0xAB, 0x1E, 0xAC, 0x1E, 0xAC, 0x1E, 0xAC, 0x1E, 0xAC, 0x1E, 0xAC, 0x1E, 0xAC, 0x1E, 0xAC, 0x1E,
    0xAC, 0x1E, 0xAC, 0x1E, 0xAC, 0x1E, 0xAC, 0x1E, 0xAC, 0x1E, 0xAC, 0x1E, 0xAC, 0x1E, 0xAC, 0x1E,
    0xAC, 0x1E, 0xAC, 0x1E, 0xAC, 0x1E, 0xAC, 0x1E, 0xAC, 0x1E, 0xAB, 0x1E, 0xEC, 0x1E, 0x2C, 0x27,
    0x6D, 0x27, 0x0C, 0x27, 0xAB, 0x1E, 0xCC, 0x1E, 0xAB, 0x1E, 0xCC, 0x1E, 0x8B, 0x1E, 0x00, 0x00,
    0x00, 0x00, 0x00, 0x00, 0x00, 0x00, 0x00, 0x00, 0x00, 0x00, 0x00, 0x00, 0x00, 0x00, 0x00, 0x00,
    0x00, 0x00, 0x00, 0x00, 0x00, 0x00, 0x00, 0x00, 0x00, 0x00, 0x00, 0x00, 0x00, 0x00, 0x00, 0x00,
    0x00, 0x00, 0x00, 0x00, 0x00, 0x00, 0x00, 0x00, 0x00, 0x00, 0x00, 0x00, 0x00, 0x00, 0x00, 0x00,
    0x00, 0x00, 0x00, 0x00, 0x00, 0x00, 0x00, 0x00, 0x00, 0x00, 0x00, 0x00, 0x00, 0x00, 0x00, 0x00,
    0x00, 0x00, 0x00, 0x00, 0x00, 0x00, 0x00, 0x00, 0x00, 0x00, 0x00, 0x00, 0x00, 0x00, 0x00, 0x00,
    0x00, 0x00, 0x00, 0x00, 0x00, 0x00, 0x00, 0x00, 0x00, 0x00, 0x00, 0x00, 0x00, 0x00, 0x00, 0x00,
    0x00, 0x00, 0x00, 0x00, 0x00, 0x00, 0x00, 0x00, 0x00, 0x00, 0x00, 0x00, 0x00, 0x00, 0x00, 0x00,
    0x00, 0x00, 0x00, 0x00, 0x00, 0x00, 0x00, 0x00, 0x00, 0x00, 0x00, 0x00, 0x00, 0x00, 0x00, 0x00,
    0x00, 0x00, 0xCD, 0x26, 0xCC, 0x26, 0xAC, 0x1E, 0xAB, 0x1E, 0xAC, 0x26, 0xAC, 0x26, 0xAC, 0x1E,
    0xAC, 0x1E, 0xAC, 0x1E, 0xAB, 0x1E, 0xAC, 0x1E, 0xAB, 0x1E, 0xAB, 0x1E, 0xAC, 0x1E, 0xAB, 0x1E,
    0xAC, 0x1E, 0xAC, 0x1E, 0xAC, 0x1E, 0xAB, 0x1E, 0xCC, 0x1E, 0xCC, 0x1E, 0xCC, 0x1E, 0xCC, 0x1E,
    0xCC, 0x1E, 0xCC, 0x1E, 0xAB, 0x1E, 0xAC, 0x1E, 0xAB, 0x1E, 0xAB, 0x1E, 0xAC, 0x1E, 0xAC, 0x1E,
    0xCC, 0x1E, 0xEC, 0x1E, 0x0C, 0x1F, 0x0C, 0x27, 0x2C, 0x27, 0x4D, 0x27, 0x4D, 0x27, 0x4D, 0x27,
    0x4D, 0x27, 0x2C, 0x27, 0x2C, 0x27, 0xEC, 0x1E, 0xCC, 0x1E, 0xCC, 0x1E, 0xAB, 0x1E, 0xAB, 0x1E,
    0xAB, 0x1E, 0xAC, 0x1E, 0xAC, 0x1E, 0xCC, 0x1E, 0xAC, 0x1E, 0xAC, 0x1E, 0xAC, 0x1E, 0xAC, 0x1E,
    0xAC, 0x1E, 0xAC, 0x1E, 0xAC, 0x1E, 0xAC, 0x1E, 0xAC, 0x1E, 0xAC, 0x1E, 0xAC, 0x1E, 0xAC, 0x1E,
    0xAC, 0x1E, 0xAC, 0x1E, 0xAC, 0x1E, 0xAC, 0x1E, 0xAC, 0x1E, 0xAC, 0x1E, 0xAC, 0x1E, 0xAB, 0x1E,
    0xAB, 0x1E, 0xAC, 0x1E, 0xCC, 0x1E, 0x0C, 0x27, 0x0C, 0x27, 0xCC, 0x1E, 0xAB, 0x1E, 0xAC, 0x1E,
    0xAC, 0x1E, 0xAC, 0x1E, 0xCC, 0x1E, 0xCD, 0x06, 0xEF, 0x03, 0x00, 0x00, 0xFF, 0x07, 0xEF, 0x03,
    0x4A, 0x05, 0xEF, 0x07, 0x00, 0x00, 0x00, 0x00, 0xFF, 0x07, 0x8C, 0x16, 0xCC, 0x1E, 0xCC, 0x1E,
    0xCC, 0x1E, 0xCB, 0x1E, 0xCB, 0x1E, 0xEC, 0x1E, 0x0C, 0x1F, 0xCC, 0x1E, 0xAC, 0x1E, 0xAC, 0x1E,
    0xAC, 0x1E, 0xAC, 0x1E, 0xAC, 0x1E, 0xAC, 0x1E, 0xAC, 0x1E, 0xAC, 0x1E, 0xAC, 0x1E, 0xAC, 0x1E,
    0xAC, 0x1E, 0xAC, 0x1E, 0xAC, 0x1E, 0xAC, 0x1E, 0xAC, 0x1E, 0xAC, 0x1E, 0xAC, 0x1E, 0xAC, 0x1E,
    0xAC, 0x1E, 0xAC, 0x1E, 0xAC, 0x1E, 0xAC, 0x1E, 0xAC, 0x1E, 0xAB, 0x1E, 0xEC, 0x1E, 0x2C, 0x27,
    0x6D, 0x27, 0x0C, 0x27, 0xAC, 0x1E, 0xCC, 0x1E, 0xAB, 0x1E, 0xAB, 0x1E, 0x6B, 0x1E, 0x00, 0x00,
    0x00, 0x00, 0x00, 0x00, 0x00, 0x00, 0x00, 0x00, 0x00, 0x00, 0x00, 0x00, 0x00, 0x00, 0x00, 0x00,
    0x00, 0x00, 0x00, 0x00, 0x00, 0x00, 0x00, 0x00, 0x00, 0x00, 0x00, 0x00, 0x00, 0x00, 0x00, 0x00,
    0xE0, 0x7B, 0xEF, 0x7F, 0xE7, 0x3D, 0xEC, 0x37, 0xCD, 0x4E, 0xEB, 0x1E, 0xEA, 0x1F, 0x2B, 0x17,
    0x4A, 0x2F, 0x4C, 0x27, 0xCB, 0x26, 0xEC, 0x26, 0xEC, 0x26, 0x6B, 0x1E, 0x6B, 0x1E, 0x6B, 0x1E,
    0x6B, 0x1E, 0x6C, 0x26, 0xEC, 0x26, 0x4E, 0x27, 0x2C, 0x16, 0x2E, 0x17, 0x6F, 0x1E, 0x2E, 0x1E,
    0xC9, 0x06, 0xEC, 0x37, 0xEF, 0x3F, 0x4A, 0x55, 0x4A, 0x05, 0x1F, 0x00, 0x1F, 0x00, 0x00, 0x00,
    0x00, 0x00, 0x00, 0x00, 0x00, 0x00, 0x00, 0x00, 0x00, 0x00, 0x00, 0x00, 0x00, 0x00, 0x00, 0x00,
    0x00, 0x00, 0x00, 0x00, 0x00, 0x00, 0x00, 0x00, 0x00, 0x00, 0x00, 0x00, 0x00, 0x00, 0x00, 0x00,
    0x00, 0x00, 0x4A, 0x05, 0xAA, 0x2E, 0xED, 0x15, 0x8B, 0x1E, 0xAB, 0x1E, 0xAB, 0x1E, 0xCC, 0x26,
    0xEB, 0x26, 0x8B, 0x26, 0x8B, 0x1E, 0x8B, 0x1E, 0xAB, 0x1E, 0xAB, 0x1E, 0xAB, 0x1E, 0xAB, 0x1E,
    0xAC, 0x1E, 0xAC, 0x1E, 0xAC, 0x1E, 0xAC, 0x1E, 0xAC, 0x1E, 0xAC, 0x1E, 0xAC, 0x1E, 0xAC, 0x1E,
    0xAB, 0x1E, 0xAC, 0x1E, 0xAB, 0x1E, 0xAC, 0x1E, 0xAB, 0x1E, 0xAB, 0x1E, 0xAB, 0x1E, 0xAC, 0x1E,
    0xCC, 0x1E, 0xCC, 0x1E, 0xCC, 0x1E, 0xCC, 0x1E, 0xEC, 0x1E, 0xEC, 0x1E, 0xEC, 0x1E, 0xEC, 0x1E,
    0xEC, 0x1E, 0xEC, 0x1E, 0xCC, 0x1E, 0xCC, 0x1E, 0xCC, 0x1E, 0xCC, 0x1E, 0xAC, 0x1E, 0xAC, 0x1E,
    0xAC, 0x1E, 0xAC, 0x1E, 0xAC, 0x1E, 0xAC, 0x1E, 0xAC, 0x1E, 0xAC, 0x1E, 0xAC, 0x1E, 0xAC, 0x1E,
    0xAC, 0x1E, 0xAC, 0x1E, 0xAC, 0x1E, 0xAC, 0x1E, 0xAC, 0x1E, 0xAC, 0x1E, 0xAC, 0x1E, 0xAC, 0x1E,
    0xAC, 0x1E, 0xAC, 0x1E, 0xAC, 0x1E, 0xAC, 0x1E, 0xAC, 0x1E, 0xAC, 0x1E, 0xAC, 0x1E, 0xAC, 0x1E,
    0xAC, 0x1E, 0xAB, 0x1E, 0xCC, 0x1E, 0xEC, 0x1E, 0xEC, 0x1E, 0xAB, 0x1E, 0xCC, 0x1E, 0xCC, 0x1E,
    0xAC, 0x1E, 0xAC, 0x1E, 0xED, 0x16, 0xEF, 0x07, 0x00, 0x00, 0x00, 0x00, 0xEF, 0x07, 0x4A, 0x05,
    0x4A, 0x05, 0xEF, 0x07, 0x00, 0x00, 0x00, 0x00, 0x00, 0x00, 0xAC, 0x1E, 0xCC, 0x1E, 0xAC, 0x1E,
    0xAC, 0x1E, 0xAB, 0x1E, 0xAB, 0x1E, 0xCC, 0x1E, 0xEC, 0x1E, 0xCC, 0x1E, 0xCC, 0x1E, 0xAC, 0x1E,
    0xAC, 0x1E, 0xAC, 0x1E, 0xAC, 0x1E, 0xAC, 0x1E, 0xAC, 0x1E, 0xAC, 0x1E, 0xAC, 0x1E, 0xAC, 0x1E,
    0xAC, 0x1E, 0xAC, 0x1E, 0xAC, 0x1E, 0xAC, 0x1E, 0xAC, 0x1E, 0xAC, 0x1E, 0xAC, 0x1E, 0xAC, 0x1E,
    0xAC, 0x1E, 0xAC, 0x1E, 0xAC, 0x1E, 0xAC, 0x1E, 0xAC, 0x1E, 0xAB, 0x1E, 0xEC, 0x1E, 0x2C, 0x27,
    0x4D, 0x27, 0x0C, 0x27, 0xAC, 0x1E, 0xCC, 0x1E, 0xAB, 0x1E, 0xAB, 0x1E, 0x6B, 0x1E, 0xAA, 0x2E,
    0xAA, 0x2E, 0x6C, 0x36, 0xCD, 0x26, 0xEF, 0x2F, 0xEC, 0x37, 0xAA, 0x2E, 0x0A, 0x1F, 0xCB, 0x15,
    0xAA, 0x16, 0x4D, 0x16, 0xCD, 0x16, 0x6B, 0x0E, 0x0C, 0x1F, 0x2B, 0x1F, 0xCC, 0x1E, 0xCD, 0x1E,
    0xEC, 0x26, 0xAC, 0x2E, 0xCB, 0x26, 0xAC, 0x26, 0x8B, 0x26, 0xAB, 0x26, 0xCB, 0x1E, 0xEB, 0x1E,
    0xCB, 0x26, 0xEB, 0x1E, 0xAC, 0x1E, 0x8C, 0x1E, 0xEC, 0x1E, 0xCC, 0x1E, 0xCC, 0x1E, 0xCC, 0x1E,
    0xCC, 0x1E, 0xAC, 0x1E, 0x8C, 0x1E, 0xCD, 0x1E, 0xAB, 0x1E, 0xAC, 0x1E, 0xAC, 0x1E, 0xAD, 0x26,
    0x0B, 0x1F, 0xEB, 0x1E, 0xCD, 0x26, 0x6B, 0x26, 0xAC, 0x16, 0x8D, 0x16, 0x8D, 0x16, 0x6A, 0x1E,
    0xAB, 0x1E, 0x0B, 0x1F, 0x8B, 0x1E, 0x6D, 0x27, 0x4D, 0x17, 0x2C, 0x1F, 0x0E, 0x1F, 0xEF, 0x1E,
    0xAA, 0x2E, 0x6C, 0x36, 0x6C, 0x36, 0xEF, 0x3F, 0xE7, 0x05, 0xEA, 0x07, 0xEF, 0x07, 0xE0, 0x07,
    0x00, 0x00, 0x00, 0x00, 0x00, 0x00, 0x00, 0x00, 0x00, 0x00, 0x00, 0x00, 0x00, 0x00, 0x00, 0x00,
    0x00, 0x00, 0x00, 0x00, 0x00, 0x00, 0xCC, 0x1E, 0x8B, 0x1E, 0xAB, 0x1E, 0xAC, 0x1E, 0xAB, 0x1E,
    0xAC, 0x1E, 0xAC, 0x1E, 0xAC, 0x1E, 0xAB, 0x1E, 0xAC, 0x1E, 0xAB, 0x1E, 0xAC, 0x1E, 0xAB, 0x1E,
    0xAB, 0x1E, 0xAC, 0x1E, 0xAB, 0x1E, 0xAC, 0x1E, 0xCC, 0x1E, 0xCC, 0x1E, 0xCC, 0x1E, 0xCC, 0x1E,
    0xAC, 0x1E, 0xAC, 0x1E, 0xAC, 0x1E, 0xAC, 0x1E, 0xAB, 0x1E, 0xAB, 0x1E, 0xAB, 0x1E, 0xAB, 0x1E,
    0xAB, 0x1E, 0xAB, 0x1E, 0xAC, 0x1E, 0xAC, 0x1E, 0xAB, 0x1E, 0xAC, 0x1E, 0xAC, 0x1E, 0xAC, 0x1E,
    0xAC, 0x1E, 0xAC, 0x1E, 0xAC, 0x1E, 0xAC, 0x1E, 0xAC, 0x1E, 0xAC, 0x1E, 0xAC, 0x1E, 0xAC, 0x1E,
    0xAC, 0x1E, 0xAC, 0x1E, 0xAC, 0x1E, 0xAC, 0x1E, 0xAC, 0x1E, 0xAC, 0x1E, 0xAC, 0x1E, 0xAC, 0x1E,
    0xAC, 0x1E, 0xAC, 0x1E, 0xAC, 0x1E, 0xAC, 0x1E, 0xAC, 0x1E, 0xAC, 0x1E, 0xAC, 0x1E, 0xAC, 0x1E,
    0xAC, 0x1E, 0xAB, 0x1E, 0xCC, 0x1E, 0xEC, 0x1E, 0xCC, 0x1E, 0xAB, 0x1E, 0xAB, 0x1E, 0xAC, 0x1E,
    0xAC, 0x1E, 0x6C, 0x1E, 0xAC, 0x1E, 0x00, 0x00, 0x00, 0x00, 0x00, 0x00, 0xEF, 0x07, 0x4A, 0x05,
    0xE7, 0x05, 0xEF, 0x07, 0x00, 0x00, 0x00, 0x00, 0x00, 0x00, 0x4D, 0x16, 0xCC, 0x1E, 0xAC, 0x1E,
    0xCC, 0x1E, 0xCB, 0x1E, 0xAB, 0x1E, 0xCC, 0x1E, 0xCC, 0x1E, 0xCC, 0x1E, 0xAC, 0x1E, 0xAC, 0x1E,
    0xAC, 0x1E, 0xCC, 0x1E, 0xAC, 0x1E, 0xAC, 0x1E, 0xAC, 0x1E, 0xAC, 0x1E, 0xAC, 0x1E, 0xAC, 0x1E,
    0xAC, 0x1E, 0xAC, 0x1E, 0xAC, 0x1E, 0xAC, 0x1E, 0xAC, 0x1E, 0xAC, 0x1E, 0xAC, 0x1E, 0xAC, 0x1E,
    0xAC, 0x1E, 0xAC, 0x1E, 0xAC, 0x1E, 0xAC, 0x1E, 0xAC, 0x1E, 0xAB, 0x1E, 0xEC, 0x1E, 0x2C, 0x27,
    0x4D, 0x27, 0x0C, 0x27, 0xAC, 0x1E, 0xAC, 0x1E, 0xAC, 0x1E, 0xAC, 0x1E, 0x8B, 0x1E, 0x8B, 0x26,
    0x6B, 0x1E, 0xAC, 0x26, 0xAA, 0x16, 0x2B, 0x17, 0x2B, 0x17, 0x6C, 0x26, 0xCA, 0x1E, 0x6C, 0x1E,
    0xEB, 0x1E, 0x8C, 0x1E, 0x8C, 0x1E, 0xAB, 0x1E, 0xCC, 0x26, 0xAC, 0x1E, 0xEC, 0x1E, 0xCC, 0x26,
    0xCC, 0x1E, 0xCC, 0x26, 0xAB, 0x1E, 0xCC, 0x1E, 0xAB, 0x1E, 0xAC, 0x1E, 0xAB, 0x1E, 0xCB, 0x1E,
    0xAB, 0x1E, 0xCC, 0x1E, 0xAB, 0x1E, 0xAC, 0x1E, 0xCC, 0x1E, 0xAB, 0x1E, 0xAB, 0x1E, 0xAB, 0x1E,
    0xAB, 0x1E, 0xCC, 0x1E, 0xAC, 0x1E, 0xCC, 0x26, 0xAC, 0x1E, 0xCB, 0x1E, 0xAC, 0x1E, 0xAC, 0x26,
    0xCC, 0x26, 0xCB, 0x1E, 0xCC, 0x1E, 0xAC, 0x26, 0xCC, 0x1E, 0xAC, 0x1E, 0xCC, 0x1E, 0x8C, 0x1E,
    0xAC, 0x1E, 0xCC, 0x26, 0xAC, 0x26, 0xAD, 0x26, 0xCB, 0x1E, 0xCC, 0x1E, 0xEC, 0x16, 0xAD, 0x1E,
    0xEC, 0x26, 0xAC, 0x16, 0x8B, 0x16, 0xEB, 0x1E, 0xAA, 0x2E, 0xE7, 0x05, 0xFF, 0xFF, 0x00, 0x00,
    0x00, 0x00, 0x00, 0x00, 0x00, 0x00, 0x00, 0x00, 0x00, 0x00, 0x00, 0x00, 0x00, 0x00, 0x00, 0x00,
    0x00, 0x00, 0x00, 0x00, 0x00, 0x00, 0xE0, 0x07, 0x8B, 0x1E, 0xAB, 0x1E, 0xCB, 0x1E, 0xAC, 0x1E,
    0xAC, 0x1E, 0xAC, 0x1E, 0xAC, 0x1E, 0xAC, 0x1E, 0xAC, 0x1E, 0xAC, 0x1E, 0xAC, 0x1E, 0xAB, 0x1E,
    0xAB, 0x1E, 0xAB, 0x1E, 0xAB, 0x1E, 0xAC, 0x1E, 0xEC, 0x1E, 0xEC, 0x1E, 0xCC, 0x1E, 0xCC, 0x1E,
    0xCC, 0x1E, 0xAC, 0x1E, 0xAC, 0x1E, 0xAB, 0x1E, 0xAB, 0x1E, 0xAB, 0x1E, 0xAB, 0x1E, 0xAB, 0x1E,
    0xAB, 0x1E, 0xAC, 0x1E, 0xAB, 0x1E, 0xAC, 0x1E, 0xAB, 0x1E, 0xAC, 0x1E, 0xAC, 0x1E, 0xAC, 0x1E,
    0xAC, 0x1E, 0xAC, 0x1E, 0xAC, 0x1E, 0xAC, 0x1E, 0xAC, 0x1E, 0xAC, 0x1E, 0xAC, 0x1E, 0xAC, 0x1E,
    0xAC, 0x1E, 0xAC, 0x1E, 0xAC, 0x1E, 0xAC, 0x1E, 0xAC, 0x1E, 0xAC, 0x1E, 0xAC, 0x1E, 0xAC, 0x1E,
    0xAC, 0x1E, 0xAC, 0x1E, 0xAC, 0x1E, 0xAC, 0x1E, 0xAC, 0x1E, 0xAC, 0x1E, 0xCC, 0x1E, 0xAC, 0x1E,
    0xAC, 0x1E, 0xAC, 0x1E, 0xCC, 0x1E, 0xCC, 0x1E, 0xCC, 0x1E, 0xAB, 0x1E, 0xAC, 0x1E, 0xAC, 0x1E,
    0xAC, 0x1E, 0x8C, 0x1E, 0xCD, 0x16, 0x00, 0x00, 0x00, 0x00, 0x00, 0x00, 0xEF, 0x07, 0xE7, 0x05,
    0xE7, 0x3F, 0xEF, 0x07, 0x00, 0x00, 0x00, 0x00, 0x00, 0x00, 0x6C, 0x1E, 0xCB, 0x1E, 0xAC, 0x1E,
    0xAC, 0x1E, 0xAC, 0x1E, 0xAB, 0x1E, 0xCC, 0x1E, 0xCC, 0x1E, 0xAC, 0x1E, 0xCC, 0x1E, 0xCC, 0x1E,
    0xCC, 0x1E, 0xCC, 0x1E, 0xAB, 0x1E, 0xAB, 0x1E, 0xAC, 0x1E, 0xAC, 0x1E, 0xAC, 0x1E, 0xAC, 0x1E,
    0xAC, 0x1E, 0xAC, 0x1E, 0xAC, 0x1E, 0xAC, 0x1E, 0xAC, 0x1E, 0xAC, 0x1E, 0xAC, 0x1E, 0xAC, 0x1E,
    0xAC, 0x1E, 0xAC, 0x1E, 0xAC, 0x1E, 0xAC, 0x1E, 0xAC, 0x1E, 0xAB, 0x1E, 0xCC, 0x1E, 0x0C, 0x27,
    0x2C, 0x27, 0xEC, 0x26, 0xAB, 0x1E, 0xAC, 0x1E, 0xAC, 0x1E, 0xAB, 0x1E, 0x8B, 0x1E, 0xCB, 0x26,
    0xAB, 0x1E, 0xAB, 0x1E, 0xCB, 0x1E, 0xAB, 0x1E, 0xCC, 0x1E, 0xCC, 0x1E, 0xAC, 0x26, 0x8B, 0x1E,
    0xAB, 0x1E, 0xAC, 0x1E, 0xAC, 0x1E, 0xAC, 0x1E, 0xCC, 0x1E, 0xCB, 0x1E, 0xAC, 0x1E, 0xCC, 0x26,
    0xCC, 0x1E, 0xCC, 0x26, 0xAB, 0x1E, 0xAC, 0x1E, 0xAC, 0x1E, 0xAB, 0x1E, 0xAB, 0x1E, 0xAB, 0x1E,
    0xAB, 0x1E, 0xAB, 0x1E, 0xAC, 0x1E, 0xAB, 0x1E, 0xAC, 0x1E, 0xAB, 0x1E, 0xAB, 0x1E, 0xAB, 0x1E,
    0xAC, 0x1E, 0xAC, 0x1E, 0xAC, 0x1E, 0xAC, 0x1E, 0xAC, 0x1E, 0xAB, 0x1E, 0xAC, 0x1E, 0xAC, 0x1E,
    0xAC, 0x1E, 0xAB, 0x1E, 0xCC, 0x1E, 0xAB, 0x1E, 0xCC, 0x1E, 0xCC, 0x1E, 0xAC, 0x1E, 0xAB, 0x1E,
    0xCC, 0x1E, 0xCC, 0x1E, 0xCC, 0x26, 0xAC, 0x26, 0xCC, 0x1E, 0xCC, 0x1E, 0xEC, 0x1E, 0xCD, 0x1E,
    0xCC, 0x1E, 0xAB, 0x16, 0x6C, 0x1E, 0xEC, 0x26, 0x29, 0x1F, 0xAA, 0x2E, 0xEF, 0x7B, 0x00, 0x00,
    0x00, 0x00, 0x00, 0x00, 0x00, 0x00, 0x00, 0x00, 0x00, 0x00, 0x00, 0x00, 0x00, 0x00, 0x00, 0x00,
    0x00, 0x00, 0x00, 0x00, 0x00, 0x00, 0x00, 0x00, 0xCB, 0x16, 0x8A, 0x1E, 0xCB, 0x1E, 0xAB, 0x1E,
    0xAC, 0x1E, 0xCC, 0x1E, 0xAC, 0x1E, 0xAC, 0x26, 0xCC, 0x1E, 0xCC, 0x1E, 0xCC, 0x1E, 0xAB, 0x1E,
    0xAB, 0x1E, 0xAB, 0x1E, 0xAB, 0x1E, 0xAC, 0x1E, 0xCC, 0x1E, 0xCC, 0x1E, 0xCC, 0x1E, 0xCC, 0x1E,
    0xCC, 0x1E, 0xAC, 0x1E, 0xAC, 0x1E, 0xAC, 0x1E, 0xAB, 0x1E, 0xAC, 0x1E, 0xAC, 0x1E, 0xAC, 0x1E,
    0xAC, 0x1E, 0xAC, 0x1E, 0xAC, 0x1E, 0xAB, 0x1E, 0xAC, 0x1E, 0xAC, 0x1E, 0xAC, 0x1E, 0xAC, 0x1E,
    0xAC, 0x1E, 0xAC, 0x1E, 0xAC, 0x1E, 0xAC, 0x1E, 0xAC, 0x1E, 0xAC, 0x1E, 0xAC, 0x1E, 0xAC, 0x1E,
    0xAC, 0x1E, 0xAC, 0x1E, 0xAC, 0x1E, 0xAC, 0x1E, 0xAC, 0x1E, 0xAC, 0x1E, 0xAC, 0x1E, 0xAC, 0x1E,
    0xAC, 0x1E, 0xAC, 0x1E, 0xAC, 0x1E, 0xAC, 0x1E, 0xAB, 0x1E, 0xAB, 0x1E, 0xCC, 0x1E, 0xCC, 0x1E,
    0xCC, 0x1E, 0xAC, 0x1E, 0xAC, 0x1E, 0xCC, 0x1E, 0xCC, 0x1E, 0xAB, 0x1E, 0xAC, 0x1E, 0xAC, 0x1E,
    0xCC, 0x1E, 0xCB, 0x1E, 0xCB, 0x15, 0x00, 0x00, 0x00, 0x00, 0x00, 0x00, 0xEF, 0x07, 0xE7, 0x3D,
    0xE7, 0x3F, 0xEF, 0x07, 0x00, 0x00, 0x00, 0x00, 0x00, 0x00, 0xEB, 0x1D, 0xCC, 0x1E, 0xAC, 0x1E,
    0xAC, 0x1E, 0xAB, 0x1E, 0xAB, 0x1E, 0xAB, 0x1E, 0xAC, 0x1E, 0xAB, 0x1E, 0xCC, 0x1E, 0xCC, 0x1E,
    0xCC, 0x1E, 0xCC, 0x1E, 0xAB, 0x1E, 0xAB, 0x1E, 0xAC, 0x1E, 0xAC, 0x1E, 0xAC, 0x1E, 0xAC, 0x1E,
    0xAC, 0x1E, 0xAC, 0x1E, 0xAC, 0x1E, 0xAC, 0x1E, 0xAC, 0x1E, 0xAC, 0x1E, 0xAC, 0x1E, 0xAC, 0x1E,
    0xAC, 0x1E, 0xAC, 0x1E, 0xAC, 0x1E, 0xAB, 0x1E, 0xAC, 0x1E, 0xAB, 0x1E, 0xCC, 0x1E, 0xEC, 0x1E,
    0x0C, 0x1F, 0xEC, 0x1E, 0xAB, 0x1E, 0xAC, 0x1E, 0xAC, 0x1E, 0xAC, 0x1E, 0xAC, 0x1E, 0xAB, 0x1E,
    0xAB, 0x1E, 0xCC, 0x26, 0xCB, 0x1E, 0xAC, 0x26, 0x8B, 0x1E, 0xAC, 0x1E, 0xAB, 0x1E, 0x8B, 0x1E,
    0xAC, 0x1E, 0xAC, 0x1E, 0xAC, 0x1E, 0xAC, 0x1E, 0xAC, 0x1E, 0xAC, 0x1E, 0xCC, 0x1E, 0xCC, 0x1E,
    0xCC, 0x1E, 0xCC, 0x1E, 0xAC, 0x1E, 0xAC, 0x1E, 0xCC, 0x1E, 0xAC, 0x1E, 0xAB, 0x1E, 0xAB, 0x1E,
    0xAB, 0x1E, 0xAB, 0x1E, 0xAB, 0x1E, 0xAB, 0x1E, 0xAB, 0x1E, 0xAB, 0x1E, 0xAB, 0x1E, 0xAB, 0x1E,
    0xAC, 0x1E, 0xAC, 0x1E, 0xAC, 0x1E, 0xAC, 0x1E, 0xAC, 0x1E, 0xAB, 0x1E, 0xAC, 0x1E, 0xAC, 0x1E,
    0xAC, 0x1E, 0xAC, 0x26, 0xCC, 0x1E, 0xCC, 0x1E, 0xCC, 0x1E, 0xCC, 0x1E, 0xAC, 0x1E, 0xAC, 0x1E,
    0xAC, 0x1E, 0xCC, 0x1E, 0xAC, 0x26, 0xAC, 0x1E, 0xAC, 0x1E, 0xAC, 0x26, 0xCC, 0x1E, 0xCC, 0x1E,
    0xCC, 0x1E, 0x6B, 0x1E, 0xAC, 0x1E, 0xCC, 0x1E, 0xCB, 0x1E, 0xCB, 0x1E, 0xCB, 0x36, 0xEB, 0x3E,
    0xEA, 0x57, 0x00, 0x00, 0x00, 0x00, 0x00, 0x00, 0x00, 0x00, 0x00, 0x00, 0x00, 0x00, 0x00, 0x00,
    0x00, 0x00, 0x00, 0x00, 0x00, 0x00, 0x00, 0x00, 0xAA, 0x2E, 0x69, 0x1E, 0xAA, 0x16, 0xCB, 0x26,
    0xED, 0x1E, 0xCC, 0x26, 0xCC, 0x1E, 0xEC, 0x26, 0xEC, 0x1E, 0xCC, 0x1E, 0xAC, 0x1E, 0xAB, 0x1E,
    0xAB, 0x1E, 0xAB, 0x1E, 0xAB, 0x1E, 0xAC, 0x1E, 0xCC, 0x1E, 0xCC, 0x1E, 0xAC, 0x1E, 0xAB, 0x1E,
    0xAC, 0x1E, 0xAC, 0x1E, 0xAC, 0x1E, 0xAC, 0x1E, 0xAC, 0x1E, 0xAC, 0x1E, 0xAC, 0x1E, 0xAC, 0x1E,
    0xAC, 0x1E, 0xAC, 0x1E, 0xAC, 0x1E, 0xAC, 0x1E, 0xAC, 0x1E, 0xAC, 0x1E, 0xAC, 0x1E, 0xAC, 0x1E,
    0xAC, 0x1E, 0xAC, 0x1E, 0xAC, 0x1E, 0xAC, 0x1E, 0xAC, 0x1E, 0xAC, 0x1E, 0xAC, 0x1E, 0xAC, 0x1E,
    0xAC, 0x1E, 0xAC, 0x1E, 0xAC, 0x1E, 0xAC, 0x1E, 0xAC, 0x1E, 0xAC, 0x1E, 0xAC, 0x1E, 0xAC, 0x1E,
    0xAC, 0x1E, 0xAC, 0x1E, 0xAC, 0x1E, 0xAC, 0x1E, 0xAB, 0x1E, 0xAB, 0x1E, 0xCC, 0x1E, 0xCC, 0x1E,
    0xCC, 0x1E, 0xCC, 0x1E, 0xAB, 0x1E, 0xCC, 0x1E, 0xAB, 0x1E, 0xAB, 0x1E, 0xAC, 0x1E, 0xAC, 0x1E,
    0xCC, 0x1E, 0x8B, 0x1E, 0x4A, 0x1D, 0x00, 0x00, 0x00, 0x00, 0x00, 0x00, 0xEF, 0x07, 0xE7, 0x3D,
    0xE7, 0x3F, 0xEF, 0x07, 0x00, 0x00, 0x00, 0x00, 0x00, 0x00, 0xCD, 0x26, 0xCC, 0x26, 0x8C, 0x1E,
    0xCC, 0x1E, 0xAB, 0x1E, 0xAC, 0x1E, 0xAB, 0x1E, 0xAC, 0x1E, 0xAC, 0x1E, 0xCC, 0x1E, 0xEC, 0x1E,
    0xEC, 0x1E, 0xCC, 0x1E, 0xAB, 0x1E, 0xAB, 0x1E, 0xAC, 0x1E, 0xAC, 0x1E, 0xAC, 0x1E, 0xAC, 0x1E,
    0xAC, 0x1E, 0xAC, 0x1E, 0xAC, 0x1E, 0xAC, 0x1E, 0xAC, 0x1E, 0xAC, 0x1E, 0xAC, 0x1E, 0xAC, 0x1E,
    0xAC, 0x1E, 0xAC, 0x1E, 0xAC, 0x1E, 0xAB, 0x1E, 0xAB, 0x1E, 0xAB, 0x1E, 0xCC, 0x1E, 0xEC, 0x1E,
    0xEC, 0x1E, 0xCC, 0x1E, 0xAC, 0x1E, 0xAB, 0x1E, 0xAC, 0x1E, 0xAB, 0x1E, 0xAC, 0x1E, 0xAB, 0x1E,
    0xAB, 0x1E, 0xCC, 0x1E, 0xAB, 0x1E, 0xAC, 0x1E, 0xAC, 0x1E, 0xAC, 0x1E, 0xAC, 0x1E, 0xAC, 0x1E,
    0xAC, 0x1E, 0xAB, 0x1E, 0xAB, 0x1E, 0xAB, 0x1E, 0xAC, 0x1E, 0xAC, 0x1E, 0xCC, 0x1E, 0xAC, 0x1E,
    0xCC, 0x1E, 0xCC, 0x1E, 0xAC, 0x1E, 0xAB, 0x1E, 0xAB, 0x1E, 0xAC, 0x1E, 0xAB, 0x1E, 0xAB, 0x1E,
    0xAB, 0x1E, 0xAB, 0x1E, 0xAC, 0x1E, 0xAB, 0x1E, 0xAB, 0x1E, 0xAB, 0x1E, 0xAB, 0x1E, 0xAB, 0x1E,
    0xAC, 0x1E, 0xAB, 0x1E, 0xAB, 0x1E, 0xAB, 0x1E, 0xAC, 0x1E, 0xAB, 0x1E, 0xAC, 0x1E, 0xAC, 0x1E,
    0xAC, 0x1E, 0xAB, 0x1E, 0xCC, 0x1E, 0xAB, 0x1E, 0xAC, 0x1E, 0xAC, 0x1E, 0xAC, 0x1E, 0xCC, 0x1E,
    0xAC, 0x1E, 0xAC, 0x1E, 0xAC, 0x1E, 0xAC, 0x1E, 0xAC, 0x1E, 0xAC, 0x1E, 0xCC, 0x1E, 0xCC, 0x1E,
    0xCC, 0x1E, 0xAB, 0x1E, 0xAC, 0x1E, 0x8B, 0x1E, 0xCB, 0x1E, 0xAB, 0x1E, 0xCC, 0x26, 0x0C, 0x27,
    0xCB, 0x26, 0xED, 0x26, 0xCB, 0x26, 0x6A, 0x17, 0xAD, 0x16, 0x29, 0x1F, 0x0A, 0x1F, 0xC9, 0x26,
    0xEF, 0x3F, 0xEA, 0x07, 0xE0, 0x07, 0x00, 0x00, 0x00, 0x00, 0x00, 0x00, 0x00, 0x00, 0x00, 0x00,
    0x00, 0x00, 0x00, 0x00, 0x00, 0x00, 0xEF, 0x3F, 0x8C, 0x1F, 0xEC, 0x26, 0xCC, 0x1E, 0xAB, 0x1E,
    0xAB, 0x1E, 0xAC, 0x1E, 0xAC, 0x1E, 0xAC, 0x1E, 0xCC, 0x1E, 0xCC, 0x1E, 0xAC, 0x1E, 0xAC, 0x1E,
    0xAC, 0x1E, 0xAC, 0x1E, 0xAC, 0x1E, 0xCC, 0x1E, 0xCC, 0x1E, 0xAC, 0x1E, 0xAC, 0x1E, 0xAC, 0x1E,
    0xAC, 0x1E, 0xAC, 0x1E, 0xAC, 0x1E, 0xAC, 0x1E, 0xAC, 0x1E, 0xAC, 0x1E, 0xAC, 0x1E, 0xAC, 0x1E,
    0xAC, 0x1E, 0xAC, 0x1E, 0xAC, 0x1E, 0xAC, 0x1E, 0xAC, 0x1E, 0xAC, 0x1E, 0xAC, 0x1E, 0xAC, 0x1E,
    0xAC, 0x1E, 0xAC, 0x1E, 0xAC, 0x1E, 0xAC, 0x1E, 0xAC, 0x1E, 0xAC, 0x1E, 0xAC, 0x1E, 0xAC, 0x1E,
    0xAC, 0x1E, 0xAC, 0x1E, 0xAC, 0x1E, 0xAC, 0x1E, 0xAB, 0x1E, 0xAB, 0x1E, 0xCC, 0x1E, 0xEC, 0x1E,
    0xEC, 0x1E, 0xCC, 0x1E, 0xAC, 0x1E, 0xAB, 0x1E, 0xAB, 0x1E, 0xAC, 0x1E, 0xAC, 0x1E, 0xCC, 0x1E,
    0xCC, 0x1E, 0xCC, 0x26, 0xCD, 0x26, 0x00, 0x00, 0x00, 0x00, 0x00, 0x00, 0xEF, 0x07, 0xE7, 0x3D,
    0xE7, 0x3F, 0xEF, 0x07, 0x00, 0x00, 0x00, 0x00, 0xE0, 0x07, 0x6C, 0x36, 0x8B, 0x26, 0xAC, 0x1E,
    0xCB, 0x1E, 0xAB, 0x26, 0xAC, 0x1E, 0xAB, 0x1E, 0xAC, 0x1E, 0xAC, 0x1E, 0xCC, 0x1E, 0xEC, 0x1E,
    0xEC, 0x1E, 0xCC, 0x1E, 0xAB, 0x1E, 0xAC, 0x1E, 0xAB, 0x1E, 0xAC, 0x1E, 0xAC, 0x1E, 0xAC, 0x1E,
    0xAC, 0x1E, 0xAC, 0x1E, 0xAC, 0x1E, 0xAC, 0x1E, 0xAC, 0x1E, 0xAC, 0x1E, 0xAC, 0x1E, 0xAC, 0x1E,
    0xAC, 0x1E, 0xAC, 0x1E, 0xAC, 0x1E, 0xAB, 0x1E, 0xAB, 0x1E, 0xAB, 0x1E, 0xCC, 0x1E, 0xCC, 0x1E,
    0xCC, 0x1E, 0xCC, 0x1E, 0xAC, 0x1E, 0xAB, 0x1E, 0xCC, 0x1E, 0xAC, 0x1E, 0xAB, 0x1E, 0xAB, 0x1E,
    0xAB, 0x1E, 0xAC, 0x1E, 0xAB, 0x1E, 0xAC, 0x1E, 0xAC, 0x1E, 0xAC, 0x1E, 0xAB, 0x1E, 0xAB, 0x1E,
    0xAB, 0x1E, 0xAB, 0x1E, 0xAB, 0x1E, 0xAC, 0x1E, 0xAC, 0x1E, 0xAB, 0x1E, 0xAC, 0x1E, 0xAB, 0x1E,
    0xCC, 0x1E, 0xAC, 0x1E, 0xAC, 0x1E, 0xAC, 0x1E, 0xCC, 0x1E, 0xAC, 0x1E, 0xAB, 0x1E, 0xAB, 0x1E,
    0xAC, 0x1E, 0xCC, 0x1E, 0xEC, 0x1E, 0xEC, 0x1E, 0x0C, 0x1F, 0x0C, 0x1F, 0x0C, 0x1F, 0x0C, 0x1F,
    0x0C, 0x1F, 0x0C, 0x1F, 0xEC, 0x1E, 0xEC, 0x1E, 0xCC, 0x1E, 0xAB, 0x1E, 0xAC, 0x1E, 0xAB, 0x1E,
    0xAC, 0x1E, 0xCB, 0x1E, 0xAC, 0x1E, 0xAB, 0x1E, 0xAB, 0x1E, 0xAC, 0x1E, 0xAC, 0x1E, 0xAC, 0x1E,
    0xCC, 0x1E, 0xAC, 0x1E, 0xAC, 0x1E, 0xAC, 0x1E, 0xAC, 0x1E, 0xAC, 0x1E, 0xAC, 0x1E, 0xAB, 0x1E,
    0xAC, 0x1E, 0xAB, 0x1E, 0xAC, 0x1E, 0xAC, 0x1E, 0xCC, 0x1E, 0xCB, 0x1E, 0xAC, 0x1E, 0xEC, 0x1E,
    0xAC, 0x1E, 0xCC, 0x1E, 0x8B, 0x1E, 0xAB, 0x1E, 0xCC, 0x1E, 0xCC, 0x1E, 0xAB, 0x1E, 0x0B, 0x1F,
    0x0E, 0x1F, 0xEF, 0x05, 0x00, 0x00, 0x00, 0x00, 0x00, 0x00, 0x00, 0x00, 0x00, 0x00, 0x00, 0x00,
    0x00, 0x00, 0x00, 0x00, 0x00, 0x00, 0x00, 0x00, 0xEA, 0x07, 0x0D, 0x1F, 0xCB, 0x1E, 0xAB, 0x1E,
    0x8B, 0x1E, 0xAB, 0x1E, 0xAC, 0x1E, 0xAC, 0x1E, 0xCC, 0x1E, 0xCC, 0x1E, 0xAC, 0x1E, 0xCB, 0x1E,
    0xAC, 0x1E, 0xAC, 0x1E, 0xAC, 0x1E, 0xCC, 0x1E, 0xCC, 0x1E, 0xCC, 0x1E, 0xAC, 0x1E, 0xAC, 0x1E,
    0xAC, 0x1E, 0xAC, 0x1E, 0xAC, 0x1E, 0xAC, 0x1E, 0xAC, 0x1E, 0xAC, 0x1E, 0xAC, 0x1E, 0xAC, 0x1E,
    0xAC, 0x1E, 0xAC, 0x1E, 0xAC, 0x1E, 0xAC, 0x1E, 0xAC, 0x1E, 0xAC, 0x1E, 0xAC, 0x1E, 0xAC, 0x1E,
    0xAC, 0x1E, 0xAC, 0x1E, 0xAC, 0x1E, 0xAC, 0x1E, 0xAC, 0x1E, 0xAC, 0x1E, 0xAC, 0x1E, 0xAC, 0x1E,
    0xAC, 0x1E, 0xAC, 0x1E, 0xAC, 0x1E, 0xAC, 0x1E, 0xAC, 0x1E, 0xAB, 0x1E, 0xCC, 0x1E, 0xEC, 0x1E,
    0xEC, 0x1E, 0xCC, 0x1E, 0xAB, 0x1E, 0xAB, 0x1E, 0xAB, 0x1E, 0xAC, 0x1E, 0xAB, 0x1E, 0xCC, 0x26,
    0xEC, 0x1E, 0xEB, 0x26, 0x6C, 0x36, 0xE0, 0x07, 0x00, 0x00, 0x00, 0x00, 0xEF, 0x07, 0xE7, 0x3D,
    0xE7, 0x3F, 0xEF, 0x03, 0x00, 0x00, 0x00, 0x00, 0x00, 0x00, 0xEF, 0x07, 0xEA, 0x26, 0xAC, 0x1E,
    0xCC, 0x1E, 0xAB, 0x1E, 0xCB, 0x1E, 0xAC, 0x1E, 0xAC, 0x1E, 0xAC, 0x1E, 0xCC, 0x1E, 0xEC, 0x1E,
    0xEC, 0x1E, 0xCC, 0x1E, 0xAC, 0x1E, 0xAC, 0x1E, 0xAB, 0x1E, 0xAC, 0x1E, 0xAC, 0x1E, 0xAC, 0x1E,
    0xAC, 0x1E, 0xAC, 0x1E, 0xAC, 0x1E, 0xAC, 0x1E, 0xAC, 0x1E, 0xAC, 0x1E, 0xAC, 0x1E, 0xAC, 0x1E,
    0xAC, 0x1E, 0xAC, 0x1E, 0xAC, 0x1E, 0xAC, 0x1E, 0xAC, 0x1E, 0xAC, 0x1E, 0xCC, 0x1E, 0xCC, 0x1E,
    0xCC, 0x1E, 0xCC, 0x1E, 0xAB, 0x1E, 0xAB, 0x1E, 0xCC, 0x1E, 0xCC, 0x1E, 0xAB, 0x1E, 0xAB, 0x1E,
    0xAC, 0x1E, 0xAC, 0x1E, 0xAB, 0x1E, 0xAB, 0x1E, 0xAC, 0x1E, 0xAC, 0x1E, 0xAB, 0x1E, 0xAC, 0x1E,
    0xCC, 0x1E, 0xAB, 0x1E, 0xAC, 0x1E, 0xAB, 0x1E, 0xAC, 0x1E, 0xAC, 0x1E, 0xAC, 0x1E, 0xAB, 0x1E,
    0xAC, 0x1E, 0xAC, 0x1E, 0xAC, 0x1E, 0xAC, 0x1E, 0xAC, 0x1E, 0xAC, 0x1E, 0xAB, 0x1E, 0xCC, 0x1E,
    0xCC, 0x1E, 0xEC, 0x1E, 0xEC, 0x1E, 0x0C, 0x1F, 0x0C, 0x1F, 0x0C, 0x1F, 0x0C, 0x1F, 0x0C, 0x1F,
    0x0C, 0x1F, 0x0C, 0x1F, 0x0C, 0x1F, 0xEC, 0x1E, 0xEC, 0x1E, 0xCC, 0x1E, 0xCC, 0x1E, 0xAB, 0x1E,
    0xAB, 0x1E, 0xAC, 0x1E, 0xAC, 0x1E, 0xAB, 0x1E, 0xAC, 0x1E, 0xAB, 0x1E, 0xAC, 0x1E, 0xAC, 0x1E,
    0xAC, 0x1E, 0xAB, 0x1E, 0xAC, 0x1E, 0xAC, 0x1E, 0xAC, 0x1E, 0xAC, 0x1E, 0xCC, 0x1E, 0xAC, 0x1E,
    0xAC, 0x1E, 0xAB, 0x1E, 0xAC, 0x1E, 0xAC, 0x1E, 0xAC, 0x1E, 0xCC, 0x1E, 0xAC, 0x1E, 0xCC, 0x1E,
    0xAC, 0x26, 0xAC, 0x1E, 0xAC, 0x1E, 0xAB, 0x1E, 0xCC, 0x1E, 0xCC, 0x1E, 0xCC, 0x1E, 0xCC, 0x1E,
    0x8B, 0x1E, 0xAA, 0x2E, 0x00, 0x00, 0x00, 0x00, 0x00, 0x00, 0x00, 0x00, 0x00, 0x00, 0x00, 0x00,
    0x00, 0x00, 0x00, 0x00, 0x00, 0x00, 0x00, 0x00, 0xE0, 0x07, 0x2A, 0x1E, 0x0D, 0x1F, 0xCC, 0x26,
    0xAC, 0x1E, 0xAB, 0x26, 0xCC, 0x1E, 0xAB, 0x1E, 0xCC, 0x1E, 0xCC, 0x1E, 0xAC, 0x1E, 0xCC, 0x1E,
    0xAC, 0x1E, 0xAC, 0x1E, 0xAC, 0x1E, 0xCC, 0x1E, 0xCC, 0x1E, 0xCC, 0x1E, 0xAB, 0x1E, 0xAB, 0x1E,
    0xAC, 0x1E, 0xAC, 0x1E, 0xAC, 0x1E, 0xAC, 0x1E, 0xAC, 0x1E, 0xAC, 0x1E, 0xAC, 0x1E, 0xAC, 0x1E,
    0xAC, 0x1E, 0xAC, 0x1E, 0xAC, 0x1E, 0xAC, 0x1E, 0xAC, 0x1E, 0xAC, 0x1E, 0xAC, 0x1E, 0xAC, 0x1E,
    0xAC, 0x1E, 0xAC, 0x1E, 0xAC, 0x1E, 0xAC, 0x1E, 0xAC, 0x1E, 0xAC, 0x1E, 0xAC, 0x1E, 0xAC, 0x1E,
    0xAC, 0x1E, 0xAC, 0x1E, 0xAC, 0x1E, 0xAC, 0x1E, 0xAC, 0x1E, 0xAC, 0x1E, 0xCC, 0x1E, 0xEC, 0x1E,
    0xEC, 0x1E, 0xCC, 0x1E, 0xAB, 0x1E, 0xAB, 0x1E, 0xAB, 0x1E, 0xCC, 0x1E, 0xAC, 0x26, 0xCC, 0x1E,
    0xEC, 0x1E, 0xEC, 0x26, 0xEF, 0x07, 0x00, 0x00, 0x00, 0x00, 0x00, 0x00, 0xEF, 0x03, 0xE7, 0x3D,
    0xE7, 0x3D, 0xEF, 0x03, 0x00, 0x00, 0x00, 0x00, 0x00, 0x00, 0x00, 0x00, 0x0A, 0x1F, 0xAC, 0x1E,
    0xAB, 0x1E, 0xAB, 0x1E, 0xCB, 0x1E, 0xAC, 0x1E, 0xAB, 0x1E, 0xAB, 0x1E, 0xAB, 0x1E, 0xEC, 0x1E,
    0xEC, 0x1E, 0xCC, 0x1E, 0xAB, 0x1E, 0xAC, 0x1E, 0xAB, 0x1E, 0xAC, 0x1E, 0xAC, 0x1E, 0xAC, 0x1E,
    0xAC, 0x1E, 0xAC, 0x1E, 0xAC, 0x1E, 0xAC, 0x1E, 0xAC, 0x1E, 0xAC, 0x1E, 0xAC, 0x1E, 0xAC, 0x1E,
    0xAC, 0x1E, 0xAC, 0x1E, 0xAC, 0x1E, 0xAC, 0x1E, 0xAC, 0x1E, 0xAC, 0x1E, 0xAC, 0x1E, 0xAC, 0x1E,
    0xAC, 0x1E, 0xAC, 0x1E, 0xAC, 0x1E, 0xCB, 0x1E, 0xCC, 0x1E, 0xCC, 0x1E, 0xAC, 0x1E, 0xAC, 0x1E,
    0xAC, 0x1E, 0xAB, 0x1E, 0xAC, 0x1E, 0xAC, 0x1E, 0xAC, 0x1E, 0xAC, 0x1E, 0xAC, 0x1E, 0xCB, 0x1E,
    0xCC, 0x1E, 0xAB, 0x1E, 0xAC, 0x1E, 0xAC, 0x1E, 0xAC, 0x1E, 0xAC, 0x1E, 0xAB, 0x1E, 0xAB, 0x1E,
    0xAB, 0x1E, 0xAC, 0x1E, 0xAC, 0x1E, 0xAB, 0x1E, 0xAC, 0x1E, 0xAC, 0x1E, 0xCC, 0x1E, 0xCC, 0x1E,
    0xCC, 0x1E, 0xCC, 0x1E, 0xCC, 0x1E, 0xCC, 0x1E, 0xCC, 0x1E, 0xCC, 0x1E, 0xCC, 0x1E, 0xCC, 0x1E,
    0xCC, 0x1E, 0xCC, 0x1E, 0xCC, 0x1E, 0xCC, 0x1E, 0xCC, 0x1E, 0xCC, 0x1E, 0xCC, 0x1E, 0xAC, 0x1E,
    0xAC, 0x1E, 0xAB, 0x1E, 0xAB, 0x1E, 0xAC, 0x1E, 0xAC, 0x1E, 0xAB, 0x1E, 0xAB, 0x1E, 0xAB, 0x1E,
    0xAC, 0x1E, 0xAC, 0x1E, 0xAB, 0x1E, 0xAC, 0x1E, 0xAB, 0x1E, 0xAC, 0x1E, 0xAB, 0x1E, 0xAC, 0x1E,
    0xAB, 0x1E, 0xAB, 0x1E, 0xAC, 0x1E, 0xAC, 0x1E, 0xAC, 0x1E, 0xCC, 0x1E, 0xAC, 0x1E, 0xAC, 0x1E,
    0xAC, 0x1E, 0xAC, 0x26, 0xCC, 0x1E, 0xAB, 0x1E, 0xAB, 0x1E, 0xCC, 0x1E, 0xAB, 0x1E, 0xEC, 0x1E,
    0xCB, 0x1E, 0xCC, 0x1E, 0x6C, 0x06, 0x00, 0x00, 0x00, 0x00, 0x00, 0x00, 0x00, 0x00, 0x00, 0x00,
    0x00, 0x00, 0x00, 0x00, 0x00, 0x00, 0x00, 0x00, 0xE0, 0x07, 0xE7, 0x05, 0xEC, 0x37, 0x0A, 0x1F,
    0xEB, 0x1E, 0x6B, 0x2E, 0xAC, 0x26, 0xAC, 0x1E, 0xCB, 0x1E, 0xEB, 0x1E, 0xAC, 0x1E, 0xCB, 0x1E,
    0xAC, 0x1E, 0xAC, 0x1E, 0xCC, 0x1E, 0xEC, 0x1E, 0xEC, 0x1E, 0xCC, 0x1E, 0xAB, 0x1E, 0xAC, 0x1E,
    0xAC, 0x1E, 0xAC, 0x1E, 0xAC, 0x1E, 0xAC, 0x1E, 0xAC, 0x1E, 0xAC, 0x1E, 0xAC, 0x1E, 0xAC, 0x1E,
    0xAC, 0x1E, 0xAC, 0x1E, 0xAC, 0x1E, 0xAC, 0x1E, 0xAC, 0x1E, 0xAC, 0x1E, 0xAC, 0x1E, 0xAC, 0x1E,
    0xAC, 0x1E, 0xAC, 0x1E, 0xAC, 0x1E, 0xAC, 0x1E, 0xAC, 0x1E, 0xAC, 0x1E, 0xAC, 0x1E, 0xAC, 0x1E,
    0xAC, 0x1E, 0xAC, 0x1E, 0xAC, 0x1E, 0xAC, 0x1E, 0xAC, 0x1E, 0xAB, 0x1E, 0xCC, 0x1E, 0xEC, 0x1E,
    0xEC, 0x1E, 0xAB, 0x1E, 0xAB, 0x1E, 0xAB, 0x1E, 0xAB, 0x1E, 0xCC, 0x1E, 0xAC, 0x1E, 0xAB, 0x1E,
    0xAC, 0x1E, 0x0E, 0x1F, 0x00, 0x00, 0x00, 0x00, 0x00, 0x00, 0x00, 0x00, 0xEF, 0x03, 0xE7, 0x3D,
    0xE7, 0x3D, 0xEF, 0x03, 0x00, 0x00, 0x00, 0x00, 0x00, 0x00, 0x00, 0x00, 0xE6, 0x37, 0x8B, 0x1E,
    0xAB, 0x1E, 0xAB, 0x1E, 0xAB, 0x1E, 0xAC, 0x1E, 0xCC, 0x1E, 0xAC, 0x1E, 0xCB, 0x1E, 0xEC, 0x1E,
    0xEC, 0x1E, 0xCC, 0x1E, 0xAB, 0x1E, 0xAC, 0x1E, 0xAB, 0x1E, 0xAC, 0x1E, 0xAC, 0x1E, 0xAC, 0x1E,
    0xAC, 0x1E, 0xAC, 0x1E, 0xAC, 0x1E, 0xAC, 0x1E, 0xAC, 0x1E, 0xAC, 0x1E, 0xAC, 0x1E, 0xAC, 0x1E,
    0xAC, 0x1E, 0xAC, 0x1E, 0xAC, 0x1E, 0xAC, 0x1E, 0xAC, 0x1E, 0xAC, 0x1E, 0xAC, 0x1E, 0xAC, 0x1E,
    0xAC, 0x1E, 0xAC, 0x1E, 0xAC, 0x1E, 0xCC, 0x1E, 0xCC, 0x1E, 0xCC, 0x1E, 0xCC, 0x1E, 0xCC, 0x1E,
    0xCC, 0x1E, 0xCC, 0x1E, 0xCC, 0x1E, 0xEC, 0x1E, 0xEC, 0x1E, 0xEC, 0x1E, 0x0C, 0x1F, 0xEC, 0x1E,
    0xEC, 0x1E, 0xEC, 0x1E, 0xEC, 0x1E, 0xCC, 0x1E, 0xCC, 0x1E, 0xCC, 0x1E, 0xCC, 0x1E, 0xCC, 0x1E,
    0xCC, 0x1E, 0xCC, 0x1E, 0xCC, 0x1E, 0xCC, 0x1E, 0xCC, 0x1E, 0xAC, 0x1E, 0xAC, 0x1E, 0xAC, 0x1E,
    0xAB, 0x1E, 0xAB, 0x1E, 0xAC, 0x1E, 0xAC, 0x1E, 0xAC, 0x1E, 0xAC, 0x1E, 0xAC, 0x1E, 0xAC, 0x1E,
    0xAC, 0x1E, 0xAC, 0x1E, 0xAC, 0x1E, 0xAB, 0x1E, 0xAB, 0x1E, 0xAB, 0x1E, 0xAC, 0x1E, 0xAC, 0x1E,
    0xAC, 0x1E, 0xCC, 0x1E, 0xCC, 0x1E, 0xCC, 0x1E, 0xCC, 0x1E, 0xCC, 0x1E, 0xCC, 0x1E, 0xCC, 0x1E,
    0xCC, 0x1E, 0xCC, 0x1E, 0xCC, 0x1E, 0xEC, 0x1E, 0xEC, 0x1E, 0xEC, 0x1E, 0xEC, 0x1E, 0xEC, 0x1E,
    0xEC, 0x1E, 0xCC, 0x1E, 0xAC, 0x1E, 0xAC, 0x1E, 0xAC, 0x1E, 0xCC, 0x1E, 0xAC, 0x1E, 0xAC, 0x1E,
    0xAC, 0x1E, 0xAB, 0x1E, 0xAC, 0x1E, 0xAB, 0x1E, 0xAB, 0x1E, 0xAB, 0x1E, 0xAC, 0x1E, 0xCC, 0x1E,
    0xAC, 0x1E, 0xAC, 0x1E, 0x8B, 0x1E, 0xAB, 0x1E, 0xED, 0x16, 0xAC, 0x1E, 0x6C, 0x16, 0x6C, 0x1E,
    0xAA, 0x2E, 0x4A, 0x05, 0x00, 0x00, 0x00, 0x00, 0x00, 0x00, 0x00, 0x00, 0x00, 0x00, 0x00, 0x00,
    0x00, 0x00, 0xE0, 0xFF, 0xF5, 0x57, 0x8B, 0x16, 0x0B, 0x1F, 0xEC, 0x1E, 0xCC, 0x1E, 0xCC, 0x1E,
    0xAB, 0x1E, 0xAC, 0x1E, 0xAC, 0x1E, 0xCC, 0x1E, 0xEC, 0x1E, 0xCC, 0x1E, 0xAB, 0x1E, 0xAC, 0x1E,
    0xAC, 0x1E, 0xAC, 0x1E, 0xAC, 0x1E, 0xAC, 0x1E, 0xAC, 0x1E, 0xAC, 0x1E, 0xAC, 0x1E, 0xAC, 0x1E,
    0xAC, 0x1E, 0xAC, 0x1E, 0xAC, 0x1E, 0xAC, 0x1E, 0xAC, 0x1E, 0xAC, 0x1E, 0xAC, 0x1E, 0xAC, 0x1E,
    0xAC, 0x1E, 0xAC, 0x1E, 0xAC, 0x1E, 0xAC, 0x1E, 0xAC, 0x1E, 0xAC, 0x1E, 0xAC, 0x1E, 0xAC, 0x1E,
    0xAC, 0x1E, 0xAC, 0x1E, 0xAC, 0x1E, 0xAC, 0x1E, 0xAC, 0x1E, 0xAB, 0x1E, 0xCC, 0x1E, 0xEC, 0x1E,
    0xEC, 0x1E, 0xCB, 0x1E, 0xAB, 0x1E, 0xAB, 0x1E, 0xAB, 0x1E, 0xAC, 0x1E, 0xAB, 0x1E, 0xAB, 0x1E,
    0x8B, 0x1E, 0xEC, 0x37, 0x00, 0x00, 0x00, 0x00, 0x00, 0x00, 0x00, 0x00, 0xEF, 0x03, 0xE7, 0x3D,
    0x4A, 0x55, 0xEF, 0x03, 0x00, 0x00, 0x00, 0x00, 0x00, 0x00, 0x00, 0x00, 0xE0, 0x07, 0x0A, 0x1F,
    0x8B, 0x16, 0xAB, 0x1E, 0xAB, 0x1E, 0xAC, 0x1E, 0xCC, 0x1E, 0xAB, 0x1E, 0xAC, 0x1E, 0xCC, 0x1E,
    0xEC, 0x1E, 0xCC, 0x1E, 0xAB, 0x1E, 0xAC, 0x1E, 0xAB, 0x1E, 0xAC, 0x1E, 0xAC, 0x1E, 0xAC, 0x1E,
    0xAC, 0x1E, 0xAC, 0x1E, 0xAC, 0x1E, 0xAC, 0x1E, 0xAC, 0x1E, 0xAC, 0x1E, 0xAC, 0x1E, 0xAC, 0x1E,
    0xAC, 0x1E, 0xAC, 0x1E, 0xAC, 0x1E, 0xAC, 0x1E, 0xAC, 0x1E, 0xAC, 0x1E, 0xAC, 0x1E, 0xAC, 0x1E,
    0xAC, 0x1E, 0xAC, 0x1E, 0xCC, 0x1E, 0xCC, 0x1E, 0xEC, 0x1E, 0xEC, 0x1E, 0x0C, 0x1F, 0x0C, 0x27,
    0x0C, 0x1F, 0x0C, 0x27, 0x2C, 0x27, 0x2C, 0x27, 0x2C, 0x27, 0x2C, 0x27, 0x2C, 0x27, 0x2C, 0x27,
    0x2C, 0x27, 0x0C, 0x27, 0x0C, 0x1F, 0x0C, 0x1F, 0xEC, 0x1E, 0xEC, 0x1E, 0xEC, 0x1E, 0xEC, 0x1E,
    0xEC, 0x1E, 0xEC, 0x1E, 0xCC, 0x1E, 0xCC, 0x1E, 0xCC, 0x1E, 0xCC, 0x1E, 0xAC, 0x1E, 0xAC, 0x1E,
    0xAB, 0x1E, 0xAC, 0x1E, 0xAC, 0x1E, 0xAC, 0x1E, 0xAB, 0x1E, 0xAB, 0x1E, 0xAB, 0x1E, 0xAB, 0x1E,
    0xAB, 0x1E, 0xAB, 0x1E, 0xAC, 0x1E, 0xAC, 0x1E, 0xAB, 0x1E, 0xAB, 0x1E, 0xAC, 0x1E, 0xAC, 0x1E,
    0xCC, 0x1E, 0xCC, 0x1E, 0xCC, 0x1E, 0xCC, 0x1E, 0xEC, 0x1E, 0xEC, 0x1E, 0xEC, 0x1E, 0xEC, 0x1E,
    0xEC, 0x1E, 0xEC, 0x1E, 0xEC, 0x1E, 0x0C, 0x1F, 0x0C, 0x27, 0x2C, 0x27, 0x2C, 0x27, 0x2C, 0x27,
    0x2C, 0x27, 0x2C, 0x27, 0x0C, 0x27, 0xEC, 0x1E, 0xAC, 0x1E, 0xAB, 0x1E, 0xAC, 0x1E, 0xAC, 0x1E,
    0xAC, 0x1E, 0xAB, 0x1E, 0xAC, 0x1E, 0xAB, 0x1E, 0xAB, 0x1E, 0xAB, 0x1E, 0xAC, 0x1E, 0xCC, 0x1E,
    0xAC, 0x1E, 0xAC, 0x1E, 0xAC, 0x1E, 0xAC, 0x1E, 0xAC, 0x1E, 0xAB, 0x1E, 0x8B, 0x1E, 0xAB, 0x1E,
    0xAC, 0x1E, 0xEC, 0x07, 0x00, 0x00, 0x00, 0x00, 0x00, 0x00, 0x00, 0x00, 0x00, 0x00, 0x00, 0x00,
    0x00, 0x00, 0x00, 0x00, 0x00, 0x00, 0x00, 0x00, 0x2A, 0x1E, 0xEB, 0x16, 0xCB, 0x1E, 0xCB, 0x1E,
    0xAC, 0x1E, 0xAC, 0x1E, 0xAC, 0x1E, 0xCC, 0x1E, 0xEC, 0x1E, 0xCC, 0x1E, 0xAB, 0x1E, 0xAB, 0x1E,
    0xAC, 0x1E, 0xAC, 0x1E, 0xAC, 0x1E, 0xAC, 0x1E, 0xAC, 0x1E, 0xAC, 0x1E, 0xAC, 0x1E, 0xAC, 0x1E,
    0xAC, 0x1E, 0xAC, 0x1E, 0xAC, 0x1E, 0xAC, 0x1E, 0xAC, 0x1E, 0xAC, 0x1E, 0xAC, 0x1E, 0xAC, 0x1E,
    0xAC, 0x1E, 0xAC, 0x1E, 0xAC, 0x1E, 0xAC, 0x1E, 0xAC, 0x1E, 0xAC, 0x1E, 0xAC, 0x1E, 0xAC, 0x1E,
    0xAC, 0x1E, 0xAC, 0x1E, 0xAC, 0x1E, 0xAC, 0x1E, 0xAC, 0x1E, 0xAB, 0x1E, 0xCC, 0x1E, 0xEC, 0x1E,
    0xCC, 0x1E, 0xAB, 0x1E, 0xCB, 0x1E, 0xAB, 0x1E, 0xAB, 0x1E, 0xAC, 0x1E, 0xAB, 0x1E, 0x8B, 0x16,
    0x0A, 0x1F, 0xEF, 0x07, 0x00, 0x00, 0x00, 0x00, 0x00, 0x00, 0x00, 0x00, 0xEF, 0x03, 0x4A, 0x55,
    0xEF, 0x07, 0xE0, 0x07, 0x00, 0x00, 0x00, 0x00, 0x00, 0x00, 0x00, 0x00, 0xE0, 0x07, 0xE7, 0x05,
    0xAA, 0x16, 0xCB, 0x1E, 0xAB, 0x1E, 0xAC, 0x26, 0xAC, 0x1E, 0xCC, 0x1E, 0xAB, 0x1E, 0xCC, 0x1E,
    0xCC, 0x1E, 0xCC, 0x1E, 0xAB, 0x1E, 0xAC, 0x1E, 0xAC, 0x1E, 0xCC, 0x1E, 0xAC, 0x1E, 0xAB, 0x1E,
    0xAC, 0x1E, 0xAC, 0x1E, 0xAC, 0x1E, 0xAC, 0x1E, 0xAC, 0x1E, 0xAC, 0x1E, 0xAC, 0x1E, 0xAC, 0x1E,
    0xAC, 0x1E, 0xAC, 0x1E, 0xAC, 0x1E, 0xAC, 0x1E, 0xAC, 0x1E, 0xAC, 0x1E, 0xAC, 0x1E, 0xAC, 0x1E,
    0xAC, 0x1E, 0xAC, 0x1E, 0xAC, 0x1E, 0xCC, 0x1E, 0xCC, 0x1E, 0xEC, 0x1E, 0xEC, 0x1E, 0x0C, 0x1F,
    0x0C, 0x1F, 0x0C, 0x1F, 0x0C, 0x27, 0x0C, 0x27, 0x2C, 0x27, 0x2C, 0x27, 0x2C, 0x27, 0x0C, 0x27,
    0x0C, 0x1F, 0x0C, 0x1F, 0xEC, 0x1E, 0xEC, 0x1E, 0xEC, 0x1E, 0xEC, 0x1E, 0xEC, 0x1E, 0xEC, 0x1E,
    0xEC, 0x1E, 0xEC, 0x1E, 0xCC, 0x1E, 0xCC, 0x1E, 0xCC, 0x1E, 0xCC, 0x1E, 0xCC, 0x1E, 0xCC, 0x1E,
    0xAC, 0x1E, 0xAC, 0x1E, 0xAC, 0x1E, 0xAC, 0x1E, 0xAB, 0x1E, 0xAB, 0x1E, 0xAB, 0x1E, 0xAB, 0x1E,
    0xAB, 0x1E, 0xAB, 0x1E, 0xAC, 0x1E, 0xAC, 0x1E, 0xAC, 0x1E, 0xAC, 0x1E, 0xCC, 0x1E, 0xCC, 0x1E,
    0xCC, 0x1E, 0xCC, 0x1E, 0xCC, 0x1E, 0xCC, 0x1E, 0xEC, 0x1E, 0xEC, 0x1E, 0xEC, 0x1E, 0xEC, 0x1E,
    0xEC, 0x1E, 0xEC, 0x1E, 0xEC, 0x1E, 0xEC, 0x1E, 0x0C, 0x1F, 0x0C, 0x1F, 0x0C, 0x27, 0x0C, 0x27,
    0x0C, 0x27, 0x0C, 0x27, 0x0C, 0x27, 0xEC, 0x1E, 0xCC, 0x1E, 0xAC, 0x1E, 0xAB, 0x1E, 0xAC, 0x1E,
    0xAC, 0x1E, 0xAB, 0x1E, 0xAB, 0x1E, 0xAB, 0x1E, 0xAC, 0x1E, 0xAB, 0x1E, 0xAB, 0x1E, 0xAC, 0x1E,
    0xAC, 0x1E, 0xAB, 0x1E, 0xAC, 0x1E, 0xAC, 0x1E, 0xAB, 0x1E, 0xAB, 0x1E, 0xAC, 0x1E, 0xCB, 0x1E,
    0xCC, 0x1E, 0xAA, 0x16, 0x00, 0x00, 0x00, 0x00, 0x00, 0x00, 0x00, 0x00, 0x00, 0x00, 0x00, 0x00,
    0x00, 0x00, 0x00, 0x00, 0x00, 0x00, 0x00, 0x00, 0x6C, 0x36, 0x2B, 0x17, 0xAC, 0x1E, 0xCB, 0x1E,
    0xAC, 0x1E, 0xAC, 0x1E, 0xCC, 0x1E, 0xCC, 0x1E, 0xEC, 0x1E, 0xCC, 0x1E, 0xAB, 0x1E, 0xAB, 0x1E,
    0xAC, 0x1E, 0xCC, 0x1E, 0xAC, 0x1E, 0xAC, 0x1E, 0xAC, 0x1E, 0xAC, 0x1E, 0xAC, 0x1E, 0xAC, 0x1E,
    0xAC, 0x1E, 0xAC, 0x1E, 0xAC, 0x1E, 0xAC, 0x1E, 0xAC, 0x1E, 0xAC, 0x1E, 0xAC, 0x1E, 0xAC, 0x1E,
    0xAC, 0x1E, 0xAC, 0x1E, 0xAC, 0x1E, 0xAC, 0x1E, 0xAC, 0x1E, 0xAC, 0x1E, 0xAC, 0x1E, 0xAC, 0x1E,
    0xAB, 0x1E, 0xAC, 0x1E, 0xAC, 0x1E, 0xAC, 0x1E, 0xAC, 0x1E, 0xAC, 0x1E, 0xCC, 0x1E, 0xCC, 0x1E,
    0xCC, 0x1E, 0xAC, 0x1E, 0xAC, 0x1E, 0xAB, 0x1E, 0xAC, 0x1E, 0xAB, 0x1E, 0x8B, 0x1E, 0x88, 0x16,
    0xE7, 0x05, 0xE0, 0x07, 0x00, 0x00, 0x00, 0x00, 0x00, 0x00, 0x00, 0x00, 0xE0, 0x07, 0xEF, 0x07,
    0xFF, 0x07, 0xE0, 0x07, 0x00, 0x00, 0x00, 0x00, 0xE0, 0x07, 0xE0, 0x07, 0x00, 0x00, 0xE0, 0x07,
    0xEF, 0x07, 0x8B, 0x16, 0x8C, 0x26, 0xAC, 0x26, 0xCC, 0x1E, 0xAB, 0x1E, 0xAC, 0x1E, 0xAC, 0x1E,
    0xAC, 0x1E, 0xCC, 0x1E, 0xAC, 0x1E, 0xAC, 0x1E, 0xCC, 0x1E, 0xCC, 0x1E, 0xAC, 0x1E, 0xAB, 0x1E,
    0xAC, 0x1E, 0xAC, 0x1E, 0xAC, 0x1E, 0xAC, 0x1E, 0xAC, 0x1E, 0xAC, 0x1E, 0xAC, 0x1E, 0xAC, 0x1E,
    0xAC, 0x1E, 0xAC, 0x1E, 0xAC, 0x1E, 0xAC, 0x1E, 0xAC, 0x1E, 0xAC, 0x1E, 0xAC, 0x1E, 0xAC, 0x1E,
    0xAC, 0x1E, 0xAC, 0x1E, 0xAC, 0x1E, 0xCC, 0x1E, 0xCC, 0x1E, 0xCC, 0x1E, 0xCC, 0x1E, 0xCC, 0x1E,
    0xCC, 0x1E, 0xCC, 0x1E, 0xCC, 0x1E, 0xCC, 0x1E, 0xCC, 0x1E, 0xCC, 0x1E, 0xCC, 0x1E, 0xCC, 0x1E,
    0xCC, 0x1E, 0xCC, 0x1E, 0xCC, 0x1E, 0xCC, 0x1E, 0xCC, 0x1E, 0xCC, 0x1E, 0xCC, 0x1E, 0xCC, 0x1E,
    0xCC, 0x1E, 0xCC, 0x1E, 0xCC, 0x1E, 0xCC, 0x1E, 0xCC, 0x1E, 0xCC, 0x1E, 0xCC, 0x1E, 0xCC, 0x1E,
    0xCC, 0x1E, 0xAC, 0x1E, 0xAC, 0x1E, 0xAC, 0x1E, 0xAC, 0x1E, 0xAC, 0x1E, 0xAC, 0x1E, 0xAC, 0x1E,
    0xAC, 0x1E, 0xAC, 0x1E, 0xAC, 0x1E, 0xAC, 0x1E, 0xAC, 0x1E, 0xCC, 0x1E, 0xCC, 0x1E, 0xCC, 0x1E,
    0xCC, 0x1E, 0xCC, 0x1E, 0xCC, 0x1E, 0xCC, 0x1E, 0xCC, 0x1E, 0xCC, 0x1E, 0xCC, 0x1E, 0xCC, 0x1E,
    0xCC, 0x1E, 0xCC, 0x1E, 0xCC, 0x1E, 0xCC, 0x1E, 0xCC, 0x1E, 0xCC, 0x1E, 0xCC, 0x1E, 0xCC, 0x1E,
    0xCC, 0x1E, 0xCC, 0x1E, 0xCC, 0x1E, 0xCC, 0x1E, 0xCC, 0x1E, 0xCC, 0x1E, 0xAC, 0x1E, 0xAC, 0x1E,
    0xAC, 0x1E, 0xAB, 0x1E, 0xAB, 0x1E, 0xAB, 0x1E, 0xAB, 0x1E, 0xAC, 0x1E, 0xAB, 0x1E, 0xAC, 0x1E,
    0xAC, 0x1E, 0xAB, 0x1E, 0xAC, 0x1E, 0xAB, 0x1E, 0xAB, 0x1E, 0xAB, 0x1E, 0xAC, 0x1E, 0xAB, 0x1E,
    0xCC, 0x1E, 0xEB, 0x1E, 0x2B, 0x17, 0x00, 0x00, 0x00, 0x00, 0x00, 0x00, 0x00, 0x00, 0x00, 0x00,
    0xE0, 0x7B, 0xE0, 0x03, 0x00, 0x00, 0xEF, 0x03, 0xEA, 0x07, 0xE7, 0x05, 0x0C, 0x17, 0xAB, 0x1E,
    0xAC, 0x1E, 0xAC, 0x1E, 0xCC, 0x1E, 0xAC, 0x1E, 0xCC, 0x1E, 0xCC, 0x1E, 0xAB, 0x1E, 0xAB, 0x1E,
    0xAC, 0x1E, 0xCC, 0x1E, 0xAC, 0x1E, 0xAC, 0x1E, 0xAC, 0x1E, 0xAC, 0x1E, 0xAC, 0x1E, 0xAC, 0x1E,
    0xAC, 0x1E, 0xAC, 0x1E, 0xAC, 0x1E, 0xAC, 0x1E, 0xAC, 0x1E, 0xAC, 0x1E, 0xAC, 0x1E, 0xAC, 0x1E,
    0xAC, 0x1E, 0xAC, 0x1E, 0xAC, 0x1E, 0xAC, 0x1E, 0xAC, 0x1E, 0xAC, 0x1E, 0xAC, 0x1E, 0xAC, 0x1E,
    0xAB, 0x1E, 0xAC, 0x1E, 0xCC, 0x1E, 0xCC, 0x1E, 0xAC, 0x1E, 0xAC, 0x1E, 0xCC, 0x1E, 0xAC, 0x1E,
    0xAC, 0x1E, 0xAC, 0x1E, 0xAC, 0x1E, 0xAC, 0x1E, 0xAC, 0x1E, 0x8B, 0x1E, 0x8A, 0x16, 0xE7, 0x05,
    0xE0, 0x07, 0x00, 0x00, 0xFF, 0x07, 0xFF, 0x07, 0x00, 0x00, 0x00, 0x00, 0xE0, 0x07, 0xFF, 0x07,
    0xFF, 0x07, 0xE0, 0x07, 0x00, 0x00, 0x00, 0x00, 0xE0, 0x07, 0xE0, 0x07, 0x00, 0x00, 0x00, 0x00,
    0x00, 0x00, 0xCD, 0x26, 0x8C, 0x1E, 0xAC, 0x1E, 0xAC, 0x1E, 0xAB, 0x1E, 0xAC, 0x1E, 0xAB, 0x1E,
    0xAC, 0x1E, 0xAC, 0x1E, 0xAC, 0x1E, 0xCC, 0x1E, 0xCC, 0x1E, 0xCC, 0x1E, 0xAC, 0x1E, 0xAB, 0x1E,
    0xAC, 0x1E, 0xAC, 0x1E, 0xAC, 0x1E, 0xAC, 0x1E, 0xAC, 0x1E, 0xAC, 0x1E, 0xAC, 0x1E, 0xAC, 0x1E,
    0xAC, 0x1E, 0xAC, 0x1E, 0xAC, 0x1E, 0xAC, 0x1E, 0xAC, 0x1E, 0xAC, 0x1E, 0xAC, 0x1E, 0xAC, 0x1E,
    0xAC, 0x1E, 0xAC, 0x1E, 0xAC, 0x1E, 0xAC, 0x1E, 0xAC, 0x1E, 0xAB, 0x1E, 0xAC, 0x1E, 0xAC, 0x1E,
    0xAC, 0x1E, 0xAC, 0x1E, 0xAC, 0x1E, 0xAC, 0x1E, 0xAC, 0x1E, 0xAC, 0x1E, 0xAC, 0x1E, 0xAC, 0x1E,
    0xAC, 0x1E, 0xAC, 0x1E, 0xAC, 0x1E, 0xAB, 0x1E, 0xAB, 0x1E, 0xAB, 0x1E, 0xAB, 0x1E, 0xAB, 0x1E,
    0xAB, 0x1E, 0xAB, 0x1E, 0xAB, 0x1E, 0xAB, 0x1E, 0xAB, 0x1E, 0xAC, 0x1E, 0xAC, 0x1E, 0xAC, 0x1E,
    0xAC, 0x1E, 0xAC, 0x1E, 0xAC, 0x1E, 0xAC, 0x1E, 0xAC, 0x1E, 0xAC, 0x1E, 0xAC, 0x1E, 0xAC, 0x1E,
    0xAC, 0x1E, 0xAC, 0x1E, 0xAC, 0x1E, 0xAC, 0x1E, 0xAC, 0x1E, 0xAC, 0x1E, 0xAC, 0x1E, 0xAC, 0x1E,
    0xAC, 0x1E, 0xAB, 0x1E, 0xAB, 0x1E, 0xAB, 0x1E, 0xAB, 0x1E, 0xAB, 0x1E, 0xAB, 0x1E, 0xAB, 0x1E,
    0xAB, 0x1E, 0xAB, 0x1E, 0xAB, 0x1E, 0xAC, 0x1E, 0xAC, 0x1E, 0xAC, 0x1E, 0xAC, 0x1E, 0xAC, 0x1E,
    0xAC, 0x1E, 0xAC, 0x1E, 0xAC, 0x1E, 0xAB, 0x1E, 0xAB, 0x1E, 0xAC, 0x1E, 0xAC, 0x1E, 0xCC, 0x1E,
    0xCC, 0x1E, 0xCC, 0x1E, 0xCC, 0x1E, 0xCC, 0x1E, 0xCC, 0x1E, 0xAC, 0x1E, 0xAC, 0x1E, 0xAB, 0x1E,
    0xAB, 0x1E, 0xAB, 0x1E, 0xAC, 0x1E, 0xAC, 0x1E, 0xAC, 0x1E, 0xAB, 0x1E, 0xAB, 0x1E, 0xAB, 0x1E,
    0xAB, 0x1E, 0xAB, 0x1E, 0xEB, 0x1E, 0xEB, 0x1E, 0xCC, 0x1E, 0x2A, 0x1E, 0x6A, 0x16, 0xAC, 0x16,
    0x69, 0x1E, 0xE7, 0x05, 0x00, 0x00, 0x00, 0x00, 0x00, 0x00, 0x00, 0x00, 0x0D, 0x1F, 0xCB, 0x1E,
    0xAB, 0x1E, 0xCC, 0x1E, 0xCC, 0x1E, 0xAC, 0x1E, 0xCC, 0x1E, 0xCC, 0x1E, 0xAB, 0x1E, 0xAB, 0x1E,
    0xAC, 0x1E, 0xCC, 0x1E, 0xAC, 0x1E, 0xAC, 0x1E, 0xAC, 0x1E, 0xAC, 0x1E, 0xAC, 0x1E, 0xAC, 0x1E,
    0xAC, 0x1E, 0xAC, 0x1E, 0xAC, 0x1E, 0xAC, 0x1E, 0xAC, 0x1E, 0xAC, 0x1E, 0xAC, 0x1E, 0xAC, 0x1E,
    0xAC, 0x1E, 0xAC, 0x1E, 0xAC, 0x1E, 0xAC, 0x1E, 0xAC, 0x1E, 0xAC, 0x1E, 0xAC, 0x1E, 0xAC, 0x1E,
    0xAB, 0x1E, 0xAC, 0x1E, 0xCC, 0x1E, 0xCC, 0x1E, 0xCC, 0x1E, 0xAC, 0x1E, 0xAC, 0x1E, 0xAC, 0x1E,
    0xAC, 0x1E, 0xCC, 0x1E, 0xCC, 0x1E, 0xCC, 0x1E, 0xCC, 0x1E, 0x8B, 0x1E, 0xCB, 0x26, 0x00, 0x00,
    0x00, 0x00, 0x00, 0x00, 0xFF, 0x07, 0xFF, 0x07, 0x00, 0x00, 0x00, 0x00, 0xE0, 0x07, 0xFF, 0x07,
    0x00, 0x00, 0xE0, 0x07, 0x00, 0x00, 0x00, 0x00, 0xE0, 0x07, 0xEF, 0x07, 0x00, 0x00, 0x00, 0x00,
    0x00, 0x00, 0xCD, 0x26, 0xAB, 0x26, 0xAC, 0x1E, 0xAC, 0x1E, 0xAB, 0x1E, 0xAC, 0x1E, 0xAB, 0x1E,
    0xAC, 0x1E, 0xAB, 0x1E, 0xAC, 0x1E, 0xCC, 0x1E, 0xCC, 0x1E, 0xCC, 0x1E, 0xAC, 0x1E, 0xAC, 0x1E,
    0xAC, 0x1E, 0xAC, 0x1E, 0xAC, 0x1E, 0xAC, 0x1E, 0xAC, 0x1E, 0xAC, 0x1E, 0xAC, 0x1E, 0xAC, 0x1E,
    0xAC, 0x1E, 0xAC, 0x1E, 0xAC, 0x1E, 0xAC, 0x1E, 0xAC, 0x1E, 0xAC, 0x1E, 0xAC, 0x1E, 0xAC, 0x1E,
    0xAC, 0x1E, 0xAC, 0x1E, 0xAC, 0x1E, 0xAC, 0x1E, 0xAB, 0x1E, 0xAC, 0x1E, 0xAC, 0x1E, 0xAB, 0x1E,
    0xAB, 0x1E, 0xAB, 0x1E, 0xAB, 0x1E, 0xAB, 0x1E, 0xAB, 0x1E, 0xAB, 0x1E, 0xAB, 0x1E, 0xAB, 0x1E,
    0xAB, 0x1E, 0xAB, 0x1E, 0xAC, 0x1E, 0xAC, 0x1E, 0xAC, 0x1E, 0xAC, 0x1E, 0xAC, 0x1E, 0xAC, 0x1E,
    0xAC, 0x1E, 0xAC, 0x1E, 0xAC, 0x1E, 0xAB, 0x1E, 0xAB, 0x1E, 0xAB, 0x1E, 0xAB, 0x1E, 0xAC, 0x1E,
    0xAC, 0x1E, 0xAC, 0x1E, 0xAC, 0x1E, 0xAC, 0x1E, 0xAC, 0x1E, 0xAC, 0x1E, 0xAC, 0x1E, 0xAC, 0x1E,
    0xAC, 0x1E, 0xAC, 0x1E, 0xAC, 0x1E, 0xAC, 0x1E, 0xAC, 0x1E, 0xAC, 0x1E, 0xAC, 0x1E, 0xAB, 0x1E,
    0xAB, 0x1E, 0xAB, 0x1E, 0xAB, 0x1E, 0xAC, 0x1E, 0xAC, 0x1E, 0xAC, 0x1E, 0xAC, 0x1E, 0xAC, 0x1E,
    0xAC, 0x1E, 0xAC, 0x1E, 0xAC, 0x1E, 0xAC, 0x1E, 0xAB, 0x1E, 0xAB, 0x1E, 0xAB, 0x1E, 0xAB, 0x1E,
    0xAB, 0x1E, 0xAB, 0x1E, 0xAB, 0x1E, 0xAC, 0x1E, 0xAB, 0x1E, 0xAC, 0x1E, 0xCC, 0x1E, 0xCC, 0x1E,
    0xCC, 0x1E, 0xEC, 0x1E, 0xEC, 0x1E, 0xEC, 0x1E, 0xEC, 0x1E, 0xEC, 0x1E, 0xEC, 0x1E, 0xCC, 0x1E,
    0xAB, 0x1E, 0xAB, 0x1E, 0xAB, 0x1E, 0xAC, 0x1E, 0xAC, 0x1E, 0xAB, 0x1E, 0xAB, 0x1E, 0xAB, 0x1E,
    0xAC, 0x1E, 0xAB, 0x1E, 0xCB, 0x26, 0xCB, 0x1E, 0xCC, 0x1E, 0xAB, 0x1E, 0x8C, 0x1E, 0x6B, 0x16,
    0x8B, 0x1E, 0xEF, 0x07, 0x00, 0x00, 0x00, 0x00, 0x00, 0x00, 0x00, 0x00, 0x4C, 0x17, 0xAC, 0x1E,
    0xAB, 0x1E, 0xCC, 0x1E, 0xAC, 0x1E, 0xCC, 0x1E, 0xEC, 0x1E, 0xCC, 0x1E, 0xAB, 0x1E, 0xAB, 0x1E,
    0xAC, 0x1E, 0xCC, 0x1E, 0xAC, 0x1E, 0xAC, 0x1E, 0xAC, 0x1E, 0xAC, 0x1E, 0xAC, 0x1E, 0xAC, 0x1E,
    0xAC, 0x1E, 0xAC, 0x1E, 0xAC, 0x1E, 0xAC, 0x1E, 0xAC, 0x1E, 0xAC, 0x1E, 0xAC, 0x1E, 0xAC, 0x1E,
    0xAC, 0x1E, 0xAC, 0x1E, 0xAC, 0x1E, 0xAC, 0x1E, 0xAC, 0x1E, 0xAC, 0x1E, 0xAC, 0x1E, 0xAC, 0x1E,
    0xAC, 0x1E, 0xAC, 0x1E, 0xCC, 0x1E, 0xCC, 0x1E, 0xCC, 0x1E, 0xAC, 0x1E, 0xAB, 0x1E, 0xAB, 0x1E,
    0xAC, 0x1E, 0xAC, 0x1E, 0xCC, 0x1E, 0xCB, 0x1E, 0xCC, 0x1E, 0x8C, 0x1E, 0xC9, 0x26, 0x00, 0x00,
    0x00, 0x00, 0x00, 0x00, 0xEF, 0x07, 0xEF, 0x07, 0x00, 0x00, 0x00, 0x00, 0xE0, 0x07, 0x00, 0x00,
    0x00, 0x00, 0x00, 0x00, 0x00, 0x00, 0xE0, 0x07, 0x4A, 0x05, 0xEF, 0x07, 0x00, 0x00, 0x00, 0x00,
    0x00, 0x00, 0xEF, 0x07, 0xAB, 0x1E, 0xCC, 0x1E, 0xCC, 0x26, 0xAC, 0x1E, 0xAC, 0x1E, 0xAC, 0x1E,
    0xAC, 0x1E, 0xCB, 0x1E, 0xAC, 0x1E, 0xCC, 0x1E, 0xCC, 0x1E, 0xCC, 0x1E, 0xAB, 0x1E, 0xAC, 0x1E,
    0xAC, 0x1E, 0xAC, 0x1E, 0xAC, 0x1E, 0xAC, 0x1E, 0xAC, 0x1E, 0xAC, 0x1E, 0xAC, 0x1E, 0xAC, 0x1E,
    0xAC, 0x1E, 0xAC, 0x1E, 0xAC, 0x1E, 0xAC, 0x1E, 0xAC, 0x1E, 0xAC, 0x1E, 0xAC, 0x1E, 0xAC, 0x1E,
    0xAC, 0x1E, 0xAC, 0x1E, 0xAC, 0x1E, 0xAC, 0x1E, 0xAC, 0x1E, 0xAB, 0x1E, 0xAB, 0x1E, 0xAB, 0x1E,
    0xAB, 0x1E, 0xAB, 0x1E, 0xAB, 0x1E, 0xAB, 0x1E, 0xAC, 0x1E, 0xAC, 0x1E, 0xAC, 0x1E, 0xAC, 0x1E,
    0xAB, 0x1E, 0xAB, 0x1E, 0xAB, 0x1E, 0xAB, 0x1E, 0xAB, 0x1E, 0xAB, 0x1E, 0xAB, 0x1E, 0xAB, 0x1E,
    0xAB, 0x1E, 0xAB, 0x1E, 0xAC, 0x1E, 0xAC, 0x1E, 0xAC, 0x1E, 0xAC, 0x1E, 0xAC, 0x1E, 0xAC, 0x1E,
    0xAC, 0x1E, 0xAC, 0x1E, 0xAC, 0x1E, 0xAC, 0x1E, 0xAC, 0x1E, 0xAC, 0x1E, 0xAC, 0x1E, 0xAC, 0x1E,
    0xAC, 0x1E, 0xAC, 0x1E, 0xAC, 0x1E, 0xAC, 0x1E, 0xAC, 0x1E, 0xAC, 0x1E, 0xAC, 0x1E, 0xAC, 0x1E,
    0xAC, 0x1E, 0xAC, 0x1E, 0xAC, 0x1E, 0xAB, 0x1E, 0xAB, 0x1E, 0xAB, 0x1E, 0xAB, 0x1E, 0xAB, 0x1E,
    0xAB, 0x1E, 0xAB, 0x1E, 0xAB, 0x1E, 0xAB, 0x1E, 0xAB, 0x1E, 0xAB, 0x1E, 0xAC, 0x1E, 0xAC, 0x1E,
    0xAC, 0x1E, 0xAB, 0x1E, 0xAB, 0x1E, 0xAC, 0x1E, 0xAC, 0x1E, 0xCC, 0x1E, 0xCC, 0x1E, 0xCC, 0x1E,
    0xCC, 0x1E, 0xEC, 0x1E, 0xEC, 0x1E, 0xEC, 0x1E, 0xEC, 0x1E, 0xEC, 0x1E, 0xEC, 0x1E, 0xEC, 0x1E,
    0xCC, 0x1E, 0xCC, 0x1E, 0xAC, 0x1E, 0xAC, 0x1E, 0xAC, 0x1E, 0xAB, 0x1E, 0xAB, 0x1E, 0xAB, 0x1E,
    0xAB, 0x1E, 0xAB, 0x1E, 0xAB, 0x1E, 0xAB, 0x1E, 0xAC, 0x1E, 0xAB, 0x1E, 0xAB, 0x1E, 0x8C, 0x1E,
    0x6B, 0x1E, 0xAA, 0x06, 0x00, 0x00, 0x00, 0x00, 0x00, 0x00, 0x00, 0x00, 0xCC, 0x1E, 0xCC, 0x1E,
    0xAC, 0x1E, 0xCB, 0x1E, 0xCC, 0x1E, 0xCC, 0x1E, 0xEC, 0x1E, 0xCC, 0x1E, 0xAB, 0x1E, 0xAB, 0x1E,
    0xAC, 0x1E, 0xAC, 0x1E, 0xAC, 0x1E, 0xAC, 0x1E, 0xAC, 0x1E, 0xAC, 0x1E, 0xAC, 0x1E, 0xAC, 0x1E,
    0xAC, 0x1E, 0xAC, 0x1E, 0xAC, 0x1E, 0xAC, 0x1E, 0xAC, 0x1E, 0xAC, 0x1E, 0xAC, 0x1E, 0xAC, 0x1E,
    0xAC, 0x1E, 0xAC, 0x1E, 0xAC, 0x1E, 0xAC, 0x1E, 0xAC, 0x1E, 0xAC, 0x1E, 0xAC, 0x1E, 0xAC, 0x1E,
    0xAC, 0x1E, 0xAB, 0x1E, 0xCC, 0x1E, 0xCC, 0x1E, 0xCC, 0x1E, 0xAC, 0x1E, 0xAB, 0x1E, 0xAB, 0x1E,
    0xAC, 0x1E, 0xCC, 0x1E, 0xCB, 0x1E, 0xCB, 0x1E, 0xEC, 0x1E, 0xAB, 0x1E, 0xEF, 0x07, 0x00, 0x00,
    0x00, 0x00, 0x00, 0x00, 0xEF, 0x07, 0x4A, 0x05, 0xE0, 0x07, 0x00, 0x00, 0x00, 0x00, 0x00, 0x00,
    0x00, 0x00, 0x00, 0x00, 0x00, 0x00, 0xE0, 0x07, 0x4A, 0x05, 0xEF, 0x07, 0x00, 0x00, 0x00, 0x00,
    0x00, 0x00, 0x00, 0x00, 0x2B, 0x17, 0xCB, 0x1E, 0xCC, 0x1E, 0xAC, 0x1E, 0xAC, 0x1E, 0xAC, 0x1E,
    0xAC, 0x1E, 0xAC, 0x1E, 0xAC, 0x1E, 0xCC, 0x1E, 0xCC, 0x1E, 0xCC, 0x1E, 0xAB, 0x1E, 0xAC, 0x1E,
    0xAC, 0x1E, 0xAC, 0x1E, 0xAC, 0x1E, 0xAC, 0x1E, 0xAC, 0x1E, 0xAC, 0x1E, 0xAC, 0x1E, 0xAC, 0x1E,
    0xAC, 0x1E, 0xAC, 0x1E, 0xAC, 0x1E, 0xAC, 0x1E, 0xAC, 0x1E, 0xAC, 0x1E, 0xAC, 0x1E, 0xAC, 0x1E,
    0xAC, 0x1E, 0xAC, 0x1E, 0xAC, 0x1E, 0xAC, 0x1E, 0xAC, 0x1E, 0xAC, 0x1E, 0xAC, 0x1E, 0xAC, 0x1E,
    0xAC, 0x1E, 0xAC, 0x1E, 0xAC, 0x1E, 0xAC, 0x1E, 0xAC, 0x1E, 0xAC, 0x1E, 0xAC, 0x1E, 0xAC, 0x1E,
    0xAC, 0x1E, 0xAC, 0x1E, 0xAC, 0x1E, 0xAC, 0x1E, 0xAC, 0x1E, 0xAC, 0x1E, 0xAC, 0x1E, 0xAC, 0x1E,
    0xAC, 0x1E, 0xAC, 0x1E, 0xAC, 0x1E, 0xAC, 0x1E, 0xAC, 0x1E, 0xAC, 0x1E, 0xAC, 0x1E, 0xAC, 0x1E,
    0xAC, 0x1E, 0xAC, 0x1E, 0xAC, 0x1E, 0xAC, 0x1E, 0xAC, 0x1E, 0xAC, 0x1E, 0xAC, 0x1E, 0xAC, 0x1E,
    0xAC, 0x1E, 0xAC, 0x1E, 0xAC, 0x1E, 0xAC, 0x1E, 0xAC, 0x1E, 0xAC, 0x1E, 0xAC, 0x1E, 0xAC, 0x1E,
    0xAC, 0x1E, 0xAC, 0x1E, 0xAC, 0x1E, 0xAC, 0x1E, 0xAC, 0x1E, 0xAC, 0x1E, 0xAC, 0x1E, 0xAC, 0x1E,
    0xAC, 0x1E, 0xAC, 0x1E, 0xAC, 0x1E, 0xAC, 0x1E, 0xAC, 0x1E, 0xAC, 0x1E, 0xAC, 0x1E, 0xAC, 0x1E,
    0xAC, 0x1E, 0xAC, 0x1E, 0xAC, 0x1E, 0xAC, 0x1E, 0xCC, 0x1E, 0xCC, 0x1E, 0xCC, 0x1E, 0xCC, 0x1E,
    0xCC, 0x1E, 0xCC, 0x1E, 0xCC, 0x1E, 0xCC, 0x1E, 0xCC, 0x1E, 0xCC, 0x1E, 0xCC, 0x1E, 0xCC, 0x1E,
    0xCC, 0x1E, 0xCC, 0x1E, 0xCC, 0x1E, 0xAC, 0x1E, 0xAC, 0x1E, 0xAB, 0x1E, 0xAC, 0x1E, 0xAB, 0x1E,
    0xAC, 0x1E, 0xAB, 0x1E, 0xCB, 0x1E, 0xAB, 0x1E, 0xAB, 0x1E, 0xCB, 0x1E, 0xAC, 0x1E, 0xAC, 0x1E,
    0x8B, 0x1E, 0xAC, 0x1E, 0xFF, 0x07, 0x00, 0x00, 0x00, 0x00, 0xCD, 0x26, 0xEC, 0x1E, 0xAC, 0x1E,
    0xAB, 0x1E, 0xAC, 0x1E, 0xAC, 0x1E, 0xCC, 0x1E, 0xEC, 0x1E, 0xCC, 0x1E, 0xAB, 0x1E, 0xAC, 0x1E,
    0xAC, 0x1E, 0xAC, 0x1E, 0xAC, 0x1E, 0xAC, 0x1E, 0xAC, 0x1E, 0xAC, 0x1E, 0xAC, 0x1E, 0xAC, 0x1E,
    0xAC, 0x1E, 0xAC, 0x1E, 0xAC, 0x1E, 0xAC, 0x1E, 0xAC, 0x1E, 0xAC, 0x1E, 0xAC, 0x1E, 0xAC, 0x1E,
    0xAC, 0x1E, 0xAC, 0x1E, 0xAC, 0x1E, 0xAC, 0x1E, 0xAC, 0x1E, 0xAC, 0x1E, 0xAC, 0x1E, 0xAC, 0x1E,
    0xAC, 0x1E, 0xAB, 0x1E, 0xCC, 0x1E, 0xCC, 0x1E, 0xCC, 0x1E, 0xAB, 0x1E, 0xAB, 0x1E, 0xCB, 0x1E,
    0xCC, 0x1E, 0xCC, 0x1E, 0xCC, 0x1E, 0xEC, 0x1E, 0x2C, 0x1F, 0x2B, 0x17, 0x00, 0x00, 0x00, 0x00,
    0x00, 0x00, 0x00, 0x00, 0xEF, 0x07, 0x4A, 0x05, 0xE0, 0x07, 0x00, 0x00, 0x00, 0x00, 0x00, 0x00,
    0x00, 0x00, 0x00, 0x00, 0x00, 0x00, 0xE0, 0x07, 0x4A, 0x05, 0xEF, 0x07, 0x00, 0x00, 0x00, 0x00,
    0xE0, 0x07, 0x00, 0x00, 0xC9, 0x26, 0xEB, 0x16, 0xAB, 0x1E, 0xAB, 0x1E, 0xAB, 0x1E, 0xAC, 0x1E,
    0xAC, 0x1E, 0xAC, 0x1E, 0xAC, 0x1E, 0xEC, 0x1E, 0xEC, 0x1E, 0xCC, 0x1E, 0xAB, 0x1E, 0xAC, 0x1E,
    0xAC, 0x1E, 0xAC, 0x1E, 0xAC, 0x1E, 0xAC, 0x1E, 0xAC, 0x1E, 0xAC, 0x1E, 0xAC, 0x1E, 0xAC, 0x1E,
    0xAC, 0x1E, 0xAC, 0x1E, 0xAC, 0x1E, 0xAC, 0x1E, 0xAC, 0x1E, 0xAC, 0x1E, 0xAC, 0x1E, 0xAC, 0x1E,
    0xAC, 0x1E, 0xAC, 0x1E, 0xAC, 0x1E, 0xAC, 0x1E, 0xAC, 0x1E, 0xAC, 0x1E, 0xAC, 0x1E, 0xAC, 0x1E,
    0xAC, 0x1E, 0xAC, 0x1E, 0xAC, 0x1E, 0xAC, 0x1E, 0xAC, 0x1E, 0xAC, 0x1E, 0xAC, 0x1E, 0xAC, 0x1E,
    0xAC, 0x1E, 0xAC, 0x1E, 0xAC, 0x1E, 0xAC, 0x1E, 0xAC, 0x1E, 0xAC, 0x1E, 0xAC, 0x1E, 0xAC, 0x1E,
    0xAC, 0x1E, 0xAC, 0x1E, 0xAC, 0x1E, 0xAC, 0x1E, 0xAC, 0x1E, 0xAC, 0x1E, 0xAC, 0x1E, 0xAC, 0x1E,
    0xAC, 0x1E, 0xAC, 0x1E, 0xAC, 0x1E, 0xAC, 0x1E, 0xAC, 0x1E, 0xAC, 0x1E, 0xAC, 0x1E, 0xAC, 0x1E,
    0xAC, 0x1E, 0xAC, 0x1E, 0xAC, 0x1E, 0xAC, 0x1E, 0xAC, 0x1E, 0xAC, 0x1E, 0xAC, 0x1E, 0xAC, 0x1E,
    0xAC, 0x1E, 0xAC, 0x1E, 0xAC, 0x1E, 0xAC, 0x1E, 0xAC, 0x1E, 0xAC, 0x1E, 0xAC, 0x1E, 0xAC, 0x1E,
    0xAC, 0x1E, 0xAC, 0x1E, 0xAC, 0x1E, 0xAC, 0x1E, 0xAC, 0x1E, 0xAC, 0x1E, 0xAC, 0x1E, 0xAC, 0x1E,
    0xAC, 0x1E, 0xAC, 0x1E, 0xAC, 0x1E, 0xAC, 0x1E, 0xAC, 0x1E, 0xAC, 0x1E, 0xAC, 0x1E, 0xAB, 0x1E,
    0xAB, 0x1E, 0xAB, 0x1E, 0xAB, 0x1E, 0xAB, 0x1E, 0xAB, 0x1E, 0xAB, 0x1E, 0xAB, 0x1E, 0xAB, 0x1E,
    0xAB, 0x1E, 0xAC, 0x1E, 0xAC, 0x1E, 0xAC, 0x1E, 0xAC, 0x1E, 0xAC, 0x1E, 0xCC, 0x1E, 0xAC, 0x1E,
    0xAC, 0x1E, 0xAB, 0x1E, 0xAB, 0x1E, 0xAB, 0x1E, 0xAB, 0x1E, 0xAB, 0x1E, 0xAB, 0x1E, 0xAC, 0x1E,
    0xAB, 0x1E, 0x8B, 0x1E, 0x8C, 0x1E, 0x8C, 0x1E, 0xCC, 0x1E, 0xAC, 0x1E, 0xAC, 0x1E, 0xAB, 0x1E,
    0xAB, 0x1E, 0xAB, 0x1E, 0xAC, 0x1E, 0xEC, 0x1E, 0xEC, 0x1E, 0xCC, 0x1E, 0xAB, 0x1E, 0xAC, 0x1E,
    0xAC, 0x1E, 0xAC, 0x1E, 0xAC, 0x1E, 0xAC, 0x1E, 0xAC, 0x1E, 0xAC, 0x1E, 0xAC, 0x1E, 0xAC, 0x1E,
    0xAC, 0x1E, 0xAC, 0x1E, 0xAC, 0x1E, 0xAC, 0x1E, 0xAC, 0x1E, 0xAC, 0x1E, 0xAC, 0x1E, 0xAC, 0x1E,
    0xAC, 0x1E, 0xAC, 0x1E, 0xAC, 0x1E, 0xAC, 0x1E, 0xAC, 0x1E, 0xAC, 0x1E, 0xAC, 0x1E, 0xAC, 0x1E,
    0xAC, 0x1E, 0xAB, 0x1E, 0xCC, 0x1E, 0xEC, 0x1E, 0xEC, 0x1E, 0xAB, 0x1E, 0xAB, 0x1E, 0xCC, 0x1E,
    0xCB, 0x1E, 0xAB, 0x1E, 0xCB, 0x26, 0xCB, 0x1E, 0x4C, 0x17, 0xC9, 0x26, 0x00, 0x00, 0xE0, 0x07,
    0x00, 0x00, 0x00, 0x00, 0xEF, 0x07, 0x4A, 0x05, 0xE0, 0x07, 0x00, 0x00, 0x00, 0x00, 0x00, 0x00,
    0x00, 0x00, 0x00, 0x00, 0x00, 0x00, 0xE0, 0x07, 0xEF, 0x03, 0xFF, 0x07, 0x00, 0x00, 0xE0, 0x07,
    0x4A, 0x05, 0x00, 0x00, 0xEA, 0x07, 0xCB, 0x16, 0xEB, 0x26, 0xCC, 0x1E, 0xAB, 0x1E, 0xAC, 0x1E,
    0xCC, 0x1E, 0xCC, 0x1E, 0xAC, 0x1E, 0xEC, 0x1E, 0xEC, 0x1E, 0xCC, 0x1E, 0xAC, 0x1E, 0xAC, 0x1E,
    0xAC, 0x1E, 0xAC, 0x1E, 0xAC, 0x1E, 0xAC, 0x1E, 0xAC, 0x1E, 0xAC, 0x1E, 0xAC, 0x1E, 0xAC, 0x1E,
    0xAC, 0x1E, 0xAC, 0x1E, 0xAC, 0x1E, 0xAC, 0x1E, 0xAC, 0x1E, 0xAC, 0x1E, 0xAC, 0x1E, 0xAC, 0x1E,
    0xAC, 0x1E, 0xAC, 0x1E, 0xAC, 0x1E, 0xAC, 0x1E, 0xAC, 0x1E, 0xAC, 0x1E, 0xAC, 0x1E, 0xAC, 0x1E,
    0xAC, 0x1E, 0xAC, 0x1E, 0xAC, 0x1E, 0xAC, 0x1E, 0xAC, 0x1E, 0xAC, 0x1E, 0xAC, 0x1E, 0xAC, 0x1E,
    0xAC, 0x1E, 0xAC, 0x1E, 0xAC, 0x1E, 0xAC, 0x1E, 0xAC, 0x1E, 0xAC, 0x1E, 0xAC, 0x1E, 0xAC, 0x1E,
    0xAC, 0x1E, 0xAC, 0x1E, 0xAC, 0x1E, 0xAC, 0x1E, 0xAC, 0x1E, 0xAC, 0x1E, 0xAC, 0x1E, 0xAC, 0x1E,
    0xAC, 0x1E, 0xAC, 0x1E, 0xAC, 0x1E, 0xAC, 0x1E, 0xAC, 0x1E, 0xAC, 0x1E, 0xAC, 0x1E, 0xAC, 0x1E,
    0xAC, 0x1E, 0xAC, 0x1E, 0xAC, 0x1E, 0xAC, 0x1E, 0xAC, 0x1E, 0xAC, 0x1E, 0xAC, 0x1E, 0xAC, 0x1E,
    0xAC, 0x1E, 0xAC, 0x1E, 0xAC, 0x1E, 0xAC, 0x1E, 0xAC, 0x1E, 0xAC, 0x1E, 0xAC, 0x1E, 0xAC, 0x1E,
    0xAC, 0x1E, 0xAC, 0x1E, 0xAC, 0x1E, 0xAC, 0x1E, 0xAC, 0x1E, 0xAC, 0x1E, 0xAC, 0x1E, 0xAC, 0x1E,
    0xAC, 0x1E, 0xAC, 0x1E, 0xAC, 0x1E, 0xAC, 0x1E, 0xAC, 0x1E, 0xAB, 0x1E, 0xAB, 0x1E, 0xAB, 0x1E,
    0xAB, 0x1E, 0xAC, 0x1E, 0xAC, 0x1E, 0xAC, 0x1E, 0xAC, 0x1E, 0xAC, 0x1E, 0xAC, 0x1E, 0xAC, 0x1E,
    0xAB, 0x1E, 0xAC, 0x1E, 0xAC, 0x1E, 0xCC, 0x1E, 0xCC, 0x1E, 0xCC, 0x1E, 0xEC, 0x1E, 0xEC, 0x1E,
    0xEC, 0x1E, 0xEC, 0x1E, 0xCC, 0x1E, 0xAB, 0x1E, 0xAB, 0x1E, 0xAB, 0x1E, 0xAC, 0x1E, 0xAC, 0x1E,
    0xAB, 0x1E, 0xAB, 0x1E, 0xAC, 0x1E, 0xAC, 0x1E, 0xCB, 0x1E, 0xAC, 0x1E, 0xAB, 0x1E, 0xAC, 0x1E,
    0xAC, 0x1E, 0xAC, 0x1E, 0xAB, 0x1E, 0xCC, 0x1E, 0xEC, 0x1E, 0xCC, 0x1E, 0xAB, 0x1E, 0xAB, 0x1E,
    0xAC, 0x1E, 0xAC, 0x1E, 0xAC, 0x1E, 0xAC, 0x1E, 0xAC, 0x1E, 0xAC, 0x1E, 0xAC, 0x1E, 0xAC, 0x1E,
    0xAC, 0x1E, 0xAC, 0x1E, 0xAC, 0x1E, 0xAC, 0x1E, 0xAC, 0x1E, 0xAC, 0x1E, 0xAC, 0x1E, 0xAC, 0x1E,
    0xAC, 0x1E, 0xAC, 0x1E, 0xAC, 0x1E, 0xAC, 0x1E, 0xAC, 0x1E, 0xAC, 0x1E, 0xAC, 0x1E, 0xAC, 0x1E,
    0xAC, 0x1E, 0xAC, 0x1E, 0xCC, 0x1E, 0xEC, 0x1E, 0xEC, 0x1E, 0xAB, 0x1E, 0xAB, 0x1E, 0xCB, 0x1E,
    0xCB, 0x1E, 0xCB, 0x1E, 0xEB, 0x26, 0xEB, 0x26, 0x4C, 0x17, 0xEA, 0x07, 0x00, 0x00, 0x4A, 0x05,
    0xFF, 0x07, 0x00, 0x00, 0xFF, 0x07, 0xEF, 0x03, 0xE0, 0x07, 0x00, 0x00, 0x00, 0x00, 0x00, 0x00,
    0x00, 0x00, 0x00, 0x00, 0x00, 0x00, 0x00, 0x00, 0xE0, 0x07, 0xE0, 0x07, 0x00, 0x00, 0xE0, 0x07,
    0x4A, 0x05, 0xE0, 0x07, 0xE0, 0x07, 0xAA, 0x06, 0xCB, 0x26, 0x8C, 0x26, 0x8B, 0x1E, 0xAC, 0x1E,
    0xAC, 0x1E, 0xAC, 0x1E, 0xAC, 0x1E, 0xCC, 0x1E, 0xEC, 0x1E, 0xCC, 0x1E, 0xCC, 0x1E, 0xAB, 0x1E,
    0xAC, 0x1E, 0xAC, 0x1E, 0xAC, 0x1E, 0xAB, 0x1E, 0xAC, 0x1E, 0xAC, 0x1E, 0xAC, 0x1E, 0xAC, 0x1E,
    0xAC, 0x1E, 0xAC, 0x1E, 0xAC, 0x1E, 0xAC, 0x1E, 0xAC, 0x1E, 0xAC, 0x1E, 0xAC, 0x1E, 0xAC, 0x1E,
    0xAC, 0x1E, 0xAC, 0x1E, 0xAC, 0x1E, 0xAC, 0x1E, 0xAC, 0x1E, 0xAC, 0x1E, 0xAC, 0x1E, 0xAC, 0x1E,
    0xAC, 0x1E, 0xAC, 0x1E, 0xAC, 0x1E, 0xAC, 0x1E, 0xAC, 0x1E, 0xAC, 0x1E, 0xAC, 0x1E, 0xAC, 0x1E,
    0xAC, 0x1E, 0xAC, 0x1E, 0xAC, 0x1E, 0xAC, 0x1E, 0xAC, 0x1E, 0xAC, 0x1E, 0xAC, 0x1E, 0xAC, 0x1E,
    0xAC, 0x1E, 0xAC, 0x1E, 0xAC, 0x1E, 0xAC, 0x1E, 0xAC, 0x1E, 0xAC, 0x1E, 0xAC, 0x1E, 0xAC, 0x1E,
    0xAC, 0x1E, 0xAC, 0x1E, 0xAC, 0x1E, 0xAC, 0x1E, 0xAC, 0x1E, 0xAC, 0x1E, 0xAC, 0x1E, 0xAC, 0x1E,
    0xAC, 0x1E, 0xAC, 0x1E, 0xAC, 0x1E, 0xAC, 0x1E, 0xAC, 0x1E, 0xAC, 0x1E, 0xAC, 0x1E, 0xAC, 0x1E,
    0xAC, 0x1E, 0xAC, 0x1E, 0xAC, 0x1E, 0xAC, 0x1E, 0xAC, 0x1E, 0xAC, 0x1E, 0xAC, 0x1E, 0xAC, 0x1E,
    0xAC, 0x1E, 0xAC, 0x1E, 0xAC, 0x1E, 0xAC, 0x1E, 0xAC, 0x1E, 0xAC, 0x1E, 0xAC, 0x1E, 0xAC, 0x1E,
    0xAC, 0x1E, 0xAC, 0x1E, 0xAC, 0x1E, 0xAC, 0x1E, 0xAC, 0x1E, 0xAC, 0x1E, 0xAC, 0x1E, 0xAC, 0x1E,
    0xAC, 0x1E, 0xAB, 0x1E, 0xAB, 0x1E, 0xAB, 0x1E, 0xAB, 0x1E, 0xAB, 0x1E, 0xAC, 0x1E, 0xAC, 0x1E,
    0xAC, 0x1E, 0xCC, 0x1E, 0xCC, 0x1E, 0xCC, 0x1E, 0xCC, 0x1E, 0xCC, 0x1E, 0xEC, 0x1E, 0xEC, 0x1E,
    0xEC, 0x1E, 0xEC, 0x1E, 0xEC, 0x1E, 0xCC, 0x1E, 0xAC, 0x1E, 0xAC, 0x1E, 0xAC, 0x1E, 0xAB, 0x1E,
    0xAB, 0x1E, 0xAC, 0x1E, 0xAC, 0x1E, 0xAC, 0x1E, 0xAC, 0x1E, 0xAB, 0x1E, 0xAC, 0x1E, 0xAB, 0x1E,
    0xAB, 0x1E, 0xAB, 0x1E, 0xAB, 0x1E, 0xCC, 0x1E, 0xCC, 0x1E, 0xCC, 0x1E, 0xAC, 0x1E, 0xAC, 0x1E,
    0xAC, 0x1E, 0xAC, 0x1E, 0xAC, 0x1E, 0xAC, 0x1E, 0xAC, 0x1E, 0xAC, 0x1E, 0xAC, 0x1E, 0xAC, 0x1E,
    0xAC, 0x1E, 0xAC, 0x1E, 0xAC, 0x1E, 0xAC, 0x1E, 0xAC, 0x1E, 0xAC, 0x1E, 0xAC, 0x1E, 0xAC, 0x1E,
    0xAC, 0x1E, 0xAC, 0x1E, 0xAC, 0x1E, 0xAC, 0x1E, 0xAB, 0x1E, 0xAC, 0x1E, 0xAC, 0x1E, 0xAC, 0x1E,
    0xAB, 0x1E, 0xAC, 0x1E, 0xAC, 0x1E, 0xEC, 0x1E, 0xCC, 0x1E, 0xAB, 0x1E, 0xAB, 0x1E, 0xAC, 0x1E,
    0xCB, 0x1E, 0xAB, 0x1E, 0xCB, 0x26, 0xCB, 0x26, 0xAA, 0x2E, 0xE0, 0x07, 0xE0, 0x07, 0x4A, 0x05,
    0xFF, 0x07, 0x00, 0x00, 0xE0, 0x07, 0xE0, 0x07, 0x00, 0x00, 0x00, 0x00, 0x00, 0x00, 0x00, 0x00,
    0x00, 0x00, 0x00, 0x00, 0x00, 0x00, 0x00, 0x00, 0x00, 0x00, 0x00, 0x00, 0x00, 0x00, 0xE0, 0x07,
    0xE7, 0x05, 0xEF, 0x07, 0x00, 0x00, 0xE0, 0x07, 0xEA, 0x07, 0x6C, 0x36, 0x6B, 0x1E, 0xAC, 0x1E,
    0xAC, 0x1E, 0xAC, 0x1E, 0xCC, 0x1E, 0xCC, 0x1E, 0xCC, 0x1E, 0xCC, 0x1E, 0xCC, 0x1E, 0xAB, 0x1E,
    0xAC, 0x1E, 0xCC, 0x1E, 0xAC, 0x1E, 0xAB, 0x1E, 0xAC, 0x1E, 0xAC, 0x1E, 0xAC, 0x1E, 0xAC, 0x1E,
    0xAC, 0x1E, 0xAC, 0x1E, 0xAC, 0x1E, 0xAC, 0x1E, 0xAC, 0x1E, 0xAC, 0x1E, 0xAC, 0x1E, 0xAC, 0x1E,
    0xAC, 0x1E, 0xAC, 0x1E, 0xAC, 0x1E, 0xAC, 0x1E, 0xAC, 0x1E, 0xAC, 0x1E, 0xAC, 0x1E, 0xAC, 0x1E,
    0xAC, 0x1E, 0xAC, 0x1E, 0xAC, 0x1E, 0xAC, 0x1E, 0xAC, 0x1E, 0xAC, 0x1E, 0xAC, 0x1E, 0xAC, 0x1E,
    0xAC, 0x1E, 0xAC, 0x1E, 0xAC, 0x1E, 0xAC, 0x1E, 0xAC, 0x1E, 0xAC, 0x1E, 0xAC, 0x1E, 0xAC, 0x1E,
    0xAC, 0x1E, 0xAC, 0x1E, 0xAC, 0x1E, 0xAC, 0x1E, 0xAC, 0x1E, 0xAC, 0x1E, 0xAC, 0x1E, 0xAC, 0x1E,
    0xAC, 0x1E, 0xAC, 0x1E, 0xAC, 0x1E, 0xAC, 0x1E, 0xAC, 0x1E, 0xAC, 0x1E, 0xAC, 0x1E, 0xAC, 0x1E,
    0xAC, 0x1E, 0xAC, 0x1E, 0xAC, 0x1E, 0xAC, 0x1E, 0xAC, 0x1E, 0xAC, 0x1E, 0xAC, 0x1E, 0xAC, 0x1E,
    0xAC, 0x1E, 0xAC, 0x1E, 0xAC, 0x1E, 0xAC, 0x1E, 0xAC, 0x1E, 0xAC, 0x1E, 0xAC, 0x1E, 0xAC, 0x1E,
    0xAC, 0x1E, 0xAC, 0x1E, 0xAC, 0x1E, 0xAC, 0x1E, 0xAC, 0x1E, 0xAC, 0x1E, 0xAC, 0x1E, 0xAC, 0x1E,
    0xAC, 0x1E, 0xAC, 0x1E, 0xAC, 0x1E, 0xAC, 0x1E, 0xAC, 0x1E, 0xAC, 0x1E, 0xAC, 0x1E, 0xAC, 0x1E,
    0xAC, 0x1E, 0xAC, 0x1E, 0xAC, 0x1E, 0xAC, 0x1E, 0xAC, 0x1E, 0xAC, 0x1E, 0xAC, 0x1E, 0xAC, 0x1E,
    0xAC, 0x1E, 0xCC, 0x1E, 0xCC, 0x1E, 0xCC, 0x1E, 0xCC, 0x1E, 0xCC, 0x1E, 0xCC, 0x1E, 0xCC, 0x1E,
    0xCC, 0x1E, 0xCC, 0x1E, 0xCC, 0x1E, 0xCC, 0x1E, 0xAC, 0x1E, 0xAC, 0x1E, 0xAC, 0x1E, 0xAC, 0x1E,
    0xAB, 0x1E, 0xAB, 0x1E, 0xAB, 0x1E, 0xAB, 0x1E, 0xAB, 0x1E, 0xAB, 0x1E, 0xAB, 0x1E, 0xAB, 0x1E,
    0xAC, 0x1E, 0xAC, 0x1E, 0xAC, 0x1E, 0xCC, 0x1E, 0xCC, 0x1E, 0xAC, 0x1E, 0xAC, 0x1E, 0xAC, 0x1E,
    0xAC, 0x1E, 0xAC, 0x1E, 0xAC, 0x1E, 0xAC, 0x1E, 0xAC, 0x1E, 0xAC, 0x1E, 0xAC, 0x1E, 0xAC, 0x1E,
    0xAC, 0x1E, 0xAC, 0x1E, 0xAC, 0x1E, 0xAC, 0x1E, 0xAC, 0x1E, 0xAC, 0x1E, 0xAC, 0x1E, 0xAC, 0x1E,
    0xAC, 0x1E, 0xAC, 0x1E, 0xAC, 0x1E, 0xAC, 0x1E, 0xAB, 0x1E, 0xAC, 0x1E, 0xCC, 0x1E, 0xAC, 0x1E,
    0xAB, 0x1E, 0xAC, 0x1E, 0xAC, 0x1E, 0xCC, 0x1E, 0xAB, 0x1E, 0xAB, 0x1E, 0xAB, 0x1E, 0xAB, 0x1E,
    0xAB, 0x1E, 0xAB, 0x1E, 0x69, 0x36, 0xEA, 0x07, 0xE0, 0x07, 0x00, 0x00, 0xEF, 0x07, 0xE7, 0x05,
    0xFF, 0x07, 0x00, 0x00, 0x00, 0x00, 0x00, 0x00, 0x00, 0x00, 0x00, 0x00, 0x00, 0x00, 0x00, 0x00,
    0x00, 0x00, 0x00, 0x00, 0x00, 0x00, 0x00, 0x00, 0x00, 0x00, 0x00, 0x00, 0x00, 0x00, 0xE0, 0x07,
    0xE7, 0x05, 0x4A, 0x05, 0x00, 0x00, 0x00, 0x00, 0x00, 0x00, 0x00, 0x00, 0x6B, 0x1E, 0xAC, 0x1E,
    0xAC, 0x1E, 0xAC, 0x1E, 0xAC, 0x1E, 0xAC, 0x1E, 0xAC, 0x1E, 0xCC, 0x1E, 0xCC, 0x1E, 0xCC, 0x1E,
    0xCC, 0x1E, 0xCC, 0x1E, 0xAC, 0x1E, 0xAB, 0x1E, 0xAC, 0x1E, 0xAC, 0x1E, 0xAC, 0x1E, 0xAC, 0x1E,
    0xAC, 0x1E, 0xAC, 0x1E, 0xAC, 0x1E, 0xAC, 0x1E, 0xAC, 0x1E, 0xAC, 0x1E, 0xAC, 0x1E, 0xAC, 0x1E,
    0xAC, 0x1E, 0xAC, 0x1E, 0xAC, 0x1E, 0xAC, 0x1E, 0xAC, 0x1E, 0xAC, 0x1E, 0xAC, 0x1E, 0xAC, 0x1E,
    0xAC, 0x1E, 0xAC, 0x1E, 0xAC, 0x1E, 0xAC, 0x1E, 0xAC, 0x1E, 0xAC, 0x1E, 0xAC, 0x1E, 0xAC, 0x1E,
    0xAC, 0x1E, 0xAC, 0x1E, 0xAC, 0x1E, 0xAC, 0x1E, 0xAC, 0x1E, 0xAC, 0x1E, 0xAC, 0x1E, 0xAC, 0x1E,
    0xAC, 0x1E, 0xAC, 0x1E, 0xAC, 0x1E, 0xAC, 0x1E, 0xAC, 0x1E, 0xAC, 0x1E, 0xAC, 0x1E, 0xAC, 0x1E,
    0xAC, 0x1E, 0xAC, 0x1E, 0xAC, 0x1E, 0xAC, 0x1E, 0xAC, 0x1E, 0xAC, 0x1E, 0xAC, 0x1E, 0xAC, 0x1E,
    0xAC, 0x1E, 0xAC, 0x1E, 0xAC, 0x1E, 0xAC, 0x1E, 0xAC, 0x1E, 0xAC, 0x1E, 0xAC, 0x1E, 0xAC, 0x1E,
    0xAC, 0x1E, 0xAC, 0x1E, 0xAC, 0x1E, 0xAC, 0x1E, 0xAC, 0x1E, 0xAC, 0x1E, 0xAC, 0x1E, 0xAC, 0x1E,
    0xAC, 0x1E, 0xAC, 0x1E, 0xAC, 0x1E, 0xAC, 0x1E, 0xAC, 0x1E, 0xAC, 0x1E, 0xAC, 0x1E, 0xAC, 0x1E,
    0xAC, 0x1E, 0xAC, 0x1E, 0xAC, 0x1E, 0xAC, 0x1E, 0xAC, 0x1E, 0xAC, 0x1E, 0xAC, 0x1E, 0xAC, 0x1E,
    0xAC, 0x1E, 0xAC, 0x1E, 0xAC, 0x1E, 0xAC, 0x1E, 0xAC, 0x1E, 0xAC, 0x1E, 0xAC, 0x1E, 0xAC, 0x1E,
    0xAC, 0x1E, 0xAC, 0x1E, 0xAC, 0x1E, 0xAC, 0x1E, 0xAB, 0x1E, 0xAB, 0x1E, 0xAB, 0x1E, 0xAB, 0x1E,
    0xAB, 0x1E, 0xAB, 0x1E, 0xAB, 0x1E, 0xAB, 0x1E, 0xAC, 0x1E, 0xAC, 0x1E, 0xCC, 0x1E, 0xEC, 0x1E,
    0xEC, 0x1E, 0x0C, 0x27, 0x0C, 0x27, 0x0C, 0x27, 0x0C, 0x27, 0x0C, 0x27, 0xEC, 0x1E, 0xEC, 0x1E,
    0xCC, 0x1E, 0xCC, 0x1E, 0xAC, 0x1E, 0xAC, 0x1E, 0xAC, 0x1E, 0xAC, 0x1E, 0xAC, 0x1E, 0xAC, 0x1E,
    0xAC, 0x1E, 0xAC, 0x1E, 0xAC, 0x1E, 0xAC, 0x1E, 0xAC, 0x1E, 0xAC, 0x1E, 0xAC, 0x1E, 0xAC, 0x1E,
    0xAC, 0x1E, 0xAC, 0x1E, 0xAC, 0x1E, 0xAC, 0x1E, 0xAC, 0x1E, 0xAC, 0x1E, 0xAC, 0x1E, 0xAC, 0x1E,
    0xAC, 0x1E, 0xAC, 0x1E, 0xAC, 0x1E, 0xAC, 0x1E, 0xAB, 0x1E, 0xAC, 0x1E, 0xCC, 0x1E, 0xCC, 0x1E,
    0xCC, 0x1E, 0xCC, 0x1E, 0xAC, 0x1E, 0xAC, 0x1E, 0xAB, 0x1E, 0xAC, 0x1E, 0xAB, 0x1E, 0xAB, 0x1E,
    0xCB, 0x1E, 0x6A, 0x1E, 0x00, 0x00, 0x00, 0x00, 0x00, 0x00, 0x00, 0x00, 0x4A, 0x05, 0xE7, 0x05,
    0xFF, 0x07, 0x00, 0x00, 0x00, 0x00, 0x00, 0x00, 0x00, 0x00, 0x00, 0x00, 0x00, 0x00, 0x00, 0x00,
    0x00, 0x00, 0x00, 0x00, 0x00, 0x00, 0x00, 0x00, 0x00, 0x00, 0x00, 0x00, 0x00, 0x00, 0xE0, 0x07,
    0xE7, 0x05, 0x4A, 0x05, 0x00, 0x00, 0x00, 0x00, 0x00, 0x00, 0x00, 0x00, 0x4D, 0x26, 0xAB, 0x1E,
    0xAC, 0x1E, 0xAC, 0x1E, 0xAB, 0x1E, 0xAC, 0x1E, 0xAC, 0x1E, 0xCC, 0x1E, 0xEC, 0x1E, 0xEC, 0x1E,
    0xEC, 0x1E, 0xCC, 0x1E, 0xAC, 0x1E, 0xAB, 0x1E, 0xAC, 0x1E, 0xAC, 0x1E, 0xAC, 0x1E, 0xAC, 0x1E,
    0xAC, 0x1E, 0xAC, 0x1E, 0xAC, 0x1E, 0xAC, 0x1E, 0xAC, 0x1E, 0xAC, 0x1E, 0xAC, 0x1E, 0xAC, 0x1E,
    0xAC, 0x1E, 0xAC, 0x1E, 0xAC, 0x1E, 0xAC, 0x1E, 0xAC, 0x1E, 0xAC, 0x1E, 0xAC, 0x1E, 0xAC, 0x1E,
    0xAC, 0x1E, 0xAC, 0x1E, 0xAC, 0x1E, 0xAC, 0x1E, 0xAC, 0x1E, 0xAC, 0x1E, 0xAC, 0x1E, 0xAC, 0x1E,
    0xAC, 0x1E, 0xAC, 0x1E, 0xAC, 0x1E, 0xAC, 0x1E, 0xAC, 0x1E, 0xAC, 0x1E, 0xAC, 0x1E, 0xAC, 0x1E,
    0xAC, 0x1E, 0xAC, 0x1E, 0xAC, 0x1E, 0xAC, 0x1E, 0xAC, 0x1E, 0xAC, 0x1E, 0xAC, 0x1E, 0xAC, 0x1E,
    0xAC, 0x1E, 0xAC, 0x1E, 0xAC, 0x1E, 0xAC, 0x1E, 0xAC, 0x1E, 0xAC, 0x1E, 0xAC, 0x1E, 0xAC, 0x1E,
    0xAC, 0x1E, 0xAC, 0x1E, 0xAC, 0x1E, 0xAC, 0x1E, 0xAC, 0x1E, 0xAC, 0x1E, 0xAC, 0x1E, 0xAC, 0x1E,
    0xAC, 0x1E, 0xAC, 0x1E, 0xAC, 0x1E, 0xAC, 0x1E, 0xAC, 0x1E, 0xAC, 0x1E, 0xAC, 0x1E, 0xAC, 0x1E,
    0xAC, 0x1E, 0xAC, 0x1E, 0xAC, 0x1E, 0xAC, 0x1E, 0xAC, 0x1E, 0xAC, 0x1E, 0xAC, 0x1E, 0xAC, 0x1E,
    0xAC, 0x1E, 0xAC, 0x1E, 0xAC, 0x1E, 0xAC, 0x1E, 0xAC, 0x1E, 0xAC, 0x1E, 0xAC, 0x1E, 0xAC, 0x1E,
    0xAC, 0x1E, 0xAC, 0x1E, 0xAC, 0x1E, 0xAC, 0x1E, 0xAC, 0x1E, 0xAC, 0x1E, 0xAC, 0x1E, 0xAC, 0x1E,
    0xAC, 0x1E, 0xAC, 0x1E, 0xAB, 0x1E, 0xAB, 0x1E, 0xAB, 0x1E, 0xAB, 0x1E, 0xAC, 0x1E, 0xAC, 0x1E,
    0xAC, 0x1E, 0xAC, 0x1E, 0xAC, 0x1E, 0xAC, 0x1E, 0xAC, 0x1E, 0xCC, 0x1E, 0xEC, 0x1E, 0x0C, 0x27,
    0x2C, 0x27, 0x4D, 0x27, 0x6D, 0x27, 0x6D, 0x27, 0x6D, 0x27, 0x4D, 0x27, 0x2C, 0x27, 0x0C, 0x27,
    0xEC, 0x1E, 0xCC, 0x1E, 0xCC, 0x1E, 0xAC, 0x1E, 0xAC, 0x1E, 0xAC, 0x1E, 0xAC, 0x1E, 0xAC, 0x1E,
    0xAC, 0x1E, 0xAC, 0x1E, 0xAC, 0x1E, 0xAC, 0x1E, 0xAC, 0x1E, 0xAC, 0x1E, 0xAC, 0x1E, 0xAC, 0x1E,
    0xAC, 0x1E, 0xAC, 0x1E, 0xAC, 0x1E, 0xAC, 0x1E, 0xAC, 0x1E, 0xAC, 0x1E, 0xAC, 0x1E, 0xAC, 0x1E,
    0xAC, 0x1E, 0xAC, 0x1E, 0xAC, 0x1E, 0xAC, 0x1E, 0xAB, 0x1E, 0xAC, 0x1E, 0xCC, 0x1E, 0xEC, 0x1E,
    0xEC, 0x1E, 0xCC, 0x1E, 0xAB, 0x1E, 0xAB, 0x1E, 0xAB, 0x1E, 0xAB, 0x1E, 0xAB, 0x1E, 0xAB, 0x1E,
    0xCB, 0x1E, 0x4B, 0x26, 0x00, 0x00, 0x00, 0x00, 0x00, 0x00, 0x00, 0x00, 0x4A, 0x05, 0xE7, 0x05,
    0xFF, 0x07, 0x00, 0x00, 0x00, 0x00, 0x00, 0x00, 0x00, 0x00, 0x00, 0x00, 0x00, 0x00, 0x00, 0x00,
    0x00, 0x00, 0x00, 0x00, 0x00, 0x00, 0x00, 0x00, 0x00, 0x00, 0x00, 0x00, 0x00, 0x00, 0xE0, 0x07,
    0xEA, 0x07, 0xEF, 0x07, 0x00, 0x00, 0x00, 0x00, 0x00, 0x00, 0x00, 0x00, 0x73, 0x36, 0x8C, 0x1E,
    0xCC, 0x1E, 0xCC, 0x1E, 0xAB, 0x1E, 0xAC, 0x1E, 0xAC, 0x1E, 0xCC, 0x1E, 0xCC, 0x1E, 0xEC, 0x1E,
    0xEC, 0x1E, 0xCC, 0x1E, 0xAB, 0x1E, 0xAB, 0x1E, 0xAB, 0x1E, 0xAC, 0x1E, 0xAC, 0x1E, 0xCC, 0x1E,
    0xAC, 0x1E, 0xAC, 0x1E, 0xAC, 0x1E, 0xAC, 0x1E, 0xAC, 0x1E, 0xAC, 0x1E, 0xAC, 0x1E, 0xAC, 0x1E,
    0xAC, 0x1E, 0xAC, 0x1E, 0xAC, 0x1E, 0xAC, 0x1E, 0xAC, 0x1E, 0xAC, 0x1E, 0xAC, 0x1E, 0xAC, 0x1E,
    0xAC, 0x1E, 0xAC, 0x1E, 0xAC, 0x1E, 0xAC, 0x1E, 0xAC, 0x1E, 0xAC, 0x1E, 0xAC, 0x1E, 0xAC, 0x1E,
    0xAC, 0x1E, 0xAC, 0x1E, 0xAC, 0x1E, 0xAC, 0x1E, 0xAC, 0x1E, 0xAC, 0x1E, 0xAC, 0x1E, 0xAC, 0x1E,
    0xAC, 0x1E, 0xAC, 0x1E, 0xAC, 0x1E, 0xAC, 0x1E, 0xAC, 0x1E, 0xAC, 0x1E, 0xAC, 0x1E, 0xAC, 0x1E,
    0xAC, 0x1E, 0xAC, 0x1E, 0xAC, 0x1E, 0xAC, 0x1E, 0xAC, 0x1E, 0xAC, 0x1E, 0xAC, 0x1E, 0xAC, 0x1E,
    0xAC, 0x1E, 0xAC, 0x1E, 0xAC, 0x1E, 0xAC, 0x1E, 0xAC, 0x1E, 0xAC, 0x1E, 0xAC, 0x1E, 0xAC, 0x1E,
    0xAC, 0x1E, 0xAC, 0x1E, 0xAC, 0x1E, 0xAC, 0x1E, 0xAC, 0x1E, 0xAC, 0x1E, 0xAC, 0x1E, 0xAC, 0x1E,
    0xAC, 0x1E, 0xAC, 0x1E, 0xAC, 0x1E, 0xAC, 0x1E, 0xAC, 0x1E, 0xAC, 0x1E, 0xAC, 0x1E, 0xAC, 0x1E,
    0xAC, 0x1E, 0xAC, 0x1E, 0xAC, 0x1E, 0xAC, 0x1E, 0xAC, 0x1E, 0xAC, 0x1E, 0xAC, 0x1E, 0xAC, 0x1E,
    0xAC, 0x1E, 0xAC, 0x1E, 0xAC, 0x1E, 0xAC, 0x1E, 0xAC, 0x1E, 0xAC, 0x1E, 0xAC, 0x1E, 0xAC, 0x1E,
    0xAC, 0x1E, 0xAC, 0x1E, 0xAC, 0x1E, 0xAC, 0x1E, 0xAC, 0x1E, 0xAC, 0x1E, 0xAB, 0x1E, 0xAB, 0x1E,
    0xAB, 0x1E, 0xAC, 0x1E, 0xAC, 0x1E, 0xAC, 0x1E, 0xCC, 0x1E, 0xCC, 0x1E, 0xEC, 0x1E, 0x0C, 0x1F,
    0x0C, 0x27, 0x2C, 0x27, 0x4C, 0x27, 0x4D, 0x27, 0x4D, 0x27, 0x2C, 0x27, 0x2C, 0x27, 0x0C, 0x1F,
    0xEC, 0x1E, 0xCC, 0x1E, 0xCC, 0x1E, 0xAC, 0x1E, 0xAC, 0x1E, 0xAC, 0x1E, 0xAC, 0x1E, 0xAC, 0x1E,
    0xAC, 0x1E, 0xAC, 0x1E, 0xAC, 0x1E, 0xAC, 0x1E, 0xAC, 0x1E, 0xAC, 0x1E, 0xAC, 0x1E, 0xAC, 0x1E,
    0xAC, 0x1E, 0xAC, 0x1E, 0xAC, 0x1E, 0xAC, 0x1E, 0xAC, 0x1E, 0xAC, 0x1E, 0xAC, 0x1E, 0xAC, 0x1E,
    0xCC, 0x1E, 0xAC, 0x1E, 0xAC, 0x1E, 0xAB, 0x1E, 0xAB, 0x1E, 0xAB, 0x1E, 0xCC, 0x1E, 0xEC, 0x1E,
    0xEC, 0x1E, 0xCC, 0x1E, 0xAC, 0x1E, 0xAB, 0x1E, 0xAB, 0x1E, 0xAB, 0x1E, 0xAC, 0x1E, 0xAB, 0x1E,
    0xCB, 0x1E, 0x66, 0x36, 0x00, 0x00, 0x00, 0x00, 0x00, 0x00, 0x00, 0x00, 0xEF, 0x07, 0xEA, 0x07,
    0xE0, 0x07, 0x00, 0x00, 0x00, 0x00, 0x00, 0x00, 0x00, 0x00, 0x00, 0x00, 0x00, 0x00, 0x00, 0x00,
    0x00, 0x00, 0x00, 0x00, 0x00, 0x00, 0x00, 0x00, 0x00, 0x00, 0x00, 0x00, 0x00, 0x00, 0xE0, 0x07,
    0xEF, 0x07, 0xFF, 0x07, 0x00, 0x00, 0x00, 0x00, 0x00, 0x00, 0x00, 0x00, 0xFF, 0x07, 0x4B, 0x16,
    0x8C, 0x1E, 0xAC, 0x1E, 0xAB, 0x1E, 0xAC, 0x1E, 0xAC, 0x1E, 0xCC, 0x1E, 0xAC, 0x1E, 0xEC, 0x1E,
    0xEC, 0x1E, 0xCC, 0x1E, 0xAB, 0x1E, 0xAB, 0x1E, 0xAC, 0x1E, 0xAC, 0x1E, 0xAC, 0x1E, 0xAC, 0x1E,
    0xAC, 0x1E, 0xAC, 0x1E, 0xAC, 0x1E, 0xAC, 0x1E, 0xAC, 0x1E, 0xAC, 0x1E, 0xAC, 0x1E, 0xAC, 0x1E,
    0xAC, 0x1E, 0xAC, 0x1E, 0xAC, 0x1E, 0xAC, 0x1E, 0xAC, 0x1E, 0xAC, 0x1E, 0xAC, 0x1E, 0xAC, 0x1E,
    0xAC, 0x1E, 0xAC, 0x1E, 0xAC, 0x1E, 0xAC, 0x1E, 0xAC, 0x1E, 0xAC, 0x1E, 0xAC, 0x1E, 0xAC, 0x1E,
    0xAC, 0x1E, 0xAC, 0x1E, 0xAC, 0x1E, 0xAC, 0x1E, 0xAC, 0x1E, 0xAC, 0x1E, 0xAC, 0x1E, 0xAC, 0x1E,
    0xAC, 0x1E, 0xAC, 0x1E, 0xAC, 0x1E, 0xAC, 0x1E, 0xAC, 0x1E, 0xAC, 0x1E, 0xAC, 0x1E, 0xAC, 0x1E,
    0xAC, 0x1E, 0xAC, 0x1E, 0xAC, 0x1E, 0xAC, 0x1E, 0xAC, 0x1E, 0xAC, 0x1E, 0xAC, 0x1E, 0xAC, 0x1E,
    0xAC, 0x1E, 0xAC, 0x1E, 0xAC, 0x1E, 0xAC, 0x1E, 0xAC, 0x1E, 0xAC, 0x1E, 0xAC, 0x1E, 0xAC, 0x1E,
    0xAC, 0x1E, 0xAC, 0x1E, 0xAC, 0x1E, 0xAC, 0x1E, 0xAC, 0x1E, 0xAC, 0x1E, 0xAC, 0x1E, 0xAC, 0x1E,
    0xAC, 0x1E, 0xAC, 0x1E, 0xAC, 0x1E, 0xAC, 0x1E, 0xAC, 0x1E, 0xAC, 0x1E, 0xAC, 0x1E, 0xAC, 0x1E,
    0xAC, 0x1E, 0xAC, 0x1E, 0xAC, 0x1E, 0xAC, 0x1E, 0xAC, 0x1E, 0xAC, 0x1E, 0xAC, 0x1E, 0xAC, 0x1E,
    0xAC, 0x1E, 0xAC, 0x1E, 0xAC, 0x1E, 0xAC, 0x1E, 0xAC, 0x1E, 0xAC, 0x1E, 0xAC, 0x1E, 0xAC, 0x1E,
    0xAC, 0x1E, 0xAC, 0x1E, 0xAC, 0x1E, 0xAC, 0x1E, 0xAC, 0x1E, 0xAC, 0x1E, 0xAC, 0x1E, 0xAC, 0x1E,
    0xAC, 0x1E, 0xAC, 0x1E, 0xAC, 0x1E, 0xCC, 0x1E, 0xCC, 0x1E, 0xCC, 0x1E, 0xCC, 0x1E, 0xCC, 0x1E,
    0xCC, 0x1E, 0xEC, 0x1E, 0xEC, 0x1E, 0xEC, 0x1E, 0xEC, 0x1E, 0xEC, 0x1E, 0xCC, 0x1E, 0xCC, 0x1E,
    0xCC, 0x1E, 0xCC, 0x1E, 0xAC, 0x1E, 0xAC, 0x1E, 0xAC, 0x1E, 0xAC, 0x1E, 0xAC, 0x1E, 0xAC, 0x1E,
    0xAC, 0x1E, 0xAC, 0x1E, 0xAC, 0x1E, 0xAC, 0x1E, 0xAC, 0x1E, 0xAC, 0x1E, 0xAC, 0x1E, 0xAC, 0x1E,
    0xAC, 0x1E, 0xAC, 0x1E, 0xAC, 0x1E, 0xAC, 0x1E, 0xAC, 0x1E, 0xAC, 0x1E, 0xAC, 0x1E, 0xAC, 0x1E,
    0xAC, 0x1E, 0xAC, 0x1E, 0xAC, 0x1E, 0xAC, 0x1E, 0xAB, 0x1E, 0xAB, 0x1E, 0xCC, 0x1E, 0xEC, 0x1E,
    0xEC, 0x1E, 0xAC, 0x1E, 0xAC, 0x1E, 0xAC, 0x1E, 0xAC, 0x1E, 0xAB, 0x1E, 0xAB, 0x1E, 0x8C, 0x1E,
    0xAC, 0x16, 0xE0, 0x03, 0x00, 0x00, 0x00, 0x00, 0x00, 0x00, 0x00, 0x00, 0xFF, 0x07, 0xEF, 0x07,
    0xE0, 0x07, 0x00, 0x00, 0x00, 0x00, 0x00, 0x00, 0x00, 0x00, 0x00, 0x00, 0x00, 0x00, 0x00, 0x00,
    0x00, 0x00, 0x00, 0x00, 0x00, 0x00, 0x00, 0x00, 0x00, 0x00, 0x00, 0x00, 0x00, 0x00, 0xE0, 0x07,
    0xEF, 0x07, 0xFF, 0x07, 0x00, 0x00, 0xE0, 0x07, 0xEF, 0x03, 0xEF, 0x07, 0xFF, 0x07, 0x6C, 0x36,
    0x8D, 0x1E, 0xAC, 0x26, 0xAB, 0x1E, 0xAC, 0x1E, 0xAC, 0x1E, 0xAC, 0x1E, 0xAC, 0x1E, 0xEC, 0x1E,
    0xEC, 0x1E, 0xCC, 0x1E, 0xAC, 0x1E, 0xAC, 0x1E, 0xAC, 0x1E, 0xAC, 0x1E, 0xAC, 0x1E, 0xAC, 0x1E,
    0xAC, 0x1E, 0xAC, 0x1E, 0xAC, 0x1E, 0xAC, 0x1E, 0xAC, 0x1E, 0xAC, 0x1E, 0xAC, 0x1E, 0xAC, 0x1E,
    0xAC, 0x1E, 0xAC, 0x1E, 0xAC, 0x1E, 0xAC, 0x1E, 0xAC, 0x1E, 0xAC, 0x1E, 0xAC, 0x1E, 0xAC, 0x1E,
    0xAC, 0x1E, 0xAC, 0x1E, 0xAC, 0x1E, 0xAC, 0x1E, 0xAC, 0x1E, 0xAC, 0x1E, 0xAC, 0x1E, 0xAC, 0x1E,
    0xAC, 0x1E, 0xAC, 0x1E, 0xAC, 0x1E, 0xAC, 0x1E, 0xAC, 0x1E, 0xAC, 0x1E, 0xAC, 0x1E, 0xAC, 0x1E,
    0xAC, 0x1E, 0xAC, 0x1E, 0xAC, 0x1E, 0xAC, 0x1E, 0xAC, 0x1E, 0xAC, 0x1E, 0xAC, 0x1E, 0xAC, 0x1E,
    0xAC, 0x1E, 0xAC, 0x1E, 0xAC, 0x1E, 0xAC, 0x1E, 0xAC, 0x1E, 0xAC, 0x1E, 0xAC, 0x1E, 0xAC, 0x1E,
    0xAC, 0x1E, 0xAC, 0x1E, 0xAC, 0x1E, 0xAC, 0x1E, 0xAC, 0x1E, 0xAC, 0x1E, 0xAC, 0x1E, 0xAC, 0x1E,
    0xAC, 0x1E, 0xAC, 0x1E, 0xAC, 0x1E, 0xAC, 0x1E, 0xAC, 0x1E, 0xAC, 0x1E, 0xAC, 0x1E, 0xAC, 0x1E,
    0xAC, 0x1E, 0xAC, 0x1E, 0xAC, 0x1E, 0xAC, 0x1E, 0xAC, 0x1E, 0xAC, 0x1E, 0xAC, 0x1E, 0xAC, 0x1E,
    0xAC, 0x1E, 0xAC, 0x1E, 0xAC, 0x1E, 0xAC, 0x1E, 0xAC, 0x1E, 0xAC, 0x1E, 0xAC, 0x1E, 0xAC, 0x1E,
    0xAC, 0x1E, 0xAC, 0x1E, 0xAC, 0x1E, 0xAC, 0x1E, 0xAC, 0x1E, 0xAC, 0x1E, 0xAC, 0x1E, 0xAC, 0x1E,
    0xAC, 0x1E, 0xAC, 0x1E, 0xAC, 0x1E, 0xAC, 0x1E, 0xAC, 0x1E, 0xAC, 0x1E, 0xAC, 0x1E, 0xAC, 0x1E,
    0xAC, 0x1E, 0xAC, 0x1E, 0xAC, 0x1E, 0xAC, 0x1E, 0xAC, 0x1E, 0xAB, 0x1E, 0xAB, 0x1E, 0xAC, 0x1E,
    0xAC, 0x1E, 0xAB, 0x1E, 0xAB, 0x1E, 0xAB, 0x1E, 0xAB, 0x1E, 0xAB, 0x1E, 0xAC, 0x1E, 0xAC, 0x1E,
    0xAB, 0x1E, 0xAC, 0x1E, 0xAC, 0x1E, 0xAC, 0x1E, 0xAC, 0x1E, 0xAC, 0x1E, 0xAC, 0x1E, 0xAC, 0x1E,
    0xAC, 0x1E, 0xAC, 0x1E, 0xAC, 0x1E, 0xAC, 0x1E, 0xAC, 0x1E, 0xAC, 0x1E, 0xAC, 0x1E, 0xAC, 0x1E,
    0xAC, 0x1E, 0xAC, 0x1E, 0xAC, 0x1E, 0xAC, 0x1E, 0xAC, 0x1E, 0xAC, 0x1E, 0xAC, 0x1E, 0xAC, 0x1E,
    0xAC, 0x1E, 0xAC, 0x1E, 0xAC, 0x1E, 0xAC, 0x1E, 0xAC, 0x1E, 0xAC, 0x1E, 0xCC, 0x1E, 0xEC, 0x1E,
    0xEC, 0x1E, 0xAC, 0x1E, 0xAB, 0x1E, 0xAC, 0x1E, 0xAB, 0x1E, 0xAB, 0x1E, 0xAB, 0x26, 0x6B, 0x1E,
    0xEF, 0x3F, 0xE0, 0x07, 0xEF, 0x07, 0xEF, 0x03, 0xE0, 0x07, 0x00, 0x00, 0xFF, 0x07, 0xEF, 0x07,
    0xE0, 0x07, 0x00, 0x00, 0x00, 0x00, 0x00, 0x00, 0x00, 0x00, 0x00, 0x00, 0x00, 0x00, 0x00, 0x00,
    0x00, 0x00, 0x00, 0x00, 0x00, 0x00, 0x00, 0x00, 0x00, 0x00, 0x00, 0x00, 0x00, 0x00, 0xE0, 0x07,
    0xFF, 0x07, 0x00, 0x00, 0x00, 0x00, 0xEF, 0x07, 0xE7, 0x05, 0xE7, 0x05, 0x00, 0x00, 0x00, 0x00,
    0x6C, 0x36, 0xAD, 0x1E, 0xCB, 0x1E, 0xAC, 0x1E, 0xAB, 0x1E, 0xAC, 0x1E, 0xAC, 0x1E, 0xEC, 0x1E,
    0xEC, 0x1E, 0xCC, 0x1E, 0xCC, 0x1E, 0xCC, 0x1E, 0xCC, 0x1E, 0xAC, 0x1E, 0xAB, 0x1E, 0xAC, 0x1E,
    0xAB, 0x1E, 0xAC, 0x1E, 0xAC, 0x1E, 0xAC, 0x1E, 0xAC, 0x1E, 0xAC, 0x1E, 0xAC, 0x1E, 0xAC, 0x1E,
    0xAC, 0x1E, 0xAC, 0x1E, 0xAC, 0x1E, 0xAC, 0x1E, 0xAC, 0x1E, 0xAC, 0x1E, 0xAC, 0x1E, 0xAC, 0x1E,
    0xAC, 0x1E, 0xAC, 0x1E, 0xAC, 0x1E, 0xAC, 0x1E, 0xAC, 0x1E, 0xAC, 0x1E, 0xAC, 0x1E, 0xAC, 0x1E,
    0xAC, 0x1E, 0xAC, 0x1E, 0xAC, 0x1E, 0xAC, 0x1E, 0xAC, 0x1E, 0xAC, 0x1E, 0xAC, 0x1E, 0xAC, 0x1E,
    0xAC, 0x1E, 0xAC, 0x1E, 0xAC, 0x1E, 0xAC, 0x1E, 0xAC, 0x1E, 0xAC, 0x1E, 0xAC, 0x1E, 0xAC, 0x1E,
    0xAC, 0x1E, 0xAC, 0x1E, 0xAC, 0x1E, 0xAC, 0x1E, 0xAC, 0x1E, 0xAC, 0x1E, 0xAC, 0x1E, 0xAC, 0x1E,
    0xAC, 0x1E, 0xAC, 0x1E, 0xAC, 0x1E, 0xAC, 0x1E, 0xAC, 0x1E, 0xAC, 0x1E, 0xAC, 0x1E, 0xAC, 0x1E,
    0xAC, 0x1E, 0xAC, 0x1E, 0xAC, 0x1E, 0xAC, 0x1E, 0xAC, 0x1E, 0xAC, 0x1E, 0xAC, 0x1E, 0xAC, 0x1E,
    0xAC, 0x1E, 0xAC, 0x1E, 0xAC, 0x1E, 0xAC, 0x1E, 0xAC, 0x1E, 0xAC, 0x1E, 0xAC, 0x1E, 0xAC, 0x1E,
    0xAC, 0x1E, 0xAC, 0x1E, 0xAC, 0x1E, 0xAC, 0x1E, 0xAC, 0x1E, 0xAC, 0x1E, 0xAC, 0x1E, 0xAC, 0x1E,
    0xAC, 0x1E, 0xAC, 0x1E, 0xAC, 0x1E, 0xAC, 0x1E, 0xAC, 0x1E, 0xAC, 0x1E, 0xAC, 0x1E, 0xAC, 0x1E,
    0xAC, 0x1E, 0xAC, 0x1E, 0xAC, 0x1E, 0xAC, 0x1E, 0xAC, 0x1E, 0xAC, 0x1E, 0xAC, 0x1E, 0xAC, 0x1E,
    0xAC, 0x1E, 0xAC, 0x1E, 0xAC, 0x1E, 0xAC, 0x1E, 0xAB, 0x1E, 0xAB, 0x1E, 0xAC, 0x1E, 0xAB, 0x1E,
    0xAB, 0x1E, 0xAC, 0x1E, 0xAB, 0x1E, 0xAB, 0x1E, 0xAB, 0x1E, 0xAC, 0x1E, 0xAC, 0x1E, 0xAC, 0x1E,
    0xAC, 0x1E, 0xAC, 0x1E, 0xAC, 0x1E, 0xAC, 0x1E, 0xAC, 0x1E, 0xAC, 0x1E, 0xAC, 0x1E, 0xAC, 0x1E,
    0xAC, 0x1E, 0xAC, 0x1E, 0xAC, 0x1E, 0xAC, 0x1E, 0xAC, 0x1E, 0xAC, 0x1E, 0xAC, 0x1E, 0xAC, 0x1E,
    0xAC, 0x1E, 0xAC, 0x1E, 0xAC, 0x1E, 0xAC, 0x1E, 0xAC, 0x1E, 0xAC, 0x1E, 0xAC, 0x1E, 0xAB, 0x1E,
    0xAC, 0x1E, 0xAB, 0x1E, 0xCC, 0x1E, 0xCC, 0x1E, 0xCC, 0x1E, 0xCC, 0x1E, 0xCC, 0x1E, 0xEC, 0x1E,
    0xEC, 0x1E, 0xAB, 0x1E, 0xAB, 0x1E, 0xCC, 0x1E, 0xAC, 0x1E, 0x8B, 0x1E, 0xAC, 0x1E, 0xEF, 0x3F,
    0x00, 0x00, 0x00, 0x00, 0xEA, 0x07, 0xEA, 0x07, 0xEF, 0x07, 0x00, 0x00, 0x00, 0x00, 0xFF, 0x07,
    0xE0, 0x07, 0x00, 0x00, 0x00, 0x00, 0x00, 0x00, 0x00, 0x00, 0x00, 0x00, 0x00, 0x00, 0x00, 0x00,
    0x00, 0x00, 0x00, 0x00, 0x00, 0x00, 0x00, 0x00, 0x00, 0x00, 0x00, 0x00, 0x00, 0x00, 0x00, 0x00,
    0x00, 0x00, 0x00, 0x00, 0x00, 0x00, 0xEF, 0x07, 0xE7, 0x05, 0x4A, 0x05, 0x00, 0x00, 0x00, 0x00,
    0x00, 0x00, 0xAF, 0x2E, 0x0C, 0x1F, 0xAB, 0x1E, 0xAC, 0x1E, 0xAC, 0x1E, 0xAB, 0x1E, 0xCC, 0x1E,
    0xCC, 0x1E, 0xAC, 0x1E, 0xCC, 0x1E, 0xCC, 0x1E, 0xEC, 0x1E, 0xCC, 0x1E, 0xAC, 0x1E, 0xAC, 0x1E,
    0xAB, 0x1E, 0xAC, 0x1E, 0xAC, 0x1E, 0xAC, 0x1E, 0xAC, 0x1E, 0xAC, 0x1E, 0xAC, 0x1E, 0xAC, 0x1E,
    0xAC, 0x1E, 0xAC, 0x1E, 0xAC, 0x1E, 0xAC, 0x1E, 0xAC, 0x1E, 0xAC, 0x1E, 0xAC, 0x1E, 0xAC, 0x1E,
    0xAC, 0x1E, 0xAC, 0x1E, 0xAC, 0x1E, 0xAC, 0x1E, 0xAC, 0x1E, 0xAC, 0x1E, 0xAC, 0x1E, 0xAC, 0x1E,
    0xAC, 0x1E, 0xAC, 0x1E, 0xAC, 0x1E, 0xAC, 0x1E, 0xAC, 0x1E, 0xAC, 0x1E, 0xAC, 0x1E, 0xAC, 0x1E,
    0xAC, 0x1E, 0xAC, 0x1E, 0xAC, 0x1E, 0xAC, 0x1E, 0xAC, 0x1E, 0xAC, 0x1E, 0xAC, 0x1E, 0xAC, 0x1E,
    0xAC, 0x1E, 0xAC, 0x1E, 0xAC, 0x1E, 0xAC, 0x1E, 0xAC, 0x1E, 0xAC, 0x1E, 0xAC, 0x1E, 0xAC, 0x1E,
    0xAC, 0x1E, 0xAC, 0x1E, 0xAC, 0x1E, 0xAC, 0x1E, 0xAC, 0x1E, 0xAC, 0x1E, 0xAC, 0x1E, 0xAC, 0x1E,
    0xAC, 0x1E, 0xAC, 0x1E, 0xAC, 0x1E, 0xAC, 0x1E, 0xAC, 0x1E, 0xAC, 0x1E, 0xAC, 0x1E, 0xAC, 0x1E,
    0xAC, 0x1E, 0xAC, 0x1E, 0xAC, 0x1E, 0xAC, 0x1E, 0xAC, 0x1E, 0xAC, 0x1E, 0xAC, 0x1E, 0xAC, 0x1E,
    0xAC, 0x1E, 0xAC, 0x1E, 0xAC, 0x1E, 0xAC, 0x1E, 0xAC, 0x1E, 0xAC, 0x1E, 0xAC, 0x1E, 0xAC, 0x1E,
    0xAC, 0x1E, 0xAC, 0x1E, 0xAC, 0x1E, 0xAC, 0x1E, 0xAC, 0x1E, 0xAC, 0x1E, 0xAC, 0x1E, 0xAC, 0x1E,
    0xAC, 0x1E, 0xAC, 0x1E, 0xAC, 0x1E, 0xAC, 0x1E, 0xAC, 0x1E, 0xAC, 0x1E, 0xAC, 0x1E, 0xAC, 0x1E,
    0xAC, 0x1E, 0xAC, 0x1E, 0xAC, 0x1E, 0xAC, 0x1E, 0xAC, 0x1E, 0xAC, 0x1E, 0xAB, 0x1E, 0xAB, 0x1E,
    0xAC, 0x1E, 0xAC, 0x1E, 0xAC, 0x1E, 0xAC, 0x1E, 0xAC, 0x1E, 0xAC, 0x1E, 0xAC, 0x1E, 0xAB, 0x1E,
    0xAB, 0x1E, 0xAC, 0x1E, 0xAC, 0x1E, 0xAC, 0x1E, 0xAC, 0x1E, 0xAC, 0x1E, 0xAC, 0x1E, 0xAC, 0x1E,
    0xAC, 0x1E, 0xAC, 0x1E, 0xAC, 0x1E, 0xAC, 0x1E, 0xAC, 0x1E, 0xAC, 0x1E, 0xAC, 0x1E, 0xAC, 0x1E,
    0xAC, 0x1E, 0xAC, 0x1E, 0xAC, 0x1E, 0xAC, 0x1E, 0xAC, 0x1E, 0xAC, 0x1E, 0xAC, 0x1E, 0xAB, 0x1E,
    0xAC, 0x1E, 0xAC, 0x1E, 0xCC, 0x1E, 0xEC, 0x1E, 0xCC, 0x1E, 0xCC, 0x1E, 0xCC, 0x1E, 0xCC, 0x1E,
    0xCC, 0x1E, 0xAC, 0x1E, 0xAC, 0x1E, 0xAC, 0x1E, 0xAC, 0x26, 0xAB, 0x1E, 0xAA, 0x2E, 0x00, 0x00,
    0x00, 0x00, 0x00, 0x00, 0x4A, 0x05, 0xE7, 0x05, 0xEF, 0x07, 0x00, 0x00, 0x00, 0x00, 0x00, 0x00,
    0x00, 0x00, 0x00, 0x00, 0x00, 0x00, 0x00, 0x00, 0x00, 0x00, 0x00, 0x00, 0x00, 0x00, 0x00, 0x00,
    0x00, 0x00, 0x00, 0x00, 0x00, 0x00, 0x00, 0x00, 0x00, 0x00, 0x00, 0x00, 0x00, 0x00, 0x00, 0x00,
    0x00, 0x00, 0x00, 0x00, 0x00, 0x00, 0xEF, 0x07, 0xE7, 0x05, 0x4A, 0x05, 0x00, 0x00, 0x00, 0x00,
    0x00, 0x00, 0xE0, 0x07, 0xAD, 0x16, 0xAB, 0x1E, 0xAB, 0x1E, 0xAC, 0x1E, 0xAB, 0x1E, 0xCC, 0x1E,
    0xAC, 0x1E, 0xAC, 0x1E, 0xCC, 0x1E, 0xEC, 0x1E, 0xEC, 0x1E, 0xCC, 0x1E, 0xAC, 0x1E, 0xAC, 0x1E,
    0xAB, 0x1E, 0xAC, 0x1E, 0xAC, 0x1E, 0xAC, 0x1E, 0xAC, 0x1E, 0xAC, 0x1E, 0xAC, 0x1E, 0xAC, 0x1E,
    0xAC, 0x1E, 0xAC, 0x1E, 0xAC, 0x1E, 0xAC, 0x1E, 0xAC, 0x1E, 0xAC, 0x1E, 0xAC, 0x1E, 0xAC, 0x1E,
    0xAC, 0x1E, 0xAC, 0x1E, 0xAC, 0x1E, 0xAC, 0x1E, 0xAC, 0x1E, 0xAC, 0x1E, 0xAC, 0x1E, 0xAC, 0x1E,
    0xAC, 0x1E, 0xAC, 0x1E, 0xAC, 0x1E, 0xAC, 0x1E, 0xAC, 0x1E, 0xAC, 0x1E, 0xAC, 0x1E, 0xAC, 0x1E,
    0xAC, 0x1E, 0xAC, 0x1E, 0xAC, 0x1E, 0xAC, 0x1E, 0xAC, 0x1E, 0xAC, 0x1E, 0xAC, 0x1E, 0xAC, 0x1E,
    0xAC, 0x1E, 0xAC, 0x1E, 0xAC, 0x1E, 0xAC, 0x1E, 0xAC, 0x1E, 0xAC, 0x1E, 0xAC, 0x1E, 0xAC, 0x1E,
    0xAC, 0x1E, 0xAC, 0x1E, 0xAC, 0x1E, 0xAC, 0x1E, 0xAC, 0x1E, 0xAC, 0x1E, 0xAC, 0x1E, 0xAC, 0x1E,
    0xAC, 0x1E, 0xAC, 0x1E, 0xAC, 0x1E, 0xAC, 0x1E, 0xAC, 0x1E, 0xAC, 0x1E, 0xAC, 0x1E, 0xAC, 0x1E,
    0xAC, 0x1E, 0xAC, 0x1E, 0xAC, 0x1E, 0xAC, 0x1E, 0xAC, 0x1E, 0xAC, 0x1E, 0xAC, 0x1E, 0xAC, 0x1E,
    0xAC, 0x1E, 0xAC, 0x1E, 0xAC, 0x1E, 0xAC, 0x1E, 0xAC, 0x1E, 0xAC, 0x1E, 0xAC, 0x1E, 0xAC, 0x1E,
    0xAC, 0x1E, 0xAC, 0x1E, 0xAC, 0x1E, 0xAC, 0x1E, 0xAC, 0x1E, 0xAC, 0x1E, 0xAC, 0x1E, 0xAC, 0x1E,
    0xAC, 0x1E, 0xAC, 0x1E, 0xAC, 0x1E, 0xAC, 0x1E, 0xAC, 0x1E, 0xAC, 0x1E, 0xAC, 0x1E, 0xAC, 0x1E,
    0xAC, 0x1E, 0xAC, 0x1E, 0xAC, 0x1E, 0xAC, 0x1E, 0xAC, 0x1E, 0xAC, 0x1E, 0xAC, 0x1E, 0xAC, 0x1E,
    0xAC, 0x1E, 0xAC, 0x1E, 0xAC, 0x1E, 0xAC, 0x1E, 0xAC, 0x1E, 0xAC, 0x1E, 0xAC, 0x1E, 0xAC, 0x1E,
    0xAC, 0x1E, 0xAC, 0x1E, 0xAC, 0x1E, 0xAC, 0x1E, 0xAC, 0x1E, 0xAC, 0x1E, 0xAC, 0x1E, 0xAC, 0x1E,
    0xAC, 0x1E, 0xAC, 0x1E, 0xAC, 0x1E, 0xAC, 0x1E, 0xAC, 0x1E, 0xAC, 0x1E, 0xAC, 0x1E, 0xAC, 0x1E,
    0xAC, 0x1E, 0xAC, 0x1E, 0xAC, 0x1E, 0xAC, 0x1E, 0xAC, 0x1E, 0xAC, 0x1E, 0xAC, 0x1E, 0xAB, 0x1E,
    0xAC, 0x1E, 0xAC, 0x1E, 0xCC, 0x1E, 0xEC, 0x1E, 0xEC, 0x1E, 0xCC, 0x1E, 0xAC, 0x1E, 0xAC, 0x1E,
    0xCC, 0x1E, 0xAB, 0x1E, 0xAB, 0x1E, 0xAC, 0x1E, 0xAC, 0x1E, 0xAA, 0x16, 0xE0, 0x07, 0x00, 0x00,
    0x00, 0x00, 0x00, 0x00, 0x4A, 0x05, 0xE7, 0x05, 0xEF, 0x07, 0x00, 0x00, 0x00, 0x00, 0x00, 0x00,
    0x00, 0x00, 0x00, 0x00, 0x00, 0x00, 0x00, 0x00, 0x00, 0x00, 0x00, 0x00, 0x00, 0x00, 0x00, 0x00,
    0x00, 0x00, 0x00, 0x00, 0x00, 0x00, 0x00, 0x00, 0x00, 0x00, 0x00, 0x00, 0x00, 0x00, 0x00, 0x00,
    0x00, 0x00, 0x00, 0x00, 0x00, 0x00, 0xEF, 0x07, 0xE7, 0x05, 0x4A, 0x05, 0x00, 0x00, 0xE0, 0x07,
    0xE0, 0x07, 0x00, 0x00, 0x6C, 0x36, 0x8B, 0x1E, 0xAB, 0x1E, 0xAC, 0x1E, 0xAC, 0x1E, 0xAB, 0x1E,
    0xAB, 0x1E, 0xAC, 0x1E, 0xCC, 0x1E, 0xEC, 0x1E, 0xEC, 0x1E, 0xCC, 0x1E, 0xAC, 0x1E, 0xAB, 0x1E,
    0xCB, 0x1E, 0xAC, 0x1E, 0xAC, 0x1E, 0xAC, 0x1E, 0xAC, 0x1E, 0xAC, 0x1E, 0xAC, 0x1E, 0xAC, 0x1E,
    0xAC, 0x1E, 0xAC, 0x1E, 0xAC, 0x1E, 0xAC, 0x1E, 0xAC, 0x1E, 0xAC, 0x1E, 0xAC, 0x1E, 0xAC, 0x1E,
    0xAC, 0x1E, 0xAC, 0x1E, 0xAC, 0x1E, 0xAC, 0x1E, 0xAC, 0x1E, 0xAC, 0x1E, 0xAC, 0x1E, 0xAC, 0x1E,
    0xAC, 0x1E, 0xAC, 0x1E, 0xAC, 0x1E, 0xAC, 0x1E, 0xAC, 0x1E, 0xAC, 0x1E, 0xAC, 0x1E, 0xAC, 0x1E,
    0xAC, 0x1E, 0xAC, 0x1E, 0xAC, 0x1E, 0xAC, 0x1E, 0xAC, 0x1E, 0xAC, 0x1E, 0xAC, 0x1E, 0xAC, 0x1E,
    0xAC, 0x1E, 0xAC, 0x1E, 0xAC, 0x1E, 0xAC, 0x1E, 0xAC, 0x1E, 0xAC, 0x1E, 0xAC, 0x1E, 0xAC, 0x1E,
    0xAC, 0x1E, 0xAC, 0x1E, 0xAC, 0x1E, 0xAC, 0x1E, 0xAC, 0x1E, 0xAC, 0x1E, 0xAC, 0x1E, 0xAC, 0x1E,
    0xAC, 0x1E, 0xAC, 0x1E, 0xAC, 0x1E, 0xAC, 0x1E, 0xAC, 0x1E, 0xAC, 0x1E, 0xAC, 0x1E, 0xAC, 0x1E,
    0xAC, 0x1E, 0xAC, 0x1E, 0xAC, 0x1E, 0xAC, 0x1E, 0xAC, 0x1E, 0xAC, 0x1E, 0xAC, 0x1E, 0xAC, 0x1E,
    0xAC, 0x1E, 0xAC, 0x1E, 0xAC, 0x1E, 0xAC, 0x1E, 0xAC, 0x1E, 0xAC, 0x1E, 0xAC, 0x1E, 0xAC, 0x1E,
    0xAC, 0x1E, 0xAC, 0x1E, 0xAC, 0x1E, 0xAC, 0x1E, 0xAC, 0x1E, 0xAC, 0x1E, 0xAC, 0x1E, 0xAC, 0x1E,
    0xAC, 0x1E, 0xAC, 0x1E, 0xAC, 0x1E, 0xAC, 0x1E, 0xAC, 0x1E, 0xAC, 0x1E, 0xAC, 0x1E, 0xAC, 0x1E,
    0xAC, 0x1E, 0xAC, 0x1E, 0xAC, 0x1E, 0xAC, 0x1E, 0xAC, 0x1E, 0xAC, 0x1E, 0xAC, 0x1E, 0xAC, 0x1E,
    0xAC, 0x1E, 0xAC, 0x1E, 0xAC, 0x1E, 0xAC, 0x1E, 0xAC, 0x1E, 0xAC, 0x1E, 0xAC, 0x1E, 0xAC, 0x1E,
    0xAC, 0x1E, 0xAC, 0x1E, 0xAC, 0x1E, 0xAC, 0x1E, 0xAC, 0x1E, 0xAC, 0x1E, 0xAC, 0x1E, 0xAC, 0x1E,
    0xAC, 0x1E, 0xAC, 0x1E, 0xAC, 0x1E, 0xAC, 0x1E, 0xAC, 0x1E, 0xAC, 0x1E, 0xAC, 0x1E, 0xAC, 0x1E,
    0xAC, 0x1E, 0xAC, 0x1E, 0xAC, 0x1E, 0xAC, 0x1E, 0xAC, 0x1E, 0xAC, 0x1E, 0xAC, 0x1E, 0xCB, 0x1E,
    0xAB, 0x1E, 0xAC, 0x1E, 0xCC, 0x1E, 0xEC, 0x1E, 0xEC, 0x1E, 0xCC, 0x1E, 0xAC, 0x1E, 0xAC, 0x1E,
    0xAB, 0x1E, 0xAC, 0x1E, 0xAC, 0x1E, 0xAB, 0x1E, 0x6B, 0x1E, 0x6C, 0x36, 0x00, 0x00, 0xE0, 0x07,
    0xE0, 0x07, 0x00, 0x00, 0x4A, 0x05, 0xE7, 0x05, 0xEF, 0x07, 0x00, 0x00, 0x00, 0x00, 0x00, 0x00,
    0x00, 0x00, 0x00, 0x00, 0x00, 0x00, 0x00, 0x00, 0x00, 0x00, 0x00, 0x00, 0x00, 0x00, 0x00, 0x00,
    0x00, 0x00, 0x00, 0x00, 0x00, 0x00, 0x00, 0x00, 0x00, 0x00, 0x00, 0x00, 0x00, 0x00, 0x00, 0x00,
    0x00, 0x00, 0x00, 0x00, 0x00, 0x00, 0xEF, 0x07, 0x4A, 0x05, 0xEF, 0x07, 0xE0, 0x07, 0xEF, 0x03,
    0xEF, 0x07, 0x00, 0x00, 0x00, 0x00, 0xCB, 0x26, 0xCC, 0x1E, 0x8C, 0x1E, 0xAC, 0x1E, 0xAC, 0x1E,
    0xAC, 0x1E, 0xAC, 0x1E, 0xCC, 0x1E, 0xCC, 0x1E, 0xEC, 0x1E, 0xCC, 0x1E, 0xCC, 0x1E, 0xAC, 0x1E,
    0xCC, 0x1E, 0xAC, 0x1E, 0xAB, 0x1E, 0xAB, 0x1E, 0xAC, 0x1E, 0xAC, 0x1E, 0xAC, 0x1E, 0xAC, 0x1E,
    0xAC, 0x1E, 0xAC, 0x1E, 0xAC, 0x1E, 0xAC, 0x1E, 0xAC, 0x1E, 0xAC, 0x1E, 0xAC, 0x1E, 0xAC, 0x1E,
    0xAC, 0x1E, 0xAC, 0x1E, 0xAC, 0x1E, 0xAC, 0x1E, 0xAC, 0x1E, 0xAC, 0x1E, 0xAC, 0x1E, 0xAC, 0x1E,
    0xAC, 0x1E, 0xAC, 0x1E, 0xAC, 0x1E, 0xAC, 0x1E, 0xAC, 0x1E, 0xAC, 0x1E, 0xAC, 0x1E, 0xAC, 0x1E,
    0xAC, 0x1E, 0xAC, 0x1E, 0xAC, 0x1E, 0xAC, 0x1E, 0xAC, 0x1E, 0xAC, 0x1E, 0xAC, 0x1E, 0xAC, 0x1E,
    0xAC, 0x1E, 0xAC, 0x1E, 0xAC, 0x1E, 0xAC, 0x1E, 0xAC, 0x1E, 0xAC, 0x1E, 0xAC, 0x1E, 0xAC, 0x1E,
    0xAC, 0x1E, 0xAC, 0x1E, 0xAC, 0x1E, 0xAC, 0x1E, 0xAC, 0x1E, 0xAC, 0x1E, 0xAC, 0x1E, 0xAC, 0x1E,
    0xAC, 0x1E, 0xAC, 0x1E, 0xAC, 0x1E, 0xAC, 0x1E, 0xAC, 0x1E, 0xAC, 0x1E, 0xAC, 0x1E, 0xAC, 0x1E,
    0xAC, 0x1E, 0xAC, 0x1E, 0xAC, 0x1E, 0xAC, 0x1E, 0xAC, 0x1E, 0xAC, 0x1E, 0xAC, 0x1E, 0xAC, 0x1E,
    0xAC, 0x1E, 0xAC, 0x1E, 0xAC, 0x1E, 0xAC, 0x1E, 0xAC, 0x1E, 0xAC, 0x1E, 0xAC, 0x1E, 0xAC, 0x1E,
    0xAC, 0x1E, 0xAC, 0x1E, 0xAC, 0x1E, 0xAC, 0x1E, 0xAC, 0x1E, 0xAC, 0x1E, 0xAC, 0x1E, 0xAC, 0x1E,
    0xAC, 0x1E, 0xAC, 0x1E, 0xAC, 0x1E, 0xAC, 0x1E, 0xAC, 0x1E, 0xAC, 0x1E, 0xAC, 0x1E, 0xAC, 0x1E,
    0xAC, 0x1E, 0xAC, 0x1E, 0xAC, 0x1E, 0xAC, 0x1E, 0xAC, 0x1E, 0xAC, 0x1E, 0xAC, 0x1E, 0xAC, 0x1E,
    0xAC, 0x1E, 0xAC, 0x1E, 0xAC, 0x1E, 0xAC, 0x1E, 0xAC, 0x1E, 0xAC, 0x1E, 0xAC, 0x1E, 0xAC, 0x1E,
    0xAC, 0x1E, 0xAC, 0x1E, 0xAC, 0x1E, 0xAC, 0x1E, 0xAC, 0x1E, 0xAC, 0x1E, 0xAC, 0x1E, 0xAC, 0x1E,
    0xAC, 0x1E, 0xAC, 0x1E, 0xAC, 0x1E, 0xAC, 0x1E, 0xAC, 0x1E, 0xAC, 0x1E, 0xAC, 0x1E, 0xAC, 0x1E,
    0xAC, 0x1E, 0xAC, 0x1E, 0xAC, 0x1E, 0xAC, 0x1E, 0xAB, 0x1E, 0xAB, 0x1E, 0xAC, 0x1E, 0xCC, 0x1E,
    0xAC, 0x1E, 0xCC, 0x1E, 0xEC, 0x1E, 0xEC, 0x1E, 0xEC, 0x1E, 0xCC, 0x1E, 0xAB, 0x1E, 0xAB, 0x1E,
    0xAC, 0x1E, 0xCB, 0x1E, 0x8C, 0x1E, 0x8C, 0x1E, 0x4B, 0x26, 0x00, 0x00, 0x00, 0x00, 0xEF, 0x07,
    0xEF, 0x03, 0xE0, 0x07, 0xEF, 0x07, 0x4A, 0x05, 0xEF, 0x07, 0x00, 0x00, 0x00, 0x00, 0x00, 0x00,
    0x00, 0x00, 0x00, 0x00, 0x00, 0x00, 0x00, 0x00, 0x00, 0x00, 0x00, 0x00, 0x00, 0x00, 0x00, 0x00,
    0x00, 0x00, 0x00, 0x00, 0x00, 0x00, 0x00, 0x00, 0x00, 0x00, 0x00, 0x00, 0x00, 0x00, 0x00, 0x00,
    0x00, 0x00, 0x00, 0x00, 0x00, 0x00, 0xE0, 0x07, 0xE0, 0x03, 0xE0, 0x07, 0x00, 0x00, 0xEF, 0x03,
    0xEF, 0x07, 0x00, 0x00, 0x00, 0x00, 0x6C, 0x36, 0xEA, 0x26, 0x8C, 0x1E, 0xAC, 0x1E, 0xAC, 0x1E,
    0xAC, 0x1E, 0xAC, 0x1E, 0xAC, 0x1E, 0xCC, 0x1E, 0xCC, 0x1E, 0xCC, 0x1E, 0xCC, 0x1E, 0xCC, 0x1E,
    0xCC, 0x1E, 0xCC, 0x1E, 0xAC, 0x1E, 0xAB, 0x1E, 0xAC, 0x1E, 0xAC, 0x1E, 0xAC, 0x1E, 0xAC, 0x1E,
    0xAC, 0x1E, 0xAC, 0x1E, 0xAC, 0x1E, 0xAC, 0x1E, 0xAC, 0x1E, 0xAC, 0x1E, 0xAC, 0x1E, 0xAC, 0x1E,
    0xAC, 0x1E, 0xAC, 0x1E, 0xAC, 0x1E, 0xAC, 0x1E, 0xAC, 0x1E, 0xAC, 0x1E, 0xAC, 0x1E, 0xAC, 0x1E,
    0xAC, 0x1E, 0xAC, 0x1E, 0xAC, 0x1E, 0xAC, 0x1E, 0xAC, 0x1E, 0xAC, 0x1E, 0xAC, 0x1E, 0xAC, 0x1E,
    0xAC, 0x1E, 0xAC, 0x1E, 0xAC, 0x1E, 0xAC, 0x1E, 0xAC, 0x1E, 0xAC, 0x1E, 0xAC, 0x1E, 0xAC, 0x1E,
    0xAC, 0x1E, 0xAC, 0x1E, 0xAC, 0x1E, 0xAC, 0x1E, 0xAC, 0x1E, 0xAC, 0x1E, 0xAC, 0x1E, 0xAC, 0x1E,
    0xAC, 0x1E, 0xAC, 0x1E, 0xAC, 0x1E, 0xAC, 0x1E, 0xAC, 0x1E, 0xAC, 0x1E, 0xAC, 0x1E, 0xAC, 0x1E,
    0xAC, 0x1E, 0xAC, 0x1E, 0xAC, 0x1E, 0xAC, 0x1E, 0xAC, 0x1E, 0xAC, 0x1E, 0xAC, 0x1E, 0xAC, 0x1E,
    0xAC, 0x1E, 0xAC, 0x1E, 0xAC, 0x1E, 0xAC, 0x1E, 0xAC, 0x1E, 0xAC, 0x1E, 0xAC, 0x1E, 0xAC, 0x1E,
    0xAC, 0x1E, 0xAC, 0x1E, 0xAC, 0x1E, 0xAC, 0x1E, 0xAC, 0x1E, 0xAC, 0x1E, 0xAC, 0x1E, 0xAC, 0x1E,
    0xAC, 0x1E, 0xAC, 0x1E, 0xAC, 0x1E, 0xAC, 0x1E, 0xAC, 0x1E, 0xAC, 0x1E, 0xAC, 0x1E, 0xAC, 0x1E,
    0xAC, 0x1E, 0xAC, 0x1E, 0xAC, 0x1E, 0xAC, 0x1E, 0xAC, 0x1E, 0xAC, 0x1E, 0xAC, 0x1E, 0xAC, 0x1E,
    0xAC, 0x1E, 0xAC, 0x1E, 0xAC, 0x1E, 0xAC, 0x1E, 0xAC, 0x1E, 0xAC, 0x1E, 0xAC, 0x1E, 0xAC, 0x1E,
    0xAC, 0x1E, 0xAC, 0x1E, 0xAC, 0x1E, 0xAC, 0x1E, 0xAC, 0x1E, 0xAC, 0x1E, 0xAC, 0x1E, 0xAC, 0x1E,
    0xAC, 0x1E, 0xAC, 0x1E, 0xAC, 0x1E, 0xAC, 0x1E, 0xAC, 0x1E, 0xAC, 0x1E, 0xAC, 0x1E, 0xAC, 0x1E,
    0xAC, 0x1E, 0xAC, 0x1E, 0xAC, 0x1E, 0xAC, 0x1E, 0xAC, 0x1E, 0xAC, 0x1E, 0xAC, 0x1E, 0xAC, 0x1E,
    0xAC, 0x1E, 0xAC, 0x1E, 0xAC, 0x1E, 0xAC, 0x1E, 0xAC, 0x1E, 0xAC, 0x1E, 0xCC, 0x1E, 0xCC, 0x1E,
    0xCC, 0x1E, 0xCC, 0x1E, 0xCC, 0x1E, 0xCC, 0x1E, 0xCC, 0x1E, 0xAC, 0x1E, 0xAC, 0x1E, 0xCB, 0x1E,
    0xAC, 0x1E, 0xCC, 0x1E, 0x8B, 0x1E, 0x6A, 0x26, 0xCC, 0x34, 0x00, 0x00, 0x00, 0x00, 0xEF, 0x07,
    0xEF, 0x03, 0x00, 0x00, 0xE0, 0x07, 0xE0, 0x03, 0xE0, 0x07, 0x00, 0x00, 0x00, 0x00, 0x00, 0x00,
    0x00, 0x00, 0x00, 0x00, 0x00, 0x00, 0x00, 0x00, 0x00, 0x00, 0x00, 0x00, 0x00, 0x00, 0x00, 0x00,
    0x00, 0x00, 0x00, 0x00, 0x00, 0x00, 0x00, 0x00, 0x00, 0x00, 0x00, 0x00, 0x00, 0x00, 0x00, 0x00,
    0x00, 0x00, 0x00, 0x00, 0x00, 0x00, 0x00, 0x00, 0x00, 0x00, 0x00, 0x00, 0x00, 0x00, 0xEF, 0x03,
    0x4A, 0x05, 0xE0, 0x03, 0x00, 0x00, 0x00, 0x00, 0xEA, 0x07, 0xEB, 0x1D, 0xCC, 0x1E, 0xAC, 0x1E,
    0xAC, 0x1E, 0xAC, 0x1E, 0xAC, 0x1E, 0xAC, 0x1E, 0xAB, 0x1E, 0xAB, 0x1E, 0xAC, 0x1E, 0xCC, 0x1E,
    0xCC, 0x1E, 0xCC, 0x1E, 0xAC, 0x1E, 0xAC, 0x1E, 0xAC, 0x1E, 0xAC, 0x1E, 0xAC, 0x1E, 0xAC, 0x1E,
    0xAC, 0x1E, 0xAC, 0x1E, 0xAC, 0x1E, 0xAC, 0x1E, 0xAC, 0x1E, 0xAC, 0x1E, 0xAC, 0x1E, 0xAC, 0x1E,
    0xAC, 0x1E, 0xAC, 0x1E, 0xAC, 0x1E, 0xAC, 0x1E, 0xAC, 0x1E, 0xAC, 0x1E, 0xAC, 0x1E, 0xAC, 0x1E,
    0xAC, 0x1E, 0xAC, 0x1E, 0xAC, 0x1E, 0xAC, 0x1E, 0xAC, 0x1E, 0xAC, 0x1E, 0xAC, 0x1E, 0xAC, 0x1E,
    0xAC, 0x1E, 0xAC, 0x1E, 0xAC, 0x1E, 0xAC, 0x1E, 0xAC, 0x1E, 0xAC, 0x1E, 0xAC, 0x1E, 0xAC, 0x1E,
    0xAC, 0x1E, 0xAC, 0x1E, 0xAC, 0x1E, 0xAC, 0x1E, 0xAC, 0x1E, 0xAC, 0x1E, 0xAC, 0x1E, 0xAC, 0x1E,
    0xAC, 0x1E, 0xAC, 0x1E, 0xAC, 0x1E, 0xAC, 0x1E, 0xAC, 0x1E, 0xAC, 0x1E, 0xAC, 0x1E, 0xAC, 0x1E,
    0xAC, 0x1E, 0xAC, 0x1E, 0xAC, 0x1E, 0xAC, 0x1E, 0xAC, 0x1E, 0xAC, 0x1E, 0xAC, 0x1E, 0xAC, 0x1E,
    0xAC, 0x1E, 0xAC, 0x1E, 0xAC, 0x1E, 0xAC, 0x1E, 0xAC, 0x1E, 0xAC, 0x1E, 0xAC, 0x1E, 0xAC, 0x1E,
    0xAC, 0x1E, 0xAC, 0x1E, 0xAC, 0x1E, 0xAC, 0x1E, 0xAC, 0x1E, 0xAC, 0x1E, 0xAC, 0x1E, 0xAC, 0x1E,
    0xAC, 0x1E, 0xAC, 0x1E, 0xAC, 0x1E, 0xAC, 0x1E, 0xAC, 0x1E, 0xAC, 0x1E, 0xAC, 0x1E, 0xAC, 0x1E,
    0xAC, 0x1E, 0xAC, 0x1E, 0xAC, 0x1E, 0xAC, 0x1E, 0xAC, 0x1E, 0xAC, 0x1E, 0xAC, 0x1E, 0xAC, 0x1E,
    0xAC, 0x1E, 0xAC, 0x1E, 0xAC, 0x1E, 0xAC, 0x1E, 0xAC, 0x1E, 0xAC, 0x1E, 0xAC, 0x1E, 0xAC, 0x1E,
    0xAC, 0x1E, 0xAC, 0x1E, 0xAC, 0x1E, 0xAC, 0x1E, 0xAC, 0x1E, 0xAC, 0x1E, 0xAC, 0x1E, 0xAC, 0x1E,
    0xAC, 0x1E, 0xAC, 0x1E, 0xAC, 0x1E, 0xAC, 0x1E, 0xAC, 0x1E, 0xAC, 0x1E, 0xAC, 0x1E, 0xAC, 0x1E,
    0xAC, 0x1E, 0xAC, 0x1E, 0xAC, 0x1E, 0xAC, 0x1E, 0xAC, 0x1E, 0xAC, 0x1E, 0xAC, 0x1E, 0xAC, 0x1E,
    0xAC, 0x1E, 0xAC, 0x1E, 0xAC, 0x1E, 0xAC, 0x1E, 0xAC, 0x1E, 0xAC, 0x1E, 0xCC, 0x1E, 0xCC, 0x1E,
    0xCC, 0x1E, 0xAC, 0x1E, 0xAB, 0x1E, 0xCC, 0x1E, 0xAC, 0x1E, 0xAC, 0x1E, 0xAB, 0x1E, 0xCC, 0x1E,
    0xAB, 0x1E, 0xAC, 0x1E, 0xA9, 0x25, 0xEA, 0x07, 0x00, 0x00, 0x00, 0x00, 0xEF, 0x03, 0x4A, 0x05,
    0xEF, 0x03, 0x00, 0x00, 0x00, 0x00, 0x00, 0x00, 0x00, 0x00, 0x00, 0x00, 0x00, 0x00, 0x00, 0x00,
    0x00, 0x00, 0x00, 0x00, 0x00, 0x00, 0x00, 0x00, 0x00, 0x00, 0x00, 0x00, 0x00, 0x00, 0x00, 0x00,
    0x00, 0x00, 0x00, 0x00, 0x00, 0x00, 0x00, 0x00, 0x00, 0x00, 0x00, 0x00, 0x00, 0x00, 0x00, 0x00,
    0x00, 0x00, 0x00, 0x00, 0x00, 0x00, 0x00, 0x00, 0x00, 0x00, 0x00, 0x00, 0x00, 0x00, 0xEF, 0x03,
    0xC6, 0x04, 0xE7, 0x05, 0xE0, 0x07, 0x00, 0x00, 0x00, 0x00, 0x00, 0x00, 0x6C, 0x26, 0xCC, 0x26,
    0xAC, 0x1E, 0xCC, 0x1E, 0xAC, 0x1E, 0xAC, 0x1E, 0xAB, 0x1E, 0xAB, 0x1E, 0xAC, 0x1E, 0xCC, 0x1E,
    0xEC, 0x1E, 0xCC, 0x1E, 0xAC, 0x1E, 0xAB, 0x1E, 0xAC, 0x1E, 0xAC, 0x1E, 0xAC, 0x1E, 0xAC, 0x1E,
    0xAC, 0x1E, 0xAC, 0x1E, 0xAC, 0x1E, 0xAC, 0x1E, 0xAC, 0x1E, 0xAC, 0x1E, 0xAC, 0x1E, 0xAC, 0x1E,
    0xAC, 0x1E, 0xAC, 0x1E, 0xAC, 0x1E, 0xAC, 0x1E, 0xAC, 0x1E, 0xAC, 0x1E, 0xAC, 0x1E, 0xAC, 0x1E,
    0xAC, 0x1E, 0xAC, 0x1E, 0xAC, 0x1E, 0xAC, 0x1E, 0xAC, 0x1E, 0xAC, 0x1E, 0xAC, 0x1E, 0xAC, 0x1E,
    0xAC, 0x1E, 0xAC, 0x1E, 0xAC, 0x1E, 0xAC, 0x1E, 0xAC, 0x1E, 0xAC, 0x1E, 0xAC, 0x1E, 0xAC, 0x1E,
    0xAC, 0x1E, 0xAC, 0x1E, 0xAC, 0x1E, 0xAC, 0x1E, 0xAC, 0x1E, 0xAC, 0x1E, 0xAC, 0x1E, 0xAC, 0x1E,
    0xAC, 0x1E, 0xAC, 0x1E, 0xAC, 0x1E, 0xAC, 0x1E, 0xAC, 0x1E, 0xAC, 0x1E, 0xAC, 0x1E, 0xAC, 0x1E,
    0xAC, 0x1E, 0xAC, 0x1E, 0xAC, 0x1E, 0xAC, 0x1E, 0xAC, 0x1E, 0xAC, 0x1E, 0xAC, 0x1E, 0xAC, 0x1E,
    0xAC, 0x1E, 0xAC, 0x1E, 0xAC, 0x1E, 0xAC, 0x1E, 0xAC, 0x1E, 0xAC, 0x1E, 0xAC, 0x1E, 0xAC, 0x1E,
    0xAC, 0x1E, 0xAC, 0x1E, 0xAC, 0x1E, 0xAC, 0x1E, 0xAC, 0x1E, 0xAC, 0x1E, 0xAC, 0x1E, 0xAC, 0x1E,
    0xAC, 0x1E, 0xAC, 0x1E, 0xAC, 0x1E, 0xAC, 0x1E, 0xAC, 0x1E, 0xAC, 0x1E, 0xAC, 0x1E, 0xAC, 0x1E,
    0xAC, 0x1E, 0xAC, 0x1E, 0xAC, 0x1E, 0xAC, 0x1E, 0xAC, 0x1E, 0xAC, 0x1E, 0xAC, 0x1E, 0xAC, 0x1E,
    0xAC, 0x1E, 0xAC, 0x1E, 0xAC, 0x1E, 0xAC, 0x1E, 0xAC, 0x1E, 0xAC, 0x1E, 0xAC, 0x1E, 0xAC, 0x1E,
    0xAC, 0x1E, 0xAC, 0x1E, 0xAC, 0x1E, 0xAC, 0x1E, 0xAC, 0x1E, 0xAC, 0x1E, 0xAC, 0x1E, 0xAC, 0x1E,
    0xAC, 0x1E, 0xAC, 0x1E, 0xAC, 0x1E, 0xAC, 0x1E, 0xAC, 0x1E, 0xAC, 0x1E, 0xAC, 0x1E, 0xAC, 0x1E,
    0xAC, 0x1E, 0xAC, 0x1E, 0xAC, 0x1E, 0xAC, 0x1E, 0xAC, 0x1E, 0xAC, 0x1E, 0xAC, 0x1E, 0xAC, 0x1E,
    0xAC, 0x1E, 0xAC, 0x1E, 0xAC, 0x1E, 0xAC, 0x1E, 0xAB, 0x1E, 0xAC, 0x1E, 0xCC, 0x1E, 0xEC, 0x1E,
    0xCC, 0x1E, 0xAC, 0x1E, 0xAB, 0x1E, 0xAC, 0x1E, 0xAB, 0x1E, 0xAB, 0x1E, 0xAC, 0x1E, 0xCC, 0x1E,
    0xCB, 0x26, 0xCD, 0x26, 0x00, 0x00, 0x00, 0x00, 0x00, 0x00, 0xE0, 0x07, 0xE7, 0x05, 0xC6, 0x04,
    0xEF, 0x03, 0x00, 0x00, 0x00, 0x00, 0x00, 0x00, 0x00, 0x00, 0x00, 0x00, 0x00, 0x00, 0x00, 0x00,
    0x00, 0x00, 0x00, 0x00, 0x00, 0x00, 0x00, 0x00, 0x00, 0x00, 0x00, 0x00, 0x00, 0x00, 0x00, 0x00,
    0x00, 0x00, 0x00, 0x00, 0x00, 0x00, 0x00, 0x00, 0x00, 0x00, 0x00, 0x00, 0x00, 0x00, 0x00, 0x00,
    0x00, 0x00, 0x00, 0x00, 0x00, 0x00, 0x00, 0x00, 0x00, 0x00, 0x00, 0x00, 0x00, 0x00, 0xEF, 0x03,
    0xE7, 0x05, 0xE7, 0x05, 0xFF, 0x07, 0x00, 0x00, 0x00, 0x00, 0x00, 0x00, 0x4A, 0x55, 0x0C, 0x1F,
    0xAB, 0x1E, 0xAC, 0x1E, 0xAC, 0x1E, 0xAC, 0x1E, 0xAB, 0x1E, 0xAB, 0x1E, 0xAC, 0x1E, 0xCC, 0x1E,
    0xEC, 0x1E, 0xEC, 0x1E, 0xCC, 0x1E, 0xAC, 0x1E, 0xCC, 0x1E, 0xAC, 0x1E, 0xAC, 0x1E, 0xAB, 0x1E,
    0xAC, 0x1E, 0xAC, 0x1E, 0xAC, 0x1E, 0xAC, 0x1E, 0xAC, 0x1E, 0xAC, 0x1E, 0xAC, 0x1E, 0xAC, 0x1E,
    0xAC, 0x1E, 0xAC, 0x1E, 0xAC, 0x1E, 0xAC, 0x1E, 0xAC, 0x1E, 0xAC, 0x1E, 0xAC, 0x1E, 0xAC, 0x1E,
    0xAC, 0x1E, 0xAC, 0x1E, 0xAC, 0x1E, 0xAC, 0x1E, 0xAC, 0x1E, 0xAC, 0x1E, 0xAC, 0x1E, 0xAC, 0x1E,
    0xAC, 0x1E, 0xAC, 0x1E, 0xAC, 0x1E, 0xAC, 0x1E, 0xAC, 0x1E, 0xAC, 0x1E, 0xAC, 0x1E, 0xAC, 0x1E,
    0xAC, 0x1E, 0xAC, 0x1E, 0xAC, 0x1E, 0xAC, 0x1E, 0xAC, 0x1E, 0xAC, 0x1E, 0xAC, 0x1E, 0xAC, 0x1E,
    0xAC, 0x1E, 0xAC, 0x1E, 0xAC, 0x1E, 0xAC, 0x1E, 0xAC, 0x1E, 0xAC, 0x1E, 0xAC, 0x1E, 0xAC, 0x1E,
    0xAC, 0x1E, 0xAC, 0x1E, 0xAC, 0x1E, 0xAC, 0x1E, 0xAC, 0x1E, 0xAC, 0x1E, 0xAC, 0x1E, 0xAC, 0x1E,
    0xAC, 0x1E, 0xAC, 0x1E, 0xAC, 0x1E, 0xAC, 0x1E, 0xAC, 0x1E, 0xAC, 0x1E, 0xAC, 0x1E, 0xAC, 0x1E,
    0xAC, 0x1E, 0xAC, 0x1E, 0xAC, 0x1E, 0xAC, 0x1E, 0xAC, 0x1E, 0xAC, 0x1E, 0xAC, 0x1E, 0xAC, 0x1E,
    0xAC, 0x1E, 0xAC, 0x1E, 0xAC, 0x1E, 0xAC, 0x1E, 0xAC, 0x1E, 0xAC, 0x1E, 0xAC, 0x1E, 0xAC, 0x1E,
    0xAC, 0x1E, 0xAC, 0x1E, 0xAC, 0x1E, 0xAC, 0x1E, 0xAC, 0x1E, 0xAC, 0x1E, 0xAC, 0x1E, 0xAC, 0x1E,
    0xAC, 0x1E, 0xAC, 0x1E, 0xAC, 0x1E, 0xAC, 0x1E, 0xAC, 0x1E, 0xAC, 0x1E, 0xAC, 0x1E, 0xAC, 0x1E,
    0xAC, 0x1E, 0xAC, 0x1E, 0xAC, 0x1E, 0xAC, 0x1E, 0xAC, 0x1E, 0xAC, 0x1E, 0xAC, 0x1E, 0xAC, 0x1E,
    0xAC, 0x1E, 0xAC, 0x1E, 0xAC, 0x1E, 0xAC, 0x1E, 0xAC, 0x1E, 0xAC, 0x1E, 0xAC, 0x1E, 0xAC, 0x1E,
    0xAC, 0x1E, 0xAC, 0x1E, 0xAC, 0x1E, 0xAC, 0x1E, 0xAC, 0x1E, 0xAC, 0x1E, 0xAC, 0x1E, 0xAC, 0x1E,
    0xAB, 0x1E, 0xAC, 0x1E, 0xAC, 0x1E, 0xAC, 0x1E, 0xAC, 0x1E, 0xCC, 0x1E, 0xEC, 0x1E, 0xEC, 0x1E,
    0xCC, 0x1E, 0xAC, 0x1E, 0xAB, 0x1E, 0xAB, 0x1E, 0xAB, 0x1E, 0xAB, 0x1E, 0xAC, 0x1E, 0xEC, 0x1E,
    0xAC, 0x1E, 0xF5, 0x57, 0x00, 0x00, 0x00, 0x00, 0x00, 0x00, 0xFF, 0x07, 0xE7, 0x05, 0xE7, 0x05,
    0xEF, 0x03, 0x00, 0x00, 0x00, 0x00, 0x00, 0x00, 0x00, 0x00, 0x00, 0x00, 0x00, 0x00, 0x00, 0x00,
    0x00, 0x00, 0x00, 0x00, 0x00, 0x00, 0x00, 0x00, 0x00, 0x00, 0x00, 0x00, 0x00, 0x00, 0x00, 0x00,
    0x00, 0x00, 0x00, 0x00, 0x00, 0x00, 0x00, 0x00, 0x00, 0x00, 0x00, 0x00, 0x00, 0x00, 0x00, 0x00,
    0x00, 0x00, 0x00, 0x00, 0x00, 0x00, 0x00, 0x00, 0x00, 0x00, 0x00, 0x00, 0x00, 0x00, 0xE0, 0x07,
    0x4A, 0x05, 0xEF, 0x07, 0x00, 0x00, 0x00, 0x00, 0x00, 0x00, 0x00, 0x00, 0x00, 0x00, 0x2C, 0x1F,
    0x6B, 0x1E, 0xAC, 0x26, 0xCB, 0x26, 0xAC, 0x1E, 0xAB, 0x1E, 0xAB, 0x1E, 0xCC, 0x1E, 0xCC, 0x1E,
    0xCC, 0x1E, 0xCC, 0x1E, 0xCC, 0x1E, 0xCC, 0x1E, 0xCC, 0x1E, 0xCC, 0x1E, 0xAC, 0x1E, 0xAC, 0x1E,
    0xAC, 0x1E, 0xAC, 0x1E, 0xAC, 0x1E, 0xAC, 0x1E, 0xAC, 0x1E, 0xAC, 0x1E, 0xAC, 0x1E, 0xAC, 0x1E,
    0xAC, 0x1E, 0xAC, 0x1E, 0xAC, 0x1E, 0xAC, 0x1E, 0xAC, 0x1E, 0xAC, 0x1E, 0xAC, 0x1E, 0xAC, 0x1E,
    0xAC, 0x1E, 0xAC, 0x1E, 0xAC, 0x1E, 0xAC, 0x1E, 0xAC, 0x1E, 0xAC, 0x1E, 0xAC, 0x1E, 0xAC, 0x1E,
    0xAC, 0x1E, 0xAC, 0x1E, 0xAC, 0x1E, 0xAC, 0x1E, 0xAC, 0x1E, 0xAC, 0x1E, 0xAC, 0x1E, 0xAC, 0x1E,
    0xAC, 0x1E, 0xAC, 0x1E, 0xAC, 0x1E, 0xAC, 0x1E, 0xAC, 0x1E, 0xAC, 0x1E, 0xAC, 0x1E, 0xAC, 0x1E,
    0xAC, 0x1E, 0xAC, 0x1E, 0xAC, 0x1E, 0xAC, 0x1E, 0xAC, 0x1E, 0xAC, 0x1E, 0xAC, 0x1E, 0xAC, 0x1E,
    0xAC, 0x1E, 0xAC, 0x1E, 0xAC, 0x1E, 0xAC, 0x1E, 0xAC, 0x1E, 0xAC, 0x1E, 0xAC, 0x1E, 0xAC, 0x1E,
    0xAC, 0x1E, 0xAC, 0x1E, 0xAC, 0x1E, 0xAC, 0x1E, 0xAC, 0x1E, 0xAC, 0x1E, 0xAC, 0x1E, 0xAC, 0x1E,
    0xAC, 0x1E, 0xAC, 0x1E, 0xAC, 0x1E, 0xAC, 0x1E, 0xAC, 0x1E, 0xAC, 0x1E, 0xAC, 0x1E, 0xAC, 0x1E,
    0xAC, 0x1E, 0xAC, 0x1E, 0xAC, 0x1E, 0xAC, 0x1E, 0xAC, 0x1E, 0xAC, 0x1E, 0xAC, 0x1E, 0xAC, 0x1E,
    0xAC, 0x1E, 0xAC, 0x1E, 0xAC, 0x1E, 0xAC, 0x1E, 0xAC, 0x1E, 0xAC, 0x1E, 0xAC, 0x1E, 0xAC, 0x1E,
    0xAC, 0x1E, 0xAC, 0x1E, 0xAC, 0x1E, 0xAC, 0x1E, 0xAC, 0x1E, 0xAC, 0x1E, 0xAC, 0x1E, 0xAC, 0x1E,
    0xAC, 0x1E, 0xAC, 0x1E, 0xAC, 0x1E, 0xAC, 0x1E, 0xAC, 0x1E, 0xAC, 0x1E, 0xAC, 0x1E, 0xAC, 0x1E,
    0xAC, 0x1E, 0xAC, 0x1E, 0xAC, 0x1E, 0xAC, 0x1E, 0xAC, 0x1E, 0xAC, 0x1E, 0xAC, 0x1E, 0xAC, 0x1E,
    0xAC, 0x1E, 0xAC, 0x1E, 0xAC, 0x1E, 0xAC, 0x1E, 0xAC, 0x1E, 0xAC, 0x1E, 0xAC, 0x1E, 0xAC, 0x1E,
    0xAC, 0x1E, 0xAC, 0x1E, 0xAC, 0x1E, 0xCC, 0x1E, 0xCC, 0x1E, 0xCC, 0x1E, 0xCC, 0x1E, 0xCC, 0x1E,
    0xCC, 0x1E, 0xAC, 0x1E, 0xAC, 0x1E, 0xAB, 0x1E, 0x8B, 0x1E, 0xAB, 0x26, 0xAB, 0x26, 0xAC, 0x1E,
    0x6C, 0x1E, 0x00, 0x00, 0x00, 0x00, 0x00, 0x00, 0x00, 0x00, 0x00, 0x00, 0xEF, 0x07, 0x4A, 0x05,
    0xE0, 0x07, 0x00, 0x00, 0x00, 0x00, 0x00, 0x00, 0x00, 0x00, 0x00, 0x00, 0x00, 0x00, 0x00, 0x00,
    0x00, 0x00, 0x00, 0x00, 0x00, 0x00, 0x00, 0x00, 0x00, 0x00, 0x00, 0x00, 0x00, 0x00, 0x00, 0x00,
    0x00, 0x00, 0x00, 0x00, 0x00, 0x00, 0x00, 0x00, 0x00, 0x00, 0x00, 0x00, 0x00, 0x00, 0x00, 0x00,
    0x00, 0x00, 0x00, 0x00, 0x00, 0x00, 0x00, 0x00, 0x00, 0x00, 0x00, 0x00, 0x00, 0x00, 0x00, 0x00,
    0xE0, 0x03, 0x00, 0x00, 0x00, 0x00, 0x00, 0x00, 0x00, 0x00, 0x00, 0x00, 0x00, 0x00, 0xEF, 0x07,
    0xAA, 0x2E, 0xEB, 0x26, 0xCB, 0x26, 0xAB, 0x1E, 0xAB, 0x1E, 0xAB, 0x1E, 0xAB, 0x1E, 0xCC, 0x1E,
    0xCC, 0x1E, 0xAB, 0x1E, 0xAC, 0x1E, 0xCC, 0x1E, 0xCC, 0x1E, 0xCC, 0x1E, 0xAB, 0x1E, 0xAC, 0x1E,
    0xAC, 0x1E, 0xAC, 0x1E, 0xAC, 0x1E, 0xAC, 0x1E, 0xAC, 0x1E, 0xAC, 0x1E, 0xAC, 0x1E, 0xAC, 0x1E,
    0xAC, 0x1E, 0xAC, 0x1E, 0xAC, 0x1E, 0xAC, 0x1E, 0xAC, 0x1E, 0xAC, 0x1E, 0xAC, 0x1E, 0xAC, 0x1E,
    0xAC, 0x1E, 0xAC, 0x1E, 0xAC, 0x1E, 0xAC, 0x1E, 0xAC, 0x1E, 0xAC, 0x1E, 0xAC, 0x1E, 0xAC, 0x1E,
    0xAC, 0x1E, 0xAC, 0x1E, 0xAC, 0x1E, 0xAC, 0x1E, 0xAC, 0x1E, 0xAC, 0x1E, 0xAC, 0x1E, 0xAC, 0x1E,
    0xAC, 0x1E, 0xAC, 0x1E, 0xAC, 0x1E, 0xAC, 0x1E, 0xAC, 0x1E, 0xAC, 0x1E, 0xAC, 0x1E, 0xAC, 0x1E,
    0xAC, 0x1E, 0xAC, 0x1E, 0xAC, 0x1E, 0xAC, 0x1E, 0xAC, 0x1E, 0xAC, 0x1E, 0xAC, 0x1E, 0xAC, 0x1E,
    0xAC, 0x1E, 0xAC, 0x1E, 0xAC, 0x1E, 0xAC, 0x1E, 0xAC, 0x1E, 0xAC, 0x1E, 0xAC, 0x1E, 0xAC, 0x1E,
    0xAC, 0x1E, 0xAC, 0x1E, 0xAC, 0x1E, 0xAC, 0x1E, 0xAC, 0x1E, 0xAC, 0x1E, 0xAC, 0x1E, 0xAC, 0x1E,
    0xAC, 0x1E, 0xAC, 0x1E, 0xAC, 0x1E, 0xAC, 0x1E, 0xAC, 0x1E, 0xAC, 0x1E, 0xAC, 0x1E, 0xAC, 0x1E,
    0xAC, 0x1E, 0xAC, 0x1E, 0xAC, 0x1E, 0xAC, 0x1E, 0xAC, 0x1E, 0xAC, 0x1E, 0xAC, 0x1E, 0xAC, 0x1E,
    0xAC, 0x1E, 0xAC, 0x1E, 0xAC, 0x1E, 0xAC, 0x1E, 0xAC, 0x1E, 0xAC, 0x1E, 0xAC, 0x1E, 0xAC, 0x1E,
    0xAC, 0x1E, 0xAC, 0x1E, 0xAC, 0x1E, 0xAC, 0x1E, 0xAC, 0x1E, 0xAC, 0x1E, 0xAC, 0x1E, 0xAC, 0x1E,
    0xAC, 0x1E, 0xAC, 0x1E, 0xAC, 0x1E, 0xAC, 0x1E, 0xAC, 0x1E, 0xAC, 0x1E, 0xAC, 0x1E, 0xAC, 0x1E,
    0xAC, 0x1E, 0xAC, 0x1E, 0xAC, 0x1E, 0xAC, 0x1E, 0xAC, 0x1E, 0xAC, 0x1E, 0xAC, 0x1E, 0xAC, 0x1E,
    0xAC, 0x1E, 0xAC, 0x1E, 0xAC, 0x1E, 0xAC, 0x1E, 0xAC, 0x1E, 0xAC, 0x1E, 0xAC, 0x1E, 0xAC, 0x1E,
    0xAC, 0x1E, 0xAB, 0x1E, 0xAC, 0x1E, 0xCC, 0x1E, 0xCC, 0x1E, 0xAC, 0x1E, 0xAB, 0x1E, 0xCC, 0x1E,
    0xAC, 0x1E, 0xCC, 0x1E, 0xAC, 0x1E, 0xAC, 0x1E, 0xAB, 0x1E, 0xAB, 0x26, 0xCC, 0x26, 0xAA, 0x2E,
    0xEF, 0x07, 0x00, 0x00, 0x00, 0x00, 0x00, 0x00, 0x00, 0x00, 0x00, 0x00, 0x00, 0x00, 0xE0, 0x07,
    0x00, 0x00, 0x00, 0x00, 0x00, 0x00, 0x00, 0x00, 0x00, 0x00, 0x00, 0x00, 0x00, 0x00, 0x00, 0x00,
    0x00, 0x00, 0x00, 0x00, 0x00, 0x00, 0x00, 0x00, 0x00, 0x00, 0x00, 0x00, 0x00, 0x00, 0x00, 0x00,
    0x00, 0x00, 0x00, 0x00, 0x00, 0x00, 0x00, 0x00, 0x00, 0x00, 0x00, 0x00, 0x00, 0x00, 0x00, 0x00,
    0x00, 0x00, 0x00, 0x00, 0x00, 0x00, 0x00, 0x00, 0x00, 0x00, 0x00, 0x00, 0x00, 0x00, 0x00, 0x00,
    0xE0, 0x07, 0x00, 0x00, 0x00, 0x00, 0xE0, 0x03, 0xF5, 0x07, 0xEF, 0x07, 0xE0, 0x07, 0x00, 0x00,
    0x00, 0x00, 0xEA, 0x57, 0xEB, 0x2E, 0xAB, 0x1E, 0xAB, 0x1E, 0xAB, 0x1E, 0xAC, 0x1E, 0xAB, 0x1E,
    0xAB, 0x1E, 0xAB, 0x1E, 0xAC, 0x1E, 0xCC, 0x1E, 0xEC, 0x1E, 0xCC, 0x1E, 0xAC, 0x1E, 0xAB, 0x1E,
    0xAC, 0x1E, 0xAC, 0x1E, 0xAC, 0x1E, 0xAC, 0x1E, 0xAC, 0x1E, 0xAC, 0x1E, 0xAC, 0x1E, 0xAC, 0x1E,
    0xAC, 0x1E, 0xAC, 0x1E, 0xAC, 0x1E, 0xAC, 0x1E, 0xAC, 0x1E, 0xAC, 0x1E, 0xAC, 0x1E, 0xAC, 0x1E,
    0xAC, 0x1E, 0xAC, 0x1E, 0xAC, 0x1E, 0xAC, 0x1E, 0xAC, 0x1E, 0xAC, 0x1E, 0xAC, 0x1E, 0xAC, 0x1E,
    0xAC, 0x1E, 0xAC, 0x1E, 0xAC, 0x1E, 0xAC, 0x1E, 0xAC, 0x1E, 0xAC, 0x1E, 0xAC, 0x1E, 0xAC, 0x1E,
    0xAC, 0x1E, 0xAC, 0x1E, 0xAC, 0x1E, 0xAC, 0x1E, 0xAC, 0x1E, 0xAC, 0x1E, 0xAC, 0x1E, 0xAC, 0x1E,
    0xAC, 0x1E, 0xAC, 0x1E, 0xAC, 0x1E, 0xAC, 0x1E, 0xAC, 0x1E, 0xAC, 0x1E, 0xAC, 0x1E, 0xAC, 0x1E,
    0xAC, 0x1E, 0xAC, 0x1E, 0xAC, 0x1E, 0xAC, 0x1E, 0xAC, 0x1E, 0xAC, 0x1E, 0xAC, 0x1E, 0xAC, 0x1E,
    0xAC, 0x1E, 0xAC, 0x1E, 0xAC, 0x1E, 0xAC, 0x1E, 0xAC, 0x1E, 0xAC, 0x1E, 0xAC, 0x1E, 0xAC, 0x1E,
    0xAC, 0x1E, 0xAC, 0x1E, 0xAC, 0x1E, 0xAC, 0x1E, 0xAC, 0x1E, 0xAC, 0x1E, 0xAC, 0x1E, 0xAC, 0x1E,
    0xAC, 0x1E, 0xAC, 0x1E, 0xAC, 0x1E, 0xAC, 0x1E, 0xAC, 0x1E, 0xAC, 0x1E, 0xAC, 0x1E, 0xAC, 0x1E,
    0xAC, 0x1E, 0xAC, 0x1E, 0xAC, 0x1E, 0xAC, 0x1E, 0xAC, 0x1E, 0xAC, 0x1E, 0xAC, 0x1E, 0xAC, 0x1E,
    0xAC, 0x1E, 0xAC, 0x1E, 0xAC, 0x1E, 0xAC, 0x1E, 0xAC, 0x1E, 0xAC, 0x1E, 0xAC, 0x1E, 0xAC, 0x1E,
    0xAC, 0x1E, 0xAC, 0x1E, 0xAC, 0x1E, 0xAC, 0x1E, 0xAC, 0x1E, 0xAC, 0x1E, 0xAC, 0x1E, 0xAC, 0x1E,
    0xAC, 0x1E, 0xAC, 0x1E, 0xAC, 0x1E, 0xAC, 0x1E, 0xAC, 0x1E, 0xAC, 0x1E, 0xAC, 0x1E, 0xAC, 0x1E,
    0xAC, 0x1E, 0xAC, 0x1E, 0xAC, 0x1E, 0xAC, 0x1E, 0xAC, 0x1E, 0xAC, 0x1E, 0xAC, 0x1E, 0xAC, 0x1E,
    0xAB, 0x1E, 0xAC, 0x1E, 0xCC, 0x1E, 0xEC, 0x1E, 0xCC, 0x1E, 0xAC, 0x1E, 0xAB, 0x1E, 0xAB, 0x1E,
    0xAC, 0x1E, 0xCC, 0x1E, 0xCC, 0x1E, 0xAB, 0x1E, 0x8B, 0x1E, 0xAB, 0x2E, 0xEA, 0x57, 0x00, 0x00,
    0x00, 0x00, 0xE0, 0x07, 0xEF, 0x07, 0xF5, 0x07, 0xE0, 0x07, 0x00, 0x00, 0x00, 0x00, 0xE0, 0x07,
    0x00, 0x00, 0x00, 0x00, 0x00, 0x00, 0x00, 0x00, 0x00, 0x00, 0x00, 0x00, 0x00, 0x00, 0x00, 0x00,
    0x00, 0x00, 0x00, 0x00, 0x00, 0x00, 0x00, 0x00, 0x00, 0x00, 0x00, 0x00, 0x00, 0x00, 0x00, 0x00,
    0x00, 0x00, 0x00, 0x00, 0x00, 0x00, 0x00, 0x00, 0x00, 0x00, 0x00, 0x00, 0x00, 0x00, 0x00, 0x00,
    0x00, 0x00, 0x00, 0x00, 0x00, 0x00, 0x00, 0x00, 0x00, 0x00, 0x00, 0x00, 0x00, 0x00, 0x00, 0x00,
    0x00, 0x00, 0x00, 0x00, 0x00, 0x00, 0xE0, 0x03, 0xEF, 0x07, 0x6C, 0x06, 0xE0, 0x07, 0x00, 0x00,
    0x00, 0x00, 0x00, 0x00, 0xE7, 0x3E, 0xCB, 0x1E, 0xCB, 0x1E, 0xCC, 0x1E, 0xAB, 0x1E, 0xAB, 0x1E,
    0xAB, 0x1E, 0xAB, 0x1E, 0xAC, 0x1E, 0xCC, 0x1E, 0xEC, 0x1E, 0xEC, 0x1E, 0xCC, 0x1E, 0xAC, 0x1E,
    0xAC, 0x1E, 0xAC, 0x1E, 0xAB, 0x1E, 0xAB, 0x1E, 0xAC, 0x1E, 0xAC, 0x1E, 0xAC, 0x1E, 0xAC, 0x1E,
    0xAC, 0x1E, 0xAC, 0x1E, 0xAC, 0x1E, 0xAC, 0x1E, 0xAC, 0x1E, 0xAC, 0x1E, 0xAC, 0x1E, 0xAC, 0x1E,
    0xAC, 0x1E, 0xAC, 0x1E, 0xAC, 0x1E, 0xAC, 0x1E, 0xAC, 0x1E, 0xAC, 0x1E, 0xAC, 0x1E, 0xAC, 0x1E,
    0xAC, 0x1E, 0xAC, 0x1E, 0xAC, 0x1E, 0xAC, 0x1E, 0xAC, 0x1E, 0xAC, 0x1E, 0xAC, 0x1E, 0xAC, 0x1E,
    0xAC, 0x1E, 0xAC, 0x1E, 0xAC, 0x1E, 0xAC, 0x1E, 0xAC, 0x1E, 0xAC, 0x1E, 0xAC, 0x1E, 0xAC, 0x1E,
    0xAC, 0x1E, 0xAC, 0x1E, 0xAC, 0x1E, 0xAC, 0x1E, 0xAC, 0x1E, 0xAC, 0x1E, 0xAC, 0x1E, 0xAC, 0x1E,
    0xAC, 0x1E, 0xAC, 0x1E, 0xAC, 0x1E, 0xAC, 0x1E, 0xAC, 0x1E, 0xAC, 0x1E, 0xAC, 0x1E, 0xAC, 0x1E,
    0xAC, 0x1E, 0xAC, 0x1E, 0xAC, 0x1E, 0xAC, 0x1E, 0xAC, 0x1E, 0xAC, 0x1E, 0xAC, 0x1E, 0xAC, 0x1E,
    0xAC, 0x1E, 0xAC, 0x1E, 0xAC, 0x1E, 0xAC, 0x1E, 0xAC, 0x1E, 0xAC, 0x1E, 0xAC, 0x1E, 0xAC, 0x1E,
    0xAC, 0x1E, 0xAC, 0x1E, 0xAC, 0x1E, 0xAC, 0x1E, 0xAC, 0x1E, 0xAC, 0x1E, 0xAC, 0x1E, 0xAC, 0x1E,
    0xAC, 0x1E, 0xAC, 0x1E, 0xAC, 0x1E, 0xAC, 0x1E, 0xAC, 0x1E, 0xAC, 0x1E, 0xAC, 0x1E, 0xAC, 0x1E,
    0xAC, 0x1E, 0xAC, 0x1E, 0xAC, 0x1E, 0xAC, 0x1E, 0xAC, 0x1E, 0xAC, 0x1E, 0xAC, 0x1E, 0xAC, 0x1E,
    0xAC, 0x1E, 0xAC, 0x1E, 0xAC, 0x1E, 0xAC, 0x1E, 0xAC, 0x1E, 0xAC, 0x1E, 0xAC, 0x1E, 0xAC, 0x1E,
    0xAC, 0x1E, 0xAC, 0x1E, 0xAC, 0x1E, 0xAC, 0x1E, 0xAC, 0x1E, 0xAC, 0x1E, 0xAC, 0x1E, 0xAC, 0x1E,
    0xAC, 0x1E, 0xAC, 0x1E, 0xAC, 0x1E, 0xAC, 0x1E, 0xAB, 0x1E, 0xAB, 0x1E, 0xAC, 0x1E, 0xAC, 0x1E,
    0xAC, 0x1E, 0xCC, 0x1E, 0xEC, 0x1E, 0xEC, 0x1E, 0xCC, 0x1E, 0xAC, 0x1E, 0xAB, 0x1E, 0xAB, 0x1E,
    0xAB, 0x1E, 0xCB, 0x1E, 0xAC, 0x1E, 0xCC, 0x1E, 0x8C, 0x1E, 0xEB, 0x3D, 0x00, 0x00, 0x00, 0x00,
    0x00, 0x00, 0xE0, 0x07, 0x6C, 0x06, 0xEF, 0x07, 0xE0, 0x07, 0x00, 0x00, 0x00, 0x00, 0x00, 0x00,
    0x00, 0x00, 0x00, 0x00, 0x00, 0x00, 0x00, 0x00, 0x00, 0x00, 0x00, 0x00, 0x00, 0x00, 0x00, 0x00,
    0x00, 0x00, 0x00, 0x00, 0x00, 0x00, 0x00, 0x00, 0x00, 0x00, 0x00, 0x00, 0x00, 0x00, 0x00, 0x00,
    0x00, 0x00, 0x00, 0x00, 0x00, 0x00, 0x00, 0x00, 0x00, 0x00, 0x00, 0x00, 0x00, 0x00, 0x00, 0x00,
    0x00, 0x00, 0x00, 0x00, 0x00, 0x00, 0x00, 0x00, 0x00, 0x00, 0x00, 0x00, 0x00, 0x00, 0x00, 0x00,
    0x00, 0x00, 0x00, 0x00, 0x00, 0x00, 0x00, 0x00, 0xEA, 0x07, 0x4A, 0x05, 0x00, 0x00, 0x00, 0x00,
    0x00, 0x00, 0x00, 0x00, 0x00, 0x00, 0xCB, 0x26, 0xCB, 0x1E, 0xCB, 0x1E, 0xCB, 0x1E, 0xAB, 0x1E,
    0xAB, 0x1E, 0xAB, 0x1E, 0xAB, 0x1E, 0xCC, 0x1E, 0xCC, 0x1E, 0xCC, 0x1E, 0xCC, 0x1E, 0xAC, 0x1E,
    0xCC, 0x1E, 0xAC, 0x1E, 0xAC, 0x1E, 0xAB, 0x1E, 0xAB, 0x1E, 0xAC, 0x1E, 0xAC, 0x1E, 0xAC, 0x1E,
    0xAC, 0x1E, 0xAC, 0x1E, 0xAC, 0x1E, 0xAC, 0x1E, 0xAC, 0x1E, 0xAC, 0x1E, 0xAC, 0x1E, 0xAC, 0x1E,
    0xAC, 0x1E, 0xAC, 0x1E, 0xAC, 0x1E, 0xAC, 0x1E, 0xAC, 0x1E, 0xAC, 0x1E, 0xAC, 0x1E, 0xAC, 0x1E,
    0xAC, 0x1E, 0xAC, 0x1E, 0xAC, 0x1E, 0xAC, 0x1E, 0xAC, 0x1E, 0xAC, 0x1E, 0xAC, 0x1E, 0xAC, 0x1E,
    0xAC, 0x1E, 0xAC, 0x1E, 0xAC, 0x1E, 0xAC, 0x1E, 0xAC, 0x1E, 0xAC, 0x1E, 0xAC, 0x1E, 0xAC, 0x1E,
    0xAC, 0x1E, 0xAC, 0x1E, 0xAC, 0x1E, 0xAC, 0x1E, 0xAC, 0x1E, 0xAC, 0x1E, 0xAC, 0x1E, 0xAC, 0x1E,
    0xAC, 0x1E, 0xAC, 0x1E, 0xAC, 0x1E, 0xAC, 0x1E, 0xAC, 0x1E, 0xAC, 0x1E, 0xAC, 0x1E, 0xAC, 0x1E,
    0xAC, 0x1E, 0xAC, 0x1E, 0xAC, 0x1E, 0xAC, 0x1E, 0xAC, 0x1E, 0xAC, 0x1E, 0xAC, 0x1E, 0xAC, 0x1E,
    0xAC, 0x1E, 0xAC, 0x1E, 0xAC, 0x1E, 0xAC, 0x1E, 0xAC, 0x1E, 0xAC, 0x1E, 0xAC, 0x1E, 0xAC, 0x1E,
    0xAC, 0x1E, 0xAC, 0x1E, 0xAC, 0x1E, 0xAC, 0x1E, 0xAC, 0x1E, 0xAC, 0x1E, 0xAC, 0x1E, 0xAC, 0x1E,
    0xAC, 0x1E, 0xAC, 0x1E, 0xAC, 0x1E, 0xAC, 0x1E, 0xAC, 0x1E, 0xAC, 0x1E, 0xAC, 0x1E, 0xAC, 0x1E,
    0xAC, 0x1E, 0xAC, 0x1E, 0xAC, 0x1E, 0xAC, 0x1E, 0xAC, 0x1E, 0xAC, 0x1E, 0xAC, 0x1E, 0xAC, 0x1E,
    0xAC, 0x1E, 0xAC, 0x1E, 0xAC, 0x1E, 0xAC, 0x1E, 0xAC, 0x1E, 0xAC, 0x1E, 0xAC, 0x1E, 0xAC, 0x1E,
    0xAC, 0x1E, 0xAC, 0x1E, 0xAC, 0x1E, 0xAC, 0x1E, 0xAC, 0x1E, 0xAC, 0x1E, 0xAC, 0x1E, 0xAC, 0x1E,
    0xAC, 0x1E, 0xAC, 0x1E, 0xAC, 0x1E, 0xAB, 0x1E, 0xAB, 0x1E, 0xAC, 0x1E, 0xAC, 0x1E, 0xCC, 0x1E,
    0xCC, 0x1E, 0xCC, 0x1E, 0xCC, 0x1E, 0xCC, 0x1E, 0xCC, 0x1E, 0xAC, 0x1E, 0xAB, 0x1E, 0xAB, 0x1E,
    0xAC, 0x1E, 0xAC, 0x1E, 0xCC, 0x26, 0xCC, 0x1E, 0x4B, 0x26, 0x00, 0x00, 0x00, 0x00, 0x00, 0x00,
    0x00, 0x00, 0x00, 0x00, 0x4A, 0x05, 0xEA, 0x07, 0xE0, 0x07, 0x00, 0x00, 0x00, 0x00, 0x00, 0x00,
    0x00, 0x00, 0x00, 0x00, 0x00, 0x00, 0x00, 0x00, 0x00, 0x00, 0x00, 0x00, 0x00, 0x00, 0x00, 0x00,
    0x00, 0x00, 0x00, 0x00, 0x00, 0x00, 0x00, 0x00, 0x00, 0x00, 0x00, 0x00, 0x00, 0x00, 0x00, 0x00,
    0x00, 0x00, 0x00, 0x00, 0x00, 0x00, 0x00, 0x00, 0x00, 0x00, 0x00, 0x00, 0x00, 0x00, 0x00, 0x00,
    0x00, 0x00, 0x00, 0x00, 0x00, 0x00, 0x00, 0x00, 0x00, 0x00, 0x00, 0x00, 0x00, 0x00, 0x00, 0x00,
    0x00, 0x00, 0x00, 0x00, 0x00, 0x00, 0x00, 0x00, 0xE0, 0x07, 0x00, 0x00, 0x00, 0x00, 0x00, 0x00,
    0x00, 0x00, 0x00, 0x00, 0x00, 0x00, 0x4A, 0x05, 0x2B, 0x2F, 0xEC, 0x26, 0xCB, 0x26, 0xAB, 0x1E,
    0xAC, 0x1E, 0xAB, 0x1E, 0xAC, 0x1E, 0xAB, 0x1E, 0xAC, 0x1E, 0xAC, 0x1E, 0xAC, 0x1E, 0xCC, 0x1E,
    0xCC, 0x1E, 0xAC, 0x1E, 0xAC, 0x1E, 0xAB, 0x1E, 0xAC, 0x1E, 0xAC, 0x1E, 0xAC, 0x1E, 0xAC, 0x1E,
    0xAC, 0x1E, 0xAC, 0x1E, 0xAC, 0x1E, 0xAC, 0x1E, 0xAC, 0x1E, 0xAC, 0x1E, 0xAC, 0x1E, 0xAC, 0x1E,
    0xAC, 0x1E, 0xAC, 0x1E, 0xAC, 0x1E, 0xAC, 0x1E, 0xAC, 0x1E, 0xAC, 0x1E, 0xAC, 0x1E, 0xAC, 0x1E,
    0xAC, 0x1E, 0xAC, 0x1E, 0xAC, 0x1E, 0xAC, 0x1E, 0xAC, 0x1E, 0xAC, 0x1E, 0xAC, 0x1E, 0xAC, 0x1E,
    0xAC, 0x1E, 0xAC, 0x1E, 0xAC, 0x1E, 0xAC, 0x1E, 0xAC, 0x1E, 0xAC, 0x1E, 0xAC, 0x1E, 0xAC, 0x1E,
    0xAC, 0x1E, 0xAC, 0x1E, 0xAC, 0x1E, 0xAC, 0x1E, 0xAC, 0x1E, 0xAC, 0x1E, 0xAC, 0x1E, 0xAC, 0x1E,
    0xAC, 0x1E, 0xAC, 0x1E, 0xAC, 0x1E, 0xAC, 0x1E, 0xAC, 0x1E, 0xAC, 0x1E, 0xAC, 0x1E, 0xAC, 0x1E,
    0xAC, 0x1E, 0xAC, 0x1E, 0xAC, 0x1E, 0xAC, 0x1E, 0xAC, 0x1E, 0xAC, 0x1E, 0xAC, 0x1E, 0xAC, 0x1E,
    0xAC, 0x1E, 0xAC, 0x1E, 0xAC, 0x1E, 0xAC, 0x1E, 0xAC, 0x1E, 0xAC, 0x1E, 0xAC, 0x1E, 0xAC, 0x1E,
    0xAC, 0x1E, 0xAC, 0x1E, 0xAC, 0x1E, 0xAC, 0x1E, 0xAC, 0x1E, 0xAC, 0x1E, 0xAC, 0x1E, 0xAC, 0x1E,
    0xAC, 0x1E, 0xAC, 0x1E, 0xAC, 0x1E, 0xAC, 0x1E, 0xAC, 0x1E, 0xAC, 0x1E, 0xAC, 0x1E, 0xAC, 0x1E,
    0xAC, 0x1E, 0xAC, 0x1E, 0xAC, 0x1E, 0xAC, 0x1E, 0xAC, 0x1E, 0xAC, 0x1E, 0xAC, 0x1E, 0xAC, 0x1E,
    0xAC, 0x1E, 0xAC, 0x1E, 0xAC, 0x1E, 0xAC, 0x1E, 0xAC, 0x1E, 0xAC, 0x1E, 0xAC, 0x1E, 0xAC, 0x1E,
    0xAC, 0x1E, 0xAC, 0x1E, 0xAC, 0x1E, 0xAC, 0x1E, 0xAC, 0x1E, 0xAC, 0x1E, 0xAC, 0x1E, 0xAC, 0x1E,
    0xAC, 0x1E, 0xAC, 0x1E, 0xAC, 0x1E, 0xAC, 0x1E, 0xAB, 0x1E, 0xAC, 0x1E, 0xAC, 0x1E, 0xCC, 0x1E,
    0xCC, 0x1E, 0xAC, 0x1E, 0xAC, 0x1E, 0xAB, 0x1E, 0xAC, 0x1E, 0xAC, 0x1E, 0xAB, 0x1E, 0xAB, 0x1E,
    0xAC, 0x1E, 0xCB, 0x26, 0xAC, 0x26, 0x8B, 0x2E, 0x4A, 0x05, 0x00, 0x00, 0x00, 0x00, 0x00, 0x00,
    0x00, 0x00, 0x00, 0x00, 0x00, 0x00, 0xE0, 0x07, 0x00, 0x00, 0x00, 0x00, 0x00, 0x00, 0x00, 0x00,
    0x00, 0x00, 0x00, 0x00, 0x00, 0x00, 0x00, 0x00, 0x00, 0x00, 0x00, 0x00, 0x00, 0x00, 0x00, 0x00,
    0x00, 0x00, 0x00, 0x00, 0x00, 0x00, 0x00, 0x00, 0x00, 0x00, 0x00, 0x00, 0x00, 0x00, 0x00, 0x00,
    0x00, 0x00, 0x00, 0x00, 0x00, 0x00, 0x00, 0x00, 0x00, 0x00, 0x00, 0x00, 0x00, 0x00, 0x00, 0x00,
    0x00, 0x00, 0x00, 0x00, 0x00, 0x00, 0x00, 0x00, 0x00, 0x00, 0x00, 0x00, 0x00, 0x00, 0x00, 0x00,
    0x00, 0x00, 0x00, 0x00, 0x00, 0x00, 0x00, 0x00, 0xE0, 0x07, 0x00, 0x00, 0x00, 0x00, 0xE0, 0x07,
    0xE7, 0x07, 0xE7, 0x07, 0xE0, 0x07, 0x00, 0x00, 0x00, 0x00, 0x2C, 0x37, 0xEB, 0x26, 0x8B, 0x1E,
    0xCC, 0x1E, 0xAC, 0x1E, 0xAB, 0x1E, 0xAB, 0x1E, 0xAB, 0x1E, 0xAB, 0x1E, 0xAB, 0x1E, 0xCC, 0x1E,
    0xEC, 0x1E, 0xCC, 0x1E, 0xCC, 0x1E, 0xAC, 0x1E, 0xAC, 0x1E, 0xCC, 0x1E, 0xAC, 0x1E, 0xAC, 0x1E,
    0xAC, 0x1E, 0xAC, 0x1E, 0xAC, 0x1E, 0xAC, 0x1E, 0xAC, 0x1E, 0xAC, 0x1E, 0xAC, 0x1E, 0xAC, 0x1E,
    0xAC, 0x1E, 0xAC, 0x1E, 0xAC, 0x1E, 0xAC, 0x1E, 0xAC, 0x1E, 0xAC, 0x1E, 0xAC, 0x1E, 0xAC, 0x1E,
    0xAC, 0x1E, 0xAC, 0x1E, 0xAC, 0x1E, 0xAC, 0x1E, 0xAC, 0x1E, 0xAC, 0x1E, 0xAC, 0x1E, 0xAC, 0x1E,
    0xAC, 0x1E, 0xAC, 0x1E, 0xAC, 0x1E, 0xAC, 0x1E, 0xAC, 0x1E, 0xAC, 0x1E, 0xAC, 0x1E, 0xAC, 0x1E,
    0xAC, 0x1E, 0xAC, 0x1E, 0xAC, 0x1E, 0xAC, 0x1E, 0xAC, 0x1E, 0xAC, 0x1E, 0xAC, 0x1E, 0xAC, 0x1E,
    0xAC, 0x1E, 0xAC, 0x1E, 0xAC, 0x1E, 0xAC, 0x1E, 0xAC, 0x1E, 0xAC, 0x1E, 0xAC, 0x1E, 0xAC, 0x1E,
    0xAC, 0x1E, 0xAC, 0x1E, 0xAC, 0x1E, 0xAC, 0x1E, 0xAC, 0x1E, 0xAC, 0x1E, 0xAC, 0x1E, 0xAC, 0x1E,
    0xAC, 0x1E, 0xAC, 0x1E, 0xAC, 0x1E, 0xAC, 0x1E, 0xAC, 0x1E, 0xAC, 0x1E, 0xAC, 0x1E, 0xAC, 0x1E,
    0xAC, 0x1E, 0xAC, 0x1E, 0xAC, 0x1E, 0xAC, 0x1E, 0xAC, 0x1E, 0xAC, 0x1E, 0xAC, 0x1E, 0xAC, 0x1E,
    0xAC, 0x1E, 0xAC, 0x1E, 0xAC, 0x1E, 0xAC, 0x1E, 0xAC, 0x1E, 0xAC, 0x1E, 0xAC, 0x1E, 0xAC, 0x1E,
    0xAC, 0x1E, 0xAC, 0x1E, 0xAC, 0x1E, 0xAC, 0x1E, 0xAC, 0x1E, 0xAC, 0x1E, 0xAC, 0x1E, 0xAC, 0x1E,
    0xAC, 0x1E, 0xAC, 0x1E, 0xAC, 0x1E, 0xAC, 0x1E, 0xAC, 0x1E, 0xAC, 0x1E, 0xAC, 0x1E, 0xAC, 0x1E,
    0xAC, 0x1E, 0xAC, 0x1E, 0xAC, 0x1E, 0xAC, 0x1E, 0xAC, 0x1E, 0xAC, 0x1E, 0xAC, 0x1E, 0xAC, 0x1E,
    0xAC, 0x1E, 0xAC, 0x1E, 0xCC, 0x1E, 0xAC, 0x1E, 0xAC, 0x1E, 0xCC, 0x1E, 0xCC, 0x1E, 0xEC, 0x1E,
    0xCC, 0x1E, 0xAC, 0x1E, 0xAB, 0x1E, 0xAB, 0x1E, 0xAB, 0x1E, 0xAB, 0x1E, 0xCB, 0x1E, 0xAB, 0x1E,
    0x8B, 0x1E, 0xAB, 0x26, 0x6C, 0x36, 0x00, 0x00, 0x00, 0x00, 0xE0, 0x07, 0xE7, 0x07, 0xE7, 0x07,
    0xE0, 0x07, 0x00, 0x00, 0x00, 0x00, 0xE0, 0x07, 0x00, 0x00, 0x00, 0x00, 0x00, 0x00, 0x00, 0x00,
    0x00, 0x00, 0x00, 0x00, 0x00, 0x00, 0x00, 0x00, 0x00, 0x00, 0x00, 0x00, 0x00, 0x00, 0x00, 0x00,
    0x00, 0x00, 0x00, 0x00, 0x00, 0x00, 0x00, 0x00, 0x00, 0x00, 0x00, 0x00, 0x00, 0x00, 0x00, 0x00,
    0x00, 0x00, 0x00, 0x00, 0x00, 0x00, 0x00, 0x00, 0x00, 0x00, 0x00, 0x00, 0x00, 0x00, 0x00, 0x00,
    0x00, 0x00, 0x00, 0x00, 0x00, 0x00, 0x00, 0x00, 0x00, 0x00, 0x00, 0x00, 0x00, 0x00, 0x00, 0x00,
    0x00, 0x00, 0x00, 0x00, 0x00, 0x00, 0x00, 0x00, 0x00, 0x00, 0x00, 0x00, 0xE0, 0x07, 0xEF, 0x07,
    0x66, 0x06, 0xE7, 0x07, 0x00, 0x00, 0x00, 0x00, 0x00, 0x00, 0x00, 0x00, 0x4A, 0x2F, 0xAB, 0x26,
    0xCC, 0x1E, 0xAC, 0x1E, 0xAC, 0x1E, 0xAC, 0x1E, 0xAC, 0x1E, 0xAB, 0x1E, 0xAB, 0x1E, 0xCC, 0x1E,
    0xEC, 0x26, 0xEC, 0x1E, 0xEC, 0x1E, 0xCC, 0x1E, 0xCC, 0x1E, 0xAC, 0x1E, 0xAB, 0x1E, 0xAC, 0x1E,
    0xAB, 0x1E, 0xAC, 0x1E, 0xAC, 0x1E, 0xAC, 0x1E, 0xAC, 0x1E, 0xAC, 0x1E, 0xAC, 0x1E, 0xAC, 0x1E,
    0xAC, 0x1E, 0xAC, 0x1E, 0xAC, 0x1E, 0xAC, 0x1E, 0xAC, 0x1E, 0xAC, 0x1E, 0xAC, 0x1E, 0xAC, 0x1E,
    0xAC, 0x1E, 0xAC, 0x1E, 0xAC, 0x1E, 0xAC, 0x1E, 0xAC, 0x1E, 0xAC, 0x1E, 0xAC, 0x1E, 0xAC, 0x1E,
    0xAC, 0x1E, 0xAC, 0x1E, 0xAC, 0x1E, 0xAC, 0x1E, 0xAC, 0x1E, 0xAC, 0x1E, 0xAC, 0x1E, 0xAC, 0x1E,
    0xAC, 0x1E, 0xAC, 0x1E, 0xAC, 0x1E, 0xAC, 0x1E, 0xAC, 0x1E, 0xAC, 0x1E, 0xAC, 0x1E, 0xAC, 0x1E,
    0xAC, 0x1E, 0xAC, 0x1E, 0xAC, 0x1E, 0xAC, 0x1E, 0xAC, 0x1E, 0xAC, 0x1E, 0xAC, 0x1E, 0xAC, 0x1E,
    0xAC, 0x1E, 0xAC, 0x1E, 0xAC, 0x1E, 0xAC, 0x1E, 0xAC, 0x1E, 0xAC, 0x1E, 0xAC, 0x1E, 0xAC, 0x1E,
    0xAC, 0x1E, 0xAC, 0x1E, 0xAC, 0x1E, 0xAC, 0x1E, 0xAC, 0x1E, 0xAC, 0x1E, 0xAC, 0x1E, 0xAC, 0x1E,
    0xAC, 0x1E, 0xAC, 0x1E, 0xAC, 0x1E, 0xAC, 0x1E, 0xAC, 0x1E, 0xAC, 0x1E, 0xAC, 0x1E, 0xAC, 0x1E,
    0xAC, 0x1E, 0xAC, 0x1E, 0xAC, 0x1E, 0xAC, 0x1E, 0xAC, 0x1E, 0xAC, 0x1E, 0xAC, 0x1E, 0xAC, 0x1E,
    0xAC, 0x1E, 0xAC, 0x1E, 0xAC, 0x1E, 0xAC, 0x1E, 0xAC, 0x1E, 0xAC, 0x1E, 0xAC, 0x1E, 0xAC, 0x1E,
    0xAC, 0x1E, 0xAC, 0x1E, 0xAC, 0x1E, 0xAC, 0x1E, 0xAC, 0x1E, 0xAC, 0x1E, 0xAC, 0x1E, 0xAC, 0x1E,
    0xAC, 0x1E, 0xAC, 0x1E, 0xAC, 0x1E, 0xAC, 0x1E, 0xAC, 0x1E, 0xAC, 0x1E, 0xAC, 0x1E, 0xAB, 0x1E,
    0xAC, 0x1E, 0xAB, 0x1E, 0xAC, 0x1E, 0xCC, 0x1E, 0xCC, 0x1E, 0xEC, 0x1E, 0xEC, 0x1E, 0xEC, 0x26,
    0xCC, 0x1E, 0xAC, 0x1E, 0xAB, 0x1E, 0xAB, 0x1E, 0xCC, 0x1E, 0xAB, 0x1E, 0xCB, 0x1E, 0xCC, 0x1E,
    0xAB, 0x26, 0xAA, 0x2E, 0x00, 0x00, 0x00, 0x00, 0x00, 0x00, 0x00, 0x00, 0xE7, 0x07, 0x66, 0x06,
    0xEF, 0x03, 0xE0, 0x07, 0x00, 0x00, 0x00, 0x00, 0x00, 0x00, 0x00, 0x00, 0x00, 0x00, 0x00, 0x00,
    0x00, 0x00, 0x00, 0x00, 0x00, 0x00, 0x00, 0x00, 0x00, 0x00, 0x00, 0x00, 0x00, 0x00, 0x00, 0x00,
    0x00, 0x00, 0x00, 0x00, 0x00, 0x00, 0x00, 0x00, 0x00, 0x00, 0x00, 0x00, 0x00, 0x00, 0x00, 0x00,
    0x00, 0x00, 0x00, 0x00, 0x00, 0x00, 0x00, 0x00, 0x00, 0x00, 0x00, 0x00, 0x00, 0x00, 0x00, 0x00,
    0x00, 0x00, 0x00, 0x00, 0x00, 0x00, 0x00, 0x00, 0x00, 0x00, 0x00, 0x00, 0x00, 0x00, 0x00, 0x00,
    0x00, 0x00, 0x00, 0x00, 0x00, 0x00, 0x00, 0x00, 0x00, 0x00, 0x00, 0x00, 0x00, 0x00, 0xE0, 0x07,
    0x4A, 0x05, 0xE0, 0x07, 0x00, 0x00, 0x00, 0x00, 0x00, 0x00, 0x00, 0x00, 0xEF, 0x7F, 0x6B, 0x1E,
    0xCB, 0x1E, 0xAC, 0x1E, 0xAC, 0x1E, 0xAC, 0x1E, 0xAC, 0x1E, 0xAB, 0x1E, 0xAB, 0x1E, 0xAC, 0x1E,
    0xCC, 0x1E, 0xEC, 0x26, 0xEC, 0x1E, 0xEC, 0x1E, 0xCC, 0x1E, 0xCC, 0x1E, 0xAC, 0x1E, 0xAB, 0x1E,
    0xAC, 0x1E, 0xAB, 0x1E, 0xAC, 0x1E, 0xAC, 0x1E, 0xAC, 0x1E, 0xAC, 0x1E, 0xAC, 0x1E, 0xAC, 0x1E,
    0xAC, 0x1E, 0xAC, 0x1E, 0xAC, 0x1E, 0xAC, 0x1E, 0xAC, 0x1E, 0xAC, 0x1E, 0xAC, 0x1E, 0xAC, 0x1E,
    0xAC, 0x1E, 0xAC, 0x1E, 0xAC, 0x1E, 0xAC, 0x1E, 0xAC, 0x1E, 0xAC, 0x1E, 0xAC, 0x1E, 0xAC, 0x1E,
    0xAC, 0x1E, 0xAC, 0x1E, 0xAC, 0x1E, 0xAC, 0x1E, 0xAC, 0x1E, 0xAC, 0x1E, 0xAC, 0x1E, 0xAC, 0x1E,
    0xAC, 0x1E, 0xAC, 0x1E, 0xAC, 0x1E, 0xAC, 0x1E, 0xAC, 0x1E, 0xAC, 0x1E, 0xAC, 0x1E, 0xAC, 0x1E,
    0xAC, 0x1E, 0xAC, 0x1E, 0xAC, 0x1E, 0xAC, 0x1E, 0xAC, 0x1E, 0xAC, 0x1E, 0xAC, 0x1E, 0xAC, 0x1E,
    0xAC, 0x1E, 0xAC, 0x1E, 0xAC, 0x1E, 0xAC, 0x1E, 0xAC, 0x1E, 0xAC, 0x1E, 0xAC, 0x1E, 0xAC, 0x1E,
    0xAC, 0x1E, 0xAC, 0x1E, 0xAC, 0x1E, 0xAC, 0x1E, 0xAC, 0x1E, 0xAC, 0x1E, 0xAC, 0x1E, 0xAC, 0x1E,
    0xAC, 0x1E, 0xAC, 0x1E, 0xAC, 0x1E, 0xAC, 0x1E, 0xAC, 0x1E, 0xAC, 0x1E, 0xAC, 0x1E, 0xAC, 0x1E,
    0xAC, 0x1E, 0xAC, 0x1E, 0xAC, 0x1E, 0xAC, 0x1E, 0xAC, 0x1E, 0xAC, 0x1E, 0xAC, 0x1E, 0xAC, 0x1E,
    0xAC, 0x1E, 0xAC, 0x1E, 0xAC, 0x1E, 0xAC, 0x1E, 0xAC, 0x1E, 0xAC, 0x1E, 0xAC, 0x1E, 0xAC, 0x1E,
    0xAC, 0x1E, 0xAC, 0x1E, 0xAC, 0x1E, 0xAC, 0x1E, 0xAC, 0x1E, 0xAC, 0x1E, 0xAC, 0x1E, 0xAC, 0x1E,
    0xAC, 0x1E, 0xAC, 0x1E, 0xAC, 0x1E, 0xAC, 0x1E, 0xAC, 0x1E, 0xAC, 0x1E, 0xAB, 0x1E, 0xAC, 0x1E,
    0xAB, 0x1E, 0xAB, 0x1E, 0xCC, 0x1E, 0xCC, 0x1E, 0xEC, 0x1E, 0xEC, 0x1E, 0xEC, 0x26, 0xCC, 0x1E,
    0xCC, 0x1E, 0xAC, 0x1E, 0xAB, 0x1E, 0xAB, 0x1E, 0xAB, 0x1E, 0xAC, 0x1E, 0xCB, 0x1E, 0xAB, 0x1E,
    0xEC, 0x26, 0xEF, 0x7F, 0x00, 0x00, 0x00, 0x00, 0x00, 0x00, 0x00, 0x00, 0xE0, 0x07, 0x4A, 0x05,
    0xE0, 0x07, 0x00, 0x00, 0x00, 0x00, 0x00, 0x00, 0x00, 0x00, 0x00, 0x00, 0x00, 0x00, 0x00, 0x00,
    0x00, 0x00, 0x00, 0x00, 0x00, 0x00, 0x00, 0x00, 0x00, 0x00, 0x00, 0x00, 0x00, 0x00, 0x00, 0x00,
    0x00, 0x00, 0x00, 0x00, 0x00, 0x00, 0x00, 0x00, 0x00, 0x00, 0x00, 0x00, 0x00, 0x00, 0x00, 0x00,
    0x00, 0x00, 0x00, 0x00, 0x00, 0x00, 0x00, 0x00, 0x00, 0x00, 0x00, 0x00, 0x00, 0x00, 0x00, 0x00,
    0x00, 0x00, 0x00, 0x00, 0x00, 0x00, 0x00, 0x00, 0x00, 0x00, 0x00, 0x00, 0x00, 0x00, 0x00, 0x00,
    0x00, 0x00, 0x00, 0x00, 0x00, 0x00, 0x00, 0x00, 0x00, 0x00, 0x00, 0x00, 0x00, 0x00, 0x00, 0x00,
    0x00, 0x00, 0x00, 0x00, 0x00, 0x00, 0x00, 0x00, 0x00, 0x00, 0x00, 0x00, 0x00, 0x00, 0xEA, 0x07,
    0x2A, 0x1E, 0xAC, 0x1E, 0x8C, 0x1E, 0xAC, 0x1E, 0xAC, 0x1E, 0xAC, 0x1E, 0xAB, 0x1E, 0xAB, 0x1E,
    0xAB, 0x1E, 0xAC, 0x1E, 0xCC, 0x1E, 0xCC, 0x1E, 0xCC, 0x1E, 0xCC, 0x1E, 0xAC, 0x1E, 0xAB, 0x1E,
    0xAC, 0x1E, 0xAB, 0x1E, 0xAC, 0x1E, 0xAC, 0x1E, 0xAC, 0x1E, 0xAC, 0x1E, 0xAC, 0x1E, 0xAC, 0x1E,
    0xAC, 0x1E, 0xAC, 0x1E, 0xAC, 0x1E, 0xAC, 0x1E, 0xAC, 0x1E, 0xAC, 0x1E, 0xAC, 0x1E, 0xAC, 0x1E,
    0xAC, 0x1E, 0xAC, 0x1E, 0xAC, 0x1E, 0xAC, 0x1E, 0xAC, 0x1E, 0xAC, 0x1E, 0xAC, 0x1E, 0xAC, 0x1E,
    0xAC, 0x1E, 0xAC, 0x1E, 0xAC, 0x1E, 0xAC, 0x1E, 0xAC, 0x1E, 0xAC, 0x1E, 0xAC, 0x1E, 0xAC, 0x1E,
    0xAC, 0x1E, 0xAC, 0x1E, 0xAC, 0x1E, 0xAC, 0x1E, 0xAC, 0x1E, 0xAC, 0x1E, 0xAC, 0x1E, 0xAC, 0x1E,
    0xAC, 0x1E, 0xAC, 0x1E, 0xAC, 0x1E, 0xAC, 0x1E, 0xAC, 0x1E, 0xAC, 0x1E, 0xAC, 0x1E, 0xAC, 0x1E,
    0xAC, 0x1E, 0xAC, 0x1E, 0xAC, 0x1E, 0xAC, 0x1E, 0xAC, 0x1E, 0xAC, 0x1E, 0xAC, 0x1E, 0xAC, 0x1E,
    0xAC, 0x1E, 0xAC, 0x1E, 0xAC, 0x1E, 0xAC, 0x1E, 0xAC, 0x1E, 0xAC, 0x1E, 0xAC, 0x1E, 0xAC, 0x1E,
    0xAC, 0x1E, 0xAC, 0x1E, 0xAC, 0x1E, 0xAC, 0x1E, 0xAC, 0x1E, 0xAC, 0x1E, 0xAC, 0x1E, 0xAC, 0x1E,
    0xAC, 0x1E, 0xAC, 0x1E, 0xAC, 0x1E, 0xAC, 0x1E, 0xAC, 0x1E, 0xAC, 0x1E, 0xAC, 0x1E, 0xAC, 0x1E,
    0xAC, 0x1E, 0xAC, 0x1E, 0xAC, 0x1E, 0xAC, 0x1E, 0xAC, 0x1E, 0xAC, 0x1E, 0xAC, 0x1E, 0xAC, 0x1E,
    0xAC, 0x1E, 0xAC, 0x1E, 0xAC, 0x1E, 0xAC, 0x1E, 0xAC, 0x1E, 0xAC, 0x1E, 0xAC, 0x1E, 0xAC, 0x1E,
    0xAC, 0x1E, 0xAC, 0x1E, 0xAC, 0x1E, 0xAC, 0x1E, 0xAC, 0x1E, 0xAC, 0x1E, 0xAB, 0x1E, 0xAC, 0x1E,
    0xAB, 0x1E, 0xAB, 0x1E, 0xCC, 0x1E, 0xCC, 0x1E, 0xCC, 0x1E, 0xCC, 0x1E, 0xAC, 0x1E, 0xAB, 0x1E,
    0xAC, 0x1E, 0xAB, 0x1E, 0xAB, 0x1E, 0xCC, 0x1E, 0xAB, 0x1E, 0xAC, 0x1E, 0xEA, 0x1E, 0xEB, 0x1E,
    0xEA, 0x07, 0x00, 0x00, 0x00, 0x00, 0x00, 0x00, 0x00, 0x00, 0x00, 0x00, 0x00, 0x00, 0x00, 0x00,
    0x00, 0x00, 0x00, 0x00, 0x00, 0x00, 0x00, 0x00, 0x00, 0x00, 0x00, 0x00, 0x00, 0x00, 0x00, 0x00,
    0x00, 0x00, 0x00, 0x00, 0x00, 0x00, 0x00, 0x00, 0x00, 0x00, 0x00, 0x00, 0x00, 0x00, 0x00, 0x00,
    0x00, 0x00, 0x00, 0x00, 0x00, 0x00, 0x00, 0x00, 0x00, 0x00, 0x00, 0x00, 0x00, 0x00, 0x00, 0x00,
    0x00, 0x00, 0x00, 0x00, 0x00, 0x00, 0x00, 0x00, 0x00, 0x00, 0x00, 0x00, 0x00, 0x00, 0x00, 0x00,
    0x00, 0x00, 0x00, 0x00, 0x00, 0x00, 0x00, 0x00, 0x00, 0x00, 0x00, 0x00, 0x00, 0x00, 0x00, 0x00,
    0x00, 0x00, 0x00, 0x00, 0x00, 0x00, 0x00, 0x00, 0x00, 0x00, 0x00, 0x00, 0x00, 0x00, 0x00, 0x00,
    0x00, 0x00, 0x00, 0x00, 0xE0, 0x07, 0x4A, 0x05, 0x6C, 0x06, 0xEF, 0x05, 0x00, 0x00, 0x00, 0x00,
    0x00, 0x00, 0xEF, 0x3D, 0x8D, 0x26, 0xCC, 0x1E, 0xAC, 0x1E, 0xAC, 0x1E, 0xAC, 0x1E, 0xAB, 0x1E,
    0xAB, 0x1E, 0xCB, 0x1E, 0xAB, 0x1E, 0xCC, 0x1E, 0xCC, 0x1E, 0xCC, 0x1E, 0xCC, 0x1E, 0xCC, 0x1E,
    0xCC, 0x1E, 0xCC, 0x1E, 0xAC, 0x1E, 0xAC, 0x1E, 0xAC, 0x1E, 0xAC, 0x1E, 0xAC, 0x1E, 0xAC, 0x1E,
    0xAC, 0x1E, 0xAC, 0x1E, 0xAC, 0x1E, 0xAC, 0x1E, 0xAC, 0x1E, 0xAC, 0x1E, 0xAC, 0x1E, 0xAC, 0x1E,
    0xAC, 0x1E, 0xAC, 0x1E, 0xAC, 0x1E, 0xAC, 0x1E, 0xAC, 0x1E, 0xAC, 0x1E, 0xAC, 0x1E, 0xAC, 0x1E,
    0xAC, 0x1E, 0xAC, 0x1E, 0xAC, 0x1E, 0xAC, 0x1E, 0xAC, 0x1E, 0xAC, 0x1E, 0xAC, 0x1E, 0xAC, 0x1E,
    0xAC, 0x1E, 0xAC, 0x1E, 0xAC, 0x1E, 0xAC, 0x1E, 0xAC, 0x1E, 0xAC, 0x1E, 0xAC, 0x1E, 0xAC, 0x1E,
    0xAC, 0x1E, 0xAC, 0x1E, 0xAC, 0x1E, 0xAC, 0x1E, 0xAC, 0x1E, 0xAC, 0x1E, 0xAC, 0x1E, 0xAC, 0x1E,
    0xAC, 0x1E, 0xAC, 0x1E, 0xAC, 0x1E, 0xAC, 0x1E, 0xAC, 0x1E, 0xAC, 0x1E, 0xAC, 0x1E, 0xAC, 0x1E,
    0xAC, 0x1E, 0xAC, 0x1E, 0xAC, 0x1E, 0xAC, 0x1E, 0xAC, 0x1E, 0xAC, 0x1E, 0xAC, 0x1E, 0xAC, 0x1E,
    0xAC, 0x1E, 0xAC, 0x1E, 0xAC, 0x1E, 0xAC, 0x1E, 0xAC, 0x1E, 0xAC, 0x1E, 0xAC, 0x1E, 0xAC, 0x1E,
    0xAC, 0x1E, 0xAC, 0x1E, 0xAC, 0x1E, 0xAC, 0x1E, 0xAC, 0x1E, 0xAC, 0x1E, 0xAC, 0x1E, 0xAC, 0x1E,
    0xAC, 0x1E, 0xAC, 0x1E, 0xAC, 0x1E, 0xAC, 0x1E, 0xAC, 0x1E, 0xAC, 0x1E, 0xAC, 0x1E, 0xAC, 0x1E,
    0xAC, 0x1E, 0xAC, 0x1E, 0xAC, 0x1E, 0xAC, 0x1E, 0xAC, 0x1E, 0xAC, 0x1E, 0xAC, 0x1E, 0xAC, 0x1E,
    0xAC, 0x1E, 0xAC, 0x1E, 0xAC, 0x1E, 0xAC, 0x1E, 0xAC, 0x1E, 0xCC, 0x1E, 0xCC, 0x1E, 0xCC, 0x1E,
    0xCC, 0x1E, 0xCC, 0x1E, 0xCC, 0x1E, 0xCC, 0x1E, 0xCC, 0x1E, 0xAB, 0x1E, 0xCB, 0x1E, 0xAC, 0x1E,
    0xAB, 0x1E, 0xAB, 0x1E, 0xAC, 0x1E, 0xCC, 0x1E, 0xAB, 0x1E, 0x8B, 0x26, 0xEA, 0x57, 0x00, 0x00,
    0x00, 0x00, 0x00, 0x00, 0xCC, 0x04, 0x6C, 0x06, 0xEF, 0x07, 0xE0, 0x07, 0x00, 0x00, 0x00, 0x00,
    0x00, 0x00, 0x00, 0x00, 0x00, 0x00, 0x00, 0x00, 0x00, 0x00, 0x00, 0x00, 0x00, 0x00, 0x00, 0x00,
    0x00, 0x00, 0x00, 0x00, 0x00, 0x00, 0x00, 0x00, 0x00, 0x00, 0x00, 0x00, 0x00, 0x00, 0x00, 0x00,
    0x00, 0x00, 0x00, 0x00, 0x00, 0x00, 0x00, 0x00, 0x00, 0x00, 0x00, 0x00, 0x00, 0x00, 0x00, 0x00,
    0x00, 0x00, 0x00, 0x00, 0x00, 0x00, 0x00, 0x00, 0x00, 0x00, 0x00, 0x00, 0x00, 0x00, 0x00, 0x00,
    0x00, 0x00, 0x00, 0x00, 0x00, 0x00, 0x00, 0x00, 0x00, 0x00, 0x00, 0x00, 0x00, 0x00, 0x00, 0x00,
    0x00, 0x00, 0x00, 0x00, 0x00, 0x00, 0x00, 0x00, 0x00, 0x00, 0x00, 0x00, 0x00, 0x00, 0x00, 0x00,
    0x00, 0x00, 0x00, 0x00, 0xE0, 0x07, 0xEA, 0x07, 0x6C, 0x06, 0xEF, 0x05, 0x00, 0x00, 0x00, 0x00,
    0x00, 0x00, 0x00, 0x00, 0x73, 0x36, 0x8C, 0x1E, 0xAC, 0x1E, 0xAC, 0x1E, 0xAC, 0x1E, 0xAB, 0x1E,
    0xAB, 0x1E, 0xAB, 0x1E, 0xAB, 0x1E, 0xCC, 0x1E, 0xCC, 0x1E, 0xEC, 0x1E, 0xEC, 0x1E, 0xEC, 0x1E,
    0xEC, 0x1E, 0xCC, 0x1E, 0xAC, 0x1E, 0xAB, 0x1E, 0xAC, 0x1E, 0xAC, 0x1E, 0xAC, 0x1E, 0xAC, 0x1E,
    0xAC, 0x1E, 0xAC, 0x1E, 0xAC, 0x1E, 0xAC, 0x1E, 0xAC, 0x1E, 0xAC, 0x1E, 0xAC, 0x1E, 0xAC, 0x1E,
    0xAC, 0x1E, 0xAC, 0x1E, 0xAC, 0x1E, 0xAC, 0x1E, 0xAC, 0x1E, 0xAC, 0x1E, 0xAC, 0x1E, 0xAC, 0x1E,
    0xAC, 0x1E, 0xAC, 0x1E, 0xAC, 0x1E, 0xAC, 0x1E, 0xAC, 0x1E, 0xAC, 0x1E, 0xAC, 0x1E, 0xAC, 0x1E,
    0xAC, 0x1E, 0xAC, 0x1E, 0xAC, 0x1E, 0xAC, 0x1E, 0xAC, 0x1E, 0xAC, 0x1E, 0xAC, 0x1E, 0xAC, 0x1E,
    0xAC, 0x1E, 0xAC, 0x1E, 0xAC, 0x1E, 0xAC, 0x1E, 0xAC, 0x1E, 0xAC, 0x1E, 0xAC, 0x1E, 0xAC, 0x1E,
    0xAC, 0x1E, 0xAC, 0x1E, 0xAC, 0x1E, 0xAC, 0x1E, 0xAC, 0x1E, 0xAC, 0x1E, 0xAC, 0x1E, 0xAC, 0x1E,
    0xAC, 0x1E, 0xAC, 0x1E, 0xAC, 0x1E, 0xAC, 0x1E, 0xAC, 0x1E, 0xAC, 0x1E, 0xAC, 0x1E, 0xAC, 0x1E,
    0xAC, 0x1E, 0xAC, 0x1E, 0xAC, 0x1E, 0xAC, 0x1E, 0xAC, 0x1E, 0xAC, 0x1E, 0xAC, 0x1E, 0xAC, 0x1E,
    0xAC, 0x1E, 0xAC, 0x1E, 0xAC, 0x1E, 0xAC, 0x1E, 0xAC, 0x1E, 0xAC, 0x1E, 0xAC, 0x1E, 0xAC, 0x1E,
    0xAC, 0x1E, 0xAC, 0x1E, 0xAC, 0x1E, 0xAC, 0x1E, 0xAC, 0x1E, 0xAC, 0x1E, 0xAC, 0x1E, 0xAC, 0x1E,
    0xAC, 0x1E, 0xAC, 0x1E, 0xAC, 0x1E, 0xAC, 0x1E, 0xAC, 0x1E, 0xAC, 0x1E, 0xAC, 0x1E, 0xAC, 0x1E,
    0xAC, 0x1E, 0xAC, 0x1E, 0xAB, 0x1E, 0xAB, 0x1E, 0xAB, 0x1E, 0xAC, 0x1E, 0xCC, 0x1E, 0xEC, 0x1E,
    0xEC, 0x1E, 0xEC, 0x1E, 0xEC, 0x1E, 0xCC, 0x1E, 0xCC, 0x1E, 0xAB, 0x1E, 0xAB, 0x1E, 0xAB, 0x1E,
    0xAC, 0x1E, 0xAB, 0x1E, 0xCB, 0x1E, 0xCC, 0x26, 0x6B, 0x1E, 0x6C, 0x36, 0x00, 0x00, 0x00, 0x00,
    0x00, 0x00, 0x00, 0x00, 0xEF, 0x05, 0x6C, 0x06, 0xEA, 0x07, 0xE0, 0x07, 0x00, 0x00, 0x00, 0x00,
    0x00, 0x00, 0x00, 0x00, 0x00, 0x00, 0x00, 0x00, 0x00, 0x00, 0x00, 0x00, 0x00, 0x00, 0x00, 0x00,
    0x00, 0x00, 0x00, 0x00, 0x00, 0x00, 0x00, 0x00, 0x00, 0x00, 0x00, 0x00, 0x00, 0x00, 0x00, 0x00,
    0x00, 0x00, 0x00, 0x00, 0x00, 0x00, 0x00, 0x00, 0x00, 0x00, 0x00, 0x00, 0x00, 0x00, 0x00, 0x00,
    0x00, 0x00, 0x00, 0x00, 0x00, 0x00, 0x00, 0x00, 0x00, 0x00, 0x00, 0x00, 0x00, 0x00, 0x00, 0x00,
    0x00, 0x00, 0x00, 0x00, 0x00, 0x00, 0x00, 0x00, 0x00, 0x00, 0x00, 0x00, 0x00, 0x00, 0x00, 0x00,
    0x00, 0x00, 0x00, 0x00, 0x00, 0x00, 0x00, 0x00, 0x00, 0x00, 0x00, 0x00, 0x00, 0x00, 0x00, 0x00,
    0x00, 0x00, 0x00, 0x00, 0x00, 0x00, 0xE0, 0x03, 0x4A, 0x05, 0xFF, 0x07, 0x00, 0x00, 0x00, 0x00,
    0x00, 0x00, 0x00, 0x00, 0x00, 0x00, 0x2C, 0x1F, 0xAC, 0x1E, 0xCC, 0x1E, 0xCB, 0x1E, 0xAB, 0x1E,
    0xAB, 0x1E, 0xAB, 0x1E, 0xAB, 0x1E, 0xAC, 0x1E, 0xAC, 0x1E, 0xEC, 0x1E, 0xEC, 0x1E, 0x0C, 0x1F,
    0xEC, 0x1E, 0xCC, 0x1E, 0xAC, 0x1E, 0xCB, 0x1E, 0xAC, 0x1E, 0xAC, 0x1E, 0xAB, 0x1E, 0xAB, 0x1E,
    0xAB, 0x1E, 0xAB, 0x1E, 0xAB, 0x1E, 0xAC, 0x1E, 0xAC, 0x1E, 0xAC, 0x1E, 0xAC, 0x1E, 0xAC, 0x1E,
    0xAC, 0x1E, 0xAC, 0x1E, 0xAC, 0x1E, 0xAC, 0x1E, 0xAC, 0x1E, 0xAC, 0x1E, 0xAC, 0x1E, 0xAC, 0x1E,
    0xAC, 0x1E, 0xAC, 0x1E, 0xAC, 0x1E, 0xAC, 0x1E, 0xAC, 0x1E, 0xAC, 0x1E, 0xAC, 0x1E, 0xAC, 0x1E,
    0xAC, 0x1E, 0xAC, 0x1E, 0xAC, 0x1E, 0xAC, 0x1E, 0xAC, 0x1E, 0xAC, 0x1E, 0xAC, 0x1E, 0xAC, 0x1E,
    0xAC, 0x1E, 0xAC, 0x1E, 0xAC, 0x1E, 0xAC, 0x1E, 0xAC, 0x1E, 0xAC, 0x1E, 0xAC, 0x1E, 0xAC, 0x1E,
    0xAC, 0x1E, 0xAC, 0x1E, 0xAC, 0x1E, 0xAC, 0x1E, 0xAC, 0x1E, 0xAC, 0x1E, 0xAC, 0x1E, 0xAC, 0x1E,
    0xAC, 0x1E, 0xAC, 0x1E, 0xAC, 0x1E, 0xAC, 0x1E, 0xAC, 0x1E, 0xAC, 0x1E, 0xAC, 0x1E, 0xAC, 0x1E,
    0xAC, 0x1E, 0xAC, 0x1E, 0xAC, 0x1E, 0xAC, 0x1E, 0xAC, 0x1E, 0xAC, 0x1E, 0xAC, 0x1E, 0xAC, 0x1E,
    0xAC, 0x1E, 0xAC, 0x1E, 0xAC, 0x1E, 0xAC, 0x1E, 0xAC, 0x1E, 0xAC, 0x1E, 0xAC, 0x1E, 0xAC, 0x1E,
    0xAC, 0x1E, 0xAC, 0x1E, 0xAC, 0x1E, 0xAC, 0x1E, 0xAC, 0x1E, 0xAC, 0x1E, 0xAC, 0x1E, 0xAC, 0x1E,
    0xAC, 0x1E, 0xAC, 0x1E, 0xAC, 0x1E, 0xAC, 0x1E, 0xAC, 0x1E, 0xAB, 0x1E, 0xAB, 0x1E, 0xAB, 0x1E,
    0xAB, 0x1E, 0xAB, 0x1E, 0xAC, 0x1E, 0xAC, 0x1E, 0xCB, 0x1E, 0xAC, 0x1E, 0xCC, 0x1E, 0xEC, 0x1E,
    0x0C, 0x1F, 0xEC, 0x1E, 0xCC, 0x1E, 0xCC, 0x1E, 0xCC, 0x1E, 0xAB, 0x1E, 0xCC, 0x1E, 0xAB, 0x1E,
    0xAB, 0x1E, 0xAB, 0x26, 0xAC, 0x1E, 0xAC, 0x1E, 0x6C, 0x1E, 0x00, 0x00, 0x00, 0x00, 0x00, 0x00,
    0x00, 0x00, 0x00, 0x00, 0xEF, 0x03, 0x4A, 0x05, 0xE0, 0x03, 0x00, 0x00, 0x00, 0x00, 0x00, 0x00,
    0x00, 0x00, 0x00, 0x00, 0x00, 0x00, 0x00, 0x00, 0x00, 0x00, 0x00, 0x00, 0x00, 0x00, 0x00, 0x00,
    0x00, 0x00, 0x00, 0x00, 0x00, 0x00, 0x00, 0x00, 0x00, 0x00, 0x00, 0x00, 0x00, 0x00, 0x00, 0x00,
    0x00, 0x00, 0x00, 0x00, 0x00, 0x00, 0x00, 0x00, 0x00, 0x00, 0x00, 0x00, 0x00, 0x00, 0x00, 0x00,
    0x00, 0x00, 0x00, 0x00, 0x00, 0x00, 0x00, 0x00, 0x00, 0x00, 0x00, 0x00, 0x00, 0x00, 0x00, 0x00,
    0x00, 0x00, 0x00, 0x00, 0x00, 0x00, 0x00, 0x00, 0x00, 0x00, 0x00, 0x00, 0x00, 0x00, 0x00, 0x00,
    0x00, 0x00, 0x00, 0x00, 0x00, 0x00, 0x00, 0x00, 0x00, 0x00, 0x00, 0x00, 0x00, 0x00, 0x00, 0x00,
    0x00, 0x00, 0x00, 0x00, 0x00, 0x00, 0x00, 0x00, 0x00, 0x00, 0x00, 0x00, 0x00, 0x00, 0x00, 0x00,
    0x00, 0x00, 0x00, 0x00, 0x00, 0x00, 0xEF, 0x07, 0xAA, 0x2E, 0xCD, 0x16, 0xAB, 0x1E, 0xAC, 0x1E,
    0xAC, 0x1E, 0xAB, 0x1E, 0xAB, 0x1E, 0xAC, 0x1E, 0xAB, 0x1E, 0xAB, 0x1E, 0xAC, 0x1E, 0xCC, 0x1E,
    0xCC, 0x1E, 0xCC, 0x1E, 0xAC, 0x1E, 0xAB, 0x1E, 0xCC, 0x1E, 0xAB, 0x1E, 0xAB, 0x1E, 0xAB, 0x1E,
    0xAB, 0x1E, 0xAC, 0x1E, 0xAC, 0x1E, 0xAC, 0x1E, 0xAC, 0x1E, 0xAC, 0x1E, 0xAC, 0x1E, 0xAC, 0x1E,
    0xAC, 0x1E, 0xAC, 0x1E, 0xAC, 0x1E, 0xAC, 0x1E, 0xAC, 0x1E, 0xAC, 0x1E, 0xAC, 0x1E, 0xAC, 0x1E,
    0xAC, 0x1E, 0xAC, 0x1E, 0xAC, 0x1E, 0xAC, 0x1E, 0xAC, 0x1E, 0xAC, 0x1E, 0xAC, 0x1E, 0xAC, 0x1E,
    0xAC, 0x1E, 0xAC, 0x1E, 0xAC, 0x1E, 0xAC, 0x1E, 0xAC, 0x1E, 0xAC, 0x1E, 0xAC, 0x1E, 0xAC, 0x1E,
    0xAC, 0x1E, 0xAC, 0x1E, 0xAC, 0x1E, 0xAC, 0x1E, 0xAC, 0x1E, 0xAC, 0x1E, 0xAC, 0x1E, 0xAC, 0x1E,
    0xAC, 0x1E, 0xAC, 0x1E, 0xAC, 0x1E, 0xAC, 0x1E, 0xAC, 0x1E, 0xAC, 0x1E, 0xAC, 0x1E, 0xAC, 0x1E,
    0xAC, 0x1E, 0xAC, 0x1E, 0xAC, 0x1E, 0xAC, 0x1E, 0xAC, 0x1E, 0xAC, 0x1E, 0xAC, 0x1E, 0xAC, 0x1E,
    0xAC, 0x1E, 0xAC, 0x1E, 0xAC, 0x1E, 0xAC, 0x1E, 0xAC, 0x1E, 0xAC, 0x1E, 0xAC, 0x1E, 0xAC, 0x1E,
    0xAC, 0x1E, 0xAC, 0x1E, 0xAC, 0x1E, 0xAC, 0x1E, 0xAC, 0x1E, 0xAC, 0x1E, 0xAC, 0x1E, 0xAC, 0x1E,
    0xAC, 0x1E, 0xAC, 0x1E, 0xAC, 0x1E, 0xAC, 0x1E, 0xAC, 0x1E, 0xAC, 0x1E, 0xAC, 0x1E, 0xAC, 0x1E,
    0xAC, 0x1E, 0xAC, 0x1E, 0xAC, 0x1E, 0xAC, 0x1E, 0xAC, 0x1E, 0xAC, 0x1E, 0xAC, 0x1E, 0xAB, 0x1E,
    0xAB, 0x1E, 0xAB, 0x1E, 0xAB, 0x1E, 0xAC, 0x1E, 0xAB, 0x1E, 0xAC, 0x1E, 0xCC, 0x1E, 0xCC, 0x1E,
    0xEC, 0x1E, 0xAC, 0x1E, 0xAC, 0x1E, 0xCC, 0x1E, 0xAB, 0x1E, 0xCC, 0x1E, 0xAB, 0x1E, 0xAB, 0x1E,
    0x8B, 0x1E, 0xAB, 0x26, 0x4B, 0x16, 0xAA, 0x2E, 0xEF, 0x03, 0x00, 0x00, 0x00, 0x00, 0x00, 0x00,
    0x00, 0x00, 0x00, 0x00, 0x00, 0x00, 0x00, 0x00, 0x00, 0x00, 0x00, 0x00, 0x00, 0x00, 0x00, 0x00,
    0x00, 0x00, 0x00, 0x00, 0x00, 0x00, 0x00, 0x00, 0x00, 0x00, 0x00, 0x00, 0x00, 0x00, 0x00, 0x00,
    0x00, 0x00, 0x00, 0x00, 0x00, 0x00, 0x00, 0x00, 0x00, 0x00, 0x00, 0x00, 0x00, 0x00, 0x00, 0x00,
    0x00, 0x00, 0x00, 0x00, 0x00, 0x00, 0x00, 0x00, 0x00, 0x00, 0x00, 0x00, 0x00, 0x00, 0x00, 0x00,
    0x00, 0x00, 0x00, 0x00, 0x00, 0x00, 0x00, 0x00, 0x00, 0x00, 0x00, 0x00, 0x00, 0x00, 0x00, 0x00,
    0x00, 0x00, 0x00, 0x00, 0x00, 0x00, 0x00, 0x00, 0x00, 0x00, 0x00, 0x00, 0x00, 0x00, 0x00, 0x00,
    0x00, 0x00, 0x00, 0x00, 0x00, 0x00, 0x00, 0x00, 0x00, 0x00, 0x00, 0x00, 0x00, 0x00, 0x00, 0x00,
    0x00, 0x00, 0x00, 0x00, 0x00, 0x00, 0x00, 0x00, 0x00, 0x00, 0x00, 0x00, 0xE0, 0x07, 0x4A, 0x05,
    0x6C, 0x06, 0xEF, 0x07, 0xE0, 0x07, 0x00, 0x00, 0x00, 0x00, 0x00, 0x00, 0xCD, 0x26, 0x8D, 0x1E,
    0xCC, 0x1E, 0xAB, 0x1E, 0xAC, 0x1E, 0xAB, 0x1E, 0xAB, 0x1E, 0xAB, 0x1E, 0xAB, 0x1E, 0xAC, 0x1E,
    0xCC, 0x1E, 0xCC, 0x1E, 0xCC, 0x1E, 0xCC, 0x1E, 0xCC, 0x1E, 0xCC, 0x1E, 0xCC, 0x1E, 0xCC, 0x1E,
    0xCC, 0x1E, 0xCC, 0x1E, 0xCC, 0x1E, 0xCC, 0x1E, 0xAC, 0x1E, 0xAC, 0x1E, 0xAC, 0x1E, 0xAC, 0x1E,
    0xAC, 0x1E, 0xAC, 0x1E, 0xAC, 0x1E, 0xAC, 0x1E, 0xAC, 0x1E, 0xAC, 0x1E, 0xAC, 0x1E, 0xAC, 0x1E,
    0xAC, 0x1E, 0xAC, 0x1E, 0xAC, 0x1E, 0xAC, 0x1E, 0xAC, 0x1E, 0xAC, 0x1E, 0xAC, 0x1E, 0xAC, 0x1E,
    0xAC, 0x1E, 0xAC, 0x1E, 0xAC, 0x1E, 0xAC, 0x1E, 0xAC, 0x1E, 0xAC, 0x1E, 0xAC, 0x1E, 0xAC, 0x1E,
    0xAC, 0x1E, 0xAC, 0x1E, 0xAC, 0x1E, 0xAC, 0x1E, 0xAC, 0x1E, 0xAC, 0x1E, 0xAC, 0x1E, 0xAC, 0x1E,
    0xAC, 0x1E, 0xAC, 0x1E, 0xAC, 0x1E, 0xAC, 0x1E, 0xAC, 0x1E, 0xAC, 0x1E, 0xAC, 0x1E, 0xAC, 0x1E,
    0xAC, 0x1E, 0xAC, 0x1E, 0xAC, 0x1E, 0xAC, 0x1E, 0xAC, 0x1E, 0xAC, 0x1E, 0xAC, 0x1E, 0xAC, 0x1E,
    0xAC, 0x1E, 0xAC, 0x1E, 0xAC, 0x1E, 0xAC, 0x1E, 0xAC, 0x1E, 0xAC, 0x1E, 0xAC, 0x1E, 0xAC, 0x1E,
    0xAC, 0x1E, 0xAC, 0x1E, 0xAC, 0x1E, 0xAC, 0x1E, 0xAC, 0x1E, 0xAC, 0x1E, 0xAC, 0x1E, 0xAC, 0x1E,
    0xAC, 0x1E, 0xAC, 0x1E, 0xAC, 0x1E, 0xAC, 0x1E, 0xAC, 0x1E, 0xAC, 0x1E, 0xAC, 0x1E, 0xAC, 0x1E,
    0xAC, 0x1E, 0xAC, 0x1E, 0xAC, 0x1E, 0xAC, 0x1E, 0xCC, 0x1E, 0xCC, 0x1E, 0xCC, 0x1E, 0xCC, 0x1E,
    0xCC, 0x1E, 0xCC, 0x1E, 0xCC, 0x1E, 0xCC, 0x1E, 0xCC, 0x1E, 0xCC, 0x1E, 0xCC, 0x1E, 0xCC, 0x1E,
    0xCC, 0x1E, 0xAB, 0x1E, 0xAC, 0x1E, 0xCC, 0x1E, 0xAB, 0x1E, 0xCC, 0x1E, 0xAB, 0x1E, 0xAC, 0x1E,
    0x8B, 0x1E, 0xAA, 0x2E, 0x00, 0x00, 0x00, 0x00, 0x00, 0x00, 0xE0, 0x07, 0xEF, 0x07, 0x6C, 0x06,
    0x4A, 0x05, 0xE0, 0x07, 0x00, 0x00, 0x00, 0x00, 0x00, 0x00, 0x00, 0x00, 0x00, 0x00, 0x00, 0x00,
    0x00, 0x00, 0x00, 0x00, 0x00, 0x00, 0x00, 0x00, 0x00, 0x00, 0x00, 0x00, 0x00, 0x00, 0x00, 0x00,
    0x00, 0x00, 0x00, 0x00, 0x00, 0x00, 0x00, 0x00, 0x00, 0x00, 0x00, 0x00, 0x00, 0x00, 0x00, 0x00,
    0x00, 0x00, 0x00, 0x00, 0x00, 0x00, 0x00, 0x00, 0x00, 0x00, 0x00, 0x00, 0x00, 0x00, 0x00, 0x00,
    0x00, 0x00, 0x00, 0x00, 0x00, 0x00, 0x00, 0x00, 0x00, 0x00, 0x00, 0x00, 0x00, 0x00, 0x00, 0x00,
    0x00, 0x00, 0x00, 0x00, 0x00, 0x00, 0x00, 0x00, 0x00, 0x00, 0x00, 0x00, 0x00, 0x00, 0x00, 0x00,
    0x00, 0x00, 0x00, 0x00, 0x00, 0x00, 0x00, 0x00, 0x00, 0x00, 0x00, 0x00, 0x00, 0x00, 0x00, 0x00,
    0x00, 0x00, 0x00, 0x00, 0x00, 0x00, 0x00, 0x00, 0x00, 0x00, 0x00, 0x00, 0xE0, 0x07, 0xEA, 0x07,
    0xAA, 0x06, 0x6C, 0x06, 0xE0, 0x07, 0x00, 0x00, 0x00, 0x00, 0x00, 0x00, 0x00, 0x00, 0x0E, 0x1F,
    0xAC, 0x26, 0xAB, 0x1E, 0xAC, 0x1E, 0xAC, 0x1E, 0xAB, 0x1E, 0xAC, 0x1E, 0xAB, 0x1E, 0xAC, 0x1E,
    0xCC, 0x1E, 0xAB, 0x1E, 0xCC, 0x1E, 0xEC, 0x1E, 0xEC, 0x1E, 0xEC, 0x1E, 0xCC, 0x1E, 0xCC, 0x1E,
    0xCC, 0x1E, 0xCC, 0x1E, 0xCC, 0x1E, 0xAC, 0x1E, 0xAC, 0x1E, 0xAC, 0x1E, 0xAC, 0x1E, 0xAB, 0x1E,
    0xAB, 0x1E, 0xAB, 0x1E, 0xAC, 0x1E, 0xAC, 0x1E, 0xAC, 0x1E, 0xAC, 0x1E, 0xAC, 0x1E, 0xAC, 0x1E,
    0xAC, 0x1E, 0xAC, 0x1E, 0xAC, 0x1E, 0xAC, 0x1E, 0xAC, 0x1E, 0xAC, 0x1E, 0xAC, 0x1E, 0xAC, 0x1E,
    0xAC, 0x1E, 0xAC, 0x1E, 0xAC, 0x1E, 0xAC, 0x1E, 0xAC, 0x1E, 0xAC, 0x1E, 0xAC, 0x1E, 0xAC, 0x1E,
    0xAC, 0x1E, 0xAC, 0x1E, 0xAC, 0x1E, 0xAC, 0x1E, 0xAC, 0x1E, 0xAC, 0x1E, 0xAC, 0x1E, 0xAC, 0x1E,
    0xAC, 0x1E, 0xAC, 0x1E, 0xAC, 0x1E, 0xAC, 0x1E, 0xAC, 0x1E, 0xAC, 0x1E, 0xAC, 0x1E, 0xAC, 0x1E,
    0xAC, 0x1E, 0xAC, 0x1E, 0xAC, 0x1E, 0xAC, 0x1E, 0xAC, 0x1E, 0xAC, 0x1E, 0xAC, 0x1E, 0xAC, 0x1E,
    0xAC, 0x1E, 0xAC, 0x1E, 0xAC, 0x1E, 0xAC, 0x1E, 0xAC, 0x1E, 0xAC, 0x1E, 0xAC, 0x1E, 0xAC, 0x1E,
    0xAC, 0x1E, 0xAC, 0x1E, 0xAC, 0x1E, 0xAC, 0x1E, 0xAC, 0x1E, 0xAC, 0x1E, 0xAC, 0x1E, 0xAC, 0x1E,
    0xAC, 0x1E, 0xAC, 0x1E, 0xAC, 0x1E, 0xAC, 0x1E, 0xAC, 0x1E, 0xAC, 0x1E, 0xAB, 0x1E, 0xAB, 0x1E,
    0xAB, 0x1E, 0xAC, 0x1E, 0xAC, 0x1E, 0xAC, 0x1E, 0xAC, 0x1E, 0xCC, 0x1E, 0xCC, 0x1E, 0xCC, 0x1E,
    0xCC, 0x1E, 0xCC, 0x1E, 0xEC, 0x1E, 0xEC, 0x1E, 0xEC, 0x1E, 0xCC, 0x1E, 0xAB, 0x1E, 0xCC, 0x1E,
    0xCB, 0x1E, 0xAB, 0x1E, 0xAC, 0x1E, 0xAC, 0x1E, 0xCB, 0x1E, 0xCC, 0x1E, 0xAB, 0x1E, 0xAB, 0x26,
    0x2A, 0x1E, 0x00, 0x00, 0x00, 0x00, 0x00, 0x00, 0x00, 0x00, 0xE0, 0x07, 0x6C, 0x06, 0xAA, 0x06,
    0xEA, 0x07, 0xE0, 0x07, 0x00, 0x00, 0x00, 0x00, 0x00, 0x00, 0x00, 0x00, 0x00, 0x00, 0x00, 0x00,
    0x00, 0x00, 0x00, 0x00, 0x00, 0x00, 0x00, 0x00, 0x00, 0x00, 0x00, 0x00, 0x00, 0x00, 0x00, 0x00,
    0x00, 0x00, 0x00, 0x00, 0x00, 0x00, 0x00, 0x00, 0x00, 0x00, 0x00, 0x00, 0x00, 0x00, 0x00, 0x00,
    0x00, 0x00, 0x00, 0x00, 0x00, 0x00, 0x00, 0x00, 0x00, 0x00, 0x00, 0x00, 0x00, 0x00, 0x00, 0x00,
    0x00, 0x00, 0x00, 0x00, 0x00, 0x00, 0x00, 0x00, 0x00, 0x00, 0x00, 0x00, 0x00, 0x00, 0x00, 0x00,
    0x00, 0x00, 0x00, 0x00, 0x00, 0x00, 0x00, 0x00, 0x00, 0x00, 0x00, 0x00, 0x00, 0x00, 0x00, 0x00,
    0x00, 0x00, 0x00, 0x00, 0x00, 0x00, 0x00, 0x00, 0x00, 0x00, 0x00, 0x00, 0x00, 0x00, 0x00, 0x00,
    0x00, 0x00, 0x00, 0x00, 0x00, 0x00, 0x00, 0x00, 0x00, 0x00, 0x00, 0x00, 0xE0, 0x07, 0xE0, 0x07,
    0xEA, 0x07, 0xEF, 0x07, 0x00, 0x00, 0x00, 0x00, 0x00, 0x00, 0x00, 0x00, 0x00, 0x00, 0x00, 0x00,
    0xAC, 0x16, 0xCB, 0x1E, 0xCB, 0x1E, 0xAC, 0x1E, 0x8B, 0x1E, 0xAC, 0x1E, 0xAB, 0x1E, 0xAC, 0x1E,
    0xCC, 0x1E, 0xCC, 0x1E, 0xAB, 0x1E, 0xEC, 0x1E, 0xEC, 0x1E, 0xEC, 0x1E, 0xCC, 0x1E, 0xCC, 0x1E,
    0xCC, 0x1E, 0xCC, 0x1E, 0xAC, 0x1E, 0xAB, 0x1E, 0xAB, 0x1E, 0xAC, 0x1E, 0xAC, 0x1E, 0xAC, 0x1E,
    0xAC, 0x1E, 0xAC, 0x1E, 0xAB, 0x1E, 0xAB, 0x1E, 0xAC, 0x1E, 0xAC, 0x1E, 0xAC, 0x1E, 0xAC, 0x1E,
    0xAC, 0x1E, 0xAC, 0x1E, 0xAC, 0x1E, 0xAC, 0x1E, 0xAC, 0x1E, 0xAC, 0x1E, 0xAC, 0x1E, 0xAC, 0x1E,
    0xAC, 0x1E, 0xAC, 0x1E, 0xAC, 0x1E, 0xAC, 0x1E, 0xAC, 0x1E, 0xAC, 0x1E, 0xAC, 0x1E, 0xAC, 0x1E,
    0xAC, 0x1E, 0xAC, 0x1E, 0xAC, 0x1E, 0xAC, 0x1E, 0xAC, 0x1E, 0xAC, 0x1E, 0xAC, 0x1E, 0xAC, 0x1E,
    0xAC, 0x1E, 0xAC, 0x1E, 0xAC, 0x1E, 0xAC, 0x1E, 0xAC, 0x1E, 0xAC, 0x1E, 0xAC, 0x1E, 0xAC, 0x1E,
    0xAC, 0x1E, 0xAC, 0x1E, 0xAC, 0x1E, 0xAC, 0x1E, 0xAC, 0x1E, 0xAC, 0x1E, 0xAC, 0x1E, 0xAC, 0x1E,
    0xAC, 0x1E, 0xAC, 0x1E, 0xAC, 0x1E, 0xAC, 0x1E, 0xAC, 0x1E, 0xAC, 0x1E, 0xAC, 0x1E, 0xAC, 0x1E,
    0xAC, 0x1E, 0xAC, 0x1E, 0xAC, 0x1E, 0xAC, 0x1E, 0xAC, 0x1E, 0xAC, 0x1E, 0xAC, 0x1E, 0xAC, 0x1E,
    0xAC, 0x1E, 0xAC, 0x1E, 0xAC, 0x1E, 0xAC, 0x1E, 0xAB, 0x1E, 0xAB, 0x1E, 0xAC, 0x1E, 0xAC, 0x1E,
    0xAC, 0x1E, 0xAC, 0x1E, 0xAC, 0x1E, 0xAB, 0x1E, 0xAC, 0x1E, 0xAC, 0x1E, 0xCC, 0x1E, 0xCC, 0x1E,
    0xCC, 0x1E, 0xCC, 0x1E, 0xEC, 0x1E, 0xEC, 0x1E, 0xCC, 0x1E, 0xAB, 0x1E, 0xAC, 0x1E, 0xCB, 0x1E,
    0xAB, 0x1E, 0xAC, 0x1E, 0xCC, 0x1E, 0xAC, 0x1E, 0xAB, 0x1E, 0xCC, 0x1E, 0xAC, 0x1E, 0xAD, 0x16,
    0x00, 0x00, 0x00, 0x00, 0x00, 0x00, 0x00, 0x00, 0x00, 0x00, 0x00, 0x00, 0xEF, 0x07, 0x4A, 0x05,
    0xE0, 0x03, 0xE0, 0x07, 0x00, 0x00, 0x00, 0x00, 0x00, 0x00, 0x00, 0x00, 0x00, 0x00, 0x00, 0x00,
    0x00, 0x00, 0x00, 0x00, 0x00, 0x00, 0x00, 0x00, 0x00, 0x00, 0x00, 0x00, 0x00, 0x00, 0x00, 0x00,
    0x00, 0x00, 0x00, 0x00, 0x00, 0x00, 0x00, 0x00, 0x00, 0x00, 0x00, 0x00, 0x00, 0x00, 0x00, 0x00,
    0x00, 0x00, 0x00, 0x00, 0x00, 0x00, 0x00, 0x00, 0x00, 0x00, 0x00, 0x00, 0x00, 0x00, 0x00, 0x00,
    0x00, 0x00, 0x00, 0x00, 0x00, 0x00, 0x00, 0x00, 0x00, 0x00, 0x00, 0x00, 0x00, 0x00, 0x00, 0x00,
    0x00, 0x00, 0x00, 0x00, 0x00, 0x00, 0x00, 0x00, 0x00, 0x00, 0x00, 0x00, 0x00, 0x00, 0x00, 0x00,
    0x00, 0x00, 0x00, 0x00, 0x00, 0x00, 0x00, 0x00, 0x00, 0x00, 0x00, 0x00, 0x00, 0x00, 0x00, 0x00,
    0x00, 0x00, 0x00, 0x00, 0x00, 0x00, 0x00, 0x00, 0x00, 0x00, 0x00, 0x00, 0x00, 0x00, 0x00, 0x00,
    0x00, 0x00, 0x00, 0x00, 0x00, 0x00, 0x00, 0x00, 0x00, 0x00, 0x00, 0x00, 0x00, 0x00, 0x00, 0x00,
    0xEF, 0x07, 0xAA, 0x2E, 0x4D, 0x17, 0xAC, 0x1E, 0x8B, 0x1E, 0xAC, 0x1E, 0xAB, 0x1E, 0xAC, 0x1E,
    0xAB, 0x1E, 0xCB, 0x1E, 0xAB, 0x1E, 0xAB, 0x1E, 0xAB, 0x1E, 0xAC, 0x1E, 0xAB, 0x1E, 0xAC, 0x1E,
    0xAC, 0x1E, 0xCC, 0x1E, 0xAC, 0x1E, 0xAB, 0x1E, 0xAB, 0x1E, 0xAB, 0x1E, 0xAB, 0x1E, 0xAB, 0x1E,
    0xAB, 0x1E, 0xAB, 0x1E, 0xAB, 0x1E, 0xAC, 0x1E, 0xAC, 0x1E, 0xAC, 0x1E, 0xAC, 0x1E, 0xAC, 0x1E,
    0xAC, 0x1E, 0xAC, 0x1E, 0xAC, 0x1E, 0xAC, 0x1E, 0xAC, 0x1E, 0xAC, 0x1E, 0xAC, 0x1E, 0xAC, 0x1E,
    0xAC, 0x1E, 0xAC, 0x1E, 0xAC, 0x1E, 0xAC, 0x1E, 0xAC, 0x1E, 0xAC, 0x1E, 0xAC, 0x1E, 0xAC, 0x1E,
    0xAC, 0x1E, 0xAC, 0x1E, 0xAC, 0x1E, 0xAC, 0x1E, 0xAC, 0x1E, 0xAC, 0x1E, 0xAC, 0x1E, 0xAC, 0x1E,
    0xAC, 0x1E, 0xAC, 0x1E, 0xAC, 0x1E, 0xAC, 0x1E, 0xAC, 0x1E, 0xAC, 0x1E, 0xAC, 0x1E, 0xAC, 0x1E,
    0xAC, 0x1E, 0xAC, 0x1E, 0xAC, 0x1E, 0xAC, 0x1E, 0xAC, 0x1E, 0xAC, 0x1E, 0xAC, 0x1E, 0xAC, 0x1E,
    0xAC, 0x1E, 0xAC, 0x1E, 0xAC, 0x1E, 0xAC, 0x1E, 0xAC, 0x1E, 0xAC, 0x1E, 0xAC, 0x1E, 0xAC, 0x1E,
    0xAC, 0x1E, 0xAC, 0x1E, 0xAC, 0x1E, 0xAC, 0x1E, 0xAC, 0x1E, 0xAC, 0x1E, 0xAC, 0x1E, 0xAC, 0x1E,
    0xAC, 0x1E, 0xAC, 0x1E, 0xAC, 0x1E, 0xAC, 0x1E, 0xAC, 0x1E, 0xAB, 0x1E, 0xAB, 0x1E, 0xAB, 0x1E,
    0xAB, 0x1E, 0xAB, 0x1E, 0xAB, 0x1E, 0xAB, 0x1E, 0xAC, 0x1E, 0xAC, 0x1E, 0xCC, 0x1E, 0xAC, 0x1E,
    0xAC, 0x1E, 0xAB, 0x1E, 0xAC, 0x1E, 0xAC, 0x1E, 0xAB, 0x1E, 0xAB, 0x1E, 0xAB, 0x1E, 0xAB, 0x1E,
    0xAC, 0x1E, 0xAC, 0x1E, 0xAC, 0x1E, 0xAC, 0x1E, 0x0B, 0x1F, 0x4D, 0x17, 0xAA, 0x2E, 0xEF, 0x07,
    0x00, 0x00, 0x00, 0x00, 0x00, 0x00, 0x00, 0x00, 0x00, 0x00, 0x00, 0x00, 0x00, 0x00, 0x00, 0x00,
    0x00, 0x00, 0x00, 0x00, 0x00, 0x00, 0x00, 0x00, 0x00, 0x00, 0x00, 0x00, 0x00, 0x00, 0x00, 0x00,
    0x00, 0x00, 0x00, 0x00, 0x00, 0x00, 0x00, 0x00, 0x00, 0x00, 0x00, 0x00, 0x00, 0x00, 0x00, 0x00,
    0x00, 0x00, 0x00, 0x00, 0x00, 0x00, 0x00, 0x00, 0x00, 0x00, 0x00, 0x00, 0x00, 0x00, 0x00, 0x00,
    0x00, 0x00, 0x00, 0x00, 0x00, 0x00, 0x00, 0x00, 0x00, 0x00, 0x00, 0x00, 0x00, 0x00, 0x00, 0x00,
    0x00, 0x00, 0x00, 0x00, 0x00, 0x00, 0x00, 0x00, 0x00, 0x00, 0x00, 0x00, 0x00, 0x00, 0x00, 0x00,
    0x00, 0x00, 0x00, 0x00, 0x00, 0x00, 0x00, 0x00, 0x00, 0x00, 0x00, 0x00, 0x00, 0x00, 0x00, 0x00,
    0x00, 0x00, 0x00, 0x00, 0x00, 0x00, 0x00, 0x00, 0x00, 0x00, 0x00, 0x00, 0x00, 0x00, 0x00, 0x00,
    0x00, 0x00, 0x00, 0x00, 0x00, 0x00, 0x00, 0x00, 0x00, 0x00, 0x00, 0x00, 0x00, 0x00, 0x00, 0x00,
    0x00, 0x00, 0x00, 0x00, 0xE0, 0x07, 0xEF, 0x07, 0xEF, 0x07, 0xEF, 0x05, 0xEF, 0x07, 0xE0, 0x07,
    0x00, 0x00, 0x00, 0x00, 0x00, 0x00, 0xEF, 0x03, 0x6B, 0x1E, 0xAC, 0x1E, 0xCC, 0x1E, 0xAC, 0x1E,
    0xAB, 0x1E, 0xCB, 0x1E, 0xAB, 0x1E, 0xAC, 0x1E, 0xAB, 0x1E, 0xAC, 0x1E, 0xAB, 0x1E, 0xAC, 0x1E,
    0xAC, 0x1E, 0xAC, 0x1E, 0xAC, 0x1E, 0xCC, 0x1E, 0xCC, 0x1E, 0xCC, 0x1E, 0xCC, 0x1E, 0xCC, 0x1E,
    0xCC, 0x1E, 0xCC, 0x1E, 0xCC, 0x1E, 0xCC, 0x1E, 0xCC, 0x1E, 0xAC, 0x1E, 0xAC, 0x1E, 0xAC, 0x1E,
    0xAC, 0x1E, 0xAC, 0x1E, 0xAC, 0x1E, 0xAC, 0x1E, 0xAC, 0x1E, 0xAC, 0x1E, 0xAC, 0x1E, 0xAC, 0x1E,
    0xAC, 0x1E, 0xAC, 0x1E, 0xAC, 0x1E, 0xAC, 0x1E, 0xAC, 0x1E, 0xAC, 0x1E, 0xAC, 0x1E, 0xAC, 0x1E,
    0xAC, 0x1E, 0xAC, 0x1E, 0xAC, 0x1E, 0xAC, 0x1E, 0xAC, 0x1E, 0xAC, 0x1E, 0xAC, 0x1E, 0xAC, 0x1E,
    0xAC, 0x1E, 0xAC, 0x1E, 0xAC, 0x1E, 0xAC, 0x1E, 0xAC, 0x1E, 0xAC, 0x1E, 0xAC, 0x1E, 0xAC, 0x1E,
    0xAC, 0x1E, 0xAC, 0x1E, 0xAC, 0x1E, 0xAC, 0x1E, 0xAC, 0x1E, 0xAC, 0x1E, 0xAC, 0x1E, 0xAC, 0x1E,
    0xAC, 0x1E, 0xAC, 0x1E, 0xAC, 0x1E, 0xAC, 0x1E, 0xAC, 0x1E, 0xAC, 0x1E, 0xAC, 0x1E, 0xAC, 0x1E,
    0xAC, 0x1E, 0xAC, 0x1E, 0xAC, 0x1E, 0xAC, 0x1E, 0xAC, 0x1E, 0xAC, 0x1E, 0xAC, 0x1E, 0xAC, 0x1E,
    0xAC, 0x1E, 0xAC, 0x1E, 0xAC, 0x1E, 0xCC, 0x1E, 0xCC, 0x1E, 0xCC, 0x1E, 0xCC, 0x1E, 0xCC, 0x1E,
    0xCC, 0x1E, 0xCC, 0x1E, 0xCC, 0x1E, 0xCC, 0x1E, 0xCC, 0x1E, 0xAC, 0x1E, 0xAC, 0x1E, 0xAC, 0x1E,
    0xAC, 0x1E, 0xAC, 0x1E, 0xAC, 0x1E, 0xAC, 0x1E, 0xAC, 0x1E, 0xAB, 0x1E, 0xAB, 0x1E, 0xAB, 0x1E,
    0xAC, 0x1E, 0xAB, 0x1E, 0xCC, 0x1E, 0xEC, 0x26, 0xE0, 0x07, 0x00, 0x00, 0x00, 0x00, 0x00, 0x00,
    0xE0, 0x07, 0xEF, 0x07, 0xEF, 0x05, 0xEF, 0x07, 0xEF, 0x07, 0xE0, 0x07, 0x00, 0x00, 0x00, 0x00,
    0x00, 0x00, 0x00, 0x00, 0x00, 0x00, 0x00, 0x00, 0x00, 0x00, 0x00, 0x00, 0x00, 0x00, 0x00, 0x00,
    0x00, 0x00, 0x00, 0x00, 0x00, 0x00, 0x00, 0x00, 0x00, 0x00, 0x00, 0x00, 0x00, 0x00, 0x00, 0x00,
    0x00, 0x00, 0x00, 0x00, 0x00, 0x00, 0x00, 0x00, 0x00, 0x00, 0x00, 0x00, 0x00, 0x00, 0x00, 0x00,
    0x00, 0x00, 0x00, 0x00, 0x00, 0x00, 0x00, 0x00, 0x00, 0x00, 0x00, 0x00, 0x00, 0x00, 0x00, 0x00,
    0x00, 0x00, 0x00, 0x00, 0x00, 0x00, 0x00, 0x00, 0x00, 0x00, 0x00, 0x00, 0x00, 0x00, 0x00, 0x00,
    0x00, 0x00, 0x00, 0x00, 0x00, 0x00, 0x00, 0x00, 0x00, 0x00, 0x00, 0x00, 0x00, 0x00, 0x00, 0x00,
    0x00, 0x00, 0x00, 0x00, 0x00, 0x00, 0x00, 0x00, 0x00, 0x00, 0x00, 0x00, 0x00, 0x00, 0x00, 0x00,
    0x00, 0x00, 0x00, 0x00, 0x00, 0x00, 0x00, 0x00, 0x00, 0x00, 0x00, 0x00, 0x00, 0x00, 0x00, 0x00,
    0x00, 0x00, 0x00, 0x00, 0xE0, 0x07, 0xEA, 0x07, 0x6C, 0x06, 0x6C, 0x36, 0xEA, 0x07, 0x00, 0x00,
    0x00, 0x00, 0x00, 0x00, 0x00, 0x00, 0x00, 0x00, 0x00, 0x00, 0xEC, 0x26, 0xAC, 0x1E, 0xAC, 0x1E,
    0xAB, 0x1E, 0xAB, 0x1E, 0xAB, 0x1E, 0xAB, 0x1E, 0xAB, 0x1E, 0xAC, 0x1E, 0xAB, 0x1E, 0xAC, 0x1E,
    0xAC, 0x1E, 0xAB, 0x1E, 0xAC, 0x1E, 0xCC, 0x1E, 0xEC, 0x1E, 0xEC, 0x1E, 0xEC, 0x1E, 0xEC, 0x1E,
    0xEC, 0x1E, 0xEC, 0x1E, 0xCC, 0x1E, 0xCC, 0x1E, 0xCC, 0x1E, 0xAC, 0x1E, 0xAC, 0x1E, 0xAB, 0x1E,
    0xAB, 0x1E, 0xAC, 0x1E, 0xAB, 0x1E, 0xAB, 0x1E, 0xAB, 0x1E, 0xAB, 0x1E, 0xAB, 0x1E, 0xAC, 0x1E,
    0xAC, 0x1E, 0xAC, 0x1E, 0xAC, 0x1E, 0xAC, 0x1E, 0xAC, 0x1E, 0xAC, 0x1E, 0xAC, 0x1E, 0xAC, 0x1E,
    0xAC, 0x1E, 0xAC, 0x1E, 0xAC, 0x1E, 0xAC, 0x1E, 0xAC, 0x1E, 0xAC, 0x1E, 0xAC, 0x1E, 0xAC, 0x1E,
    0xAC, 0x1E, 0xAC, 0x1E, 0xAC, 0x1E, 0xAC, 0x1E, 0xAC, 0x1E, 0xAC, 0x1E, 0xAC, 0x1E, 0xAC, 0x1E,
    0xAC, 0x1E, 0xAC, 0x1E, 0xAC, 0x1E, 0xAC, 0x1E, 0xAC, 0x1E, 0xAC, 0x1E, 0xAC, 0x1E, 0xAC, 0x1E,
    0xAC, 0x1E, 0xAC, 0x1E, 0xAC, 0x1E, 0xAC, 0x1E, 0xAC, 0x1E, 0xAC, 0x1E, 0xAC, 0x1E, 0xAC, 0x1E,
    0xAC, 0x1E, 0xAB, 0x1E, 0xAB, 0x1E, 0xAB, 0x1E, 0xAB, 0x1E, 0xAB, 0x1E, 0xAC, 0x1E, 0xAB, 0x1E,
    0xAB, 0x1E, 0xAC, 0x1E, 0xAC, 0x1E, 0xCC, 0x1E, 0xCC, 0x1E, 0xCC, 0x1E, 0xEC, 0x1E, 0xEC, 0x1E,
    0xEC, 0x1E, 0xEC, 0x1E, 0xEC, 0x1E, 0xEC, 0x1E, 0xCC, 0x1E, 0xAB, 0x1E, 0xAB, 0x1E, 0xAC, 0x1E,
    0xCC, 0x1E, 0xAC, 0x1E, 0xAC, 0x1E, 0xAC, 0x1E, 0xAC, 0x1E, 0xAB, 0x1E, 0xAC, 0x1E, 0xCB, 0x1E,
    0xAB, 0x1E, 0xCC, 0x1E, 0xCB, 0x26, 0x00, 0x00, 0x00, 0x00, 0x00, 0x00, 0x00, 0x00, 0x00, 0x00,
    0x00, 0x00, 0xEA, 0x07, 0x6C, 0x36, 0x6C, 0x06, 0xEA, 0x07, 0xE0, 0x07, 0x00, 0x00, 0x00, 0x00,
    0x00, 0x00, 0x00, 0x00, 0x00, 0x00, 0x00, 0x00, 0x00, 0x00, 0x00, 0x00, 0x00, 0x00, 0x00, 0x00,
    0x00, 0x00, 0x00, 0x00, 0x00, 0x00, 0x00, 0x00, 0x00, 0x00, 0x00, 0x00, 0x00, 0x00, 0x00, 0x00,
    0x00, 0x00, 0x00, 0x00, 0x00, 0x00, 0x00, 0x00, 0x00, 0x00, 0x00, 0x00, 0x00, 0x00, 0x00, 0x00,
    0x00, 0x00, 0x00, 0x00, 0x00, 0x00, 0x00, 0x00, 0x00, 0x00, 0x00, 0x00, 0x00, 0x00, 0x00, 0x00,
    0x00, 0x00, 0x00, 0x00, 0x00, 0x00, 0x00, 0x00, 0x00, 0x00, 0x00, 0x00, 0x00, 0x00, 0x00, 0x00,
    0x00, 0x00, 0x00, 0x00, 0x00, 0x00, 0x00, 0x00, 0x00, 0x00, 0x00, 0x00, 0x00, 0x00, 0x00, 0x00,
    0x00, 0x00, 0x00, 0x00, 0x00, 0x00, 0x00, 0x00, 0x00, 0x00, 0x00, 0x00, 0x00, 0x00, 0x00, 0x00,
    0x00, 0x00, 0x00, 0x00, 0x00, 0x00, 0x00, 0x00, 0x00, 0x00, 0x00, 0x00, 0x00, 0x00, 0x00, 0x00,
    0x00, 0x00, 0x00, 0x00, 0x00, 0x00, 0xE0, 0x03, 0x4A, 0x05, 0xEF, 0x07, 0xE0, 0x07, 0x00, 0x00,
    0x00, 0x00, 0x00, 0x00, 0x00, 0x00, 0x00, 0x00, 0x00, 0x00, 0xEF, 0x05, 0xEC, 0x26, 0xEC, 0x1E,
    0xAB, 0x1E, 0x8B, 0x1E, 0xAC, 0x1E, 0xAC, 0x1E, 0xAC, 0x1E, 0xAC, 0x1E, 0xAC, 0x1E, 0xAC, 0x1E,
    0xAC, 0x1E, 0xAB, 0x1E, 0xAC, 0x1E, 0xAC, 0x1E, 0xCC, 0x1E, 0xEC, 0x1E, 0xEC, 0x1E, 0xEC, 0x1E,
    0xEC, 0x1E, 0xEC, 0x1E, 0xCC, 0x1E, 0xCC, 0x1E, 0xAC, 0x1E, 0xAB, 0x1E, 0xAC, 0x1E, 0xAB, 0x1E,
    0xAB, 0x1E, 0xAB, 0x1E, 0xAB, 0x1E, 0xAB, 0x1E, 0xAC, 0x1E, 0xAC, 0x1E, 0xAC, 0x1E, 0xAB, 0x1E,
    0xAB, 0x1E, 0xAB, 0x1E, 0xAB, 0x1E, 0xAC, 0x1E, 0xAC, 0x1E, 0xAC, 0x1E, 0xAC, 0x1E, 0xAC, 0x1E,
    0xAC, 0x1E, 0xAC, 0x1E, 0xAC, 0x1E, 0xAC, 0x1E, 0xAC, 0x1E, 0xAC, 0x1E, 0xAC, 0x1E, 0xAC, 0x1E,
    0xAC, 0x1E, 0xAC, 0x1E, 0xAC, 0x1E, 0xAC, 0x1E, 0xAC, 0x1E, 0xAC, 0x1E, 0xAC, 0x1E, 0xAC, 0x1E,
    0xAC, 0x1E, 0xAC, 0x1E, 0xAC, 0x1E, 0xAC, 0x1E, 0xAC, 0x1E, 0xAC, 0x1E, 0xAC, 0x1E, 0xAC, 0x1E,
    0xAC, 0x1E, 0xAC, 0x1E, 0xAC, 0x1E, 0xAC, 0x1E, 0xAC, 0x1E, 0xAB, 0x1E, 0xAB, 0x1E, 0xAB, 0x1E,
    0xAB, 0x1E, 0xAC, 0x1E, 0xAC, 0x1E, 0xAC, 0x1E, 0xAB, 0x1E, 0xAB, 0x1E, 0xAB, 0x1E, 0xAB, 0x1E,
    0xAB, 0x1E, 0xAC, 0x1E, 0xAB, 0x1E, 0xAC, 0x1E, 0xCC, 0x1E, 0xCC, 0x1E, 0xEC, 0x1E, 0xEC, 0x1E,
    0xEC, 0x1E, 0xEC, 0x1E, 0xEC, 0x1E, 0xCC, 0x1E, 0xAB, 0x1E, 0xAB, 0x1E, 0xAB, 0x1E, 0xAB, 0x1E,
    0xAC, 0x1E, 0xAC, 0x1E, 0xAC, 0x1E, 0xAC, 0x1E, 0xCC, 0x1E, 0xAC, 0x1E, 0xAC, 0x1E, 0xAB, 0x1E,
    0xAB, 0x1E, 0xCB, 0x26, 0xEA, 0x07, 0x00, 0x00, 0x00, 0x00, 0x00, 0x00, 0x00, 0x00, 0x00, 0x00,
    0x00, 0x00, 0xE0, 0x07, 0xEF, 0x07, 0x4A, 0x05, 0xE0, 0x03, 0x00, 0x00, 0x00, 0x00, 0x00, 0x00,
    0x00, 0x00, 0x00, 0x00, 0x00, 0x00, 0x00, 0x00, 0x00, 0x00, 0x00, 0x00, 0x00, 0x00, 0x00, 0x00,
    0x00, 0x00, 0x00, 0x00, 0x00, 0x00, 0x00, 0x00, 0x00, 0x00, 0x00, 0x00, 0x00, 0x00, 0x00, 0x00,
    0x00, 0x00, 0x00, 0x00, 0x00, 0x00, 0x00, 0x00, 0x00, 0x00, 0x00, 0x00, 0x00, 0x00, 0x00, 0x00,
    0x00, 0x00, 0x00, 0x00, 0x00, 0x00, 0x00, 0x00, 0x00, 0x00, 0x00, 0x00, 0x00, 0x00, 0x00, 0x00,
    0x00, 0x00, 0x00, 0x00, 0x00, 0x00, 0x00, 0x00, 0x00, 0x00, 0x00, 0x00, 0x00, 0x00, 0x00, 0x00,
    0x00, 0x00, 0x00, 0x00, 0x00, 0x00, 0x00, 0x00, 0x00, 0x00, 0x00, 0x00, 0x00, 0x00, 0x00, 0x00,
    0x00, 0x00, 0x00, 0x00, 0x00, 0x00, 0x00, 0x00, 0x00, 0x00, 0x00, 0x00, 0x00, 0x00, 0x00, 0x00,
    0x00, 0x00, 0x00, 0x00, 0x00, 0x00, 0x00, 0x00, 0x00, 0x00, 0x00, 0x00, 0x00, 0x00, 0x00, 0x00,
    0x00, 0x00, 0x00, 0x00, 0x00, 0x00, 0x00, 0x00, 0x00, 0x00, 0x00, 0x00, 0x00, 0x00, 0x00, 0x00,
    0x00, 0x00, 0x00, 0x00, 0x00, 0x00, 0x00, 0x00, 0x00, 0x00, 0xE0, 0x07, 0xEA, 0x07, 0xCD, 0x26,
    0x4B, 0x16, 0x6C, 0x1E, 0x8C, 0x1E, 0x8B, 0x1E, 0xAB, 0x1E, 0xAC, 0x1E, 0xAC, 0x1E, 0xAC, 0x1E,
    0xAC, 0x1E, 0xAC, 0x1E, 0xAC, 0x1E, 0xAC, 0x1E, 0xCC, 0x1E, 0xAB, 0x1E, 0xAB, 0x1E, 0xAC, 0x1E,
    0xCC, 0x1E, 0xCC, 0x1E, 0xCC, 0x1E, 0xAC, 0x1E, 0xAC, 0x1E, 0xAB, 0x1E, 0xAC, 0x1E, 0xAC, 0x1E,
    0xAC, 0x1E, 0xAC, 0x1E, 0xAC, 0x1E, 0xAC, 0x1E, 0xAB, 0x1E, 0xAB, 0x1E, 0xAB, 0x1E, 0xAB, 0x1E,
    0xAC, 0x1E, 0xAC, 0x1E, 0xAC, 0x1E, 0xAC, 0x1E, 0xAC, 0x1E, 0xAC, 0x1E, 0xAC, 0x1E, 0xAC, 0x1E,
    0xAC, 0x1E, 0xAC, 0x1E, 0xAC, 0x1E, 0xAC, 0x1E, 0xAC, 0x1E, 0xAC, 0x1E, 0xAC, 0x1E, 0xAC, 0x1E,
    0xAC, 0x1E, 0xAC, 0x1E, 0xAC, 0x1E, 0xAC, 0x1E, 0xAC, 0x1E, 0xAC, 0x1E, 0xAC, 0x1E, 0xAC, 0x1E,
    0xAC, 0x1E, 0xAC, 0x1E, 0xAC, 0x1E, 0xAC, 0x1E, 0xAC, 0x1E, 0xAC, 0x1E, 0xAC, 0x1E, 0xAC, 0x1E,
    0xAC, 0x1E, 0xAC, 0x1E, 0xAC, 0x1E, 0xAC, 0x1E, 0xAC, 0x1E, 0xAC, 0x1E, 0xAC, 0x1E, 0xAC, 0x1E,
    0xAB, 0x1E, 0xAB, 0x1E, 0xAB, 0x1E, 0xAC, 0x1E, 0xAC, 0x1E, 0xAC, 0x1E, 0xAC, 0x1E, 0xAC, 0x1E,
    0xAC, 0x1E, 0xAC, 0x1E, 0xAB, 0x1E, 0xAC, 0x1E, 0xAC, 0x1E, 0xCC, 0x1E, 0xCC, 0x1E, 0xCC, 0x1E,
    0xAC, 0x1E, 0xAC, 0x1E, 0xAB, 0x1E, 0xCB, 0x1E, 0xAB, 0x1E, 0xAB, 0x1E, 0xAB, 0x1E, 0xAB, 0x1E,
    0xAC, 0x1E, 0xCC, 0x1E, 0xAB, 0x1E, 0xAC, 0x1E, 0xAC, 0x1E, 0xCC, 0x1E, 0xAC, 0x1E, 0xAC, 0x16,
    0xCD, 0x26, 0x4A, 0x05, 0xE0, 0x07, 0x00, 0x00, 0x00, 0x00, 0x00, 0x00, 0x00, 0x00, 0x00, 0x00,
    0x00, 0x00, 0x00, 0x00, 0x00, 0x00, 0x00, 0x00, 0x00, 0x00, 0x00, 0x00, 0x00, 0x00, 0x00, 0x00,
    0x00, 0x00, 0x00, 0x00, 0x00, 0x00, 0x00, 0x00, 0x00, 0x00, 0x00, 0x00, 0x00, 0x00, 0x00, 0x00,
    0x00, 0x00, 0x00, 0x00, 0x00, 0x00, 0x00, 0x00, 0x00, 0x00, 0x00, 0x00, 0x00, 0x00, 0x00, 0x00,
    0x00, 0x00, 0x00, 0x00, 0x00, 0x00, 0x00, 0x00, 0x00, 0x00, 0x00, 0x00, 0x00, 0x00, 0x00, 0x00,
    0x00, 0x00, 0x00, 0x00, 0x00, 0x00, 0x00, 0x00, 0x00, 0x00, 0x00, 0x00, 0x00, 0x00, 0x00, 0x00,
    0x00, 0x00, 0x00, 0x00, 0x00, 0x00, 0x00, 0x00, 0x00, 0x00, 0x00, 0x00, 0x00, 0x00, 0x00, 0x00,
    0x00, 0x00, 0x00, 0x00, 0x00, 0x00, 0x00, 0x00, 0x00, 0x00, 0x00, 0x00, 0x00, 0x00, 0x00, 0x00,
    0x00, 0x00, 0x00, 0x00, 0x00, 0x00, 0x00, 0x00, 0x00, 0x00, 0x00, 0x00, 0x00, 0x00, 0x00, 0x00,
    0x00, 0x00, 0x00, 0x00, 0x00, 0x00, 0x00, 0x00, 0x00, 0x00, 0x00, 0x00, 0x00, 0x00, 0x00, 0x00,
    0x00, 0x00, 0x00, 0x00, 0x00, 0x00, 0x00, 0x00, 0x00, 0x00, 0x00, 0x00, 0x00, 0x00, 0xE0, 0x07,
    0xEF, 0x03, 0xEF, 0x07, 0x4A, 0x05, 0x4A, 0x05, 0xEA, 0x07, 0xE0, 0x07, 0x00, 0x00, 0x00, 0x00,
    0x00, 0x00, 0x00, 0x00, 0x2E, 0x1E, 0xCC, 0x1E, 0xCC, 0x1E, 0xAC, 0x1E, 0xAC, 0x1E, 0xAC, 0x1E,
    0xAC, 0x1E, 0xAC, 0x1E, 0xAC, 0x1E, 0xAC, 0x1E, 0xCC, 0x1E, 0xAB, 0x1E, 0xAB, 0x1E, 0xAC, 0x1E,
    0xAC, 0x1E, 0xAC, 0x1E, 0xAB, 0x1E, 0xAC, 0x1E, 0xCC, 0x1E, 0xCC, 0x1E, 0xCC, 0x1E, 0xCC, 0x1E,
    0xCC, 0x1E, 0xCC, 0x1E, 0xCC, 0x1E, 0xCC, 0x1E, 0xCC, 0x1E, 0xCC, 0x1E, 0xCC, 0x1E, 0xCC, 0x1E,
    0xCC, 0x1E, 0xCC, 0x1E, 0xCC, 0x1E, 0xCC, 0x1E, 0xAC, 0x1E, 0xAC, 0x1E, 0xAC, 0x1E, 0xAC, 0x1E,
    0xAC, 0x1E, 0xAC, 0x1E, 0xAC, 0x1E, 0xAC, 0x1E, 0xAC, 0x1E, 0xAC, 0x1E, 0xAC, 0x1E, 0xAC, 0x1E,
    0xAC, 0x1E, 0xAC, 0x1E, 0xAC, 0x1E, 0xAC, 0x1E, 0xAC, 0x1E, 0xAC, 0x1E, 0xAC, 0x1E, 0xAC, 0x1E,
    0xAC, 0x1E, 0xAC, 0x1E, 0xAC, 0x1E, 0xAC, 0x1E, 0xAC, 0x1E, 0xAC, 0x1E, 0xAC, 0x1E, 0xAC, 0x1E,
    0xAC, 0x1E, 0xAC, 0x1E, 0xAC, 0x1E, 0xAC, 0x1E, 0xCC, 0x1E, 0xCC, 0x1E, 0xCC, 0x1E, 0xCC, 0x1E,
    0xCC, 0x1E, 0xCC, 0x1E, 0xCC, 0x1E, 0xCC, 0x1E, 0xCC, 0x1E, 0xCC, 0x1E, 0xCC, 0x1E, 0xCC, 0x1E,
    0xCC, 0x1E, 0xCC, 0x1E, 0xCC, 0x1E, 0xCC, 0x1E, 0xAC, 0x1E, 0xAB, 0x1E, 0xAB, 0x1E, 0xAC, 0x1E,
    0xAC, 0x1E, 0xAC, 0x1E, 0xAB, 0x1E, 0xCB, 0x1E, 0xAB, 0x1E, 0xAB, 0x1E, 0xAB, 0x1E, 0xAC, 0x1E,
    0xAC, 0x1E, 0xAC, 0x1E, 0xCB, 0x1E, 0xCC, 0x1E, 0x0C, 0x1F, 0xEF, 0x1E, 0x00, 0x00, 0x00, 0x00,
    0x00, 0x00, 0x00, 0x00, 0xE0, 0x07, 0xEA, 0x07, 0x4A, 0x05, 0x4A, 0x05, 0xEF, 0x07, 0xEF, 0x03,
    0xE0, 0x07, 0x00, 0x00, 0x00, 0x00, 0x00, 0x00, 0x00, 0x00, 0x00, 0x00, 0x00, 0x00, 0x00, 0x00,
    0x00, 0x00, 0x00, 0x00, 0x00, 0x00, 0x00, 0x00, 0x00, 0x00, 0x00, 0x00, 0x00, 0x00, 0x00, 0x00,
    0x00, 0x00, 0x00, 0x00, 0x00, 0x00, 0x00, 0x00, 0x00, 0x00, 0x00, 0x00, 0x00, 0x00, 0x00, 0x00,
    0x00, 0x00, 0x00, 0x00, 0x00, 0x00, 0x00, 0x00, 0x00, 0x00, 0x00, 0x00, 0x00, 0x00, 0x00, 0x00,
    0x00, 0x00, 0x00, 0x00, 0x00, 0x00, 0x00, 0x00, 0x00, 0x00, 0x00, 0x00, 0x00, 0x00, 0x00, 0x00,
    0x00, 0x00, 0x00, 0x00, 0x00, 0x00, 0x00, 0x00, 0x00, 0x00, 0x00, 0x00, 0x00, 0x00, 0x00, 0x00,
    0x00, 0x00, 0x00, 0x00, 0x00, 0x00, 0x00, 0x00, 0x00, 0x00, 0x00, 0x00, 0x00, 0x00, 0x00, 0x00,
    0x00, 0x00, 0x00, 0x00, 0x00, 0x00, 0x00, 0x00, 0x00, 0x00, 0x00, 0x00, 0x00, 0x00, 0x00, 0x00,
    0x00, 0x00, 0x00, 0x00, 0x00, 0x00, 0x00, 0x00, 0x00, 0x00, 0x00, 0x00, 0x00, 0x00, 0x00, 0x00,
    0x00, 0x00, 0x00, 0x00, 0x00, 0x00, 0x00, 0x00, 0x00, 0x00, 0x00, 0x00, 0x00, 0x00, 0xFF, 0x07,
    0xEF, 0x07, 0xEA, 0x07, 0xEF, 0x3D, 0xE7, 0x05, 0xEA, 0x07, 0x00, 0x00, 0x00, 0x00, 0x00, 0x00,
    0x00, 0x00, 0x00, 0x00, 0x00, 0x00, 0xCD, 0x26, 0xCB, 0x1E, 0xCC, 0x1E, 0xAC, 0x1E, 0xAB, 0x1E,
    0x8B, 0x1E, 0xAC, 0x1E, 0xAC, 0x1E, 0xAC, 0x1E, 0xCC, 0x1E, 0xAB, 0x1E, 0xCB, 0x1E, 0xAC, 0x1E,
    0xAB, 0x1E, 0xAC, 0x1E, 0xAC, 0x1E, 0xAB, 0x1E, 0xCC, 0x1E, 0xEC, 0x1E, 0xEC, 0x1E, 0x0C, 0x1F,
    0x0C, 0x1F, 0x0C, 0x27, 0x0C, 0x27, 0x0C, 0x1F, 0xEC, 0x1E, 0xEC, 0x1E, 0xCC, 0x1E, 0xCC, 0x1E,
    0xCC, 0x1E, 0xCC, 0x1E, 0xCC, 0x1E, 0xAC, 0x1E, 0xAC, 0x1E, 0xAC, 0x1E, 0xAB, 0x1E, 0xAB, 0x1E,
    0xAC, 0x1E, 0xAC, 0x1E, 0xAC, 0x1E, 0xAC, 0x1E, 0xAC, 0x1E, 0xAC, 0x1E, 0xAC, 0x1E, 0xAC, 0x1E,
    0xAC, 0x1E, 0xAC, 0x1E, 0xAC, 0x1E, 0xAC, 0x1E, 0xAC, 0x1E, 0xAC, 0x1E, 0xAC, 0x1E, 0xAC, 0x1E,
    0xAC, 0x1E, 0xAC, 0x1E, 0xAC, 0x1E, 0xAC, 0x1E, 0xAC, 0x1E, 0xAC, 0x1E, 0xAC, 0x1E, 0xAC, 0x1E,
    0xAB, 0x1E, 0xAB, 0x1E, 0xAC, 0x1E, 0xAC, 0x1E, 0xAC, 0x1E, 0xCC, 0x1E, 0xCC, 0x1E, 0xCC, 0x1E,
    0xCC, 0x1E, 0xCC, 0x1E, 0xEC, 0x1E, 0xEC, 0x1E, 0x0C, 0x1F, 0x0C, 0x27, 0x0C, 0x27, 0x0C, 0x1F,
    0x0C, 0x1F, 0xEC, 0x1E, 0xEC, 0x1E, 0xCC, 0x1E, 0xAB, 0x1E, 0xAC, 0x1E, 0xAB, 0x1E, 0xAB, 0x1E,
    0xAC, 0x1E, 0xAB, 0x1E, 0xAB, 0x1E, 0xAB, 0x1E, 0xAC, 0x1E, 0xAC, 0x1E, 0xAB, 0x1E, 0xAB, 0x1E,
    0xAB, 0x1E, 0xAC, 0x1E, 0xAB, 0x1E, 0xAC, 0x1E, 0xEF, 0x2F, 0x00, 0x00, 0x00, 0x00, 0x00, 0x00,
    0x00, 0x00, 0x00, 0x00, 0x00, 0x00, 0xEA, 0x07, 0xE7, 0x05, 0xEF, 0x3D, 0xEA, 0x07, 0xEF, 0x07,
    0xE0, 0x07, 0x00, 0x00, 0x00, 0x00, 0x00, 0x00, 0x00, 0x00, 0x00, 0x00, 0x00, 0x00, 0x00, 0x00,
    0x00, 0x00, 0x00, 0x00, 0x00, 0x00, 0x00, 0x00, 0x00, 0x00, 0x00, 0x00, 0x00, 0x00, 0x00, 0x00,
    0x00, 0x00, 0x00, 0x00, 0x00, 0x00, 0x00, 0x00, 0x00, 0x00, 0x00, 0x00, 0x00, 0x00, 0x00, 0x00,
    0x00, 0x00, 0x00, 0x00, 0x00, 0x00, 0x00, 0x00, 0x00, 0x00, 0x00, 0x00, 0x00, 0x00, 0x00, 0x00,
    0x00, 0x00, 0x00, 0x00, 0x00, 0x00, 0x00, 0x00, 0x00, 0x00, 0x00, 0x00, 0x00, 0x00, 0x00, 0x00,
    0x00, 0x00, 0x00, 0x00, 0x00, 0x00, 0x00, 0x00, 0x00, 0x00, 0x00, 0x00, 0x00, 0x00, 0x00, 0x00,
    0x00, 0x00, 0x00, 0x00, 0x00, 0x00, 0x00, 0x00, 0x00, 0x00, 0x00, 0x00, 0x00, 0x00, 0x00, 0x00,
    0x00, 0x00, 0x00, 0x00, 0x00, 0x00, 0x00, 0x00, 0x00, 0x00, 0x00, 0x00, 0x00, 0x00, 0x00, 0x00,
    0x00, 0x00, 0x00, 0x00, 0x00, 0x00, 0x00, 0x00, 0x00, 0x00, 0x00, 0x00, 0x00, 0x00, 0x00, 0x00,
    0x00, 0x00, 0x00, 0x00, 0x00, 0x00, 0x00, 0x00, 0x00, 0x00, 0x00, 0x00, 0x00, 0x00, 0xE0, 0x07,
    0xE0, 0x07, 0xEF, 0x03, 0xEF, 0x07, 0xEF, 0x03, 0xE0, 0x07, 0x00, 0x00, 0x00, 0x00, 0x00, 0x00,
    0x00, 0x00, 0x00, 0x00, 0x00, 0x00, 0x00, 0x00, 0x2C, 0x1F, 0xAB, 0x16, 0xAC, 0x1E, 0xAB, 0x1E,
    0xAB, 0x1E, 0xAC, 0x1E, 0xAC, 0x1E, 0xAC, 0x1E, 0xCC, 0x1E, 0xAC, 0x1E, 0xCC, 0x1E, 0xAB, 0x1E,
    0xCC, 0x1E, 0xCC, 0x1E, 0xAB, 0x1E, 0xAC, 0x1E, 0xAC, 0x1E, 0xCC, 0x1E, 0xEC, 0x1E, 0x0C, 0x1F,
    0x2C, 0x27, 0x2C, 0x27, 0x2C, 0x27, 0x0C, 0x27, 0x0C, 0x1F, 0xEC, 0x1E, 0xCC, 0x1E, 0xCC, 0x1E,
    0xCC, 0x1E, 0xAC, 0x1E, 0xAC, 0x1E, 0xAB, 0x1E, 0xAC, 0x1E, 0xAC, 0x1E, 0xAB, 0x1E, 0xAB, 0x1E,
    0xAC, 0x1E, 0xAC, 0x1E, 0xAC, 0x1E, 0xAC, 0x1E, 0xAB, 0x1E, 0xAC, 0x1E, 0xAC, 0x1E, 0xAC, 0x1E,
    0xAC, 0x1E, 0xAC, 0x1E, 0xAC, 0x1E, 0xAC, 0x1E, 0xAC, 0x1E, 0xAC, 0x1E, 0xAC, 0x1E, 0xAC, 0x1E,
    0xAC, 0x1E, 0xAC, 0x1E, 0xAC, 0x1E, 0xAB, 0x1E, 0xAC, 0x1E, 0xAC, 0x1E, 0xAC, 0x1E, 0xAC, 0x1E,
    0xAB, 0x1E, 0xAB, 0x1E, 0xAC, 0x1E, 0xAC, 0x1E, 0xAB, 0x1E, 0xAC, 0x1E, 0xAC, 0x1E, 0xCC, 0x1E,
    0xCC, 0x1E, 0xCC, 0x1E, 0xEC, 0x1E, 0x0C, 0x1F, 0x0C, 0x27, 0x2C, 0x27, 0x2C, 0x27, 0x2C, 0x27,
    0x0C, 0x1F, 0xEC, 0x1E, 0xCC, 0x1E, 0xAC, 0x1E, 0xAC, 0x1E, 0xAB, 0x1E, 0xAB, 0x1E, 0xAB, 0x1E,
    0xAB, 0x1E, 0xAB, 0x1E, 0xAB, 0x1E, 0xAC, 0x1E, 0xAB, 0x1E, 0xAB, 0x1E, 0xAC, 0x1E, 0xAC, 0x1E,
    0xAB, 0x1E, 0xAB, 0x1E, 0x8C, 0x16, 0x6C, 0x1E, 0x00, 0x00, 0x00, 0x00, 0x00, 0x00, 0x00, 0x00,
    0x00, 0x00, 0x00, 0x00, 0x00, 0x00, 0xE0, 0x07, 0xEF, 0x03, 0xEF, 0x07, 0xEF, 0x03, 0xE0, 0x07,
    0xE0, 0x07, 0x00, 0x00, 0x00, 0x00, 0x00, 0x00, 0x00, 0x00, 0x00, 0x00, 0x00, 0x00, 0x00, 0x00,
    0x00, 0x00, 0x00, 0x00, 0x00, 0x00, 0x00, 0x00, 0x00, 0x00, 0x00, 0x00, 0x00, 0x00, 0x00, 0x00,
    0x00, 0x00, 0x00, 0x00, 0x00, 0x00, 0x00, 0x00, 0x00, 0x00, 0x00, 0x00, 0x00, 0x00, 0x00, 0x00,
    0x00, 0x00, 0x00, 0x00, 0x00, 0x00, 0x00, 0x00, 0x00, 0x00, 0x00, 0x00, 0x00, 0x00, 0x00, 0x00,
    0x00, 0x00, 0x00, 0x00, 0x00, 0x00, 0x00, 0x00, 0x00, 0x00, 0x00, 0x00, 0x00, 0x00, 0x00, 0x00,
    0x00, 0x00, 0x00, 0x00, 0x00, 0x00, 0x00, 0x00, 0x00, 0x00, 0x00, 0x00, 0x00, 0x00, 0x00, 0x00,
    0x00, 0x00, 0x00, 0x00, 0x00, 0x00, 0x00, 0x00, 0x00, 0x00, 0x00, 0x00, 0x00, 0x00, 0x00, 0x00,
    0x00, 0x00, 0x00, 0x00, 0x00, 0x00, 0x00, 0x00, 0x00, 0x00, 0x00, 0x00, 0x00, 0x00, 0x00, 0x00,
    0x00, 0x00, 0x00, 0x00, 0x00, 0x00, 0x00, 0x00, 0x00, 0x00, 0x00, 0x00, 0x00, 0x00, 0x00, 0x00,
    0x00, 0x00, 0x00, 0x00, 0x00, 0x00, 0x00, 0x00, 0x00, 0x00, 0x00, 0x00, 0x00, 0x00, 0x00, 0x00,
    0x00, 0x00, 0x00, 0x00, 0x00, 0x00, 0x00, 0x00, 0x00, 0x00, 0x00, 0x00, 0x00, 0x00, 0x00, 0x00,
    0x00, 0x00, 0x00, 0x00, 0x00, 0x00, 0x00, 0x00, 0x4A, 0x05, 0xCD, 0x06, 0x4A, 0x17, 0xCB, 0x1E,
    0xAB, 0x26, 0xCC, 0x1E, 0xCC, 0x26, 0xAC, 0x1E, 0xCC, 0x1E, 0xAC, 0x1E, 0xCC, 0x1E, 0xAC, 0x1E,
    0xAC, 0x1E, 0xCC, 0x1E, 0xAC, 0x1E, 0xAC, 0x1E, 0xAC, 0x1E, 0xAB, 0x1E, 0xAC, 0x1E, 0xAC, 0x1E,
    0xEC, 0x1E, 0xEC, 0x1E, 0xEC, 0x1E, 0xEC, 0x1E, 0xEC, 0x1E, 0xCC, 0x1E, 0xCC, 0x1E, 0xCC, 0x1E,
    0xAC, 0x1E, 0xAC, 0x1E, 0xAC, 0x1E, 0xAB, 0x1E, 0xAB, 0x1E, 0xAC, 0x1E, 0xAC, 0x1E, 0xAC, 0x1E,
    0xAC, 0x1E, 0xAB, 0x1E, 0xAB, 0x1E, 0xAB, 0x1E, 0xAB, 0x1E, 0xAB, 0x1E, 0xAB, 0x1E, 0xAB, 0x1E,
    0xAB, 0x1E, 0xAB, 0x1E, 0xAB, 0x1E, 0xAB, 0x1E, 0xAB, 0x1E, 0xAB, 0x1E, 0xAB, 0x1E, 0xAB, 0x1E,
    0xAB, 0x1E, 0xAB, 0x1E, 0xAB, 0x1E, 0xAB, 0x1E, 0xAB, 0x1E, 0xAB, 0x1E, 0xAB, 0x1E, 0xAC, 0x1E,
    0xAC, 0x1E, 0xAC, 0x1E, 0xAC, 0x1E, 0xAB, 0x1E, 0xAB, 0x1E, 0xAC, 0x1E, 0xAC, 0x1E, 0xAC, 0x1E,
    0xCC, 0x1E, 0xCC, 0x1E, 0xCC, 0x1E, 0xEC, 0x1E, 0xEC, 0x1E, 0xEC, 0x1E, 0xEC, 0x1E, 0xEC, 0x1E,
    0xAC, 0x1E, 0xAC, 0x1E, 0xAB, 0x1E, 0xAC, 0x1E, 0xAC, 0x1E, 0xAB, 0x1E, 0xAC, 0x1E, 0xAB, 0x1E,
    0xAB, 0x1E, 0xAB, 0x1E, 0xAB, 0x1E, 0xAB, 0x1E, 0xAC, 0x1E, 0xCC, 0x26, 0xCC, 0x1E, 0xAB, 0x26,
    0x6B, 0x1E, 0xAA, 0x16, 0xAD, 0x05, 0xAA, 0x02, 0x00, 0x00, 0x00, 0x00, 0x00, 0x00, 0x00, 0x00,
    0x00, 0x00, 0x00, 0x00, 0x00, 0x00, 0x00, 0x00, 0x00, 0x00, 0x00, 0x00, 0x00, 0x00, 0x00, 0x00,
    0x00, 0x00, 0x00, 0x00, 0x00, 0x00, 0x00, 0x00, 0x00, 0x00, 0x00, 0x00, 0x00, 0x00, 0x00, 0x00,
    0x00, 0x00, 0x00, 0x00, 0x00, 0x00, 0x00, 0x00, 0x00, 0x00, 0x00, 0x00, 0x00, 0x00, 0x00, 0x00,
    0x00, 0x00, 0x00, 0x00, 0x00, 0x00, 0x00, 0x00, 0x00, 0x00, 0x00, 0x00, 0x00, 0x00, 0x00, 0x00,
    0x00, 0x00, 0x00, 0x00, 0x00, 0x00, 0x00, 0x00, 0x00, 0x00, 0x00, 0x00, 0x00, 0x00, 0x00, 0x00,
    0x00, 0x00, 0x00, 0x00, 0x00, 0x00, 0x00, 0x00, 0x00, 0x00, 0x00, 0x00, 0x00, 0x00, 0x00, 0x00,
    0x00, 0x00, 0x00, 0x00, 0x00, 0x00, 0x00, 0x00, 0x00, 0x00, 0x00, 0x00, 0x00, 0x00, 0x00, 0x00,
    0x00, 0x00, 0x00, 0x00, 0x00, 0x00, 0x00, 0x00, 0x00, 0x00, 0x00, 0x00, 0x00, 0x00, 0x00, 0x00,
    0x00, 0x00, 0x00, 0x00, 0x00, 0x00, 0x00, 0x00, 0x00, 0x00, 0x00, 0x00, 0x00, 0x00, 0x00, 0x00,
    0x00, 0x00, 0x00, 0x00, 0x00, 0x00, 0x00, 0x00, 0x00, 0x00, 0x00, 0x00, 0x00, 0x00, 0x00, 0x00,
    0x00, 0x00, 0x00, 0x00, 0x00, 0x00, 0x00, 0x00, 0x00, 0x00, 0x00, 0x00, 0x00, 0x00, 0x00, 0x00,
    0x00, 0x00, 0x00, 0x00, 0x00, 0x00, 0x00, 0x00, 0x00, 0x00, 0xE0, 0x07, 0xEF, 0x03, 0xEF, 0x07,
    0xE7, 0x05, 0xEA, 0x07, 0xEF, 0x07, 0xE0, 0x07, 0x00, 0x00, 0x00, 0x00, 0x00, 0x00, 0xE0, 0x07,
    0xC9, 0x26, 0xCB, 0x26, 0xEC, 0x26, 0x8B, 0x1E, 0xAC, 0x1E, 0xAC, 0x1E, 0xCC, 0x1E, 0xCC, 0x1E,
    0xCC, 0x1E, 0xCC, 0x1E, 0xAC, 0x1E, 0xAB, 0x1E, 0xAC, 0x1E, 0xAB, 0x1E, 0xAC, 0x1E, 0xAC, 0x1E,
    0xAB, 0x1E, 0xAC, 0x1E, 0xAC, 0x1E, 0xAB, 0x1E, 0xAB, 0x1E, 0xAB, 0x1E, 0xAC, 0x1E, 0xAC, 0x1E,
    0xAC, 0x1E, 0xCC, 0x1E, 0xCC, 0x1E, 0xCC, 0x1E, 0xCC, 0x1E, 0xCC, 0x1E, 0xCC, 0x1E, 0xEC, 0x1E,
    0xEC, 0x1E, 0xEC, 0x1E, 0xEC, 0x1E, 0xEC, 0x1E, 0xEC, 0x1E, 0xEC, 0x1E, 0xEC, 0x1E, 0xEC, 0x1E,
    0xEC, 0x1E, 0xEC, 0x1E, 0xEC, 0x1E, 0xEC, 0x1E, 0xEC, 0x1E, 0xEC, 0x1E, 0xEC, 0x1E, 0xEC, 0x1E,
    0xEC, 0x1E, 0xEC, 0x1E, 0xEC, 0x1E, 0xEC, 0x1E, 0xEC, 0x1E, 0xEC, 0x1E, 0xEC, 0x1E, 0xEC, 0x1E,
    0xEC, 0x1E, 0xCC, 0x1E, 0xCC, 0x1E, 0xCC, 0x1E, 0xCC, 0x1E, 0xCC, 0x1E, 0xCC, 0x1E, 0xAC, 0x1E,
    0xAC, 0x1E, 0xAC, 0x1E, 0xAB, 0x1E, 0xAB, 0x1E, 0xAB, 0x1E, 0xAB, 0x1E, 0xAC, 0x1E, 0xAB, 0x1E,
    0xAC, 0x1E, 0xCC, 0x1E, 0xAB, 0x1E, 0xAC, 0x1E, 0xAC, 0x1E, 0xAB, 0x1E, 0xAC, 0x1E, 0xAB, 0x1E,
    0xAB, 0x1E, 0xCB, 0x1E, 0xAC, 0x1E, 0x8B, 0x1E, 0x8B, 0x1E, 0xEC, 0x26, 0xCD, 0x26, 0xC9, 0x26,
    0x00, 0x00, 0x00, 0x00, 0x00, 0x00, 0x00, 0x00, 0xE0, 0x07, 0x4A, 0x05, 0xEA, 0x07, 0xE7, 0x05,
    0xEF, 0x07, 0xEF, 0x03, 0xE0, 0x07, 0x00, 0x00, 0x00, 0x00, 0x00, 0x00, 0x00, 0x00, 0x00, 0x00,
    0x00, 0x00, 0x00, 0x00, 0x00, 0x00, 0x00, 0x00, 0x00, 0x00, 0x00, 0x00, 0x00, 0x00, 0x00, 0x00,
    0x00, 0x00, 0x00, 0x00, 0x00, 0x00, 0x00, 0x00, 0x00, 0x00, 0x00, 0x00, 0x00, 0x00, 0x00, 0x00,
    0x00, 0x00, 0x00, 0x00, 0x00, 0x00, 0x00, 0x00, 0x00, 0x00, 0x00, 0x00, 0x00, 0x00, 0x00, 0x00,
    0x00, 0x00, 0x00, 0x00, 0x00, 0x00, 0x00, 0x00, 0x00, 0x00, 0x00, 0x00, 0x00, 0x00, 0x00, 0x00,
    0x00, 0x00, 0x00, 0x00, 0x00, 0x00, 0x00, 0x00, 0x00, 0x00, 0x00, 0x00, 0x00, 0x00, 0x00, 0x00,
    0x00, 0x00, 0x00, 0x00, 0x00, 0x00, 0x00, 0x00, 0x00, 0x00, 0x00, 0x00, 0x00, 0x00, 0x00, 0x00,
    0x00, 0x00, 0x00, 0x00, 0x00, 0x00, 0x00, 0x00, 0x00, 0x00, 0x00, 0x00, 0x00, 0x00, 0x00, 0x00,
    0x00, 0x00, 0x00, 0x00, 0x00, 0x00, 0x00, 0x00, 0x00, 0x00, 0x00, 0x00, 0x00, 0x00, 0x00, 0x00,
    0x00, 0x00, 0x00, 0x00, 0x00, 0x00, 0x00, 0x00, 0x00, 0x00, 0x00, 0x00, 0x00, 0x00, 0x00, 0x00,
    0x00, 0x00, 0x00, 0x00, 0x00, 0x00, 0x00, 0x00, 0x00, 0x00, 0x00, 0x00, 0x00, 0x00, 0x00, 0x00,
    0x00, 0x00, 0x00, 0x00, 0x00, 0x00, 0x00, 0x00, 0xE0, 0x07, 0xEF, 0x03, 0x4A, 0x05, 0xE7, 0x05,
    0x6C, 0x36, 0xEF, 0x3F, 0xEA, 0x07, 0xE0, 0x07, 0x00, 0x00, 0x00, 0x00, 0x00, 0x00, 0x00, 0x00,
    0x00, 0x00, 0x00, 0x00, 0xEC, 0x37, 0x4B, 0x26, 0xAC, 0x1E, 0xAD, 0x1E, 0xEC, 0x1E, 0xAC, 0x26,
    0xCB, 0x1E, 0xCC, 0x1E, 0xCC, 0x1E, 0xAC, 0x1E, 0xAC, 0x1E, 0xAC, 0x1E, 0xAC, 0x1E, 0xAC, 0x1E,
    0xAC, 0x1E, 0xAC, 0x1E, 0xAC, 0x1E, 0xAB, 0x1E, 0xCC, 0x1E, 0xCC, 0x1E, 0xAC, 0x1E, 0xAC, 0x1E,
    0xAC, 0x1E, 0xCC, 0x1E, 0xEC, 0x1E, 0xEC, 0x1E, 0x0C, 0x27, 0x2C, 0x27, 0x2C, 0x27, 0x2C, 0x27,
    0x4D, 0x27, 0x4D, 0x27, 0x4D, 0x27, 0x4D, 0x27, 0x4D, 0x27, 0x4D, 0x27, 0x4D, 0x27, 0x4D, 0x27,
    0x4D, 0x27, 0x4D, 0x27, 0x4D, 0x27, 0x4D, 0x27, 0x4D, 0x27, 0x4D, 0x27, 0x4D, 0x27, 0x4D, 0x27,
    0x4D, 0x27, 0x4D, 0x27, 0x4D, 0x27, 0x4D, 0x27, 0x4D, 0x27, 0x4D, 0x27, 0x4D, 0x27, 0x4D, 0x27,
    0x2C, 0x27, 0x2C, 0x27, 0x2C, 0x27, 0x0C, 0x27, 0xEC, 0x1E, 0xEC, 0x1E, 0xCC, 0x1E, 0xAC, 0x1E,
    0xAC, 0x1E, 0xAC, 0x1E, 0xCC, 0x1E, 0xCC, 0x1E, 0xAB, 0x1E, 0xAC, 0x1E, 0xAC, 0x1E, 0xCC, 0x1E,
    0xAC, 0x1E, 0xAC, 0x1E, 0xAC, 0x1E, 0xAC, 0x1E, 0xAC, 0x1E, 0xCB, 0x1E, 0xCC, 0x1E, 0xAB, 0x1E,
    0xAB, 0x26, 0xCB, 0x1E, 0x8C, 0x1E, 0x6B, 0x1E, 0x4B, 0x26, 0xEC, 0x37, 0x00, 0x00, 0x00, 0x00,
    0x00, 0x00, 0x00, 0x00, 0x00, 0x00, 0x00, 0x00, 0x00, 0x00, 0xEA, 0x07, 0x6C, 0x36, 0x4A, 0x2D,
    0xE7, 0x05, 0x4A, 0x05, 0xFF, 0x07, 0xE0, 0x07, 0x00, 0x00, 0x00, 0x00, 0x00, 0x00, 0x00, 0x00,
    0x00, 0x00, 0x00, 0x00, 0x00, 0x00, 0x00, 0x00, 0x00, 0x00, 0x00, 0x00, 0x00, 0x00, 0x00, 0x00,
    0x00, 0x00, 0x00, 0x00, 0x00, 0x00, 0x00, 0x00, 0x00, 0x00, 0x00, 0x00, 0x00, 0x00, 0x00, 0x00,
    0x00, 0x00, 0x00, 0x00, 0x00, 0x00, 0x00, 0x00, 0x00, 0x00, 0x00, 0x00, 0x00, 0x00, 0x00, 0x00,
    0x00, 0x00, 0x00, 0x00, 0x00, 0x00, 0x00, 0x00, 0x00, 0x00, 0x00, 0x00, 0x00, 0x00, 0x00, 0x00,
    0x00, 0x00, 0x00, 0x00, 0x00, 0x00, 0x00, 0x00, 0x00, 0x00, 0x00, 0x00, 0x00, 0x00, 0x00, 0x00,
    0x00, 0x00, 0x00, 0x00, 0x00, 0x00, 0x00, 0x00, 0x00, 0x00, 0x00, 0x00, 0x00, 0x00, 0x00, 0x00,
    0x00, 0x00, 0x00, 0x00, 0x00, 0x00, 0x00, 0x00, 0x00, 0x00, 0x00, 0x00, 0x00, 0x00, 0x00, 0x00,
    0x00, 0x00, 0x00, 0x00, 0x00, 0x00, 0x00, 0x00, 0x00, 0x00, 0x00, 0x00, 0x00, 0x00, 0x00, 0x00,
    0x00, 0x00, 0x00, 0x00, 0x00, 0x00, 0x00, 0x00, 0x00, 0x00, 0x00, 0x00, 0x00, 0x00, 0x00, 0x00,
    0x00, 0x00, 0x00, 0x00, 0x00, 0x00, 0x00, 0x00, 0x00, 0x00, 0x00, 0x00, 0x00, 0x00, 0x00, 0x00,
    0x00, 0x00, 0x00, 0x00, 0x00, 0x00, 0x00, 0x00, 0x00, 0x00, 0xE0, 0x07, 0xFF, 0x07, 0xEF, 0x07,
    0x4A, 0x05, 0xEF, 0x07, 0xE0, 0x07, 0x00, 0x00, 0x00, 0x00, 0x00, 0x00, 0x00, 0x00, 0x00, 0x00,
    0x00, 0x00, 0x00, 0x00, 0x00, 0x00, 0x4A, 0x05, 0x6C, 0x1E, 0xAC, 0x1E, 0xCB, 0x1E, 0xAC, 0x26,
    0xAB, 0x1E, 0xAB, 0x1E, 0xCC, 0x1E, 0xCC, 0x1E, 0xAB, 0x1E, 0xAC, 0x1E, 0xAC, 0x1E, 0xAC, 0x1E,
    0xAC, 0x1E, 0xAB, 0x1E, 0xCC, 0x1E, 0xCC, 0x1E, 0xCC, 0x1E, 0xCC, 0x1E, 0xCC, 0x1E, 0xAC, 0x1E,
    0xCC, 0x1E, 0xAC, 0x1E, 0xCC, 0x1E, 0xEC, 0x1E, 0x0C, 0x27, 0x2C, 0x27, 0x4D, 0x27, 0x6D, 0x27,
    0x6D, 0x27, 0x8D, 0x27, 0x8D, 0x27, 0x8D, 0x27, 0xAD, 0x27, 0x8D, 0x27, 0x8D, 0x27, 0x8D, 0x27,
    0x8D, 0x27, 0x8D, 0x27, 0x8D, 0x27, 0x8D, 0x27, 0x8D, 0x27, 0x8D, 0x27, 0x8D, 0x27, 0x8D, 0x27,
    0x8D, 0x27, 0x8D, 0x27, 0x8D, 0x27, 0xAD, 0x27, 0x8D, 0x27, 0x8D, 0x27, 0x8D, 0x27, 0x6D, 0x27,
    0x6D, 0x27, 0x4D, 0x27, 0x2C, 0x27, 0x0C, 0x27, 0xEC, 0x1E, 0xCC, 0x1E, 0xAC, 0x1E, 0xAC, 0x1E,
    0xAC, 0x1E, 0xCC, 0x1E, 0xCC, 0x1E, 0xCC, 0x1E, 0xAC, 0x1E, 0xAB, 0x1E, 0xAC, 0x1E, 0xCC, 0x1E,
    0xCC, 0x1E, 0xAC, 0x1E, 0xAC, 0x1E, 0xCC, 0x1E, 0xCC, 0x1E, 0xCB, 0x1E, 0xAB, 0x1E, 0x8B, 0x1E,
    0x8C, 0x26, 0xCB, 0x1E, 0x2C, 0x1E, 0x89, 0x1D, 0x4A, 0x05, 0x00, 0x00, 0x00, 0x00, 0x00, 0x00,
    0x00, 0x00, 0x00, 0x00, 0x00, 0x00, 0x00, 0x00, 0x00, 0x00, 0xE0, 0x07, 0xEF, 0x07, 0x4A, 0x05,
    0xEF, 0x07, 0xFF, 0x07, 0xE0, 0x07, 0x00, 0x00, 0x00, 0x00, 0x00, 0x00, 0x00, 0x00, 0x00, 0x00,
    0x00, 0x00, 0x00, 0x00, 0x00, 0x00, 0x00, 0x00, 0x00, 0x00, 0x00, 0x00, 0x00, 0x00, 0x00, 0x00,
    0x00, 0x00, 0x00, 0x00, 0x00, 0x00, 0x00, 0x00, 0x00, 0x00, 0x00, 0x00, 0x00, 0x00, 0x00, 0x00,
    0x00, 0x00, 0x00, 0x00, 0x00, 0x00, 0x00, 0x00, 0x00, 0x00, 0x00, 0x00, 0x00, 0x00, 0x00, 0x00,
    0x00, 0x00, 0x00, 0x00, 0x00, 0x00, 0x00, 0x00, 0x00, 0x00, 0x00, 0x00, 0x00, 0x00, 0x00, 0x00,
    0x00, 0x00, 0x00, 0x00, 0x00, 0x00, 0x00, 0x00, 0x00, 0x00, 0x00, 0x00, 0x00, 0x00, 0x00, 0x00,
    0x00, 0x00, 0x00, 0x00, 0x00, 0x00, 0x00, 0x00, 0x00, 0x00, 0x00, 0x00, 0x00, 0x00, 0x00, 0x00,
    0x00, 0x00, 0x00, 0x00, 0x00, 0x00, 0x00, 0x00, 0x00, 0x00, 0x00, 0x00, 0x00, 0x00, 0x00, 0x00,
    0x00, 0x00, 0x00, 0x00, 0x00, 0x00, 0x00, 0x00, 0x00, 0x00, 0x00, 0x00, 0x00, 0x00, 0x00, 0x00,
    0x00, 0x00, 0x00, 0x00, 0x00, 0x00, 0x00, 0x00, 0x00, 0x00, 0x00, 0x00, 0x00, 0x00, 0x00, 0x00,
    0x00, 0x00, 0x00, 0x00, 0x00, 0x00, 0x00, 0x00, 0x00, 0x00, 0x00, 0x00, 0x00, 0x00, 0x00, 0x00,
    0x00, 0x00, 0x00, 0x00, 0x00, 0x00, 0x00, 0x00, 0x00, 0x00, 0x00, 0x00, 0x00, 0x00, 0x00, 0x00,
    0x00, 0x00, 0x00, 0x00, 0x00, 0x00, 0x00, 0x00, 0x00, 0x00, 0x00, 0x00, 0x00, 0x00, 0x00, 0x00,
    0x00, 0x00, 0x00, 0x00, 0x00, 0x00, 0x00, 0x00, 0xEF, 0x03, 0x6C, 0x06, 0x0A, 0x1F, 0x6B, 0x1E,
    0xEB, 0x16, 0xAB, 0x26, 0xCC, 0x1E, 0xAB, 0x1E, 0xAB, 0x1E, 0xCC, 0x1E, 0xAC, 0x1E, 0xCC, 0x1E,
    0xAC, 0x26, 0xAC, 0x1E, 0xAC, 0x1E, 0xCC, 0x1E, 0xCB, 0x1E, 0xCC, 0x1E, 0xAC, 0x1E, 0xAB, 0x1E,
    0xCB, 0x1E, 0xAB, 0x1E, 0xAB, 0x1E, 0xAC, 0x1E, 0xAC, 0x1E, 0xAC, 0x1E, 0xCC, 0x1E, 0xEC, 0x1E,
    0x0C, 0x27, 0x0C, 0x27, 0x2C, 0x27, 0x2C, 0x27, 0x2C, 0x27, 0x2C, 0x27, 0x2C, 0x27, 0x2C, 0x27,
    0x2C, 0x27, 0x2C, 0x27, 0x2C, 0x27, 0x2C, 0x27, 0x2C, 0x27, 0x2C, 0x27, 0x2C, 0x27, 0x2C, 0x27,
    0x2C, 0x27, 0x2C, 0x27, 0x2C, 0x27, 0x2C, 0x27, 0x2C, 0x27, 0x2C, 0x27, 0x0C, 0x27, 0x0C, 0x27,
    0xEC, 0x1E, 0xCC, 0x1E, 0xAC, 0x1E, 0xAC, 0x1E, 0xAC, 0x1E, 0xAB, 0x1E, 0xAB, 0x1E, 0xAC, 0x1E,
    0xAB, 0x1E, 0xAC, 0x1E, 0xCC, 0x1E, 0xCC, 0x1E, 0xAC, 0x1E, 0xAC, 0x1E, 0xAB, 0x1E, 0xCC, 0x26,
    0xCC, 0x1E, 0xAC, 0x1E, 0xCC, 0x1E, 0xEC, 0x1E, 0xCC, 0x1E, 0xCC, 0x1E, 0xCC, 0x26, 0xEB, 0x16,
    0xEC, 0x26, 0x69, 0x1E, 0x6C, 0x06, 0xEF, 0x03, 0x00, 0x00, 0x00, 0x00, 0x00, 0x00, 0x00, 0x00,
    0x00, 0x00, 0x00, 0x00, 0x00, 0x00, 0x00, 0x00, 0x00, 0x00, 0x00, 0x00, 0x00, 0x00, 0x00, 0x00,
    0x00, 0x00, 0x00, 0x00, 0x00, 0x00, 0x00, 0x00, 0x00, 0x00, 0x00, 0x00, 0x00, 0x00, 0x00, 0x00,
    0x00, 0x00, 0x00, 0x00, 0x00, 0x00, 0x00, 0x00, 0x00, 0x00, 0x00, 0x00, 0x00, 0x00, 0x00, 0x00,
    0x00, 0x00, 0x00, 0x00, 0x00, 0x00, 0x00, 0x00, 0x00, 0x00, 0x00, 0x00, 0x00, 0x00, 0x00, 0x00,
    0x00, 0x00, 0x00, 0x00, 0x00, 0x00, 0x00, 0x00, 0x00, 0x00, 0x00, 0x00, 0x00, 0x00, 0x00, 0x00,
    0x00, 0x00, 0x00, 0x00, 0x00, 0x00, 0x00, 0x00, 0x00, 0x00, 0x00, 0x00, 0x00, 0x00, 0x00, 0x00,
    0x00, 0x00, 0x00, 0x00, 0x00, 0x00, 0x00, 0x00, 0x00, 0x00, 0x00, 0x00, 0x00, 0x00, 0x00, 0x00,
    0x00, 0x00, 0x00, 0x00, 0x00, 0x00, 0x00, 0x00, 0x00, 0x00, 0x00, 0x00, 0x00, 0x00, 0x00, 0x00,
    0x00, 0x00, 0x00, 0x00, 0x00, 0x00, 0x00, 0x00, 0x00, 0x00, 0x00, 0x00, 0x00, 0x00, 0x00, 0x00,
    0x00, 0x00, 0x00, 0x00, 0x00, 0x00, 0x00, 0x00, 0x00, 0x00, 0x00, 0x00, 0x00, 0x00, 0x00, 0x00,
    0x00, 0x00, 0x00, 0x00, 0x00, 0x00, 0x00, 0x00, 0x00, 0x00, 0x00, 0x00, 0x00, 0x00, 0x00, 0x00,
    0x00, 0x00, 0x00, 0x00, 0x00, 0x00, 0x00, 0x00, 0x00, 0x00, 0x00, 0x00, 0x00, 0x00, 0x00, 0x00,
    0x00, 0x00, 0x00, 0x00, 0x00, 0x00, 0x00, 0x00, 0x00, 0x00, 0x00, 0x00, 0x00, 0x00, 0x00, 0x00,
    0x00, 0x00, 0x00, 0x00, 0x00, 0x00, 0xE0, 0x07, 0xFF, 0x07, 0xEF, 0x07, 0xEF, 0x07, 0xEF, 0x07,
    0xEF, 0x07, 0xEF, 0x03, 0xE0, 0x07, 0x00, 0x00, 0x00, 0x00, 0x00, 0x00, 0x00, 0x00, 0xEF, 0x03,
    0xE7, 0x07, 0xE7, 0x1D, 0x2C, 0x1F, 0xAC, 0x16, 0xAC, 0x1E, 0x2D, 0x27, 0xCC, 0x1E, 0xCC, 0x1E,
    0xAC, 0x26, 0xAC, 0x1E, 0xCC, 0x26, 0xEC, 0x1E, 0xCB, 0x1E, 0xAC, 0x1E, 0xCC, 0x1E, 0xCC, 0x1E,
    0xCB, 0x1E, 0xAB, 0x1E, 0xAB, 0x1E, 0xAB, 0x1E, 0xAC, 0x1E, 0xCC, 0x1E, 0xAC, 0x1E, 0xAC, 0x1E,
    0xAB, 0x1E, 0xAC, 0x1E, 0xAB, 0x1E, 0xAB, 0x1E, 0xAC, 0x1E, 0xAB, 0x1E, 0xAC, 0x1E, 0xAC, 0x1E,
    0xAC, 0x1E, 0xAC, 0x1E, 0xAC, 0x1E, 0xAB, 0x1E, 0xAB, 0x1E, 0xAB, 0x1E, 0xAC, 0x1E, 0xAC, 0x1E,
    0xAC, 0x1E, 0xAC, 0x1E, 0xAB, 0x1E, 0xAC, 0x1E, 0xAB, 0x1E, 0xAB, 0x1E, 0xAC, 0x1E, 0xAB, 0x1E,
    0xAC, 0x1E, 0xAC, 0x1E, 0xCC, 0x1E, 0xAC, 0x1E, 0xAB, 0x1E, 0xAB, 0x1E, 0xAB, 0x1E, 0xAB, 0x1E,
    0xCC, 0x1E, 0xCC, 0x1E, 0xCC, 0x1E, 0xCB, 0x1E, 0xCC, 0x1E, 0xCB, 0x26, 0xAB, 0x1E, 0xCB, 0x26,
    0xCC, 0x1E, 0xCC, 0x1E, 0x2D, 0x27, 0x0E, 0x1F, 0x4D, 0x17, 0xEE, 0x1F, 0xC9, 0x26, 0xE7, 0x07,
    0xFF, 0x07, 0x00, 0x00, 0x00, 0x00, 0x00, 0x00, 0x00, 0x00, 0xE0, 0x07, 0xEF, 0x03, 0xEF, 0x07,
    0xEF, 0x07, 0xEF, 0x07, 0xEF, 0x07, 0xFF, 0x07, 0xE0, 0x07, 0x00, 0x00, 0x00, 0x00, 0x00, 0x00,
    0x00, 0x00, 0x00, 0x00, 0x00, 0x00, 0x00, 0x00, 0x00, 0x00, 0x00, 0x00, 0x00, 0x00, 0x00, 0x00,
    0x00, 0x00, 0x00, 0x00, 0x00, 0x00, 0x00, 0x00, 0x00, 0x00, 0x00, 0x00, 0x00, 0x00, 0x00, 0x00,
    0x00, 0x00, 0x00, 0x00, 0x00, 0x00, 0x00, 0x00, 0x00, 0x00, 0x00, 0x00, 0x00, 0x00, 0x00, 0x00,
    0x00, 0x00, 0x00, 0x00, 0x00, 0x00, 0x00, 0x00, 0x00, 0x00, 0x00, 0x00, 0x00, 0x00, 0x00, 0x00,
    0x00, 0x00, 0x00, 0x00, 0x00, 0x00, 0x00, 0x00, 0x00, 0x00, 0x00, 0x00, 0x00, 0x00, 0x00, 0x00,
    0x00, 0x00, 0x00, 0x00, 0x00, 0x00, 0x00, 0x00, 0x00, 0x00, 0x00, 0x00, 0x00, 0x00, 0x00, 0x00,
    0x00, 0x00, 0x00, 0x00, 0x00, 0x00, 0x00, 0x00, 0x00, 0x00, 0x00, 0x00, 0x00, 0x00, 0x00, 0x00,
    0x00, 0x00, 0x00, 0x00, 0x00, 0x00, 0x00, 0x00, 0x00, 0x00, 0x00, 0x00, 0x00, 0x00, 0x00, 0x00,
    0x00, 0x00, 0x00, 0x00, 0x00, 0x00, 0x00, 0x00, 0x00, 0x00, 0x00, 0x00, 0x00, 0x00, 0x00, 0x00,
    0x00, 0x00, 0x00, 0x00, 0x00, 0x00, 0x00, 0x00, 0x00, 0x00, 0x00, 0x00, 0x00, 0x00, 0x00, 0x00,
    0x00, 0x00, 0x00, 0x00, 0x00, 0x00, 0x00, 0x00, 0x00, 0x00, 0x00, 0x00, 0x00, 0x00, 0x00, 0x00,
    0x00, 0x00, 0x00, 0x00, 0x00, 0x00, 0x00, 0x00, 0x00, 0x00, 0x00, 0x00, 0x00, 0x00, 0x00, 0x00,
    0x00, 0x00, 0x00, 0x00, 0xE0, 0x07, 0xE0, 0x07, 0xEF, 0x07, 0x4A, 0x05, 0x4A, 0x05, 0x4A, 0x05,
    0x4A, 0x05, 0xEF, 0x07, 0xE0, 0x07, 0x00, 0x00, 0x00, 0x00, 0x00, 0x00, 0x00, 0x00, 0x00, 0x00,
    0x00, 0x00, 0x00, 0x00, 0x00, 0x00, 0x00, 0x00, 0xE0, 0x07, 0xF5, 0x57, 0xAF, 0x2E, 0x8B, 0x16,
    0xAC, 0x2E, 0x0B, 0x1F, 0xAC, 0x26, 0xEC, 0x1E, 0xAC, 0x1E, 0xAC, 0x1E, 0xAB, 0x1E, 0xCC, 0x1E,
    0xAB, 0x1E, 0x8B, 0x1E, 0xAB, 0x1E, 0xCC, 0x1E, 0xAC, 0x1E, 0xAC, 0x1E, 0xCC, 0x1E, 0xAC, 0x1E,
    0xAB, 0x1E, 0xAC, 0x1E, 0xAB, 0x1E, 0xAC, 0x1E, 0xAB, 0x1E, 0xAC, 0x1E, 0xAC, 0x1E, 0xAB, 0x1E,
    0xAC, 0x1E, 0xAB, 0x1E, 0xAB, 0x1E, 0xAC, 0x1E, 0xAC, 0x1E, 0xAC, 0x1E, 0xAC, 0x1E, 0xCC, 0x1E,
    0xAC, 0x1E, 0xAC, 0x1E, 0xAC, 0x1E, 0xCC, 0x1E, 0xAC, 0x1E, 0xAB, 0x1E, 0xAC, 0x1E, 0xAB, 0x1E,
    0xAC, 0x1E, 0xCC, 0x1E, 0xAC, 0x1E, 0xAC, 0x1E, 0xCC, 0x1E, 0xAB, 0x1E, 0x8B, 0x1E, 0xAB, 0x1E,
    0xCC, 0x1E, 0xAB, 0x1E, 0xCC, 0x1E, 0xCC, 0x1E, 0xEC, 0x1E, 0xAB, 0x26, 0xCB, 0x1E, 0x0B, 0x2F,
    0x8B, 0x16, 0xAF, 0x2E, 0xF5, 0x57, 0xFF, 0x07, 0x00, 0x00, 0x00, 0x00, 0x00, 0x00, 0x00, 0x00,
    0x00, 0x00, 0x00, 0x00, 0x00, 0x00, 0x00, 0x00, 0x00, 0x00, 0xE0, 0x07, 0xEF, 0x07, 0x4A, 0x05,
    0xEA, 0x07, 0xEA, 0x07, 0xEF, 0x07, 0xEF, 0x07, 0xE0, 0x07, 0xE0, 0x07, 0x00, 0x00, 0x00, 0x00,
    0x00, 0x00, 0x00, 0x00, 0x00, 0x00, 0x00, 0x00, 0x00, 0x00, 0x00, 0x00, 0x00, 0x00, 0x00, 0x00,
    0x00, 0x00, 0x00, 0x00, 0x00, 0x00, 0x00, 0x00, 0x00, 0x00, 0x00, 0x00, 0x00, 0x00, 0x00, 0x00,
    0x00, 0x00, 0x00, 0x00, 0x00, 0x00, 0x00, 0x00, 0x00, 0x00, 0x00, 0x00, 0x00, 0x00, 0x00, 0x00,
    0x00, 0x00, 0x00, 0x00, 0x00, 0x00, 0x00, 0x00, 0x00, 0x00, 0x00, 0x00, 0x00, 0x00, 0x00, 0x00,
    0x00, 0x00, 0x00, 0x00, 0x00, 0x00, 0x00, 0x00, 0x00, 0x00, 0x00, 0x00, 0x00, 0x00, 0x00, 0x00,
    0x00, 0x00, 0x00, 0x00, 0x00, 0x00, 0x00, 0x00, 0x00, 0x00, 0x00, 0x00, 0x00, 0x00, 0x00, 0x00,
    0x00, 0x00, 0x00, 0x00, 0x00, 0x00, 0x00, 0x00, 0x00, 0x00, 0x00, 0x00, 0x00, 0x00, 0x00, 0x00,
    0x00, 0x00, 0x00, 0x00, 0x00, 0x00, 0x00, 0x00, 0x00, 0x00, 0x00, 0x00, 0x00, 0x00, 0x00, 0x00,
    0x00, 0x00, 0x00, 0x00, 0x00, 0x00, 0x00, 0x00, 0x00, 0x00, 0x00, 0x00, 0x00, 0x00, 0x00, 0x00,
    0x00, 0x00, 0x00, 0x00, 0x00, 0x00, 0x00, 0x00, 0x00, 0x00, 0x00, 0x00, 0x00, 0x00, 0x00, 0x00,
    0x00, 0x00, 0x00, 0x00, 0x00, 0x00, 0x00, 0x00, 0x00, 0x00, 0x00, 0x00, 0x00, 0x00, 0x00, 0x00,
    0x00, 0x00, 0x00, 0x00, 0x00, 0x00, 0x00, 0x00, 0x00, 0x00, 0x00, 0x00, 0x00, 0x00, 0x00, 0x00,
    0x00, 0x00, 0x00, 0x00, 0x00, 0x00, 0xE0, 0x07, 0xE0, 0x07, 0xE0, 0x07, 0xFF, 0x07, 0xFF, 0x07,
    0xE0, 0x07, 0x00, 0x00, 0x00, 0x00, 0x00, 0x00, 0x00, 0x00, 0x00, 0x00, 0x00, 0x00, 0x00, 0x00,
    0x00, 0x00, 0x00, 0x00, 0x00, 0x00, 0x00, 0x00, 0x00, 0x00, 0x00, 0x00, 0x00, 0x00, 0xE0, 0x07,
    0xEC, 0x37, 0x2B, 0x17, 0xAC, 0x1E, 0x0C, 0x1F, 0xAB, 0x26, 0xAC, 0x1E, 0x8B, 0x1E, 0xCB, 0x1E,
    0x8B, 0x1E, 0x8B, 0x1E, 0xAB, 0x1E, 0xAC, 0x1E, 0xCC, 0x26, 0xCC, 0x1E, 0xAC, 0x1E, 0xCC, 0x1E,
    0xAB, 0x1E, 0xAC, 0x1E, 0xAB, 0x1E, 0xAC, 0x1E, 0xAB, 0x1E, 0xAC, 0x1E, 0xAB, 0x1E, 0xAC, 0x26,
    0xCC, 0x1E, 0xAC, 0x1E, 0xAB, 0x1E, 0xCB, 0x1E, 0xCB, 0x1E, 0xCB, 0x1E, 0xAC, 0x1E, 0xCC, 0x1E,
    0xAB, 0x1E, 0xAB, 0x1E, 0xAC, 0x1E, 0xAB, 0x1E, 0xAC, 0x1E, 0xAB, 0x1E, 0xAC, 0x1E, 0xAB, 0x1E,
    0xCC, 0x1E, 0xAC, 0x1E, 0xCC, 0x1E, 0xCC, 0x26, 0xAC, 0x1E, 0xAB, 0x1E, 0x8B, 0x1E, 0x8B, 0x1E,
    0xCB, 0x1E, 0x8B, 0x1E, 0xAC, 0x1E, 0xCB, 0x26, 0xAC, 0x1E, 0x8B, 0x1E, 0x2C, 0x1F, 0xE6, 0x37,
    0xE0, 0x07, 0x00, 0x00, 0x00, 0x00, 0x00, 0x00, 0x00, 0x00, 0x00, 0x00, 0x00, 0x00, 0x00, 0x00,
    0x00, 0x00, 0x00, 0x00, 0x00, 0x00, 0x00, 0x00, 0x00, 0x00, 0x00, 0x00, 0x00, 0x00, 0xE0, 0x07,
    0xFF, 0x07, 0xFF, 0x07, 0xE0, 0x07, 0xE0, 0x07, 0xE0, 0x07, 0x00, 0x00, 0x00, 0x00, 0x00, 0x00,
    0x00, 0x00, 0x00, 0x00, 0x00, 0x00, 0x00, 0x00, 0x00, 0x00, 0x00, 0x00, 0x00, 0x00, 0x00, 0x00,
    0x00, 0x00, 0x00, 0x00, 0x00, 0x00, 0x00, 0x00, 0x00, 0x00, 0x00, 0x00, 0x00, 0x00, 0x00, 0x00,
    0x00, 0x00, 0x00, 0x00, 0x00, 0x00, 0x00, 0x00, 0x00, 0x00, 0x00, 0x00, 0x00, 0x00, 0x00, 0x00,
    0x00, 0x00, 0x00, 0x00, 0x00, 0x00, 0x00, 0x00, 0x00, 0x00, 0x00, 0x00, 0x00, 0x00, 0x00, 0x00,
    0x00, 0x00, 0x00, 0x00, 0x00, 0x00, 0x00, 0x00, 0x00, 0x00, 0x00, 0x00, 0x00, 0x00, 0x00, 0x00,
    0x00, 0x00, 0x00, 0x00, 0x00, 0x00, 0x00, 0x00, 0x00, 0x00, 0x00, 0x00, 0x00, 0x00, 0x00, 0x00,
    0x00, 0x00, 0x00, 0x00, 0x00, 0x00, 0x00, 0x00, 0x00, 0x00, 0x00, 0x00, 0x00, 0x00, 0x00, 0x00,
    0x00, 0x00, 0x00, 0x00, 0x00, 0x00, 0x00, 0x00, 0x00, 0x00, 0x00, 0x00, 0x00, 0x00, 0x00, 0x00,
    0x00, 0x00, 0x00, 0x00, 0x00, 0x00, 0x00, 0x00, 0x00, 0x00, 0x00, 0x00, 0x00, 0x00, 0x00, 0x00,
    0x00, 0x00, 0x00, 0x00, 0x00, 0x00, 0x00, 0x00, 0x00, 0x00, 0x00, 0x00, 0x00, 0x00, 0x00, 0x00,
    0x00, 0x00, 0x00, 0x00, 0x00, 0x00, 0x00, 0x00, 0x00, 0x00, 0x00, 0x00, 0x00, 0x00, 0x00, 0x00,
    0x00, 0x00, 0x00, 0x00, 0x00, 0x00, 0x00, 0x00, 0x00, 0x00, 0x00, 0x00, 0x00, 0x00, 0x00, 0x00,
    0x00, 0x00, 0x00, 0x00, 0x00, 0x00, 0x00, 0x00, 0x00, 0x00, 0x00, 0x00, 0x00, 0x00, 0x00, 0x00,
    0x00, 0x00, 0x00, 0x00, 0x00, 0x00, 0x00, 0x00, 0x00, 0x00, 0x00, 0x00, 0x00, 0x00, 0x00, 0x00,
    0x00, 0x00, 0x00, 0x00, 0x00, 0x00, 0x00, 0x00, 0x00, 0x00, 0x00, 0x00, 0x00, 0x00, 0x00, 0x00,
    0xE0, 0x07, 0xF5, 0x07, 0xAA, 0x06, 0xEE, 0x1F, 0xCB, 0x26, 0x2C, 0x1E, 0xCA, 0x1E, 0xAB, 0x16,
    0x6A, 0x26, 0x8C, 0x26, 0x6B, 0x26, 0xAB, 0x1E, 0x0C, 0x1F, 0xCC, 0x1E, 0xCC, 0x1E, 0xAC, 0x1E,
    0xAB, 0x1E, 0x8B, 0x1E, 0xAB, 0x1E, 0x6B, 0x26, 0x8B, 0x1E, 0x8B, 0x1E, 0xCC, 0x1E, 0xAB, 0x1E,
    0xCC, 0x1E, 0xAC, 0x26, 0xCC, 0x26, 0xCB, 0x1E, 0xCB, 0x1E, 0xCB, 0x1E, 0xCC, 0x26, 0xCC, 0x1E,
    0x8C, 0x1E, 0xCC, 0x1E, 0x8B, 0x1E, 0x8B, 0x1E, 0x6B, 0x26, 0xAB, 0x1E, 0x8B, 0x1E, 0xAB, 0x1E,
    0xAC, 0x1E, 0xCC, 0x1E, 0xCC, 0x1E, 0x0C, 0x1F, 0xAB, 0x1E, 0x6B, 0x26, 0x8C, 0x26, 0x6A, 0x26,
    0xAB, 0x16, 0xCA, 0x1E, 0x2C, 0x1E, 0xCB, 0x26, 0x0E, 0x1F, 0xAA, 0x06, 0xEA, 0x07, 0xE0, 0x07,
    0x00, 0x00, 0x00, 0x00, 0x00, 0x00, 0x00, 0x00, 0x00, 0x00, 0x00, 0x00, 0x00, 0x00, 0x00, 0x00,
    0x00, 0x00, 0x00, 0x00, 0x00, 0x00, 0x00, 0x00, 0x00, 0x00, 0x00, 0x00, 0x00, 0x00, 0x00, 0x00,
    0x00, 0x00, 0x00, 0x00, 0x00, 0x00, 0x00, 0x00, 0x00, 0x00, 0x00, 0x00, 0x00, 0x00, 0x00, 0x00,
    0x00, 0x00, 0x00, 0x00, 0x00, 0x00, 0x00, 0x00, 0x00, 0x00, 0x00, 0x00, 0x00, 0x00, 0x00, 0x00,
    0x00, 0x00, 0x00, 0x00, 0x00, 0x00, 0x00, 0x00, 0x00, 0x00, 0x00, 0x00, 0x00, 0x00, 0x00, 0x00,
    0x00, 0x00, 0x00, 0x00, 0x00, 0x00, 0x00, 0x00, 0x00, 0x00, 0x00, 0x00, 0x00, 0x00, 0x00, 0x00,
    0x00, 0x00, 0x00, 0x00, 0x00, 0x00, 0x00, 0x00, 0x00, 0x00, 0x00, 0x00, 0x00, 0x00, 0x00, 0x00,
    0x00, 0x00, 0x00, 0x00, 0x00, 0x00, 0x00, 0x00, 0x00, 0x00, 0x00, 0x00, 0x00, 0x00, 0x00, 0x00,
    0x00, 0x00, 0x00, 0x00, 0x00, 0x00, 0x00, 0x00, 0x00, 0x00, 0x00, 0x00, 0x00, 0x00, 0x00, 0x00,
    0x00, 0x00, 0x00, 0x00, 0x00, 0x00, 0x00, 0x00, 0x00, 0x00, 0x00, 0x00, 0x00, 0x00, 0x00, 0x00,
    0x00, 0x00, 0x00, 0x00, 0x00, 0x00, 0x00, 0x00, 0x00, 0x00, 0x00, 0x00, 0x00, 0x00, 0x00, 0x00,
    0x00, 0x00, 0x00, 0x00, 0x00, 0x00, 0x00, 0x00, 0x00, 0x00, 0x00, 0x00, 0x00, 0x00, 0x00, 0x00,
    0x00, 0x00, 0x00, 0x00, 0x00, 0x00, 0x00, 0x00, 0x00, 0x00, 0x00, 0x00, 0x00, 0x00, 0x00, 0x00,
    0x00, 0x00, 0x00, 0x00, 0x00, 0x00, 0x00, 0x00, 0x00, 0x00, 0x00, 0x00, 0x00, 0x00, 0x00, 0x00,
    0x00, 0x00, 0x00, 0x00, 0x00, 0x00, 0x00, 0x00, 0x00, 0x00, 0x00, 0x00, 0x00, 0x00, 0x00, 0x00,
    0x00, 0x00, 0x00, 0x00, 0x00, 0x00, 0x00, 0x00, 0x00, 0x00, 0x00, 0x00, 0x00, 0x00, 0x00, 0x00,
    0x00, 0x00, 0x00, 0x00, 0xE0, 0x07, 0xE0, 0x07, 0xFF, 0x07, 0xEF, 0x07, 0xEF, 0x07, 0xEF, 0x07,
    0xEF, 0x07, 0xEF, 0x07, 0xEF, 0x07, 0xEF, 0x07, 0xEF, 0x07, 0xEF, 0x03, 0xE0, 0x07, 0x00, 0x00,
    0xE0, 0x07, 0x00, 0x00, 0x00, 0x00, 0x00, 0x00, 0x00, 0x00, 0x00, 0x00, 0x00, 0x00, 0x00, 0x00,
    0x00, 0xF8, 0xE0, 0x7B, 0x00, 0xF8, 0xFF, 0x07, 0xFF, 0x07, 0xFF, 0x07, 0xEF, 0x07, 0x4A, 0x05,
    0xEA, 0x07, 0xCC, 0x34, 0xEB, 0x1C, 0x4A, 0x2D, 0x8B, 0x1E, 0x2B, 0x26, 0x6B, 0x1E, 0xAB, 0x26,
    0x0D, 0x1F, 0xAC, 0x26, 0xCB, 0x1E, 0xCC, 0x1E, 0xCC, 0x1E, 0xCC, 0x1E, 0xAD, 0x26, 0x0C, 0x1F,
    0x6B, 0x1E, 0x6B, 0x1E, 0x2B, 0x26, 0x6B, 0x1E, 0x4A, 0x2D, 0xE7, 0x1C, 0xCC, 0x34, 0xEA, 0x07,
    0x4A, 0x05, 0xEF, 0x07, 0xFF, 0x07, 0xFF, 0x07, 0xFF, 0x07, 0x00, 0xF8, 0xE0, 0x7B, 0x00, 0xF8,
    0x00, 0x00, 0x00, 0x00, 0x00, 0x00, 0x00, 0x00, 0x00, 0x00, 0x00, 0x00, 0x00, 0x00, 0xE0, 0x07,
    0x00, 0x00, 0xE0, 0x07, 0xEF, 0x03, 0xEF, 0x03, 0xEF, 0x07, 0xEF, 0x07, 0xEF, 0x07, 0xEF, 0x07,
    0xEF, 0x07, 0xEF, 0x07, 0xEF, 0x07, 0xFF, 0x07, 0xE0, 0x07, 0xE0, 0x07, 0x00, 0x00, 0x00, 0x00,
    0x00, 0x00, 0x00, 0x00, 0x00, 0x00, 0x00, 0x00, 0x00, 0x00, 0x00, 0x00, 0x00, 0x00, 0x00, 0x00,
    0x00, 0x00, 0x00, 0x00, 0x00, 0x00, 0x00, 0x00, 0x00, 0x00, 0x00, 0x00, 0x00, 0x00, 0x00, 0x00,
    0x00, 0x00, 0x00, 0x00, 0x00, 0x00, 0x00, 0x00, 0x00, 0x00, 0x00, 0x00, 0x00, 0x00, 0x00, 0x00,
    0x00, 0x00, 0x00, 0x00, 0x00, 0x00, 0x00, 0x00, 0x00, 0x00, 0x00, 0x00, 0x00, 0x00, 0x00, 0x00,
    0x00, 0x00, 0x00, 0x00, 0x00, 0x00, 0x00, 0x00, 0x00, 0x00, 0x00, 0x00, 0x00, 0x00, 0x00, 0x00,
    0x00, 0x00, 0x00, 0x00, 0x00, 0x00, 0x00, 0x00, 0x00, 0x00, 0x00, 0x00, 0x00, 0x00, 0x00, 0x00,
    0x00, 0x00, 0x00, 0x00, 0x00, 0x00, 0x00, 0x00, 0x00, 0x00, 0x00, 0x00, 0x00, 0x00, 0x00, 0x00,
    0x00, 0x00, 0x00, 0x00, 0x00, 0x00, 0x00, 0x00, 0x00, 0x00, 0x00, 0x00, 0x00, 0x00, 0x00, 0x00,
    0x00, 0x00, 0x00, 0x00, 0x00, 0x00, 0x00, 0x00, 0x00, 0x00, 0x00, 0x00, 0x00, 0x00, 0x00, 0x00,
    0x00, 0x00, 0x00, 0x00, 0x00, 0x00, 0x00, 0x00, 0x00, 0x00, 0x00, 0x00, 0x00, 0x00, 0x00, 0x00,
    0x00, 0x00, 0x00, 0x00, 0x00, 0x00, 0x00, 0x00, 0x00, 0x00, 0x00, 0x00, 0x00, 0x00, 0x00, 0x00,
    0x00, 0x00, 0x00, 0x00, 0x00, 0x00, 0x00, 0x00, 0x00, 0x00, 0x00, 0x00, 0x00, 0x00, 0x00, 0x00,
    0x00, 0x00, 0x00, 0x00, 0x00, 0x00, 0x00, 0x00, 0x00, 0x00, 0x00, 0x00, 0x00, 0x00, 0x00, 0x00,
    0x00, 0x00, 0x00, 0x00, 0x00, 0x00, 0x00, 0x00, 0x00, 0x00, 0x00, 0x00, 0x00, 0x00, 0x00, 0x00,
    0xE0, 0x07, 0xE0, 0x07, 0xEF, 0x03, 0xEF, 0x07, 0xEA, 0x07, 0xE7, 0x05, 0xEF, 0x3D, 0xEF, 0x07,
    0xEF, 0x3D, 0xEF, 0x05, 0xE7, 0x3D, 0xEA, 0x07, 0x4A, 0x05, 0xEF, 0x03, 0xE0, 0x07, 0x00, 0x00,
    0x00, 0x00, 0x00, 0x00, 0x00, 0x00, 0x00, 0x00, 0x00, 0x00, 0x00, 0x00, 0x00, 0x00, 0x00, 0x00,
    0x00, 0x00, 0x00, 0x00, 0x00, 0x00, 0x00, 0x00, 0x00, 0x00, 0x00, 0x00, 0x00, 0x00, 0x00, 0x00,
    0x00, 0x00, 0x00, 0x00, 0x00, 0x00, 0x00, 0x00, 0x00, 0x00, 0x00, 0x00, 0xEF, 0x03, 0xEB, 0x3E,
    0x4D, 0x2F, 0xEC, 0x36, 0xAA, 0x2E, 0x2B, 0x2F, 0x2B, 0x27, 0x2B, 0x2F, 0xED, 0x2E, 0x4C, 0x27,
    0x2E, 0x3E, 0xEF, 0x03, 0x00, 0x00, 0x00, 0x00, 0x00, 0x00, 0x00, 0x00, 0x00, 0x00, 0x00, 0x00,
    0x00, 0x00, 0x00, 0x00, 0x00, 0x00, 0x00, 0x00, 0x00, 0x00, 0x00, 0x00, 0x00, 0x00, 0x00, 0x00,
    0x00, 0x00, 0x00, 0x00, 0x00, 0x00, 0x00, 0x00, 0x00, 0x00, 0x00, 0x00, 0x00, 0x00, 0x00, 0x00,
    0x00, 0x00, 0xE0, 0x07, 0xEF, 0x03, 0x4A, 0x05, 0xE7, 0x05, 0xE7, 0x3D, 0xEF, 0x05, 0xEF, 0x3D,
    0xE7, 0x07, 0xEF, 0x3D, 0xE7, 0x05, 0xEA, 0x07, 0xEF, 0x07, 0xEF, 0x03, 0xE0, 0x07, 0xE0, 0x07,
    0x00, 0x00, 0x00, 0x00, 0x00, 0x00, 0x00, 0x00, 0x00, 0x00, 0x00, 0x00, 0x00, 0x00, 0x00, 0x00,
    0x00, 0x00, 0x00, 0x00, 0x00, 0x00, 0x00, 0x00, 0x00, 0x00, 0x00, 0x00, 0x00, 0x00, 0x00, 0x00,
    0x00, 0x00, 0x00, 0x00, 0x00, 0x00, 0x00, 0x00, 0x00, 0x00, 0x00, 0x00, 0x00, 0x00, 0x00, 0x00,
    0x00, 0x00, 0x00, 0x00, 0x00, 0x00, 0x00, 0x00, 0x00, 0x00, 0x00, 0x00, 0x00, 0x00, 0x00, 0x00,
    0x00, 0x00, 0x00, 0x00, 0x00, 0x00, 0x00, 0x00, 0x00, 0x00, 0x00, 0x00, 0x00, 0x00, 0x00, 0x00,
    0x00, 0x00, 0x00, 0x00, 0x00, 0x00, 0x00, 0x00, 0x00, 0x00, 0x00, 0x00, 0x00, 0x00, 0x00, 0x00,
    0x00, 0x00, 0x00, 0x00, 0x00, 0x00, 0x00, 0x00, 0x00, 0x00, 0x00, 0x00, 0x00, 0x00, 0x00, 0x00,
    0x00, 0x00, 0x00, 0x00, 0x00, 0x00, 0x00, 0x00, 0x00, 0x00, 0x00, 0x00, 0x00, 0x00, 0x00, 0x00,
    0x00, 0x00, 0x00, 0x00, 0x00, 0x00, 0x00, 0x00, 0x00, 0x00, 0x00, 0x00, 0x00, 0x00, 0x00, 0x00,
    0x00, 0x00, 0x00, 0x00, 0x00, 0x00, 0x00, 0x00, 0x00, 0x00, 0x00, 0x00, 0x00, 0x00, 0x00, 0x00,
    0x00, 0x00, 0x00, 0x00, 0x00, 0x00, 0x00, 0x00, 0x01, 0x01, 0x02, 0x02, 0x03, 0x04, 0x04, 0x04,
    0x04, 0x04, 0x04, 0x03, 0x03, 0x02, 0x01, 0x00, 0x00, 0x00, 0x00, 0x00, 0x00, 0x00, 0x00, 0x00,
    0x00, 0x00, 0x00, 0x00, 0x00, 0x00, 0x00, 0x00, 0x00, 0x00, 0x00, 0x00, 0x00, 0x00, 0x04, 0x09,
    0x0D, 0x10, 0x13, 0x14, 0x13, 0x12, 0x0F, 0x0C, 0x08, 0x04, 0x00, 0x00, 0x00, 0x00, 0x00, 0x00,
    0x00, 0x00, 0x00, 0x00, 0x00, 0x00, 0x00, 0x00, 0x00, 0x00, 0x00, 0x00, 0x00, 0x00, 0x00, 0x00,
    0x00, 0x01, 0x02, 0x03, 0x04, 0x04, 0x04, 0x04, 0x04, 0x04, 0x04, 0x03, 0x02, 0x02, 0x01, 0x01,
    0x00, 0x00, 0x00, 0x00, 0x00, 0x00, 0x00, 0x00, 0x00, 0x00, 0x00, 0x00, 0x00, 0x00, 0x00, 0x00,
    0x00, 0x00, 0x00, 0x00, 0x00, 0x00, 0x00, 0x00, 0x00, 0x00, 0x00, 0x00, 0x00, 0x00, 0x00, 0x00,
    0x00, 0x00, 0x00, 0x00, 0x00, 0x00, 0x00, 0x00, 0x00, 0x00, 0x00, 0x00, 0x00, 0x00, 0x00, 0x00,
    0x00, 0x00, 0x00, 0x00, 0x00, 0x00, 0x00, 0x00, 0x00, 0x00, 0x00, 0x00, 0x00, 0x00, 0x00, 0x00,
    0x00, 0x00, 0x00, 0x00, 0x00, 0x00, 0x00, 0x00, 0x00, 0x00, 0x00, 0x00, 0x00, 0x00, 0x00, 0x00,
    0x00, 0x00, 0x00, 0x00, 0x00, 0x00, 0x00, 0x00, 0x00, 0x00, 0x00, 0x00, 0x00, 0x00, 0x00, 0x00,
    0x00, 0x00, 0x00, 0x00, 0x00, 0x00, 0x00, 0x00, 0x00, 0x00, 0x00, 0x00, 0x00, 0x00, 0x00, 0x00,
    0x00, 0x01, 0x01, 0x01, 0x01, 0x02, 0x02, 0x02, 0x02, 0x02, 0x02, 0x02, 0x02, 0x02, 0x01, 0x01,
    0x01, 0x00, 0x00, 0x00, 0x00, 0x00, 0x01, 0x00, 0x01, 0x02, 0x01, 0x01, 0x02, 0x02, 0x02, 0x03,
    0x03, 0x05, 0x08, 0x0C, 0x10, 0x17, 0x1B, 0x20, 0x23, 0x27, 0x29, 0x2A, 0x29, 0x28, 0x26, 0x22,
    0x1F, 0x1B, 0x17, 0x11, 0x0C, 0x08, 0x05, 0x03, 0x03, 0x02, 0x02, 0x02, 0x00, 0x00, 0x01, 0x00,
    0x00, 0x01, 0x00, 0x00, 0x00, 0x00, 0x00, 0x01, 0x01, 0x01, 0x02, 0x02, 0x02, 0x02, 0x02, 0x02,
    0x02, 0x02, 0x02, 0x01, 0x01, 0x01, 0x01, 0x00, 0x00, 0x00, 0x00, 0x00, 0x00, 0x00, 0x00, 0x00,
    0x00, 0x00, 0x00, 0x00, 0x00, 0x00, 0x00, 0x00, 0x00, 0x00, 0x00, 0x00, 0x00, 0x00, 0x00, 0x00,
    0x00, 0x00, 0x00, 0x00, 0x00, 0x00, 0x00, 0x00, 0x00, 0x00, 0x00, 0x00, 0x00, 0x00, 0x00, 0x00,
    0x00, 0x00, 0x00, 0x00, 0x00, 0x00, 0x00, 0x00, 0x00, 0x00, 0x00, 0x00, 0x00, 0x00, 0x00, 0x00,
    0x00, 0x00, 0x00, 0x00, 0x00, 0x00, 0x00, 0x00, 0x00, 0x00, 0x00, 0x00, 0x00, 0x00, 0x00, 0x00,
    0x00, 0x00, 0x00, 0x00, 0x00, 0x00, 0x00, 0x00, 0x00, 0x00, 0x00, 0x00, 0x00, 0x00, 0x00, 0x00,
    0x00, 0x00, 0x00, 0x00, 0x00, 0x00, 0x00, 0x00, 0x00, 0x00, 0x00, 0x00, 0x00, 0x00, 0x00, 0x00,
    0x00, 0x00, 0x00, 0x00, 0x00, 0x00, 0x00, 0x00, 0x00, 0x00, 0x00, 0x00, 0x00, 0x00, 0x00, 0x00,
    0x00, 0x00, 0x00, 0x00, 0x00, 0x00, 0x00, 0x00, 0x01, 0x03, 0x06, 0x09, 0x0E, 0x12, 0x16, 0x18,
    0x1B, 0x1D, 0x1E, 0x20, 0x21, 0x23, 0x23, 0x25, 0x26, 0x29, 0x2B, 0x2F, 0x33, 0x39, 0x3C, 0x41,
    0x44, 0x46, 0x48, 0x49, 0x48, 0x47, 0x46, 0x43, 0x40, 0x3C, 0x39, 0x34, 0x2F, 0x2B, 0x29, 0x26,
    0x25, 0x23, 0x23, 0x21, 0x1F, 0x1D, 0x1C, 0x1A, 0x18, 0x15, 0x12, 0x0E, 0x09, 0x06, 0x03, 0x01,
    0x00, 0x00, 0x00, 0x00, 0x00, 0x00, 0x00, 0x00, 0x00, 0x00, 0x00, 0x00, 0x00, 0x00, 0x00, 0x00,
    0x00, 0x00, 0x00, 0x00, 0x00, 0x00, 0x00, 0x00, 0x00, 0x00, 0x00, 0x00, 0x00, 0x00, 0x00, 0x00,
    0x00, 0x00, 0x00, 0x00, 0x00, 0x00, 0x00, 0x00, 0x00, 0x00, 0x00, 0x00, 0x00, 0x00, 0x00, 0x00,
    0x00, 0x00, 0x00, 0x00, 0x00, 0x00, 0x00, 0x00, 0x00, 0x00, 0x00, 0x00, 0x00, 0x00, 0x00, 0x00,
    0x00, 0x00, 0x00, 0x00, 0x00, 0x00, 0x00, 0x00, 0x00, 0x00, 0x00, 0x00, 0x00, 0x00, 0x00, 0x00,
    0x00, 0x00, 0x00, 0x00, 0x00, 0x00, 0x00, 0x00, 0x00, 0x00, 0x00, 0x00, 0x00, 0x00, 0x00, 0x00,
    0x00, 0x00, 0x00, 0x00, 0x00, 0x00, 0x00, 0x00, 0x00, 0x00, 0x00, 0x00, 0x00, 0x00, 0x00, 0x00,
    0x00, 0x00, 0x00, 0x00, 0x00, 0x00, 0x00, 0x00, 0x00, 0x00, 0x00, 0x01, 0x01, 0x01, 0x01, 0x01,
    0x01, 0x00, 0x00, 0x00, 0x00, 0x00, 0x00, 0x00, 0x00, 0x00, 0x00, 0x00, 0x00, 0x00, 0x00, 0x01,
    0x05, 0x0B, 0x12, 0x1A, 0x24, 0x2E, 0x35, 0x3B, 0x41, 0x46, 0x48, 0x4C, 0x4F, 0x52, 0x54, 0x56,
    0x59, 0x5C, 0x5F, 0x62, 0x65, 0x6A, 0x6D, 0x70, 0x72, 0x74, 0x76, 0x76, 0x76, 0x75, 0x73, 0x71,
    0x6F, 0x6D, 0x6A, 0x66, 0x62, 0x5F, 0x5C, 0x59, 0x56, 0x54, 0x52, 0x4F, 0x4B, 0x47, 0x45, 0x40,
    0x3B, 0x35, 0x2D, 0x24, 0x1A, 0x11, 0x0A, 0x05, 0x01, 0x00, 0x00, 0x00, 0x00, 0x00, 0x00, 0x00,
    0x00, 0x00, 0x00, 0x00, 0x00, 0x00, 0x00, 0x01, 0x01, 0x01, 0x01, 0x01, 0x01, 0x00, 0x00, 0x00,
    0x00, 0x00, 0x00, 0x00, 0x00, 0x00, 0x00, 0x00, 0x00, 0x00, 0x00, 0x00, 0x00, 0x00, 0x00, 0x00,
    0x00, 0x00, 0x00, 0x00, 0x00, 0x00, 0x00, 0x00, 0x00, 0x00, 0x00, 0x00, 0x00, 0x00, 0x00, 0x00,
    0x00, 0x00, 0x00, 0x00, 0x00, 0x00, 0x00, 0x00, 0x00, 0x00, 0x00, 0x00, 0x00, 0x00, 0x00, 0x00,
    0x00, 0x00, 0x00, 0x00, 0x00, 0x00, 0x00, 0x00, 0x00, 0x00, 0x00, 0x00, 0x00, 0x00, 0x00, 0x00,
    0x00, 0x00, 0x00, 0x00, 0x00, 0x00, 0x00, 0x00, 0x00, 0x00, 0x00, 0x00, 0x00, 0x00, 0x00, 0x00,
    0x00, 0x00, 0x00, 0x00, 0x00, 0x00, 0x00, 0x00, 0x00, 0x00, 0x00, 0x00, 0x00, 0x00, 0x00, 0x00,
    0x00, 0x00, 0x01, 0x01, 0x02, 0x02, 0x03, 0x03, 0x03, 0x02, 0x01, 0x00, 0x00, 0x00, 0x00, 0x00,
    0x00, 0x00, 0x00, 0x00, 0x01, 0x03, 0x06, 0x0B, 0x12, 0x1B, 0x27, 0x35, 0x45, 0x54, 0x60, 0x6B,
    0x74, 0x7B, 0x7F, 0x84, 0x89, 0x8E, 0x91, 0x95, 0x99, 0x9C, 0x9F, 0xA2, 0xA4, 0xA7, 0xA9, 0xAB,
    0xAC, 0xAE, 0xAE, 0xAF, 0xAE, 0xAE, 0xAD, 0xAC, 0xAB, 0xA9, 0xA7, 0xA5, 0xA2, 0x9F, 0x9C, 0x99,
    0x95, 0x91, 0x8E, 0x89, 0x84, 0x7E, 0x79, 0x73, 0x6A, 0x60, 0x54, 0x45, 0x34, 0x26, 0x1B, 0x11,
    0x0B, 0x06, 0x03, 0x01, 0x00, 0x00, 0x00, 0x00, 0x00, 0x00, 0x00, 0x00, 0x00, 0x01, 0x02, 0x03,
    0x03, 0x03, 0x02, 0x02, 0x01, 0x01, 0x00, 0x00, 0x00, 0x00, 0x00, 0x00, 0x00, 0x00, 0x00, 0x00,
    0x00, 0x00, 0x00, 0x00, 0x00, 0x00, 0x00, 0x00, 0x00, 0x00, 0x00, 0x00, 0x00, 0x00, 0x00, 0x00,
    0x00, 0x00, 0x00, 0x00, 0x00, 0x00, 0x00, 0x00, 0x00, 0x00, 0x00, 0x00, 0x00, 0x00, 0x00, 0x00,
    0x00, 0x00, 0x00, 0x00, 0x00, 0x00, 0x00, 0x00, 0x00, 0x00, 0x00, 0x00, 0x00, 0x00, 0x00, 0x00,
    0x00, 0x00, 0x00, 0x00, 0x00, 0x00, 0x00, 0x00, 0x00, 0x00, 0x00, 0x00, 0x00, 0x00, 0x00, 0x00,
    0x00, 0x00, 0x00, 0x00, 0x00, 0x00, 0x00, 0x00, 0x00, 0x00, 0x00, 0x00, 0x00, 0x00, 0x00, 0x00,
    0x00, 0x00, 0x00, 0x00, 0x00, 0x00, 0x00, 0x00, 0x00, 0x00, 0x00, 0x01, 0x01, 0x02, 0x02, 0x02,
    0x02, 0x02, 0x01, 0x00, 0x00, 0x00, 0x00, 0x02, 0x04, 0x08, 0x0A, 0x0D, 0x12, 0x16, 0x1B, 0x22,
    0x2C, 0x39, 0x47, 0x5A, 0x6F, 0x83, 0x92, 0x9F, 0xAB, 0xB3, 0xB9, 0xC0, 0xC7, 0xCC, 0xD0, 0xD5,
    0xDA, 0xDE, 0xE0, 0xE2, 0xE4, 0xE6, 0xE6, 0xE7, 0xE7, 0xE7, 0xE8, 0xE8, 0xE8, 0xE7, 0xE7, 0xE7,
    0xE6, 0xE6, 0xE6, 0xE4, 0xE2, 0xE0, 0xDE, 0xDA, 0xD5, 0xD0, 0xCC, 0xC7, 0xC0, 0xB8, 0xB2, 0xAA,
    0x9E, 0x91, 0x82, 0x6E, 0x59, 0x46, 0x38, 0x2B, 0x22, 0x1B, 0x16, 0x12, 0x0C, 0x09, 0x07, 0x04,
    0x01, 0x00, 0x00, 0x00, 0x00, 0x01, 0x02, 0x02, 0x02, 0x02, 0x02, 0x01, 0x01, 0x00, 0x00, 0x00,
    0x00, 0x00, 0x00, 0x00, 0x00, 0x00, 0x00, 0x00, 0x00, 0x00, 0x00, 0x00, 0x00, 0x00, 0x00, 0x00,
    0x00, 0x00, 0x00, 0x00, 0x00, 0x00, 0x00, 0x00, 0x00, 0x00, 0x00, 0x00, 0x00, 0x00, 0x00, 0x00,
    0x00, 0x00, 0x00, 0x00, 0x00, 0x00, 0x00, 0x00, 0x00, 0x00, 0x00, 0x00, 0x00, 0x00, 0x00, 0x00,
    0x00, 0x00, 0x00, 0x00, 0x00, 0x00, 0x00, 0x00, 0x00, 0x00, 0x00, 0x00, 0x00, 0x00, 0x00, 0x00,
    0x00, 0x00, 0x00, 0x00, 0x00, 0x00, 0x00, 0x00, 0x00, 0x00, 0x00, 0x00, 0x00, 0x00, 0x00, 0x00,
    0x00, 0x00, 0x00, 0x00, 0x00, 0x00, 0x00, 0x00, 0x00, 0x00, 0x00, 0x00, 0x00, 0x00, 0x00, 0x00,
    0x00, 0x00, 0x00, 0x00, 0x00, 0x00, 0x00, 0x00, 0x00, 0x00, 0x00, 0x00, 0x02, 0x05, 0x09, 0x10,
    0x16, 0x1E, 0x24, 0x2B, 0x33, 0x3A, 0x41, 0x4A, 0x56, 0x64, 0x73, 0x87, 0x9C, 0xB0, 0xC0, 0xCE,
    0xD9, 0xE2, 0xE8, 0xEF, 0xF6, 0xFC, 0xFF, 0xFF, 0xFF, 0xFF, 0xFF, 0xFF, 0xFF, 0xFF, 0xFF, 0xFF,
    0xFF, 0xFF, 0xFF, 0xFF, 0xFF, 0xFF, 0xFF, 0xFF, 0xFF, 0xFF, 0xFF, 0xFF, 0xFF, 0xFF, 0xFF, 0xFF,
    0xFF, 0xFF, 0xFC, 0xF6, 0xEF, 0xE7, 0xE1, 0xD9, 0xCD, 0xBF, 0xAF, 0x9B, 0x86, 0x72, 0x63, 0x55,
    0x4A, 0x41, 0x3A, 0x33, 0x2A, 0x23, 0x1D, 0x16, 0x0F, 0x0A, 0x05, 0x02, 0x00, 0x00, 0x00, 0x00,
    0x00, 0x00, 0x00, 0x00, 0x00, 0x00, 0x00, 0x00, 0x00, 0x00, 0x00, 0x00, 0x00, 0x00, 0x00, 0x00,
    0x00, 0x00, 0x00, 0x00, 0x00, 0x00, 0x00, 0x00, 0x00, 0x00, 0x00, 0x00, 0x00, 0x00, 0x00, 0x00,
    0x00, 0x00, 0x00, 0x00, 0x00, 0x00, 0x00, 0x00, 0x00, 0x00, 0x00, 0x00, 0x00, 0x00, 0x00, 0x00,
    0x00, 0x00, 0x00, 0x00, 0x00, 0x00, 0x00, 0x00, 0x00, 0x00, 0x00, 0x00, 0x00, 0x00, 0x00, 0x00,
    0x00, 0x00, 0x00, 0x00, 0x00, 0x00, 0x00, 0x00, 0x00, 0x00, 0x00, 0x00, 0x00, 0x00, 0x00, 0x00,
    0x00, 0x00, 0x00, 0x00, 0x00, 0x00, 0x00, 0x00, 0x00, 0x00, 0x00, 0x00, 0x00, 0x00, 0x00, 0x00,
    0x00, 0x00, 0x00, 0x00, 0x00, 0x01, 0x01, 0x02, 0x03, 0x02, 0x01, 0x00, 0x00, 0x00, 0x00, 0x00,
    0x00, 0x00, 0x00, 0x03, 0x0A, 0x12, 0x1B, 0x27, 0x34, 0x41, 0x4B, 0x57, 0x63, 0x6D, 0x75, 0x7F,
    0x8B, 0x98, 0xA4, 0xB4, 0xC5, 0xD5, 0xE1, 0xEC, 0xF5, 0xFC, 0xFF, 0xFF, 0xFF, 0xFF, 0xFF, 0xFF,
    0xFF, 0xFF, 0xFF, 0xFF, 0xFF, 0xFF, 0xFF, 0xFF, 0xFF, 0xFF, 0xFF, 0xFF, 0xFF, 0xFF, 0xFF, 0xFF,
    0xFF, 0xFF, 0xFF, 0xFF, 0xFF, 0xFF, 0xFF, 0xFF, 0xFF, 0xFF, 0xFF, 0xFF, 0xFF, 0xFF, 0xFC, 0xF5,
    0xEB, 0xE0, 0xD4, 0xC4, 0xB3, 0xA3, 0x97, 0x8A, 0x7F, 0x75, 0x6D, 0x63, 0x56, 0x4B, 0x40, 0x34,
    0x27, 0x1B, 0x12, 0x0A, 0x03, 0x00, 0x00, 0x00, 0x00, 0x00, 0x00, 0x00, 0x00, 0x01, 0x02, 0x03,
    0x02, 0x01, 0x01, 0x00, 0x00, 0x00, 0x00, 0x00, 0x00, 0x00, 0x00, 0x00, 0x00, 0x00, 0x00, 0x00,
    0x00, 0x00, 0x00, 0x00, 0x00, 0x00, 0x00, 0x00, 0x00, 0x00, 0x00, 0x00, 0x00, 0x00, 0x00, 0x00,
    0x00, 0x00, 0x00, 0x00, 0x00, 0x00, 0x00, 0x00, 0x00, 0x00, 0x00, 0x00, 0x00, 0x00, 0x00, 0x00,
    0x00, 0x00, 0x00, 0x00, 0x00, 0x00, 0x00, 0x00, 0x00, 0x00, 0x00, 0x00, 0x00, 0x00, 0x00, 0x00,
    0x00, 0x00, 0x00, 0x00, 0x00, 0x00, 0x00, 0x00, 0x00, 0x00, 0x00, 0x00, 0x00, 0x00, 0x00, 0x00,
    0x00, 0x00, 0x00, 0x00, 0x00, 0x00, 0x00, 0x00, 0x00, 0x00, 0x00, 0x00, 0x01, 0x01, 0x03, 0x04,
    0x05, 0x04, 0x03, 0x01, 0x00, 0x00, 0x00, 0x00, 0x00, 0x00, 0x05, 0x0E, 0x1A, 0x27, 0x35, 0x47,
    0x58, 0x6A, 0x79, 0x88, 0x97, 0xA3, 0xAC, 0xB6, 0xC0, 0xC9, 0xD1, 0xDA, 0xE4, 0xEC, 0xF3, 0xF9,
    0xFF, 0xFF, 0xFF, 0xFF, 0xFF, 0xFF, 0xFF, 0xFF, 0xFF, 0xFF, 0xFF, 0xFF, 0xFF, 0xFF, 0xFF, 0xFF,
    0xFF, 0xFF, 0xFF, 0xFF, 0xFF, 0xFF, 0xFF, 0xFF, 0xFF, 0xFF, 0xFF, 0xFF, 0xFF, 0xFF, 0xFF, 0xFF,
    0xFF, 0xFF, 0xFF, 0xFF, 0xFF, 0xFF, 0xFF, 0xFE, 0xF8, 0xF3, 0xEC, 0xE3, 0xDA, 0xD0, 0xC9, 0xBF,
    0xB6, 0xAC, 0xA3, 0x97, 0x88, 0x78, 0x69, 0x58, 0x46, 0x35, 0x27, 0x1A, 0x0E, 0x05, 0x00, 0x00,
    0x00, 0x00, 0x00, 0x00, 0x01, 0x03, 0x04, 0x05, 0x04, 0x03, 0x01, 0x01, 0x00, 0x00, 0x00, 0x00,
    0x00, 0x00, 0x00, 0x00, 0x00, 0x00, 0x00, 0x00, 0x00, 0x00, 0x00, 0x00, 0x00, 0x00, 0x00, 0x00,
    0x00, 0x00, 0x00, 0x00, 0x00, 0x00, 0x00, 0x00, 0x00, 0x00, 0x00, 0x00, 0x00, 0x00, 0x00, 0x00,
    0x00, 0x00, 0x00, 0x00, 0x00, 0x00, 0x00, 0x00, 0x00, 0x00, 0x00, 0x00, 0x00, 0x00, 0x00, 0x00,
    0x00, 0x00, 0x00, 0x00, 0x00, 0x00, 0x00, 0x00, 0x00, 0x00, 0x00, 0x00, 0x00, 0x00, 0x00, 0x00,
    0x00, 0x00, 0x00, 0x00, 0x00, 0x00, 0x00, 0x00, 0x00, 0x00, 0x00, 0x00, 0x00, 0x00, 0x00, 0x00,
    0x00, 0x00, 0x00, 0x00, 0x00, 0x01, 0x02, 0x02, 0x04, 0x03, 0x02, 0x01, 0x00, 0x00, 0x00, 0x01,
    0x07, 0x0E, 0x17, 0x23, 0x33, 0x44, 0x55, 0x6A, 0x7E, 0x92, 0xA3, 0xB5, 0xC4, 0xD0, 0xD9, 0xE2,
    0xEA, 0xEF, 0xF2, 0xF5, 0xF8, 0xFA, 0xFC, 0xFD, 0xFF, 0xFF, 0xFF, 0xFF, 0xFF, 0xFF, 0xFF, 0xFF,
    0xFF, 0xFF, 0xFF, 0xFF, 0xFF, 0xFF, 0xFF, 0xFF, 0xFF, 0xFF, 0xFF, 0xFF, 0xFF, 0xFF, 0xFF, 0xFF,
    0xFF, 0xFF, 0xFF, 0xFF, 0xFF, 0xFF, 0xFF, 0xFF, 0xFF, 0xFF, 0xFF, 0xFF, 0xFF, 0xFF, 0xFF, 0xFF,
    0xFD, 0xFC, 0xFA, 0xF8, 0xF5, 0xF2, 0xEF, 0xEA, 0xE2, 0xD9, 0xD0, 0xC4, 0xB4, 0xA3, 0x92, 0x7E,
    0x6A, 0x55, 0x44, 0x33, 0x23, 0x17, 0x0E, 0x07, 0x01, 0x00, 0x00, 0x00, 0x01, 0x02, 0x03, 0x04,
    0x02, 0x02, 0x01, 0x00, 0x00, 0x00, 0x00, 0x00, 0x00, 0x00, 0x00, 0x00, 0x00, 0x00, 0x00, 0x00,
    0x00, 0x00, 0x00, 0x00, 0x00, 0x00, 0x00, 0x00, 0x00, 0x00, 0x00, 0x00, 0x00, 0x00, 0x00, 0x00,
    0x00, 0x00, 0x00, 0x00, 0x00, 0x00, 0x00, 0x00, 0x00, 0x00, 0x00, 0x00, 0x00, 0x00, 0x00, 0x00,
    0x00, 0x00, 0x00, 0x00, 0x00, 0x00, 0x00, 0x00, 0x00, 0x00, 0x00, 0x00, 0x00, 0x00, 0x00, 0x00,
    0x00, 0x00, 0x00, 0x00, 0x00, 0x00, 0x00, 0x00, 0x00, 0x00, 0x00, 0x00, 0x00, 0x00, 0x00, 0x00,
    0x00, 0x00, 0x00, 0x00, 0x00, 0x00, 0x00, 0x00, 0x00, 0x00, 0x00, 0x00, 0x00, 0x00, 0x00, 0x00,
    0x00, 0x00, 0x00, 0x00, 0x03, 0x07, 0x0C, 0x14, 0x1E, 0x29, 0x35, 0x44, 0x56, 0x68, 0x7A, 0x8F,
    0xA3, 0xB6, 0xC7, 0xD7, 0xE5, 0xF0, 0xF7, 0xFE, 0xFF, 0xFF, 0xFF, 0xFF, 0xFF, 0xFF, 0xFF, 0xFF,
    0xFF, 0xFE, 0xFE, 0xFD, 0xFD, 0xFC, 0xFC, 0xFB, 0xFB, 0xFB, 0xFB, 0xFB, 0xFB, 0xFB, 0xFB, 0xFB,
    0xFB, 0xFB, 0xFB, 0xFB, 0xFB, 0xFB, 0xFB, 0xFB, 0xFB, 0xFB, 0xFB, 0xFB, 0xFB, 0xFB, 0xFB, 0xFB,
    0xFB, 0xFC, 0xFC, 0xFD, 0xFD, 0xFE, 0xFE, 0xFF, 0xFF, 0xFF, 0xFF, 0xFF, 0xFF, 0xFF, 0xFF, 0xFF,
    0xFE, 0xF7, 0xF0, 0xE5, 0xD7, 0xC7, 0xB7, 0xA3, 0x8F, 0x7A, 0x68, 0x56, 0x44, 0x35, 0x29, 0x1E,
    0x14, 0x0C, 0x07, 0x03, 0x00, 0x00, 0x00, 0x00, 0x00, 0x00, 0x00, 0x00, 0x00, 0x00, 0x00, 0x00,
    0x00, 0x00, 0x00, 0x00, 0x00, 0x00, 0x00, 0x00, 0x00, 0x00, 0x00, 0x00, 0x00, 0x00, 0x00, 0x00,
    0x00, 0x00, 0x00, 0x00, 0x00, 0x00, 0x00, 0x00, 0x00, 0x00, 0x00, 0x00, 0x00, 0x00, 0x00, 0x00,
    0x00, 0x00, 0x00, 0x00, 0x00, 0x00, 0x00, 0x00, 0x00, 0x00, 0x00, 0x00, 0x00, 0x00, 0x00, 0x00,
    0x00, 0x00, 0x00, 0x00, 0x00, 0x00, 0x00, 0x00, 0x00, 0x00, 0x00, 0x00, 0x00, 0x00, 0x00, 0x00,
    0x00, 0x00, 0x00, 0x00, 0x00, 0x00, 0x00, 0x00, 0x00, 0x00, 0x00, 0x00, 0x00, 0x00, 0x00, 0x01,
    0x01, 0x02, 0x02, 0x02, 0x01, 0x00, 0x00, 0x00, 0x00, 0x00, 0x00, 0x00, 0x0B, 0x17, 0x24, 0x33,
    0x43, 0x52, 0x60, 0x71, 0x83, 0x94, 0xA3, 0xB5, 0xC6, 0xD5, 0xE2, 0xEE, 0xF9, 0xFF, 0xFF, 0xFF,
    0xFF, 0xFF, 0xFF, 0xFF, 0xFF, 0xFF, 0xFF, 0xFF, 0xFF, 0xFF, 0xFE, 0xFD, 0xFC, 0xFB, 0xFB, 0xFA,
    0xF9, 0xF9, 0xF9, 0xF8, 0xF8, 0xF8, 0xF9, 0xF9, 0xF9, 0xF9, 0xF9, 0xF9, 0xF9, 0xF9, 0xF9, 0xF9,
    0xF9, 0xF9, 0xF8, 0xF8, 0xF8, 0xF9, 0xF9, 0xF9, 0xFA, 0xFB, 0xFB, 0xFC, 0xFD, 0xFE, 0xFF, 0xFF,
    0xFF, 0xFF, 0xFF, 0xFF, 0xFF, 0xFF, 0xFF, 0xFF, 0xFF, 0xFF, 0xFF, 0xF9, 0xEE, 0xE2, 0xD5, 0xC6,
    0xB5, 0xA3, 0x94, 0x82, 0x71, 0x60, 0x51, 0x42, 0x33, 0x24, 0x17, 0x0B, 0x00, 0x00, 0x00, 0x00,
    0x00, 0x00, 0x00, 0x01, 0x02, 0x02, 0x02, 0x01, 0x01, 0x00, 0x00, 0x00, 0x00, 0x00, 0x00, 0x00,
    0x00, 0x00, 0x00, 0x00, 0x00, 0x00, 0x00, 0x00, 0x00, 0x00, 0x00, 0x00, 0x00, 0x00, 0x00, 0x00,
    0x00, 0x00, 0x00, 0x00, 0x00, 0x00, 0x00, 0x00, 0x00, 0x00, 0x00, 0x00, 0x00, 0x00, 0x00, 0x00,
    0x00, 0x00, 0x00, 0x00, 0x00, 0x00, 0x00, 0x00, 0x00, 0x00, 0x00, 0x00, 0x00, 0x00, 0x00, 0x00,
    0x00, 0x00, 0x00, 0x00, 0x00, 0x00, 0x00, 0x00, 0x00, 0x00, 0x00, 0x00, 0x00, 0x00, 0x00, 0x00,
    0x00, 0x00, 0x00, 0x00, 0x00, 0x00, 0x01, 0x01, 0x02, 0x03, 0x04, 0x04, 0x03, 0x00, 0x00, 0x00,
    0x00, 0x00, 0x00, 0x07, 0x1B, 0x31, 0x45, 0x5A, 0x70, 0x82, 0x92, 0xA3, 0xB2, 0xC0, 0xCB, 0xD7,
    0xE3, 0xED, 0xF4, 0xFB, 0xFF, 0xFF, 0xFF, 0xFF, 0xFF, 0xFF, 0xFF, 0xFF, 0xFF, 0xFF, 0xFF, 0xFF,
    0xFF, 0xFF, 0xFF, 0xFF, 0xFE, 0xFE, 0xFD, 0xFD, 0xFC, 0xFC, 0xFC, 0xFC, 0xFC, 0xFC, 0xFC, 0xFC,
    0xFC, 0xFC, 0xFC, 0xFC, 0xFC, 0xFC, 0xFC, 0xFC, 0xFC, 0xFC, 0xFC, 0xFC, 0xFC, 0xFC, 0xFC, 0xFC,
    0xFD, 0xFD, 0xFE, 0xFE, 0xFF, 0xFF, 0xFF, 0xFF, 0xFF, 0xFF, 0xFF, 0xFF, 0xFF, 0xFF, 0xFF, 0xFF,
    0xFF, 0xFF, 0xFF, 0xFF, 0xFB, 0xF4, 0xED, 0xE3, 0xD7, 0xCA, 0xC0, 0xB2, 0xA2, 0x91, 0x81, 0x6F,
    0x5A, 0x45, 0x31, 0x1B, 0x07, 0x00, 0x00, 0x00, 0x00, 0x00, 0x00, 0x03, 0x04, 0x04, 0x03, 0x02,
    0x01, 0x01, 0x00, 0x00, 0x00, 0x00, 0x00, 0x00, 0x00, 0x00, 0x00, 0x00, 0x00, 0x00, 0x00, 0x00,
    0x00, 0x00, 0x00, 0x00, 0x00, 0x00, 0x00, 0x00, 0x00, 0x00, 0x00, 0x00, 0x00, 0x00, 0x00, 0x00,
    0x00, 0x00, 0x00, 0x00, 0x00, 0x00, 0x00, 0x00, 0x00, 0x00, 0x00, 0x00, 0x00, 0x00, 0x00, 0x00,
    0x00, 0x00, 0x00, 0x00, 0x00, 0x00, 0x00, 0x00, 0x00, 0x00, 0x00, 0x00, 0x00, 0x00, 0x00, 0x00,
    0x00, 0x00, 0x00, 0x00, 0x00, 0x00, 0x00, 0x00, 0x00, 0x00, 0x00, 0x00, 0x00, 0x00, 0x00, 0x01,
    0x02, 0x02, 0x03, 0x03, 0x03, 0x01, 0x00, 0x00, 0x00, 0x00, 0x09, 0x1C, 0x36, 0x51, 0x6B, 0x83,
    0x9B, 0xAE, 0xBE, 0xCE, 0xDA, 0xE4, 0xEA, 0xF0, 0xF7, 0xFB, 0xFD, 0xFF, 0xFF, 0xFF, 0xFF, 0xFF,
    0xFF, 0xFF, 0xFF, 0xFF, 0xFF, 0xFF, 0xFF, 0xFF, 0xFF, 0xFF, 0xFF, 0xFF, 0xFF, 0xFF, 0xFF, 0xFF,
    0xFF, 0xFF, 0xFF, 0xFF, 0xFF, 0xFF, 0xFF, 0xFF, 0xFF, 0xFF, 0xFF, 0xFF, 0xFF, 0xFF, 0xFF, 0xFF,
    0xFF, 0xFF, 0xFF, 0xFF, 0xFF, 0xFF, 0xFF, 0xFF, 0xFF, 0xFF, 0xFF, 0xFF, 0xFF, 0xFF, 0xFF, 0xFF,
    0xFF, 0xFF, 0xFF, 0xFF, 0xFF, 0xFF, 0xFF, 0xFF, 0xFF, 0xFF, 0xFF, 0xFF, 0xFF, 0xFD, 0xFB, 0xF7,
    0xF0, 0xE9, 0xE3, 0xD9, 0xCD, 0xBD, 0xAD, 0x9A, 0x83, 0x6B, 0x51, 0x36, 0x1C, 0x09, 0x00, 0x00,
    0x00, 0x00, 0x01, 0x03, 0x03, 0x03, 0x02, 0x02, 0x01, 0x00, 0x00, 0x00, 0x00, 0x00, 0x00, 0x00,
    0x00, 0x00, 0x00, 0x00, 0x00, 0x00, 0x00, 0x00, 0x00, 0x00, 0x00, 0x00, 0x00, 0x00, 0x00, 0x00,
    0x00, 0x00, 0x00, 0x00, 0x00, 0x00, 0x00, 0x00, 0x00, 0x00, 0x00, 0x00, 0x00, 0x00, 0x00, 0x00,
    0x00, 0x00, 0x00, 0x00, 0x00, 0x00, 0x00, 0x00, 0x00, 0x00, 0x00, 0x00, 0x00, 0x00, 0x00, 0x00,
    0x00, 0x00, 0x00, 0x00, 0x00, 0x00, 0x00, 0x00, 0x00, 0x00, 0x00, 0x00, 0x00, 0x00, 0x00, 0x00,
    0x00, 0x00, 0x00, 0x00, 0x00, 0x00, 0x00, 0x00, 0x00, 0x00, 0x00, 0x00, 0x00, 0x01, 0x03, 0x07,
    0x0E, 0x1A, 0x29, 0x40, 0x5B, 0x76, 0x8F, 0xA8, 0xBF, 0xD1, 0xDF, 0xEB, 0xF4, 0xFB, 0xFD, 0xFF,
    0xFF, 0xFF, 0xFF, 0xFF, 0xFE, 0xFD, 0xFC, 0xFC, 0xFC, 0xFC, 0xFC, 0xFC, 0xFD, 0xFD, 0xFD, 0xFE,
    0xFE, 0xFE, 0xFE, 0xFE, 0xFE, 0xFF, 0xFF, 0xFF, 0xFF, 0xFF, 0xFF, 0xFF, 0xFF, 0xFF, 0xFF, 0xFF,
    0xFF, 0xFF, 0xFF, 0xFF, 0xFF, 0xFF, 0xFF, 0xFF, 0xFF, 0xFF, 0xFF, 0xFF, 0xFF, 0xFF, 0xFF, 0xFF,
    0xFF, 0xFF, 0xFF, 0xFE, 0xFE, 0xFE, 0xFE, 0xFE, 0xFE, 0xFD, 0xFD, 0xFD, 0xFC, 0xFC, 0xFC, 0xFC,
    0xFC, 0xFC, 0xFD, 0xFE, 0xFF, 0xFF, 0xFF, 0xFF, 0xFF, 0xFC, 0xFA, 0xF3, 0xEA, 0xDE, 0xD0, 0xBE,
    0xA8, 0x8F, 0x76, 0x5B, 0x40, 0x29, 0x1A, 0x0E, 0x07, 0x03, 0x01, 0x00, 0x00, 0x00, 0x00, 0x00,
    0x00, 0x00, 0x00, 0x00, 0x00, 0x00, 0x00, 0x00, 0x00, 0x00, 0x00, 0x00, 0x00, 0x00, 0x00, 0x00,
    0x00, 0x00, 0x00, 0x00, 0x00, 0x00, 0x00, 0x00, 0x00, 0x00, 0x00, 0x00, 0x00, 0x00, 0x00, 0x00,
    0x00, 0x00, 0x00, 0x00, 0x00, 0x00, 0x00, 0x00, 0x00, 0x00, 0x00, 0x00, 0x00, 0x00, 0x00, 0x00,
    0x00, 0x00, 0x00, 0x00, 0x00, 0x00, 0x00, 0x00, 0x00, 0x00, 0x00, 0x00, 0x00, 0x00, 0x00, 0x00,
    0x00, 0x00, 0x00, 0x00, 0x00, 0x00, 0x00, 0x00, 0x00, 0x00, 0x01, 0x02, 0x03, 0x02, 0x01, 0x00,
    0x00, 0x00, 0x00, 0x00, 0x00, 0x03, 0x0E, 0x1E, 0x30, 0x46, 0x5A, 0x71, 0x89, 0xA0, 0xB4, 0xC7,
    0xDB, 0xEA, 0xF4, 0xFC, 0xFF, 0xFF, 0xFF, 0xFF, 0xFF, 0xFF, 0xFF, 0xFF, 0xFE, 0xFD, 0xFC, 0xFB,
    0xFA, 0xFA, 0xFA, 0xFB, 0xFB, 0xFC, 0xFC, 0xFD, 0xFD, 0xFD, 0xFE, 0xFE, 0xFE, 0xFE, 0xFE, 0xFF,
    0xFF, 0xFF, 0xFF, 0xFF, 0xFF, 0xFF, 0xFF, 0xFF, 0xFF, 0xFF, 0xFF, 0xFF, 0xFF, 0xFF, 0xFF, 0xFF,
    0xFF, 0xFF, 0xFF, 0xFF, 0xFF, 0xFF, 0xFF, 0xFF, 0xFF, 0xFE, 0xFE, 0xFE, 0xFE, 0xFE, 0xFD, 0xFD,
    0xFD, 0xFC, 0xFC, 0xFB, 0xFB, 0xFA, 0xFA, 0xFA, 0xFB, 0xFC, 0xFD, 0xFE, 0xFF, 0xFF, 0xFF, 0xFF,
    0xFF, 0xFF, 0xFF, 0xFF, 0xFB, 0xF3, 0xE9, 0xDA, 0xC7, 0xB4, 0xA0, 0x89, 0x71, 0x5A, 0x46, 0x30,
    0x1E, 0x0E, 0x03, 0x00, 0x00, 0x00, 0x00, 0x00, 0x00, 0x01, 0x02, 0x03, 0x02, 0x01, 0x00, 0x00,
    0x00, 0x00, 0x00, 0x00, 0x00, 0x00, 0x00, 0x00, 0x00, 0x00, 0x00, 0x00, 0x00, 0x00, 0x00, 0x00,
    0x00, 0x00, 0x00, 0x00, 0x00, 0x00, 0x00, 0x00, 0x00, 0x00, 0x00, 0x00, 0x00, 0x00, 0x00, 0x00,
    0x00, 0x00, 0x00, 0x00, 0x00, 0x00, 0x00, 0x00, 0x00, 0x00, 0x00, 0x00, 0x00, 0x00, 0x00, 0x00,
    0x00, 0x00, 0x00, 0x00, 0x00, 0x00, 0x00, 0x00, 0x00, 0x00, 0x00, 0x00, 0x00, 0x00, 0x00, 0x00,
    0x00, 0x00, 0x01, 0x03, 0x05, 0x05, 0x03, 0x00, 0x00, 0x00, 0x00, 0x00, 0x00, 0x0F, 0x23, 0x3E,
    0x5D, 0x7B, 0x93, 0xA8, 0xBA, 0xC8, 0xD4, 0xE1, 0xEE, 0xF8, 0xFE, 0xFF, 0xFF, 0xFF, 0xFF, 0xFF,
    0xFF, 0xFF, 0xFF, 0xFF, 0xFF, 0xFF, 0xFE, 0xFD, 0xFD, 0xFC, 0xFD, 0xFD, 0xFD, 0xFD, 0xFE, 0xFE,
    0xFE, 0xFE, 0xFE, 0xFE, 0xFF, 0xFF, 0xFF, 0xFF, 0xFF, 0xFF, 0xFF, 0xFF, 0xFF, 0xFF, 0xFF, 0xFF,
    0xFF, 0xFF, 0xFF, 0xFF, 0xFF, 0xFF, 0xFF, 0xFF, 0xFF, 0xFF, 0xFF, 0xFF, 0xFF, 0xFF, 0xFF, 0xFF,
    0xFF, 0xFF, 0xFF, 0xFF, 0xFE, 0xFE, 0xFE, 0xFE, 0xFE, 0xFE, 0xFD, 0xFD, 0xFD, 0xFD, 0xFC, 0xFD,
    0xFD, 0xFE, 0xFF, 0xFF, 0xFF, 0xFF, 0xFF, 0xFF, 0xFF, 0xFF, 0xFF, 0xFF, 0xFF, 0xFD, 0xF8, 0xEE,
    0xE1, 0xD4, 0xC8, 0xBA, 0xA8, 0x93, 0x7B, 0x5D, 0x3E, 0x22, 0x0E, 0x00, 0x00, 0x00, 0x00, 0x00,
    0x00, 0x03, 0x05, 0x05, 0x03, 0x01, 0x00, 0x00, 0x00, 0x00, 0x00, 0x00, 0x00, 0x00, 0x00, 0x00,
    0x00, 0x00, 0x00, 0x00, 0x00, 0x00, 0x00, 0x00, 0x00, 0x00, 0x00, 0x00, 0x00, 0x00, 0x00, 0x00,
    0x00, 0x00, 0x00, 0x00, 0x00, 0x00, 0x00, 0x00, 0x00, 0x00, 0x00, 0x00, 0x00, 0x00, 0x00, 0x00,
    0x00, 0x00, 0x00, 0x00, 0x00, 0x00, 0x00, 0x00, 0x00, 0x00, 0x00, 0x00, 0x00, 0x00, 0x00, 0x00,
    0x00, 0x00, 0x00, 0x00, 0x00, 0x00, 0x00, 0x00, 0x00, 0x00, 0x01, 0x02, 0x04, 0x04, 0x02, 0x01,
    0x00, 0x00, 0x00, 0x01, 0x0F, 0x25, 0x41, 0x64, 0x8A, 0xAC, 0xC6, 0xD7, 0xE2, 0xE8, 0xEC, 0xF2,
    0xF9, 0xFE, 0xFF, 0xFF, 0xFF, 0xFF, 0xFF, 0xFF, 0xFF, 0xFF, 0xFF, 0xFF, 0xFF, 0xFF, 0xFF, 0xFF,
    0xFF, 0xFF, 0xFF, 0xFF, 0xFF, 0xFF, 0xFF, 0xFF, 0xFF, 0xFF, 0xFF, 0xFF, 0xFF, 0xFF, 0xFF, 0xFF,
    0xFF, 0xFF, 0xFF, 0xFF, 0xFF, 0xFF, 0xFF, 0xFF, 0xFF, 0xFF, 0xFF, 0xFF, 0xFF, 0xFF, 0xFF, 0xFF,
    0xFF, 0xFF, 0xFF, 0xFF, 0xFF, 0xFF, 0xFF, 0xFF, 0xFF, 0xFF, 0xFF, 0xFF, 0xFF, 0xFF, 0xFF, 0xFF,
    0xFF, 0xFF, 0xFF, 0xFF, 0xFF, 0xFF, 0xFF, 0xFF, 0xFF, 0xFF, 0xFF, 0xFF, 0xFF, 0xFF, 0xFF, 0xFF,
    0xFF, 0xFF, 0xFF, 0xFF, 0xFF, 0xFF, 0xFE, 0xF9, 0xF2, 0xEC, 0xE8, 0xE2, 0xD7, 0xC6, 0xAC, 0x8A,
    0x64, 0x40, 0x24, 0x0F, 0x01, 0x00, 0x00, 0x00, 0x01, 0x02, 0x04, 0x04, 0x02, 0x01, 0x00, 0x00,
    0x00, 0x00, 0x00, 0x00, 0x00, 0x00, 0x00, 0x00, 0x00, 0x00, 0x00, 0x00, 0x00, 0x00, 0x00, 0x00,
    0x00, 0x00, 0x00, 0x00, 0x00, 0x00, 0x00, 0x00, 0x00, 0x00, 0x00, 0x00, 0x00, 0x00, 0x00, 0x00,
    0x00, 0x00, 0x00, 0x00, 0x00, 0x00, 0x00, 0x00, 0x00, 0x00, 0x00, 0x00, 0x00, 0x00, 0x00, 0x00,
    0x00, 0x00, 0x00, 0x00, 0x00, 0x00, 0x00, 0x00, 0x00, 0x00, 0x00, 0x00, 0x00, 0x00, 0x00, 0x00,
    0x01, 0x00, 0x00, 0x00, 0x00, 0x00, 0x00, 0x00, 0x02, 0x06, 0x0C, 0x19, 0x2D, 0x48, 0x67, 0x8C,
    0xB2, 0xD2, 0xE8, 0xF5, 0xFB, 0xFB, 0xFA, 0xFB, 0xFE, 0xFF, 0xFF, 0xFE, 0xFD, 0xFD, 0xFD, 0xFD,
    0xFD, 0xFD, 0xFE, 0xFE, 0xFE, 0xFE, 0xFF, 0xFF, 0xFF, 0xFF, 0xFF, 0xFF, 0xFF, 0xFF, 0xFF, 0xFF,
    0xFF, 0xFF, 0xFF, 0xFF, 0xFF, 0xFF, 0xFF, 0xFF, 0xFF, 0xFF, 0xFF, 0xFF, 0xFF, 0xFF, 0xFF, 0xFF,
    0xFF, 0xFF, 0xFF, 0xFF, 0xFF, 0xFF, 0xFF, 0xFF, 0xFF, 0xFF, 0xFF, 0xFF, 0xFF, 0xFF, 0xFF, 0xFF,
    0xFF, 0xFF, 0xFF, 0xFF, 0xFF, 0xFF, 0xFF, 0xFF, 0xFF, 0xFF, 0xFF, 0xFF, 0xFF, 0xFF, 0xFF, 0xFF,
    0xFF, 0xFF, 0xFE, 0xFE, 0xFE, 0xFE, 0xFD, 0xFD, 0xFD, 0xFD, 0xFD, 0xFD, 0xFE, 0xFF, 0xFF, 0xFE,
    0xFB, 0xFA, 0xFB, 0xFB, 0xF5, 0xE8, 0xD2, 0xB2, 0x8C, 0x66, 0x47, 0x2D, 0x19, 0x0C, 0x06, 0x02,
    0x00, 0x00, 0x00, 0x00, 0x00, 0x00, 0x00, 0x01, 0x00, 0x00, 0x00, 0x00, 0x00, 0x00, 0x00, 0x00,
    0x00, 0x00, 0x00, 0x00, 0x00, 0x00, 0x00, 0x00, 0x00, 0x00, 0x00, 0x00, 0x00, 0x00, 0x00, 0x00,
    0x00, 0x00, 0x00, 0x00, 0x00, 0x00, 0x00, 0x00, 0x00, 0x00, 0x00, 0x00, 0x00, 0x00, 0x00, 0x00,
    0x00, 0x00, 0x00, 0x00, 0x00, 0x00, 0x00, 0x00, 0x00, 0x00, 0x00, 0x00, 0x00, 0x00, 0x00, 0x00,
    0x00, 0x00, 0x00, 0x00, 0x00, 0x00, 0x01, 0x02, 0x03, 0x02, 0x00, 0x00, 0x00, 0x00, 0x00, 0x00,
    0x0C, 0x1B, 0x2B, 0x41, 0x5B, 0x78, 0x95, 0xB5, 0xD3, 0xEC, 0xFC, 0xFF, 0xFF, 0xFF, 0xFF, 0xFF,
    0xFF, 0xFF, 0xFF, 0xFE, 0xFD, 0xFC, 0xFC, 0xFC, 0xFC, 0xFC, 0xFD, 0xFD, 0xFE, 0xFE, 0xFE, 0xFF,
    0xFF, 0xFF, 0xFF, 0xFF, 0xFF, 0xFF, 0xFF, 0xFF, 0xFF, 0xFF, 0xFF, 0xFF, 0xFF, 0xFF, 0xFF, 0xFF,
    0xFF, 0xFF, 0xFF, 0xFF, 0xFF, 0xFF, 0xFF, 0xFF, 0xFF, 0xFF, 0xFF, 0xFF, 0xFF, 0xFF, 0xFF, 0xFF,
    0xFF, 0xFF, 0xFF, 0xFF, 0xFF, 0xFF, 0xFF, 0xFF, 0xFF, 0xFF, 0xFF, 0xFF, 0xFF, 0xFF, 0xFF, 0xFF,
    0xFF, 0xFF, 0xFF, 0xFF, 0xFF, 0xFF, 0xFF, 0xFF, 0xFF, 0xFE, 0xFE, 0xFE, 0xFD, 0xFD, 0xFC, 0xFC,
    0xFC, 0xFC, 0xFC, 0xFD, 0xFE, 0xFF, 0xFF, 0xFF, 0xFF, 0xFF, 0xFF, 0xFF, 0xFF, 0xFC, 0xEC, 0xD3,
    0xB5, 0x94, 0x76, 0x5A, 0x40, 0x2A, 0x1A, 0x0C, 0x00, 0x00, 0x00, 0x00, 0x00, 0x00, 0x02, 0x03,
    0x02, 0x01, 0x00, 0x00, 0x00, 0x00, 0x00, 0x00, 0x00, 0x00, 0x00, 0x00, 0x00, 0x00, 0x00, 0x00,
    0x00, 0x00, 0x00, 0x00, 0x00, 0x00, 0x00, 0x00, 0x00, 0x00, 0x00, 0x00, 0x00, 0x00, 0x00, 0x00,
    0x00, 0x00, 0x00, 0x00, 0x00, 0x00, 0x00, 0x00, 0x00, 0x00, 0x00, 0x00, 0x00, 0x00, 0x00, 0x00,
    0x00, 0x00, 0x00, 0x00, 0x00, 0x00, 0x00, 0x00, 0x00, 0x00, 0x00, 0x00, 0x00, 0x00, 0x01, 0x03,
    0x06, 0x05, 0x01, 0x00, 0x00, 0x00, 0x00, 0x08, 0x1F, 0x38, 0x53, 0x71, 0x8F, 0xAB, 0xC4, 0xDA,
    0xEC, 0xFA, 0xFF, 0xFF, 0xFF, 0xFF, 0xFF, 0xFF, 0xFF, 0xFF, 0xFF, 0xFF, 0xFE, 0xFE, 0xFE, 0xFE,
    0xFD, 0xFE, 0xFE, 0xFE, 0xFE, 0xFF, 0xFF, 0xFF, 0xFF, 0xFF, 0xFF, 0xFF, 0xFF, 0xFF, 0xFF, 0xFF,
    0xFF, 0xFF, 0xFF, 0xFF, 0xFF, 0xFF, 0xFF, 0xFF, 0xFF, 0xFF, 0xFF, 0xFF, 0xFF, 0xFF, 0xFF, 0xFF,
    0xFF, 0xFF, 0xFF, 0xFF, 0xFF, 0xFF, 0xFF, 0xFF, 0xFF, 0xFF, 0xFF, 0xFF, 0xFF, 0xFF, 0xFF, 0xFF,
    0xFF, 0xFF, 0xFF, 0xFF, 0xFF, 0xFF, 0xFF, 0xFF, 0xFF, 0xFF, 0xFF, 0xFF, 0xFF, 0xFF, 0xFF, 0xFF,
    0xFF, 0xFF, 0xFF, 0xFE, 0xFE, 0xFE, 0xFE, 0xFD, 0xFE, 0xFE, 0xFE, 0xFE, 0xFF, 0xFF, 0xFF, 0xFF,
    0xFF, 0xFF, 0xFF, 0xFF, 0xFF, 0xFF, 0xFA, 0xEC, 0xDA, 0xC2, 0xAA, 0x8F, 0x70, 0x52, 0x38, 0x1F,
    0x09, 0x00, 0x00, 0x00, 0x00, 0x01, 0x05, 0x06, 0x03, 0x01, 0x00, 0x00, 0x00, 0x00, 0x00, 0x00,
    0x00, 0x00, 0x00, 0x00, 0x00, 0x00, 0x00, 0x00, 0x00, 0x00, 0x00, 0x00, 0x00, 0x00, 0x00, 0x00,
    0x00, 0x00, 0x00, 0x00, 0x00, 0x00, 0x00, 0x00, 0x00, 0x00, 0x00, 0x00, 0x00, 0x00, 0x00, 0x00,
    0x00, 0x00, 0x00, 0x00, 0x00, 0x00, 0x00, 0x00, 0x00, 0x00, 0x00, 0x00, 0x00, 0x00, 0x00, 0x00,
    0x00, 0x00, 0x00, 0x00, 0x00, 0x00, 0x01, 0x03, 0x05, 0x04, 0x01, 0x00, 0x00, 0x00, 0x06, 0x1C,
    0x3A, 0x5C, 0x7E, 0xA0, 0xBF, 0xD8, 0xE9, 0xF5, 0xFB, 0xFF, 0xFF, 0xFF, 0xFF, 0xFF, 0xFF, 0xFF,
    0xFF, 0xFF, 0xFF, 0xFF, 0xFF, 0xFF, 0xFF, 0xFF, 0xFF, 0xFF, 0xFF, 0xFF, 0xFF, 0xFF, 0xFF, 0xFF,
    0xFF, 0xFF, 0xFF, 0xFF, 0xFF, 0xFF, 0xFF, 0xFF, 0xFF, 0xFF, 0xFF, 0xFF, 0xFF, 0xFF, 0xFF, 0xFF,
    0xFF, 0xFF, 0xFF, 0xFF, 0xFF, 0xFF, 0xFF, 0xFF, 0xFF, 0xFF, 0xFF, 0xFF, 0xFF, 0xFF, 0xFF, 0xFF,
    0xFF, 0xFF, 0xFF, 0xFF, 0xFF, 0xFF, 0xFF, 0xFF, 0xFF, 0xFF, 0xFF, 0xFF, 0xFF, 0xFF, 0xFF, 0xFF,
    0xFF, 0xFF, 0xFF, 0xFF, 0xFF, 0xFF, 0xFF, 0xFF, 0xFF, 0xFF, 0xFF, 0xFF, 0xFF, 0xFF, 0xFF, 0xFF,
    0xFF, 0xFF, 0xFF, 0xFF, 0xFF, 0xFF, 0xFF, 0xFF, 0xFF, 0xFF, 0xFF, 0xFF, 0xFF, 0xFF, 0xFF, 0xFB,
    0xF5, 0xE8, 0xD6, 0xBE, 0x9F, 0x7D, 0x5B, 0x3A, 0x1C, 0x06, 0x00, 0x00, 0x00, 0x01, 0x04, 0x05,
    0x03, 0x01, 0x00, 0x00, 0x00, 0x00, 0x00, 0x00, 0x00, 0x00, 0x00, 0x00, 0x00, 0x00, 0x00, 0x00,
    0x00, 0x00, 0x00, 0x00, 0x00, 0x00, 0x00, 0x00, 0x00, 0x00, 0x00, 0x00, 0x00, 0x00, 0x00, 0x00,
    0x00, 0x00, 0x00, 0x00, 0x00, 0x00, 0x00, 0x00, 0x00, 0x00, 0x00, 0x00, 0x00, 0x00, 0x00, 0x00,
    0x00, 0x00, 0x00, 0x00, 0x00, 0x00, 0x00, 0x00, 0x00, 0x00, 0x00, 0x00, 0x00, 0x00, 0x00, 0x00,
    0x00, 0x00, 0x00, 0x02, 0x06, 0x0E, 0x1F, 0x3B, 0x5E, 0x82, 0xA5, 0xC6, 0xE1, 0xF5, 0xFF, 0xFF,
    0xFF, 0xFF, 0xFC, 0xFB, 0xFC, 0xFD, 0xFD, 0xFE, 0xFE, 0xFE, 0xFE, 0xFE, 0xFF, 0xFF, 0xFF, 0xFF,
    0xFF, 0xFF, 0xFF, 0xFF, 0xFF, 0xFF, 0xFF, 0xFF, 0xFF, 0xFF, 0xFF, 0xFF, 0xFF, 0xFF, 0xFF, 0xFF,
    0xFF, 0xFF, 0xFF, 0xFF, 0xFF, 0xFF, 0xFF, 0xFF, 0xFF, 0xFF, 0xFF, 0xFF, 0xFF, 0xFF, 0xFF, 0xFF,
    0xFF, 0xFF, 0xFF, 0xFF, 0xFF, 0xFF, 0xFF, 0xFF, 0xFF, 0xFF, 0xFF, 0xFF, 0xFF, 0xFF, 0xFF, 0xFF,
    0xFF, 0xFF, 0xFF, 0xFF, 0xFF, 0xFF, 0xFF, 0xFF, 0xFF, 0xFF, 0xFF, 0xFF, 0xFF, 0xFF, 0xFF, 0xFF,
    0xFF, 0xFF, 0xFF, 0xFF, 0xFF, 0xFF, 0xFF, 0xFF, 0xFF, 0xFF, 0xFF, 0xFF, 0xFE, 0xFE, 0xFE, 0xFE,
    0xFE, 0xFD, 0xFD, 0xFC, 0xFB, 0xFC, 0xFF, 0xFF, 0xFF, 0xFF, 0xF4, 0xE0, 0xC5, 0xA4, 0x81, 0x5E,
    0x3B, 0x1F, 0x0E, 0x06, 0x02, 0x00, 0x00, 0x00, 0x00, 0x00, 0x00, 0x00, 0x00, 0x00, 0x00, 0x00,
    0x00, 0x00, 0x00, 0x00, 0x00, 0x00, 0x00, 0x00, 0x00, 0x00, 0x00, 0x00, 0x00, 0x00, 0x00, 0x00,
    0x00, 0x00, 0x00, 0x00, 0x00, 0x00, 0x00, 0x00, 0x00, 0x00, 0x00, 0x00, 0x00, 0x00, 0x00, 0x00,
    0x00, 0x00, 0x00, 0x00, 0x00, 0x00, 0x00, 0x00, 0x00, 0x00, 0x00, 0x00, 0x00, 0x00, 0x00, 0x00,
    0x00, 0x00, 0x01, 0x02, 0x02, 0x01, 0x00, 0x00, 0x00, 0x00, 0x00, 0x0A, 0x1A, 0x2E, 0x47, 0x67,
    0x89, 0xAB, 0xC9, 0xE2, 0xF6, 0xFF, 0xFF, 0xFF, 0xFF, 0xFF, 0xFC, 0xFA, 0xFB, 0xFC, 0xFD, 0xFD,
    0xFD, 0xFD, 0xFE, 0xFE, 0xFE, 0xFF, 0xFF, 0xFF, 0xFF, 0xFF, 0xFF, 0xFF, 0xFF, 0xFF, 0xFF, 0xFF,
    0xFF, 0xFF, 0xFF, 0xFF, 0xFF, 0xFF, 0xFF, 0xFF, 0xFF, 0xFF, 0xFF, 0xFF, 0xFF, 0xFF, 0xFF, 0xFF,
    0xFF, 0xFF, 0xFF, 0xFF, 0xFF, 0xFF, 0xFF, 0xFF, 0xFF, 0xFF, 0xFF, 0xFF, 0xFF, 0xFF, 0xFF, 0xFF,
    0xFF, 0xFF, 0xFF, 0xFF, 0xFF, 0xFF, 0xFF, 0xFF, 0xFF, 0xFF, 0xFF, 0xFF, 0xFF, 0xFF, 0xFF, 0xFF,
    0xFF, 0xFF, 0xFF, 0xFF, 0xFF, 0xFF, 0xFF, 0xFF, 0xFF, 0xFF, 0xFF, 0xFF, 0xFF, 0xFF, 0xFF, 0xFF,
    0xFF, 0xFF, 0xFF, 0xFE, 0xFE, 0xFE, 0xFD, 0xFD, 0xFD, 0xFD, 0xFC, 0xFB, 0xFA, 0xFC, 0xFF, 0xFF,
    0xFF, 0xFF, 0xFF, 0xF6, 0xE1, 0xC8, 0xAA, 0x89, 0x66, 0x47, 0x2D, 0x1A, 0x0A, 0x00, 0x00, 0x00,
    0x00, 0x00, 0x02, 0x03, 0x02, 0x01, 0x00, 0x00, 0x00, 0x00, 0x00, 0x00, 0x00, 0x00, 0x00, 0x00,
    0x00, 0x00, 0x00, 0x00, 0x00, 0x00, 0x00, 0x00, 0x00, 0x00, 0x00, 0x00, 0x00, 0x00, 0x00, 0x00,
    0x00, 0x00, 0x00, 0x00, 0x00, 0x00, 0x00, 0x00, 0x00, 0x00, 0x00, 0x00, 0x00, 0x00, 0x00, 0x00,
    0x00, 0x00, 0x00, 0x00, 0x00, 0x00, 0x00, 0x00, 0x00, 0x00, 0x01, 0x03, 0x05, 0x04, 0x00, 0x00,
    0x00, 0x00, 0x05, 0x1C, 0x38, 0x57, 0x77, 0x98, 0xB7, 0xD1, 0xE5, 0xF4, 0xFF, 0xFF, 0xFF, 0xFF,
    0xFF, 0xFF, 0xFF, 0xFD, 0xFD, 0xFE, 0xFE, 0xFE, 0xFE, 0xFE, 0xFE, 0xFE, 0xFF, 0xFF, 0xFF, 0xFF,
    0xFF, 0xFF, 0xFF, 0xFF, 0xFF, 0xFF, 0xFF, 0xFF, 0xFF, 0xFF, 0xFF, 0xFF, 0xFF, 0xFF, 0xFF, 0xFF,
    0xFF, 0xFF, 0xFF, 0xFF, 0xFF, 0xFF, 0xFF, 0xFF, 0xFF, 0xFF, 0xFF, 0xFF, 0xFF, 0xFF, 0xFF, 0xFF,
    0xFF, 0xFF, 0xFF, 0xFF, 0xFF, 0xFF, 0xFF, 0xFF, 0xFF, 0xFF, 0xFF, 0xFF, 0xFF, 0xFF, 0xFF, 0xFF,
    0xFF, 0xFF, 0xFF, 0xFF, 0xFF, 0xFF, 0xFF, 0xFF, 0xFF, 0xFF, 0xFF, 0xFF, 0xFF, 0xFF, 0xFF, 0xFF,
    0xFF, 0xFF, 0xFF, 0xFF, 0xFF, 0xFF, 0xFF, 0xFF, 0xFF, 0xFF, 0xFF, 0xFF, 0xFE, 0xFE, 0xFE, 0xFE,
    0xFE, 0xFE, 0xFE, 0xFD, 0xFD, 0xFF, 0xFF, 0xFF, 0xFF, 0xFF, 0xFF, 0xFF, 0xF4, 0xE5, 0xD0, 0xB7,
    0x97, 0x77, 0x56, 0x37, 0x1B, 0x05, 0x00, 0x00, 0x00, 0x00, 0x04, 0x05, 0x03, 0x01, 0x00, 0x00,
    0x00, 0x00, 0x00, 0x00, 0x00, 0x00, 0x00, 0x00, 0x00, 0x00, 0x00, 0x00, 0x00, 0x00, 0x00, 0x00,
    0x00, 0x00, 0x00, 0x00, 0x00, 0x00, 0x00, 0x00, 0x00, 0x00, 0x00, 0x00, 0x00, 0x00, 0x00, 0x00,
    0x00, 0x00, 0x00, 0x00, 0x00, 0x00, 0x00, 0x00, 0x00, 0x00, 0x00, 0x00, 0x00, 0x00, 0x00, 0x00,
    0x01, 0x00, 0x01, 0x03, 0x04, 0x04, 0x00, 0x00, 0x00, 0x04, 0x16, 0x35, 0x5C, 0x82, 0xA5, 0xC4,
    0xDC, 0xED, 0xF8, 0xFD, 0xFF, 0xFF, 0xFF, 0xFF, 0xFF, 0xFF, 0xFF, 0xFF, 0xFF, 0xFF, 0xFF, 0xFF,
    0xFF, 0xFF, 0xFF, 0xFF, 0xFF, 0xFF, 0xFF, 0xFF, 0xFF, 0xFF, 0xFF, 0xFF, 0xFF, 0xFF, 0xFF, 0xFF,
    0xFF, 0xFF, 0xFF, 0xFF, 0xFF, 0xFF, 0xFF, 0xFF, 0xFF, 0xFF, 0xFF, 0xFF, 0xFF, 0xFF, 0xFF, 0xFF,
    0xFF, 0xFF, 0xFF, 0xFF, 0xFF, 0xFF, 0xFF, 0xFF, 0xFF, 0xFF, 0xFF, 0xFF, 0xFF, 0xFF, 0xFF, 0xFF,
    0xFF, 0xFF, 0xFF, 0xFF, 0xFF, 0xFF, 0xFF, 0xFF, 0xFF, 0xFF, 0xFF, 0xFF, 0xFF, 0xFF, 0xFF, 0xFF,
    0xFF, 0xFF, 0xFF, 0xFF, 0xFF, 0xFF, 0xFF, 0xFF, 0xFF, 0xFF, 0xFF, 0xFF, 0xFF, 0xFF, 0xFF, 0xFF,
    0xFF, 0xFF, 0xFF, 0xFF, 0xFF, 0xFF, 0xFF, 0xFF, 0xFF, 0xFF, 0xFF, 0xFF, 0xFF, 0xFF, 0xFF, 0xFF,
    0xFF, 0xFF, 0xFF, 0xFF, 0xFD, 0xF8, 0xED, 0xDC, 0xC3, 0xA5, 0x81, 0x5A, 0x34, 0x16, 0x03, 0x00,
    0x00, 0x00, 0x05, 0x05, 0x02, 0x01, 0x00, 0x01, 0x00, 0x00, 0x00, 0x00, 0x00, 0x00, 0x00, 0x00,
    0x00, 0x00, 0x00, 0x00, 0x00, 0x00, 0x00, 0x00, 0x00, 0x00, 0x00, 0x00, 0x00, 0x00, 0x00, 0x00,
    0x00, 0x00, 0x00, 0x00, 0x00, 0x00, 0x00, 0x00, 0x00, 0x00, 0x00, 0x00, 0x00, 0x00, 0x00, 0x00,
    0x00, 0x00, 0x00, 0x00, 0x00, 0x00, 0x00, 0x00, 0x01, 0x00, 0x00, 0x00, 0x00, 0x00, 0x00, 0x03,
    0x09, 0x19, 0x33, 0x57, 0x81, 0xA9, 0xC9, 0xE3, 0xF5, 0xFE, 0xFF, 0xFF, 0xFE, 0xFD, 0xFB, 0xFA,
    0xFC, 0xFE, 0xFE, 0xFF, 0xFF, 0xFF, 0xFF, 0xFF, 0xFF, 0xFF, 0xFF, 0xFF, 0xFF, 0xFF, 0xFF, 0xFF,
    0xFF, 0xFF, 0xFF, 0xFF, 0xFF, 0xFF, 0xFF, 0xFF, 0xFF, 0xFF, 0xFF, 0xFF, 0xFF, 0xFF, 0xFF, 0xFF,
    0xFF, 0xFF, 0xFF, 0xFF, 0xFF, 0xFF, 0xFF, 0xFF, 0xFF, 0xFF, 0xFF, 0xFF, 0xFF, 0xFF, 0xFF, 0xFF,
    0xFF, 0xFF, 0xFF, 0xFF, 0xFF, 0xFF, 0xFF, 0xFF, 0xFF, 0xFF, 0xFF, 0xFF, 0xFF, 0xFF, 0xFF, 0xFF,
    0xFF, 0xFF, 0xFF, 0xFF, 0xFF, 0xFF, 0xFF, 0xFF, 0xFF, 0xFF, 0xFF, 0xFF, 0xFF, 0xFF, 0xFF, 0xFF,
    0xFF, 0xFF, 0xFF, 0xFF, 0xFF, 0xFF, 0xFF, 0xFF, 0xFF, 0xFF, 0xFF, 0xFF, 0xFF, 0xFF, 0xFF, 0xFF,
    0xFF, 0xFF, 0xFF, 0xFF, 0xFF, 0xFE, 0xFE, 0xFC, 0xFA, 0xFB, 0xFD, 0xFE, 0xFF, 0xFF, 0xFE, 0xF5,
    0xE2, 0xC9, 0xA8, 0x7F, 0x56, 0x32, 0x18, 0x08, 0x03, 0x00, 0x01, 0x00, 0x00, 0x00, 0x00, 0x01,
    0x00, 0x00, 0x00, 0x00, 0x00, 0x00, 0x00, 0x00, 0x00, 0x00, 0x00, 0x00, 0x00, 0x00, 0x00, 0x00,
    0x00, 0x00, 0x00, 0x00, 0x00, 0x00, 0x00, 0x00, 0x00, 0x00, 0x00, 0x00, 0x00, 0x00, 0x00, 0x00,
    0x00, 0x00, 0x00, 0x00, 0x00, 0x00, 0x00, 0x00, 0x00, 0x00, 0x00, 0x00, 0x00, 0x00, 0x00, 0x01,
    0x03, 0x02, 0x00, 0x00, 0x00, 0x00, 0x02, 0x10, 0x21, 0x3C, 0x5B, 0x80, 0xA8, 0xCA, 0xE4, 0xF7,
    0xFF, 0xFF, 0xFF, 0xFF, 0xFE, 0xFC, 0xFA, 0xFA, 0xFB, 0xFD, 0xFE, 0xFF, 0xFF, 0xFF, 0xFF, 0xFF,
    0xFF, 0xFF, 0xFF, 0xFF, 0xFF, 0xFF, 0xFF, 0xFF, 0xFF, 0xFF, 0xFF, 0xFF, 0xFF, 0xFF, 0xFF, 0xFF,
    0xFF, 0xFF, 0xFF, 0xFF, 0xFF, 0xFF, 0xFF, 0xFF, 0xFF, 0xFF, 0xFF, 0xFF, 0xFF, 0xFF, 0xFF, 0xFF,
    0xFF, 0xFF, 0xFF, 0xFF, 0xFF, 0xFF, 0xFF, 0xFF, 0xFF, 0xFF, 0xFF, 0xFF, 0xFF, 0xFF, 0xFF, 0xFF,
    0xFF, 0xFF, 0xFF, 0xFF, 0xFF, 0xFF, 0xFF, 0xFF, 0xFF, 0xFF, 0xFF, 0xFF, 0xFF, 0xFF, 0xFF, 0xFF,
    0xFF, 0xFF, 0xFF, 0xFF, 0xFF, 0xFF, 0xFF, 0xFF, 0xFF, 0xFF, 0xFF, 0xFF, 0xFF, 0xFF, 0xFF, 0xFF,
    0xFF, 0xFF, 0xFF, 0xFF, 0xFF, 0xFF, 0xFF, 0xFF, 0xFF, 0xFF, 0xFF, 0xFF, 0xFF, 0xFE, 0xFD, 0xFB,
    0xFA, 0xFA, 0xFC, 0xFE, 0xFF, 0xFF, 0xFF, 0xFF, 0xF6, 0xE4, 0xC9, 0xA6, 0x7F, 0x5A, 0x3A, 0x20,
    0x0F, 0x02, 0x00, 0x00, 0x00, 0x00, 0x02, 0x03, 0x01, 0x00, 0x00, 0x00, 0x00, 0x00, 0x00, 0x00,
    0x00, 0x00, 0x00, 0x00, 0x00, 0x00, 0x00, 0x00, 0x00, 0x00, 0x00, 0x00, 0x00, 0x00, 0x00, 0x00,
    0x00, 0x00, 0x00, 0x00, 0x00, 0x00, 0x00, 0x00, 0x00, 0x00, 0x00, 0x00, 0x00, 0x00, 0x00, 0x00,
    0x00, 0x00, 0x00, 0x00, 0x00, 0x00, 0x01, 0x02, 0x05, 0x04, 0x00, 0x00, 0x00, 0x00, 0x0C, 0x24,
    0x43, 0x67, 0x8A, 0xAC, 0xCC, 0xE4, 0xF5, 0xFF, 0xFF, 0xFF, 0xFF, 0xFF, 0xFF, 0xFE, 0xFD, 0xFC,
    0xFD, 0xFE, 0xFF, 0xFF, 0xFF, 0xFF, 0xFF, 0xFF, 0xFF, 0xFF, 0xFF, 0xFF, 0xFF, 0xFF, 0xFF, 0xFF,
    0xFF, 0xFF, 0xFF, 0xFF, 0xFF, 0xFF, 0xFF, 0xFF, 0xFF, 0xFF, 0xFF, 0xFF, 0xFF, 0xFF, 0xFF, 0xFF,
    0xFF, 0xFF, 0xFF, 0xFF, 0xFF, 0xFF, 0xFF, 0xFF, 0xFF, 0xFF, 0xFF, 0xFF, 0xFF, 0xFF, 0xFF, 0xFF,
    0xFF, 0xFF, 0xFF, 0xFF, 0xFF, 0xFF, 0xFF, 0xFF, 0xFF, 0xFF, 0xFF, 0xFF, 0xFF, 0xFF, 0xFF, 0xFF,
    0xFF, 0xFF, 0xFF, 0xFF, 0xFF, 0xFF, 0xFF, 0xFF, 0xFF, 0xFF, 0xFF, 0xFF, 0xFF, 0xFF, 0xFF, 0xFF,
    0xFF, 0xFF, 0xFF, 0xFF, 0xFF, 0xFF, 0xFF, 0xFF, 0xFF, 0xFF, 0xFF, 0xFF, 0xFF, 0xFF, 0xFF, 0xFF,
    0xFF, 0xFF, 0xFF, 0xFF, 0xFF, 0xFF, 0xFE, 0xFD, 0xFC, 0xFD, 0xFE, 0xFF, 0xFF, 0xFF, 0xFF, 0xFF,
    0xFF, 0xF4, 0xE3, 0xCA, 0xAA, 0x88, 0x65, 0x42, 0x24, 0x0C, 0x00, 0x00, 0x00, 0x00, 0x04, 0x05,
    0x02, 0x01, 0x00, 0x00, 0x00, 0x00, 0x00, 0x00, 0x00, 0x00, 0x00, 0x00, 0x00, 0x00, 0x00, 0x00,
    0x00, 0x00, 0x00, 0x00, 0x00, 0x00, 0x00, 0x00, 0x00, 0x00, 0x00, 0x00, 0x00, 0x00, 0x00, 0x00,
    0x00, 0x00, 0x00, 0x00, 0x00, 0x00, 0x00, 0x00, 0x00, 0x00, 0x00, 0x00, 0x01, 0x01, 0x00, 0x01,
    0x04, 0x04, 0x01, 0x00, 0x00, 0x0A, 0x1F, 0x41, 0x69, 0x92, 0xB5, 0xD2, 0xE8, 0xF6, 0xFD, 0xFF,
    0xFF, 0xFF, 0xFF, 0xFF, 0xFF, 0xFF, 0xFF, 0xFF, 0xFF, 0xFF, 0xFF, 0xFF, 0xFF, 0xFF, 0xFF, 0xFF,
    0xFF, 0xFF, 0xFF, 0xFF, 0xFF, 0xFF, 0xFF, 0xFF, 0xFF, 0xFF, 0xFF, 0xFF, 0xFF, 0xFF, 0xFF, 0xFF,
    0xFF, 0xFF, 0xFF, 0xFF, 0xFF, 0xFF, 0xFF, 0xFF, 0xFF, 0xFF, 0xFF, 0xFF, 0xFF, 0xFF, 0xFF, 0xFF,
    0xFF, 0xFF, 0xFF, 0xFF, 0xFF, 0xFF, 0xFF, 0xFF, 0xFF, 0xFF, 0xFF, 0xFF, 0xFF, 0xFF, 0xFF, 0xFF,
    0xFF, 0xFF, 0xFF, 0xFF, 0xFF, 0xFF, 0xFF, 0xFF, 0xFF, 0xFF, 0xFF, 0xFF, 0xFF, 0xFF, 0xFF, 0xFF,
    0xFF, 0xFF, 0xFF, 0xFF, 0xFF, 0xFF, 0xFF, 0xFF, 0xFF, 0xFF, 0xFF, 0xFF, 0xFF, 0xFF, 0xFF, 0xFF,
    0xFF, 0xFF, 0xFF, 0xFF, 0xFF, 0xFF, 0xFF, 0xFF, 0xFF, 0xFF, 0xFF, 0xFF, 0xFF, 0xFF, 0xFF, 0xFF,
    0xFF, 0xFF, 0xFF, 0xFF, 0xFF, 0xFF, 0xFF, 0xFF, 0xFF, 0xFC, 0xF5, 0xE6, 0xD0, 0xB3, 0x90, 0x68,
    0x40, 0x1F, 0x0A, 0x00, 0x00, 0x01, 0x04, 0x04, 0x01, 0x00, 0x01, 0x01, 0x00, 0x00, 0x00, 0x00,
    0x00, 0x00, 0x00, 0x00, 0x00, 0x00, 0x00, 0x00, 0x00, 0x00, 0x00, 0x00, 0x00, 0x00, 0x00, 0x00,
    0x00, 0x00, 0x00, 0x00, 0x00, 0x00, 0x00, 0x00, 0x00, 0x00, 0x00, 0x00, 0x00, 0x00, 0x00, 0x00,
    0x00, 0x00, 0x00, 0x00, 0x01, 0x01, 0x00, 0x00, 0x00, 0x00, 0x00, 0x03, 0x0C, 0x1F, 0x3C, 0x63,
    0x8F, 0xB6, 0xD6, 0xEC, 0xF9, 0xFF, 0xFF, 0xFE, 0xFD, 0xFD, 0xFC, 0xFC, 0xFD, 0xFF, 0xFF, 0xFF,
    0xFF, 0xFF, 0xFF, 0xFF, 0xFF, 0xFF, 0xFF, 0xFF, 0xFF, 0xFF, 0xFF, 0xFF, 0xFF, 0xFF, 0xFF, 0xFF,
    0xFF, 0xFF, 0xFF, 0xFF, 0xFF, 0xFF, 0xFF, 0xFF, 0xFF, 0xFF, 0xFF, 0xFF, 0xFF, 0xFF, 0xFF, 0xFF,
    0xFF, 0xFF, 0xFF, 0xFF, 0xFF, 0xFF, 0xFF, 0xFF, 0xFF, 0xFF, 0xFF, 0xFF, 0xFF, 0xFF, 0xFF, 0xFF,
    0xFF, 0xFF, 0xFF, 0xFF, 0xFF, 0xFF, 0xFF, 0xFF, 0xFF, 0xFF, 0xFF, 0xFF, 0xFF, 0xFF, 0xFF, 0xFF,
    0xFF, 0xFF, 0xFF, 0xFF, 0xFF, 0xFF, 0xFF, 0xFF, 0xFF, 0xFF, 0xFF, 0xFF, 0xFF, 0xFF, 0xFF, 0xFF,
    0xFF, 0xFF, 0xFF, 0xFF, 0xFF, 0xFF, 0xFF, 0xFF, 0xFF, 0xFF, 0xFF, 0xFF, 0xFF, 0xFF, 0xFF, 0xFF,
    0xFF, 0xFF, 0xFF, 0xFF, 0xFF, 0xFF, 0xFF, 0xFF, 0xFF, 0xFF, 0xFF, 0xFD, 0xFC, 0xFC, 0xFD, 0xFD,
    0xFE, 0xFF, 0xFE, 0xF8, 0xEA, 0xD4, 0xB5, 0x8E, 0x62, 0x3B, 0x1F, 0x0B, 0x03, 0x00, 0x00, 0x00,
    0x00, 0x00, 0x01, 0x01, 0x00, 0x00, 0x00, 0x00, 0x00, 0x00, 0x00, 0x00, 0x00, 0x00, 0x00, 0x00,
    0x00, 0x00, 0x00, 0x00, 0x00, 0x00, 0x00, 0x00, 0x00, 0x00, 0x00, 0x00, 0x00, 0x00, 0x00, 0x00,
    0x00, 0x00, 0x00, 0x00, 0x00, 0x00, 0x00, 0x00, 0x00, 0x00, 0x00, 0x01, 0x03, 0x03, 0x00, 0x00,
    0x00, 0x00, 0x00, 0x0E, 0x23, 0x40, 0x63, 0x8B, 0xB3, 0xD4, 0xED, 0xFB, 0xFF, 0xFF, 0xFF, 0xFE,
    0xFC, 0xFC, 0xFB, 0xFB, 0xFD, 0xFE, 0xFF, 0xFF, 0xFF, 0xFF, 0xFF, 0xFF, 0xFF, 0xFF, 0xFF, 0xFF,
    0xFF, 0xFF, 0xFF, 0xFF, 0xFF, 0xFF, 0xFF, 0xFF, 0xFF, 0xFF, 0xFF, 0xFF, 0xFF, 0xFF, 0xFF, 0xFF,
    0xFF, 0xFF, 0xFF, 0xFF, 0xFF, 0xFF, 0xFF, 0xFF, 0xFF, 0xFF, 0xFF, 0xFF, 0xFF, 0xFF, 0xFF, 0xFF,
    0xFF, 0xFF, 0xFF, 0xFF, 0xFF, 0xFF, 0xFF, 0xFF, 0xFF, 0xFF, 0xFF, 0xFF, 0xFF, 0xFF, 0xFF, 0xFF,
    0xFF, 0xFF, 0xFF, 0xFF, 0xFF, 0xFF, 0xFF, 0xFF, 0xFF, 0xFF, 0xFF, 0xFF, 0xFF, 0xFF, 0xFF, 0xFF,
    0xFF, 0xFF, 0xFF, 0xFF, 0xFF, 0xFF, 0xFF, 0xFF, 0xFF, 0xFF, 0xFF, 0xFF, 0xFF, 0xFF, 0xFF, 0xFF,
    0xFF, 0xFF, 0xFF, 0xFF, 0xFF, 0xFF, 0xFF, 0xFF, 0xFF, 0xFF, 0xFF, 0xFF, 0xFF, 0xFF, 0xFF, 0xFF,
    0xFF, 0xFF, 0xFE, 0xFD, 0xFB, 0xFB, 0xFC, 0xFC, 0xFE, 0xFF, 0xFF, 0xFF, 0xFA, 0xEB, 0xD3, 0xB2,
    0x89, 0x62, 0x3F, 0x22, 0x0E, 0x00, 0x00, 0x00, 0x00, 0x00, 0x03, 0x03, 0x01, 0x00, 0x00, 0x00,
    0x00, 0x00, 0x00, 0x00, 0x00, 0x00, 0x00, 0x00, 0x00, 0x00, 0x00, 0x00, 0x00, 0x00, 0x00, 0x00,
    0x00, 0x00, 0x00, 0x00, 0x00, 0x00, 0x00, 0x00, 0x00, 0x00, 0x00, 0x00, 0x00, 0x00, 0x00, 0x00,
    0x00, 0x00, 0x00, 0x02, 0x04, 0x05, 0x01, 0x00, 0x00, 0x00, 0x08, 0x21, 0x43, 0x6A, 0x8F, 0xB3,
    0xD3, 0xEA, 0xF9, 0xFF, 0xFF, 0xFF, 0xFF, 0xFF, 0xFE, 0xFE, 0xFD, 0xFD, 0xFE, 0xFF, 0xFF, 0xFF,
    0xFF, 0xFF, 0xFF, 0xFF, 0xFF, 0xFF, 0xFF, 0xFF, 0xFF, 0xFF, 0xFF, 0xFF, 0xFF, 0xFF, 0xFF, 0xFF,
    0xFF, 0xFF, 0xFF, 0xFF, 0xFF, 0xFF, 0xFF, 0xFF, 0xFF, 0xFF, 0xFF, 0xFF, 0xFF, 0xFF, 0xFF, 0xFF,
    0xFF, 0xFF, 0xFF, 0xFF, 0xFF, 0xFF, 0xFF, 0xFF, 0xFF, 0xFF, 0xFF, 0xFF, 0xFF, 0xFF, 0xFF, 0xFF,
    0xFF, 0xFF, 0xFF, 0xFF, 0xFF, 0xFF, 0xFF, 0xFF, 0xFF, 0xFF, 0xFF, 0xFF, 0xFF, 0xFF, 0xFF, 0xFF,
    0xFF, 0xFF, 0xFF, 0xFF, 0xFF, 0xFF, 0xFF, 0xFF, 0xFF, 0xFF, 0xFF, 0xFF, 0xFF, 0xFF, 0xFF, 0xFF,
    0xFF, 0xFF, 0xFF, 0xFF, 0xFF, 0xFF, 0xFF, 0xFF, 0xFF, 0xFF, 0xFF, 0xFF, 0xFF, 0xFF, 0xFF, 0xFF,
    0xFF, 0xFF, 0xFF, 0xFF, 0xFF, 0xFF, 0xFF, 0xFF, 0xFF, 0xFF, 0xFF, 0xFE, 0xFD, 0xFD, 0xFE, 0xFE,
    0xFF, 0xFF, 0xFF, 0xFF, 0xFF, 0xF8, 0xE9, 0xD2, 0xB2, 0x8D, 0x68, 0x42, 0x21, 0x08, 0x00, 0x00,
    0x00, 0x01, 0x05, 0x04, 0x02, 0x00, 0x00, 0x00, 0x00, 0x00, 0x00, 0x00, 0x00, 0x00, 0x00, 0x00,
    0x00, 0x00, 0x00, 0x00, 0x00, 0x00, 0x00, 0x00, 0x00, 0x00, 0x00, 0x00, 0x00, 0x00, 0x00, 0x00,
    0x00, 0x00, 0x00, 0x00, 0x00, 0x00, 0x00, 0x00, 0x01, 0x00, 0x00, 0x02, 0x03, 0x04, 0x01, 0x00,
    0x00, 0x03, 0x18, 0x3C, 0x67, 0x93, 0xB7, 0xD5, 0xEB, 0xF7, 0xFE, 0xFF, 0xFF, 0xFF, 0xFF, 0xFE,
    0xFE, 0xFF, 0xFF, 0xFF, 0xFF, 0xFF, 0xFF, 0xFF, 0xFF, 0xFF, 0xFF, 0xFF, 0xFF, 0xFF, 0xFF, 0xFF,
    0xFF, 0xFF, 0xFF, 0xFF, 0xFF, 0xFF, 0xFF, 0xFF, 0xFF, 0xFF, 0xFF, 0xFF, 0xFF, 0xFF, 0xFF, 0xFF,
    0xFF, 0xFF, 0xFF, 0xFF, 0xFF, 0xFF, 0xFF, 0xFF, 0xFF, 0xFF, 0xFF, 0xFF, 0xFF, 0xFF, 0xFF, 0xFF,
    0xFF, 0xFF, 0xFF, 0xFF, 0xFF, 0xFF, 0xFF, 0xFF, 0xFF, 0xFF, 0xFF, 0xFF, 0xFF, 0xFF, 0xFF, 0xFF,
    0xFF, 0xFF, 0xFF, 0xFF, 0xFF, 0xFF, 0xFF, 0xFF, 0xFF, 0xFF, 0xFF, 0xFF, 0xFF, 0xFF, 0xFF, 0xFF,
    0xFF, 0xFF, 0xFF, 0xFF, 0xFF, 0xFF, 0xFF, 0xFF, 0xFF, 0xFF, 0xFF, 0xFF, 0xFF, 0xFF, 0xFF, 0xFF,
    0xFF, 0xFF, 0xFF, 0xFF, 0xFF, 0xFF, 0xFF, 0xFF, 0xFF, 0xFF, 0xFF, 0xFF, 0xFF, 0xFF, 0xFF, 0xFF,
    0xFF, 0xFF, 0xFF, 0xFF, 0xFF, 0xFF, 0xFF, 0xFE, 0xFE, 0xFF, 0xFF, 0xFF, 0xFF, 0xFD, 0xF7, 0xEA,
    0xD4, 0xB5, 0x91, 0x66, 0x3B, 0x18, 0x03, 0x00, 0x00, 0x01, 0x04, 0x03, 0x02, 0x00, 0x00, 0x01,
    0x00, 0x00, 0x00, 0x00, 0x00, 0x00, 0x00, 0x00, 0x00, 0x00, 0x00, 0x00, 0x00, 0x00, 0x00, 0x00,
    0x00, 0x00, 0x00, 0x00, 0x00, 0x00, 0x00, 0x00, 0x00, 0x00, 0x00, 0x00, 0x00, 0x00, 0x00, 0x00,
    0x02, 0x00, 0x00, 0x00, 0x00, 0x00, 0x00, 0x02, 0x06, 0x16, 0x32, 0x5C, 0x8B, 0xB6, 0xD6, 0xEC,
    0xF9, 0xFE, 0xFE, 0xFE, 0xFD, 0xFD, 0xFD, 0xFC, 0xFE, 0xFF, 0xFF, 0xFF, 0xFF, 0xFF, 0xFF, 0xFF,
    0xFF, 0xFF, 0xFF, 0xFF, 0xFF, 0xFF, 0xFF, 0xFF, 0xFF, 0xFF, 0xFF, 0xFF, 0xFF, 0xFF, 0xFF, 0xFF,
    0xFF, 0xFF, 0xFF, 0xFF, 0xFF, 0xFF, 0xFF, 0xFF, 0xFF, 0xFF, 0xFF, 0xFF, 0xFF, 0xFF, 0xFF, 0xFF,
    0xFF, 0xFF, 0xFF, 0xFF, 0xFF, 0xFF, 0xFF, 0xFF, 0xFF, 0xFF, 0xFF, 0xFF, 0xFF, 0xFF, 0xFF, 0xFF,
    0xFF, 0xFF, 0xFF, 0xFF, 0xFF, 0xFF, 0xFF, 0xFF, 0xFF, 0xFF, 0xFF, 0xFF, 0xFF, 0xFF, 0xFF, 0xFF,
    0xFF, 0xFF, 0xFF, 0xFF, 0xFF, 0xFF, 0xFF, 0xFF, 0xFF, 0xFF, 0xFF, 0xFF, 0xFF, 0xFF, 0xFF, 0xFF,
    0xFF, 0xFF, 0xFF, 0xFF, 0xFF, 0xFF, 0xFF, 0xFF, 0xFF, 0xFF, 0xFF, 0xFF, 0xFF, 0xFF, 0xFF, 0xFF,
    0xFF, 0xFF, 0xFF, 0xFF, 0xFF, 0xFF, 0xFF, 0xFF, 0xFF, 0xFF, 0xFF, 0xFF, 0xFF, 0xFF, 0xFF, 0xFE,
    0xFC, 0xFD, 0xFD, 0xFD, 0xFE, 0xFE, 0xFE, 0xF8, 0xEC, 0xD4, 0xB4, 0x8A, 0x5B, 0x32, 0x15, 0x06,
    0x02, 0x00, 0x00, 0x00, 0x00, 0x00, 0x00, 0x01, 0x00, 0x00, 0x00, 0x00, 0x00, 0x00, 0x00, 0x00,
    0x00, 0x00, 0x00, 0x00, 0x00, 0x00, 0x00, 0x00, 0x00, 0x00, 0x00, 0x00, 0x00, 0x00, 0x00, 0x00,
    0x00, 0x00, 0x00, 0x00, 0x00, 0x00, 0x00, 0x01, 0x03, 0x02, 0x01, 0x00, 0x00, 0x00, 0x00, 0x0B,
    0x1B, 0x34, 0x57, 0x82, 0xAE, 0xD3, 0xEC, 0xFB, 0xFF, 0xFF, 0xFF, 0xFD, 0xFC, 0xFC, 0xFC, 0xFC,
    0xFE, 0xFF, 0xFF, 0xFF, 0xFF, 0xFF, 0xFF, 0xFF, 0xFF, 0xFF, 0xFF, 0xFF, 0xFF, 0xFF, 0xFF, 0xFF,
    0xFF, 0xFF, 0xFF, 0xFF, 0xFF, 0xFF, 0xFF, 0xFF, 0xFF, 0xFF, 0xFF, 0xFF, 0xFF, 0xFF, 0xFF, 0xFF,
    0xFF, 0xFF, 0xFF, 0xFF, 0xFF, 0xFF, 0xFF, 0xFF, 0xFF, 0xFF, 0xFF, 0xFF, 0xFF, 0xFF, 0xFF, 0xFF,
    0xFF, 0xFF, 0xFF, 0xFF, 0xFF, 0xFF, 0xFF, 0xFF, 0xFF, 0xFF, 0xFF, 0xFF, 0xFF, 0xFF, 0xFF, 0xFF,
    0xFF, 0xFF, 0xFF, 0xFF, 0xFF, 0xFF, 0xFF, 0xFF, 0xFF, 0xFF, 0xFF, 0xFF, 0xFF, 0xFF, 0xFF, 0xFF,
    0xFF, 0xFF, 0xFF, 0xFF, 0xFF, 0xFF, 0xFF, 0xFF, 0xFF, 0xFF, 0xFF, 0xFF, 0xFF, 0xFF, 0xFF, 0xFF,
    0xFF, 0xFF, 0xFF, 0xFF, 0xFF, 0xFF, 0xFF, 0xFF, 0xFF, 0xFF, 0xFF, 0xFF, 0xFF, 0xFF, 0xFF, 0xFF,
    0xFF, 0xFF, 0xFF, 0xFF, 0xFF, 0xFF, 0xFF, 0xFE, 0xFC, 0xFC, 0xFD, 0xFC, 0xFD, 0xFF, 0xFF, 0xFF,
    0xFA, 0xEB, 0xD1, 0xAD, 0x81, 0x56, 0x33, 0x1A, 0x0A, 0x00, 0x00, 0x00, 0x00, 0x01, 0x02, 0x03,
    0x01, 0x00, 0x00, 0x00, 0x00, 0x00, 0x00, 0x00, 0x00, 0x00, 0x00, 0x00, 0x00, 0x00, 0x00, 0x00,
    0x00, 0x00, 0x00, 0x00, 0x00, 0x00, 0x00, 0x00, 0x00, 0x00, 0x00, 0x00, 0x00, 0x00, 0x00, 0x02,
    0x04, 0x04, 0x01, 0x00, 0x00, 0x00, 0x03, 0x1A, 0x38, 0x5C, 0x82, 0xAA, 0xCE, 0xE9, 0xF9, 0xFF,
    0xFF, 0xFF, 0xFF, 0xFE, 0xFD, 0xFE, 0xFD, 0xFD, 0xFE, 0xFF, 0xFF, 0xFF, 0xFF, 0xFF, 0xFF, 0xFF,
    0xFF, 0xFF, 0xFF, 0xFF, 0xFF, 0xFF, 0xFF, 0xFF, 0xFF, 0xFF, 0xFF, 0xFF, 0xFF, 0xFF, 0xFF, 0xFF,
    0xFF, 0xFF, 0xFF, 0xFF, 0xFF, 0xFF, 0xFF, 0xFF, 0xFF, 0xFF, 0xFF, 0xFF, 0xFF, 0xFF, 0xFF, 0xFF,
    0xFF, 0xFF, 0xFF, 0xFF, 0xFF, 0xFF, 0xFF, 0xFF, 0xFF, 0xFF, 0xFF, 0xFF, 0xFF, 0xFF, 0xFF, 0xFF,
    0xFF, 0xFF, 0xFF, 0xFF, 0xFF, 0xFF, 0xFF, 0xFF, 0xFF, 0xFF, 0xFF, 0xFF, 0xFF, 0xFF, 0xFF, 0xFF,
    0xFF, 0xFF, 0xFF, 0xFF, 0xFF, 0xFF, 0xFF, 0xFF, 0xFF, 0xFF, 0xFF, 0xFF, 0xFF, 0xFF, 0xFF, 0xFF,
    0xFF, 0xFF, 0xFF, 0xFF, 0xFF, 0xFF, 0xFF, 0xFF, 0xFF, 0xFF, 0xFF, 0xFF, 0xFF, 0xFF, 0xFF, 0xFF,
    0xFF, 0xFF, 0xFF, 0xFF, 0xFF, 0xFF, 0xFF, 0xFF, 0xFF, 0xFF, 0xFF, 0xFF, 0xFF, 0xFF, 0xFF, 0xFE,
    0xFD, 0xFE, 0xFE, 0xFE, 0xFE, 0xFF, 0xFF, 0xFF, 0xFF, 0xF9, 0xE8, 0xCC, 0xA8, 0x81, 0x5A, 0x36,
    0x19, 0x03, 0x00, 0x00, 0x00, 0x01, 0x04, 0x04, 0x02, 0x00, 0x00, 0x00, 0x00, 0x00, 0x00, 0x00,
    0x00, 0x00, 0x00, 0x00, 0x00, 0x00, 0x00, 0x00, 0x00, 0x00, 0x00, 0x00, 0x00, 0x00, 0x00, 0x00,
    0x00, 0x00, 0x00, 0x00, 0x00, 0x00, 0x00, 0x02, 0x05, 0x04, 0x01, 0x00, 0x00, 0x00, 0x0F, 0x30,
    0x59, 0x84, 0xAB, 0xCC, 0xE5, 0xF6, 0xFF, 0xFF, 0xFF, 0xFF, 0xFE, 0xFE, 0xFE, 0xFF, 0xFF, 0xFF,
    0xFF, 0xFF, 0xFF, 0xFF, 0xFF, 0xFF, 0xFF, 0xFF, 0xFF, 0xFF, 0xFF, 0xFF, 0xFF, 0xFF, 0xFF, 0xFF,
    0xFF, 0xFF, 0xFF, 0xFF, 0xFF, 0xFF, 0xFF, 0xFF, 0xFF, 0xFF, 0xFF, 0xFF, 0xFF, 0xFF, 0xFF, 0xFF,
    0xFF, 0xFF, 0xFF, 0xFF, 0xFF, 0xFF, 0xFF, 0xFF, 0xFF, 0xFF, 0xFF, 0xFF, 0xFF, 0xFF, 0xFF, 0xFF,
    0xFF, 0xFF, 0xFF, 0xFF, 0xFF, 0xFF, 0xFF, 0xFF, 0xFF, 0xFF, 0xFF, 0xFF, 0xFF, 0xFF, 0xFF, 0xFF,
    0xFF, 0xFF, 0xFF, 0xFF, 0xFF, 0xFF, 0xFF, 0xFF, 0xFF, 0xFF, 0xFF, 0xFF, 0xFF, 0xFF, 0xFF, 0xFF,
    0xFF, 0xFF, 0xFF, 0xFF, 0xFF, 0xFF, 0xFF, 0xFF, 0xFF, 0xFF, 0xFF, 0xFF, 0xFF, 0xFF, 0xFF, 0xFF,
    0xFF, 0xFF, 0xFF, 0xFF, 0xFF, 0xFF, 0xFF, 0xFF, 0xFF, 0xFF, 0xFF, 0xFF, 0xFF, 0xFF, 0xFF, 0xFF,
    0xFF, 0xFF, 0xFF, 0xFF, 0xFF, 0xFF, 0xFF, 0xFF, 0xFF, 0xFF, 0xFF, 0xFE, 0xFE, 0xFE, 0xFF, 0xFF,
    0xFF, 0xFE, 0xF6, 0xE4, 0xCB, 0xA9, 0x82, 0x57, 0x2E, 0x0E, 0x00, 0x00, 0x00, 0x01, 0x04, 0x04,
    0x02, 0x00, 0x00, 0x00, 0x00, 0x00, 0x00, 0x00, 0x00, 0x00, 0x00, 0x00, 0x00, 0x00, 0x00, 0x00,
    0x00, 0x00, 0x00, 0x00, 0x00, 0x00, 0x00, 0x00, 0x00, 0x00, 0x00, 0x00, 0x00, 0x00, 0x00, 0x02,
    0x03, 0x02, 0x00, 0x00, 0x03, 0x07, 0x21, 0x4A, 0x79, 0xA7, 0xCB, 0xE4, 0xF5, 0xFD, 0xFF, 0xFE,
    0xFD, 0xFD, 0xFC, 0xFC, 0xFE, 0xFF, 0xFF, 0xFF, 0xFF, 0xFF, 0xFF, 0xFF, 0xFF, 0xFF, 0xFF, 0xFF,
    0xFF, 0xFF, 0xFF, 0xFF, 0xFF, 0xFF, 0xFF, 0xFF, 0xFF, 0xFF, 0xFF, 0xFF, 0xFF, 0xFF, 0xFF, 0xFF,
    0xFF, 0xFF, 0xFF, 0xFF, 0xFF, 0xFF, 0xFF, 0xFF, 0xFF, 0xFF, 0xFF, 0xFF, 0xFF, 0xFF, 0xFF, 0xFF,
    0xFF, 0xFF, 0xFF, 0xFF, 0xFF, 0xFF, 0xFF, 0xFF, 0xFF, 0xFF, 0xFF, 0xFF, 0xFF, 0xFF, 0xFF, 0xFF,
    0xFF, 0xFF, 0xFF, 0xFF, 0xFF, 0xFF, 0xFF, 0xFF, 0xFF, 0xFF, 0xFF, 0xFF, 0xFF, 0xFF, 0xFF, 0xFF,
    0xFF, 0xFF, 0xFF, 0xFF, 0xFF, 0xFF, 0xFF, 0xFF, 0xFF, 0xFF, 0xFF, 0xFF, 0xFF, 0xFF, 0xFF, 0xFF,
    0xFF, 0xFF, 0xFF, 0xFF, 0xFF, 0xFF, 0xFF, 0xFF, 0xFF, 0xFF, 0xFF, 0xFF, 0xFF, 0xFF, 0xFF, 0xFF,
    0xFF, 0xFF, 0xFF, 0xFF, 0xFF, 0xFF, 0xFF, 0xFF, 0xFF, 0xFF, 0xFF, 0xFF, 0xFF, 0xFF, 0xFF, 0xFF,
    0xFF, 0xFF, 0xFF, 0xFE, 0xFC, 0xFC, 0xFD, 0xFD, 0xFE, 0xFF, 0xFD, 0xF4, 0xE3, 0xC9, 0xA5, 0x77,
    0x48, 0x20, 0x07, 0x03, 0x00, 0x00, 0x02, 0x03, 0x02, 0x00, 0x00, 0x00, 0x00, 0x00, 0x00, 0x00,
    0x00, 0x00, 0x00, 0x00, 0x00, 0x00, 0x00, 0x00, 0x00, 0x00, 0x00, 0x00, 0x00, 0x00, 0x00, 0x00,
    0x00, 0x00, 0x00, 0x01, 0x02, 0x01, 0x00, 0x02, 0x02, 0x00, 0x00, 0x05, 0x0F, 0x1C, 0x3D, 0x69,
    0x9A, 0xC5, 0xE4, 0xF5, 0xFE, 0xFF, 0xFF, 0xFD, 0xFC, 0xFD, 0xFC, 0xFD, 0xFE, 0xFF, 0xFF, 0xFF,
    0xFF, 0xFF, 0xFF, 0xFF, 0xFF, 0xFF, 0xFF, 0xFF, 0xFF, 0xFF, 0xFF, 0xFF, 0xFF, 0xFF, 0xFF, 0xFF,
    0xFF, 0xFF, 0xFF, 0xFF, 0xFF, 0xFF, 0xFF, 0xFF, 0xFF, 0xFF, 0xFF, 0xFF, 0xFF, 0xFF, 0xFF, 0xFF,
    0xFF, 0xFF, 0xFF, 0xFF, 0xFF, 0xFF, 0xFF, 0xFF, 0xFF, 0xFF, 0xFF, 0xFF, 0xFF, 0xFF, 0xFF, 0xFF,
    0xFF, 0xFF, 0xFF, 0xFF, 0xFF, 0xFF, 0xFF, 0xFF, 0xFF, 0xFF, 0xFF, 0xFF, 0xFF, 0xFF, 0xFF, 0xFF,
    0xFF, 0xFF, 0xFF, 0xFF, 0xFF, 0xFF, 0xFF, 0xFF, 0xFF, 0xFF, 0xFF, 0xFF, 0xFF, 0xFF, 0xFF, 0xFF,
    0xFF, 0xFF, 0xFF, 0xFF, 0xFF, 0xFF, 0xFF, 0xFF, 0xFF, 0xFF, 0xFF, 0xFF, 0xFF, 0xFF, 0xFF, 0xFF,
    0xFF, 0xFF, 0xFF, 0xFF, 0xFF, 0xFF, 0xFF, 0xFF, 0xFF, 0xFF, 0xFF, 0xFF, 0xFF, 0xFF, 0xFF, 0xFF,
    0xFF, 0xFF, 0xFF, 0xFF, 0xFF, 0xFF, 0xFF, 0xFF, 0xFF, 0xFF, 0xFF, 0xFE, 0xFC, 0xFC, 0xFD, 0xFC,
    0xFD, 0xFF, 0xFF, 0xFE, 0xF4, 0xE3, 0xC4, 0x98, 0x67, 0x3B, 0x1C, 0x0F, 0x05, 0x00, 0x00, 0x03,
    0x02, 0x00, 0x01, 0x02, 0x01, 0x00, 0x00, 0x00, 0x00, 0x00, 0x00, 0x00, 0x00, 0x00, 0x00, 0x00,
    0x00, 0x00, 0x00, 0x00, 0x00, 0x00, 0x00, 0x00, 0x00, 0x00, 0x00, 0x02, 0x03, 0x02, 0x01, 0x02,
    0x02, 0x00, 0x00, 0x0E, 0x22, 0x3B, 0x5F, 0x8C, 0xB9, 0xDD, 0xF5, 0xFE, 0xFF, 0xFF, 0xFF, 0xFD,
    0xFD, 0xFE, 0xFD, 0xFE, 0xFE, 0xFF, 0xFF, 0xFF, 0xFF, 0xFF, 0xFF, 0xFF, 0xFF, 0xFF, 0xFF, 0xFF,
    0xFF, 0xFF, 0xFF, 0xFF, 0xFF, 0xFF, 0xFF, 0xFF, 0xFF, 0xFF, 0xFF, 0xFF, 0xFF, 0xFF, 0xFF, 0xFF,
    0xFF, 0xFF, 0xFF, 0xFF, 0xFF, 0xFF, 0xFF, 0xFF, 0xFF, 0xFF, 0xFF, 0xFF, 0xFF, 0xFF, 0xFF, 0xFF,
    0xFF, 0xFF, 0xFF, 0xFF, 0xFF, 0xFF, 0xFF, 0xFF, 0xFF, 0xFF, 0xFF, 0xFF, 0xFF, 0xFF, 0xFF, 0xFF,
    0xFF, 0xFF, 0xFF, 0xFF, 0xFF, 0xFF, 0xFF, 0xFF, 0xFF, 0xFF, 0xFF, 0xFF, 0xFF, 0xFF, 0xFF, 0xFF,
    0xFF, 0xFF, 0xFF, 0xFF, 0xFF, 0xFF, 0xFF, 0xFF, 0xFF, 0xFF, 0xFF, 0xFF, 0xFF, 0xFF, 0xFF, 0xFF,
    0xFF, 0xFF, 0xFF, 0xFF, 0xFF, 0xFF, 0xFF, 0xFF, 0xFF, 0xFF, 0xFF, 0xFF, 0xFF, 0xFF, 0xFF, 0xFF,
    0xFF, 0xFF, 0xFF, 0xFF, 0xFF, 0xFF, 0xFF, 0xFF, 0xFF, 0xFF, 0xFF, 0xFF, 0xFF, 0xFF, 0xFF, 0xFF,
    0xFF, 0xFF, 0xFF, 0xFE, 0xFE, 0xFD, 0xFE, 0xFD, 0xFD, 0xFF, 0xFF, 0xFF, 0xFD, 0xF4, 0xDD, 0xB8,
    0x8A, 0x5D, 0x3A, 0x22, 0x0E, 0x00, 0x00, 0x02, 0x02, 0x01, 0x02, 0x03, 0x02, 0x00, 0x00, 0x00,
    0x00, 0x00, 0x00, 0x00, 0x00, 0x00, 0x00, 0x00, 0x00, 0x00, 0x00, 0x00, 0x00, 0x00, 0x00, 0x00,
    0x00, 0x00, 0x00, 0x02, 0x04, 0x03, 0x01, 0x01, 0x01, 0x00, 0x05, 0x1C, 0x3A, 0x5D, 0x84, 0xAD,
    0xD2, 0xEE, 0xFD, 0xFF, 0xFF, 0xFF, 0xFE, 0xFD, 0xFD, 0xFF, 0xFF, 0xFF, 0xFF, 0xFF, 0xFF, 0xFF,
    0xFF, 0xFF, 0xFF, 0xFF, 0xFF, 0xFF, 0xFF, 0xFF, 0xFF, 0xFF, 0xFF, 0xFF, 0xFF, 0xFF, 0xFF, 0xFF,
    0xFF, 0xFF, 0xFF, 0xFF, 0xFF, 0xFF, 0xFF, 0xFF, 0xFF, 0xFF, 0xFF, 0xFF, 0xFF, 0xFF, 0xFF, 0xFF,
    0xFF, 0xFF, 0xFF, 0xFF, 0xFF, 0xFF, 0xFF, 0xFF, 0xFF, 0xFF, 0xFF, 0xFF, 0xFF, 0xFF, 0xFF, 0xFF,
    0xFF, 0xFF, 0xFF, 0xFF, 0xFF, 0xFF, 0xFF, 0xFF, 0xFF, 0xFF, 0xFF, 0xFF, 0xFF, 0xFF, 0xFF, 0xFF,
    0xFF, 0xFF, 0xFF, 0xFF, 0xFF, 0xFF, 0xFF, 0xFF, 0xFF, 0xFF, 0xFF, 0xFF, 0xFF, 0xFF, 0xFF, 0xFF,
    0xFF, 0xFF, 0xFF, 0xFF, 0xFF, 0xFF, 0xFF, 0xFF, 0xFF, 0xFF, 0xFF, 0xFF, 0xFF, 0xFF, 0xFF, 0xFF,
    0xFF, 0xFF, 0xFF, 0xFF, 0xFF, 0xFF, 0xFF, 0xFF, 0xFF, 0xFF, 0xFF, 0xFF, 0xFF, 0xFF, 0xFF, 0xFF,
    0xFF, 0xFF, 0xFF, 0xFF, 0xFF, 0xFF, 0xFF, 0xFF, 0xFF, 0xFF, 0xFF, 0xFF, 0xFF, 0xFF, 0xFF, 0xFD,
    0xFD, 0xFE, 0xFF, 0xFF, 0xFF, 0xFD, 0xED, 0xD1, 0xAB, 0x82, 0x5B, 0x39, 0x1B, 0x05, 0x00, 0x01,
    0x01, 0x01, 0x03, 0x04, 0x02, 0x00, 0x00, 0x00, 0x00, 0x00, 0x00, 0x00, 0x00, 0x00, 0x00, 0x00,
    0x00, 0x00, 0x00, 0x00, 0x00, 0x00, 0x00, 0x00, 0x00, 0x00, 0x00, 0x02, 0x04, 0x03, 0x00, 0x00,
    0x00, 0x01, 0x0C, 0x2B, 0x53, 0x7F, 0xA6, 0xC8, 0xE4, 0xF7, 0xFF, 0xFE, 0xFE, 0xFE, 0xFC, 0xFB,
    0xFD, 0xFF, 0xFF, 0xFF, 0xFF, 0xFF, 0xFF, 0xFF, 0xFF, 0xFF, 0xFF, 0xFF, 0xFF, 0xFF, 0xFF, 0xFF,
    0xFF, 0xFF, 0xFF, 0xFF, 0xFF, 0xFF, 0xFF, 0xFF, 0xFF, 0xFF, 0xFF, 0xFF, 0xFF, 0xFF, 0xFF, 0xFF,
    0xFF, 0xFF, 0xFF, 0xFF, 0xFF, 0xFF, 0xFF, 0xFF, 0xFF, 0xFF, 0xFF, 0xFF, 0xFF, 0xFF, 0xFF, 0xFF,
    0xFF, 0xFF, 0xFF, 0xFF, 0xFF, 0xFF, 0xFF, 0xFF, 0xFF, 0xFF, 0xFF, 0xFF, 0xFF, 0xFF, 0xFF, 0xFF,
    0xFF, 0xFF, 0xFF, 0xFF, 0xFF, 0xFF, 0xFF, 0xFF, 0xFF, 0xFF, 0xFF, 0xFF, 0xFF, 0xFF, 0xFF, 0xFF,
    0xFF, 0xFF, 0xFF, 0xFF, 0xFF, 0xFF, 0xFF, 0xFF, 0xFF, 0xFF, 0xFF, 0xFF, 0xFF, 0xFF, 0xFF, 0xFF,
    0xFF, 0xFF, 0xFF, 0xFF, 0xFF, 0xFF, 0xFF, 0xFF, 0xFF, 0xFF, 0xFF, 0xFF, 0xFF, 0xFF, 0xFF, 0xFF,
    0xFF, 0xFF, 0xFF, 0xFF, 0xFF, 0xFF, 0xFF, 0xFF, 0xFF, 0xFF, 0xFF, 0xFF, 0xFF, 0xFF, 0xFF, 0xFF,
    0xFF, 0xFF, 0xFF, 0xFF, 0xFF, 0xFF, 0xFF, 0xFD, 0xFB, 0xFC, 0xFE, 0xFE, 0xFE, 0xFF, 0xF7, 0xE4,
    0xC7, 0xA4, 0x7D, 0x52, 0x2A, 0x0C, 0x00, 0x00, 0x00, 0x00, 0x03, 0x04, 0x02, 0x00, 0x00, 0x00,
    0x00, 0x00, 0x00, 0x00, 0x00, 0x00, 0x00, 0x00, 0x00, 0x00, 0x00, 0x00, 0x00, 0x00, 0x00, 0x00,
    0x00, 0x00, 0x00, 0x02, 0x04, 0x03, 0x00, 0x00, 0x00, 0x07, 0x19, 0x41, 0x6F, 0xA0, 0xC6, 0xE0,
    0xF3, 0xFE, 0xFF, 0xFE, 0xFD, 0xFD, 0xFC, 0xFB, 0xFD, 0xFF, 0xFF, 0xFF, 0xFF, 0xFF, 0xFF, 0xFF,
    0xFF, 0xFF, 0xFF, 0xFF, 0xFF, 0xFF, 0xFF, 0xFF, 0xFF, 0xFF, 0xFF, 0xFF, 0xFF, 0xFF, 0xFF, 0xFF,
    0xFF, 0xFF, 0xFF, 0xFF, 0xFF, 0xFF, 0xFF, 0xFF, 0xFF, 0xFF, 0xFF, 0xFF, 0xFF, 0xFF, 0xFF, 0xFF,
    0xFF, 0xFF, 0xFF, 0xFF, 0xFF, 0xFF, 0xFF, 0xFF, 0xFF, 0xFF, 0xFF, 0xFF, 0xFF, 0xFF, 0xFF, 0xFF,
    0xFF, 0xFF, 0xFF, 0xFF, 0xFF, 0xFF, 0xFF, 0xFF, 0xFF, 0xFF, 0xFF, 0xFF, 0xFF, 0xFF, 0xFF, 0xFF,
    0xFF, 0xFF, 0xFF, 0xFF, 0xFF, 0xFF, 0xFF, 0xFF, 0xFF, 0xFF, 0xFF, 0xFF, 0xFF, 0xFF, 0xFF, 0xFF,
    0xFF, 0xFF, 0xFF, 0xFF, 0xFF, 0xFF, 0xFF, 0xFF, 0xFF, 0xFF, 0xFF, 0xFF, 0xFF, 0xFF, 0xFF, 0xFF,
    0xFF, 0xFF, 0xFF, 0xFF, 0xFF, 0xFF, 0xFF, 0xFF, 0xFF, 0xFF, 0xFF, 0xFF, 0xFF, 0xFF, 0xFF, 0xFF,
    0xFF, 0xFF, 0xFF, 0xFF, 0xFF, 0xFF, 0xFF, 0xFF, 0xFF, 0xFF, 0xFF, 0xFF, 0xFF, 0xFF, 0xFF, 0xFD,
    0xFB, 0xFC, 0xFD, 0xFD, 0xFE, 0xFF, 0xFE, 0xF2, 0xDF, 0xC4, 0x9E, 0x6E, 0x3F, 0x19, 0x05, 0x00,
    0x00, 0x00, 0x03, 0x04, 0x02, 0x00, 0x00, 0x00, 0x00, 0x00, 0x00, 0x00, 0x00, 0x00, 0x00, 0x00,
    0x00, 0x00, 0x00, 0x00, 0x00, 0x00, 0x00, 0x01, 0x01, 0x00, 0x00, 0x02, 0x04, 0x04, 0x00, 0x00,
    0x06, 0x13, 0x2E, 0x5B, 0x8E, 0xBE, 0xE1, 0xF2, 0xFB, 0xFF, 0xFF, 0xFE, 0xFE, 0xFE, 0xFD, 0xFC,
    0xFE, 0xFF, 0xFF, 0xFF, 0xFF, 0xFF, 0xFF, 0xFF, 0xFF, 0xFF, 0xFF, 0xFF, 0xFF, 0xFF, 0xFF, 0xFF,
    0xFF, 0xFF, 0xFF, 0xFF, 0xFF, 0xFF, 0xFF, 0xFF, 0xFF, 0xFF, 0xFF, 0xFF, 0xFF, 0xFF, 0xFF, 0xFF,
    0xFF, 0xFF, 0xFF, 0xFF, 0xFE, 0xFE, 0xFE, 0xFE, 0xFE, 0xFE, 0xFE, 0xFE, 0xFE, 0xFE, 0xFE, 0xFE,
    0xFE, 0xFE, 0xFE, 0xFE, 0xFE, 0xFE, 0xFE, 0xFE, 0xFE, 0xFE, 0xFF, 0xFF, 0xFF, 0xFF, 0xFF, 0xFF,
    0xFF, 0xFF, 0xFF, 0xFF, 0xFF, 0xFF, 0xFF, 0xFF, 0xFF, 0xFF, 0xFF, 0xFF, 0xFF, 0xFF, 0xFF, 0xFF,
    0xFF, 0xFF, 0xFF, 0xFF, 0xFF, 0xFF, 0xFF, 0xFF, 0xFF, 0xFF, 0xFF, 0xFF, 0xFF, 0xFF, 0xFF, 0xFF,
    0xFF, 0xFF, 0xFF, 0xFF, 0xFF, 0xFF, 0xFF, 0xFF, 0xFF, 0xFF, 0xFF, 0xFF, 0xFF, 0xFF, 0xFF, 0xFF,
    0xFF, 0xFF, 0xFF, 0xFF, 0xFF, 0xFF, 0xFF, 0xFF, 0xFF, 0xFF, 0xFF, 0xFF, 0xFF, 0xFF, 0xFF, 0xFF,
    0xFF, 0xFF, 0xFF, 0xFF, 0xFF, 0xFF, 0xFF, 0xFE, 0xFC, 0xFD, 0xFE, 0xFE, 0xFE, 0xFF, 0xFF, 0xFB,
    0xF1, 0xE0, 0xBD, 0x8C, 0x58, 0x2D, 0x11, 0x04, 0x00, 0x00, 0x03, 0x03, 0x02, 0x00, 0x00, 0x01,
    0x01, 0x00, 0x00, 0x00, 0x00, 0x00, 0x00, 0x00, 0x00, 0x00, 0x00, 0x00, 0x00, 0x00, 0x00, 0x01,
    0x02, 0x01, 0x00, 0x01, 0x02, 0x02, 0x02, 0x05, 0x12, 0x28, 0x49, 0x78, 0xAA, 0xD6, 0xF3, 0xFC,
    0xFF, 0xFF, 0xFF, 0xFD, 0xFE, 0xFF, 0xFF, 0xFE, 0xFF, 0xFF, 0xFF, 0xFF, 0xFF, 0xFF, 0xFF, 0xFF,
    0xFF, 0xFF, 0xFF, 0xFF, 0xFF, 0xFF, 0xFF, 0xFF, 0xFF, 0xFF, 0xFF, 0xFF, 0xFF, 0xFF, 0xFF, 0xFF,
    0xFF, 0xFF, 0xFF, 0xFF, 0xFF, 0xFF, 0xFF, 0xFF, 0xFF, 0xFF, 0xFF, 0xFF, 0xFF, 0xFF, 0xFF, 0xFF,
    0xFF, 0xFF, 0xFF, 0xFF, 0xFF, 0xFF, 0xFF, 0xFF, 0xFF, 0xFF, 0xFF, 0xFF, 0xFF, 0xFF, 0xFF, 0xFF,
    0xFF, 0xFF, 0xFF, 0xFF, 0xFF, 0xFF, 0xFF, 0xFF, 0xFF, 0xFF, 0xFF, 0xFF, 0xFF, 0xFF, 0xFF, 0xFF,
    0xFF, 0xFF, 0xFF, 0xFF, 0xFF, 0xFF, 0xFF, 0xFF, 0xFF, 0xFF, 0xFF, 0xFF, 0xFF, 0xFF, 0xFF, 0xFF,
    0xFF, 0xFF, 0xFF, 0xFF, 0xFF, 0xFF, 0xFF, 0xFF, 0xFF, 0xFF, 0xFF, 0xFF, 0xFF, 0xFF, 0xFF, 0xFF,
    0xFF, 0xFF, 0xFF, 0xFF, 0xFF, 0xFF, 0xFF, 0xFF, 0xFF, 0xFF, 0xFF, 0xFF, 0xFF, 0xFF, 0xFF, 0xFF,
    0xFF, 0xFF, 0xFF, 0xFF, 0xFF, 0xFF, 0xFF, 0xFF, 0xFF, 0xFF, 0xFF, 0xFF, 0xFF, 0xFF, 0xFF, 0xFF,
    0xFE, 0xFF, 0xFF, 0xFE, 0xFD, 0xFF, 0xFF, 0xFF, 0xFC, 0xF3, 0xD5, 0xA9, 0x75, 0x47, 0x25, 0x0F,
    0x04, 0x01, 0x02, 0x02, 0x01, 0x00, 0x01, 0x02, 0x01, 0x00, 0x00, 0x00, 0x00, 0x00, 0x00, 0x00,
    0x00, 0x00, 0x00, 0x00, 0x00, 0x00, 0x00, 0x01, 0x02, 0x01, 0x00, 0x00, 0x00, 0x00, 0x02, 0x0E,
    0x24, 0x42, 0x68, 0x96, 0xC3, 0xE7, 0xFD, 0xFF, 0xFF, 0xFE, 0xFC, 0xFB, 0xFE, 0xFF, 0xFF, 0xFE,
    0xFF, 0xFF, 0xFF, 0xFF, 0xFF, 0xFF, 0xFF, 0xFF, 0xFF, 0xFF, 0xFF, 0xFF, 0xFF, 0xFF, 0xFF, 0xFF,
    0xFF, 0xFF, 0xFF, 0xFF, 0xFF, 0xFF, 0xFF, 0xFF, 0xFF, 0xFF, 0xFF, 0xFF, 0xFF, 0xFF, 0xFF, 0xFF,
    0xFF, 0xFF, 0xFF, 0xFF, 0xFF, 0xFF, 0xFF, 0xFF, 0xFF, 0xFF, 0xFF, 0xFF, 0xFF, 0xFF, 0xFF, 0xFF,
    0xFF, 0xFF, 0xFF, 0xFF, 0xFF, 0xFF, 0xFF, 0xFF, 0xFF, 0xFF, 0xFF, 0xFF, 0xFF, 0xFF, 0xFF, 0xFF,
    0xFF, 0xFF, 0xFF, 0xFF, 0xFF, 0xFF, 0xFF, 0xFF, 0xFF, 0xFF, 0xFF, 0xFF, 0xFF, 0xFF, 0xFF, 0xFF,
    0xFF, 0xFF, 0xFF, 0xFF, 0xFF, 0xFF, 0xFF, 0xFF, 0xFF, 0xFF, 0xFF, 0xFF, 0xFF, 0xFF, 0xFF, 0xFF,
    0xFF, 0xFF, 0xFF, 0xFF, 0xFF, 0xFF, 0xFF, 0xFF, 0xFF, 0xFF, 0xFF, 0xFF, 0xFF, 0xFF, 0xFF, 0xFF,
    0xFF, 0xFF, 0xFF, 0xFF, 0xFF, 0xFF, 0xFF, 0xFF, 0xFF, 0xFF, 0xFF, 0xFF, 0xFF, 0xFF, 0xFF, 0xFF,
    0xFF, 0xFF, 0xFF, 0xFF, 0xFF, 0xFF, 0xFF, 0xFF, 0xFE, 0xFF, 0xFF, 0xFE, 0xFB, 0xFC, 0xFE, 0xFF,
    0xFF, 0xFE, 0xE7, 0xC2, 0x93, 0x66, 0x3F, 0x21, 0x0D, 0x02, 0x00, 0x00, 0x00, 0x00, 0x01, 0x02,
    0x01, 0x00, 0x00, 0x00, 0x00, 0x00, 0x00, 0x00, 0x00, 0x00, 0x00, 0x00, 0x00, 0x00, 0x00, 0x01,
    0x03, 0x02, 0x00, 0x00, 0x00, 0x00, 0x06, 0x1C, 0x3D, 0x64, 0x8D, 0xB6, 0xDA, 0xF4, 0xFF, 0xFF,
    0xFF, 0xFE, 0xFB, 0xFB, 0xFD, 0xFF, 0xFF, 0xFF, 0xFF, 0xFF, 0xFF, 0xFF, 0xFF, 0xFF, 0xFF, 0xFF,
    0xFF, 0xFF, 0xFE, 0xFE, 0xFE, 0xFE, 0xFE, 0xFE, 0xFE, 0xFE, 0xFE, 0xFE, 0xFE, 0xFE, 0xFE, 0xFE,
    0xFE, 0xFE, 0xFE, 0xFE, 0xFE, 0xFE, 0xFE, 0xFE, 0xFE, 0xFE, 0xFE, 0xFE, 0xFE, 0xFE, 0xFE, 0xFE,
    0xFE, 0xFE, 0xFE, 0xFE, 0xFE, 0xFE, 0xFE, 0xFE, 0xFE, 0xFE, 0xFE, 0xFE, 0xFE, 0xFE, 0xFE, 0xFE,
    0xFE, 0xFE, 0xFE, 0xFE, 0xFE, 0xFE, 0xFE, 0xFE, 0xFE, 0xFE, 0xFE, 0xFE, 0xFE, 0xFE, 0xFE, 0xFE,
    0xFE, 0xFE, 0xFE, 0xFE, 0xFE, 0xFE, 0xFE, 0xFE, 0xFE, 0xFE, 0xFE, 0xFE, 0xFF, 0xFF, 0xFF, 0xFF,
    0xFF, 0xFF, 0xFF, 0xFF, 0xFF, 0xFF, 0xFF, 0xFF, 0xFF, 0xFF, 0xFF, 0xFF, 0xFF, 0xFF, 0xFF, 0xFF,
    0xFF, 0xFF, 0xFF, 0xFF, 0xFF, 0xFF, 0xFF, 0xFF, 0xFF, 0xFF, 0xFF, 0xFF, 0xFF, 0xFF, 0xFF, 0xFF,
    0xFF, 0xFF, 0xFF, 0xFF, 0xFF, 0xFF, 0xFF, 0xFF, 0xFF, 0xFF, 0xFF, 0xFF, 0xFF, 0xFF, 0xFF, 0xFF,
    0xFF, 0xFF, 0xFF, 0xFD, 0xFB, 0xFB, 0xFE, 0xFF, 0xFF, 0xFF, 0xF4, 0xDA, 0xB4, 0x8B, 0x62, 0x3B,
    0x1B, 0x05, 0x00, 0x00, 0x00, 0x00, 0x02, 0x03, 0x01, 0x00, 0x00, 0x00, 0x00, 0x00, 0x00, 0x00,
    0x00, 0x00, 0x00, 0x00, 0x00, 0x00, 0x00, 0x01, 0x04, 0x03, 0x00, 0x00, 0x00, 0x00, 0x0E, 0x30,
    0x5C, 0x8A, 0xB2, 0xD4, 0xED, 0xFC, 0xFF, 0xFF, 0xFF, 0xFF, 0xFC, 0xFC, 0xFE, 0xFF, 0xFF, 0xFF,
    0xFF, 0xFF, 0xFF, 0xFF, 0xFF, 0xFF, 0xFF, 0xFF, 0xFE, 0xFE, 0xFE, 0xFE, 0xFE, 0xFE, 0xFD, 0xFD,
    0xFD, 0xFD, 0xFD, 0xFD, 0xFD, 0xFC, 0xFC, 0xFC, 0xFC, 0xFC, 0xFC, 0xFC, 0xFC, 0xFC, 0xFC, 0xFC,
    0xFC, 0xFC, 0xFC, 0xFC, 0xFC, 0xFC, 0xFC, 0xFC, 0xFC, 0xFC, 0xFC, 0xFC, 0xFC, 0xFC, 0xFC, 0xFC,
    0xFC, 0xFC, 0xFC, 0xFC, 0xFC, 0xFC, 0xFC, 0xFC, 0xFC, 0xFC, 0xFC, 0xFC, 0xFC, 0xFC, 0xFC, 0xFC,
    0xFC, 0xFC, 0xFC, 0xFC, 0xFC, 0xFC, 0xFC, 0xFC, 0xFC, 0xFD, 0xFD, 0xFD, 0xFD, 0xFD, 0xFD, 0xFD,
    0xFE, 0xFE, 0xFE, 0xFE, 0xFE, 0xFE, 0xFF, 0xFF, 0xFF, 0xFF, 0xFF, 0xFF, 0xFF, 0xFF, 0xFF, 0xFF,
    0xFF, 0xFF, 0xFF, 0xFF, 0xFF, 0xFF, 0xFF, 0xFF, 0xFF, 0xFF, 0xFF, 0xFF, 0xFF, 0xFF, 0xFF, 0xFF,
    0xFF, 0xFF, 0xFF, 0xFF, 0xFF, 0xFF, 0xFF, 0xFF, 0xFF, 0xFF, 0xFF, 0xFF, 0xFF, 0xFF, 0xFF, 0xFF,
    0xFF, 0xFF, 0xFF, 0xFF, 0xFF, 0xFF, 0xFF, 0xFF, 0xFF, 0xFF, 0xFF, 0xFE, 0xFC, 0xFC, 0xFF, 0xFF,
    0xFF, 0xFF, 0xFD, 0xED, 0xD2, 0xB0, 0x87, 0x5B, 0x2F, 0x0E, 0x00, 0x00, 0x00, 0x00, 0x03, 0x04,
    0x01, 0x00, 0x00, 0x00, 0x00, 0x00, 0x00, 0x00, 0x00, 0x00, 0x00, 0x00, 0x00, 0x00, 0x00, 0x01,
    0x04, 0x03, 0x00, 0x00, 0x00, 0x00, 0x1B, 0x45, 0x79, 0xAB, 0xD0, 0xEB, 0xFA, 0xFF, 0xFF, 0xFF,
    0xFF, 0xFF, 0xFE, 0xFE, 0xFE, 0xFF, 0xFF, 0xFF, 0xFF, 0xFF, 0xFF, 0xFF, 0xFF, 0xFF, 0xFF, 0xFF,
    0xFF, 0xFE, 0xFE, 0xFE, 0xFE, 0xFE, 0xFE, 0xFE, 0xFE, 0xFE, 0xFE, 0xFD, 0xFD, 0xFD, 0xFD, 0xFD,
    0xFD, 0xFD, 0xFD, 0xFD, 0xFD, 0xFD, 0xFD, 0xFD, 0xFD, 0xFD, 0xFD, 0xFD, 0xFD, 0xFD, 0xFD, 0xFD,
    0xFD, 0xFD, 0xFD, 0xFD, 0xFD, 0xFD, 0xFD, 0xFD, 0xFD, 0xFD, 0xFD, 0xFD, 0xFD, 0xFD, 0xFD, 0xFD,
    0xFD, 0xFD, 0xFD, 0xFD, 0xFD, 0xFD, 0xFD, 0xFD, 0xFD, 0xFD, 0xFD, 0xFD, 0xFD, 0xFD, 0xFD, 0xFD,
    0xFD, 0xFD, 0xFD, 0xFE, 0xFE, 0xFE, 0xFE, 0xFE, 0xFE, 0xFE, 0xFE, 0xFE, 0xFE, 0xFF, 0xFF, 0xFF,
    0xFF, 0xFF, 0xFF, 0xFF, 0xFF, 0xFF, 0xFF, 0xFF, 0xFF, 0xFF, 0xFF, 0xFF, 0xFF, 0xFF, 0xFF, 0xFF,
    0xFF, 0xFF, 0xFF, 0xFF, 0xFF, 0xFF, 0xFF, 0xFF, 0xFF, 0xFF, 0xFF, 0xFF, 0xFF, 0xFF, 0xFF, 0xFF,
    0xFF, 0xFF, 0xFF, 0xFF, 0xFF, 0xFF, 0xFF, 0xFF, 0xFF, 0xFF, 0xFF, 0xFF, 0xFF, 0xFF, 0xFF, 0xFF,
    0xFF, 0xFF, 0xFF, 0xFE, 0xFE, 0xFE, 0xFF, 0xFF, 0xFF, 0xFF, 0xFF, 0xF9, 0xEA, 0xCF, 0xA9, 0x79,
    0x44, 0x1B, 0x00, 0x00, 0x00, 0x00, 0x03, 0x04, 0x01, 0x00, 0x00, 0x00, 0x00, 0x00, 0x00, 0x00,
    0x00, 0x00, 0x00, 0x00, 0x00, 0x00, 0x00, 0x01, 0x04, 0x02, 0x00, 0x01, 0x03, 0x0A, 0x2A, 0x5B,
    0x92, 0xC3, 0xE5, 0xF9, 0xFF, 0xFF, 0xFB, 0xFD, 0xFE, 0xFF, 0xFE, 0xFE, 0xFE, 0xFF, 0xFF, 0xFF,
    0xFF, 0xFF, 0xFF, 0xFF, 0xFF, 0xFF, 0xFF, 0xFF, 0xFF, 0xFF, 0xFF, 0xFF, 0xFF, 0xFF, 0xFF, 0xFF,
    0xFF, 0xFF, 0xFF, 0xFF, 0xFF, 0xFF, 0xFF, 0xFF, 0xFF, 0xFF, 0xFF, 0xFF, 0xFF, 0xFF, 0xFF, 0xFF,
    0xFF, 0xFF, 0xFF, 0xFF, 0xFF, 0xFF, 0xFF, 0xFF, 0xFF, 0xFF, 0xFF, 0xFF, 0xFF, 0xFF, 0xFF, 0xFF,
    0xFF, 0xFF, 0xFF, 0xFF, 0xFF, 0xFF, 0xFF, 0xFF, 0xFF, 0xFF, 0xFF, 0xFF, 0xFF, 0xFF, 0xFF, 0xFF,
    0xFF, 0xFF, 0xFF, 0xFF, 0xFF, 0xFF, 0xFF, 0xFF, 0xFF, 0xFF, 0xFF, 0xFF, 0xFF, 0xFF, 0xFF, 0xFF,
    0xFF, 0xFF, 0xFF, 0xFF, 0xFF, 0xFF, 0xFF, 0xFF, 0xFF, 0xFF, 0xFF, 0xFF, 0xFF, 0xFF, 0xFF, 0xFF,
    0xFF, 0xFF, 0xFF, 0xFF, 0xFF, 0xFF, 0xFF, 0xFF, 0xFF, 0xFF, 0xFF, 0xFF, 0xFF, 0xFF, 0xFF, 0xFF,
    0xFF, 0xFF, 0xFF, 0xFF, 0xFF, 0xFF, 0xFF, 0xFF, 0xFF, 0xFF, 0xFF, 0xFF, 0xFF, 0xFF, 0xFF, 0xFF,
    0xFF, 0xFF, 0xFF, 0xFF, 0xFF, 0xFF, 0xFF, 0xFF, 0xFF, 0xFF, 0xFF, 0xFE, 0xFE, 0xFE, 0xFF, 0xFE,
    0xFD, 0xFC, 0xFF, 0xFF, 0xF8, 0xE5, 0xC3, 0x92, 0x5A, 0x2A, 0x0A, 0x03, 0x01, 0x00, 0x02, 0x04,
    0x01, 0x00, 0x00, 0x00, 0x00, 0x00, 0x00, 0x00, 0x00, 0x00, 0x00, 0x00, 0x01, 0x01, 0x00, 0x01,
    0x03, 0x01, 0x01, 0x06, 0x0E, 0x1D, 0x40, 0x71, 0xA7, 0xD5, 0xF3, 0xFF, 0xFF, 0xFF, 0xFA, 0xFC,
    0xFE, 0xFF, 0xFF, 0xFF, 0xFE, 0xFF, 0xFF, 0xFF, 0xFF, 0xFF, 0xFF, 0xFE, 0xFE, 0xFE, 0xFE, 0xFE,
    0xFF, 0xFF, 0xFF, 0xFF, 0xFF, 0xFF, 0xFF, 0xFF, 0xFF, 0xFF, 0xFF, 0xFF, 0xFF, 0xFF, 0xFF, 0xFF,
    0xFF, 0xFF, 0xFF, 0xFF, 0xFF, 0xFF, 0xFF, 0xFF, 0xFF, 0xFF, 0xFF, 0xFF, 0xFF, 0xFF, 0xFF, 0xFF,
    0xFF, 0xFF, 0xFF, 0xFF, 0xFF, 0xFF, 0xFF, 0xFF, 0xFF, 0xFF, 0xFF, 0xFF, 0xFF, 0xFF, 0xFF, 0xFF,
    0xFF, 0xFF, 0xFF, 0xFF, 0xFF, 0xFF, 0xFF, 0xFF, 0xFF, 0xFF, 0xFF, 0xFF, 0xFF, 0xFF, 0xFF, 0xFF,
    0xFF, 0xFF, 0xFF, 0xFF, 0xFF, 0xFF, 0xFF, 0xFF, 0xFF, 0xFF, 0xFF, 0xFF, 0xFF, 0xFE, 0xFE, 0xFE,
    0xFD, 0xFD, 0xFD, 0xFD, 0xFD, 0xFD, 0xFE, 0xFE, 0xFE, 0xFE, 0xFE, 0xFE, 0xFF, 0xFF, 0xFF, 0xFF,
    0xFF, 0xFF, 0xFF, 0xFF, 0xFF, 0xFF, 0xFF, 0xFF, 0xFF, 0xFF, 0xFF, 0xFF, 0xFF, 0xFF, 0xFF, 0xFF,
    0xFF, 0xFF, 0xFF, 0xFF, 0xFF, 0xFF, 0xFF, 0xFF, 0xFF, 0xFF, 0xFF, 0xFF, 0xFF, 0xFF, 0xFF, 0xFF,
    0xFF, 0xFF, 0xFF, 0xFE, 0xFF, 0xFF, 0xFF, 0xFE, 0xFC, 0xFB, 0xFF, 0xFF, 0xFF, 0xF3, 0xD5, 0xA7,
    0x70, 0x40, 0x1C, 0x0E, 0x06, 0x01, 0x01, 0x03, 0x01, 0x00, 0x01, 0x01, 0x00, 0x00, 0x00, 0x00,
    0x00, 0x00, 0x00, 0x01, 0x02, 0x01, 0x00, 0x01, 0x03, 0x01, 0x03, 0x0E, 0x1E, 0x35, 0x5B, 0x89,
    0xB8, 0xE0, 0xFA, 0xFF, 0xFF, 0xFF, 0xFC, 0xFC, 0xFE, 0xFF, 0xFF, 0xFF, 0xFF, 0xFF, 0xFF, 0xFF,
    0xFF, 0xFF, 0xFE, 0xFD, 0xFD, 0xFC, 0xFC, 0xFC, 0xFD, 0xFD, 0xFE, 0xFE, 0xFE, 0xFF, 0xFF, 0xFF,
    0xFF, 0xFF, 0xFF, 0xFF, 0xFF, 0xFF, 0xFF, 0xFF, 0xFF, 0xFF, 0xFF, 0xFF, 0xFF, 0xFF, 0xFF, 0xFF,
    0xFF, 0xFF, 0xFF, 0xFF, 0xFF, 0xFF, 0xFF, 0xFF, 0xFF, 0xFF, 0xFF, 0xFF, 0xFF, 0xFF, 0xFF, 0xFF,
    0xFF, 0xFF, 0xFF, 0xFF, 0xFF, 0xFF, 0xFF, 0xFF, 0xFF, 0xFF, 0xFF, 0xFF, 0xFF, 0xFF, 0xFF, 0xFF,
    0xFF, 0xFF, 0xFF, 0xFF, 0xFF, 0xFF, 0xFF, 0xFF, 0xFF, 0xFF, 0xFF, 0xFF, 0xFF, 0xFF, 0xFF, 0xFF,
    0xFF, 0xFF, 0xFE, 0xFE, 0xFD, 0xFD, 0xFC, 0xFC, 0xFB, 0xFB, 0xFB, 0xFB, 0xFC, 0xFC, 0xFC, 0xFD,
    0xFD, 0xFD, 0xFE, 0xFE, 0xFE, 0xFF, 0xFF, 0xFF, 0xFF, 0xFF, 0xFF, 0xFF, 0xFF, 0xFF, 0xFF, 0xFF,
    0xFF, 0xFF, 0xFF, 0xFF, 0xFF, 0xFF, 0xFF, 0xFF, 0xFF, 0xFF, 0xFF, 0xFF, 0xFF, 0xFF, 0xFF, 0xFF,
    0xFF, 0xFF, 0xFF, 0xFF, 0xFF, 0xFF, 0xFF, 0xFF, 0xFF, 0xFF, 0xFF, 0xFF, 0xFF, 0xFF, 0xFF, 0xFE,
    0xFC, 0xFC, 0xFF, 0xFF, 0xFF, 0xFA, 0xE0, 0xB8, 0x87, 0x59, 0x34, 0x1E, 0x0D, 0x03, 0x01, 0x03,
    0x01, 0x00, 0x01, 0x02, 0x01, 0x00, 0x00, 0x00, 0x00, 0x00, 0x00, 0x01, 0x03, 0x02, 0x00, 0x01,
    0x01, 0x00, 0x07, 0x18, 0x31, 0x50, 0x75, 0x9F, 0xC7, 0xE7, 0xFB, 0xFF, 0xFF, 0xFF, 0xFD, 0xFC,
    0xFE, 0xFF, 0xFF, 0xFF, 0xFF, 0xFF, 0xFF, 0xFF, 0xFF, 0xFF, 0xFE, 0xFE, 0xFD, 0xFD, 0xFD, 0xFD,
    0xFD, 0xFD, 0xFE, 0xFE, 0xFE, 0xFE, 0xFE, 0xFF, 0xFF, 0xFF, 0xFF, 0xFF, 0xFF, 0xFF, 0xFF, 0xFF,
    0xFF, 0xFF, 0xFF, 0xFF, 0xFF, 0xFF, 0xFF, 0xFD, 0xFC, 0xFB, 0xFA, 0xF9, 0xF9, 0xF7, 0xF8, 0xF7,
    0xF6, 0xF6, 0xF6, 0xF7, 0xF7, 0xF7, 0xF7, 0xF7, 0xF7, 0xF7, 0xF7, 0xF6, 0xF6, 0xF7, 0xF7, 0xF7,
    0xF8, 0xF8, 0xFA, 0xFA, 0xFB, 0xFC, 0xFD, 0xFE, 0xFF, 0xFF, 0xFF, 0xFF, 0xFF, 0xFF, 0xFF, 0xFF,
    0xFF, 0xFF, 0xFF, 0xFF, 0xFF, 0xFF, 0xFF, 0xFF, 0xFE, 0xFE, 0xFE, 0xFE, 0xFD, 0xFD, 0xFD, 0xFD,
    0xFC, 0xFC, 0xFC, 0xFC, 0xFD, 0xFD, 0xFD, 0xFD, 0xFE, 0xFE, 0xFE, 0xFE, 0xFF, 0xFF, 0xFF, 0xFF,
    0xFF, 0xFF, 0xFF, 0xFF, 0xFF, 0xFF, 0xFF, 0xFF, 0xFF, 0xFF, 0xFF, 0xFF, 0xFF, 0xFF, 0xFF, 0xFF,
    0xFF, 0xFF, 0xFF, 0xFF, 0xFF, 0xFF, 0xFF, 0xFF, 0xFF, 0xFF, 0xFF, 0xFF, 0xFF, 0xFF, 0xFF, 0xFF,
    0xFF, 0xFF, 0xFF, 0xFF, 0xFF, 0xFF, 0xFF, 0xFE, 0xFC, 0xFD, 0xFF, 0xFF, 0xFF, 0xFB, 0xE7, 0xC6,
    0x9D, 0x74, 0x4E, 0x30, 0x17, 0x07, 0x00, 0x01, 0x01, 0x00, 0x02, 0x03, 0x01, 0x00, 0x00, 0x00,
    0x00, 0x00, 0x00, 0x01, 0x03, 0x02, 0x00, 0x00, 0x00, 0x00, 0x0B, 0x23, 0x43, 0x69, 0x8E, 0xB3,
    0xD3, 0xEB, 0xFA, 0xFE, 0xFE, 0xFE, 0xFD, 0xFC, 0xFE, 0xFF, 0xFF, 0xFF, 0xFF, 0xFF, 0xFF, 0xFF,
    0xFF, 0xFF, 0xFF, 0xFF, 0xFF, 0xFF, 0xFF, 0xFF, 0xFF, 0xFF, 0xFF, 0xFF, 0xFF, 0xFF, 0xFF, 0xFF,
    0xFF, 0xFE, 0xFD, 0xFD, 0xFC, 0xFC, 0xFC, 0xFC, 0xFB, 0xFA, 0xFA, 0xF8, 0xF6, 0xF4, 0xF1, 0xEE,
    0xEB, 0xE8, 0xE5, 0xE2, 0xE0, 0xDD, 0xDD, 0xDB, 0xDA, 0xDA, 0xDA, 0xDA, 0xDA, 0xDA, 0xDA, 0xDA,
    0xDA, 0xDA, 0xDA, 0xDA, 0xDA, 0xDB, 0xDB, 0xDD, 0xDF, 0xE0, 0xE3, 0xE5, 0xE8, 0xEB, 0xEE, 0xF2,
    0xF6, 0xF8, 0xFA, 0xFB, 0xFB, 0xFC, 0xFC, 0xFC, 0xFC, 0xFC, 0xFD, 0xFD, 0xFE, 0xFF, 0xFF, 0xFF,
    0xFF, 0xFF, 0xFF, 0xFF, 0xFF, 0xFF, 0xFF, 0xFF, 0xFF, 0xFF, 0xFF, 0xFF, 0xFF, 0xFF, 0xFF, 0xFF,
    0xFF, 0xFF, 0xFF, 0xFF, 0xFF, 0xFF, 0xFF, 0xFF, 0xFF, 0xFF, 0xFF, 0xFF, 0xFF, 0xFF, 0xFF, 0xFF,
    0xFF, 0xFF, 0xFF, 0xFF, 0xFF, 0xFF, 0xFF, 0xFF, 0xFF, 0xFF, 0xFF, 0xFF, 0xFF, 0xFF, 0xFF, 0xFF,
    0xFF, 0xFF, 0xFF, 0xFF, 0xFF, 0xFF, 0xFF, 0xFF, 0xFF, 0xFF, 0xFF, 0xFF, 0xFF, 0xFF, 0xFF, 0xFE,
    0xFC, 0xFD, 0xFE, 0xFE, 0xFE, 0xFB, 0xEC, 0xD2, 0xB1, 0x8C, 0x67, 0x42, 0x21, 0x0B, 0x00, 0x00,
    0x00, 0x00, 0x02, 0x03, 0x01, 0x00, 0x00, 0x00, 0x00, 0x00, 0x00, 0x01, 0x03, 0x02, 0x00, 0x00,
    0x00, 0x02, 0x13, 0x30, 0x57, 0x82, 0xA6, 0xC7, 0xE1, 0xF2, 0xFB, 0xFD, 0xFD, 0xFE, 0xFD, 0xFC,
    0xFE, 0xFF, 0xFF, 0xFF, 0xFF, 0xFF, 0xFF, 0xFF, 0xFF, 0xFF, 0xFF, 0xFF, 0xFF, 0xFF, 0xFF, 0xFF,
    0xFF, 0xFF, 0xFF, 0xFF, 0xFF, 0xFF, 0xFE, 0xFC, 0xFA, 0xF7, 0xF6, 0xF3, 0xF1, 0xF0, 0xEF, 0xEF,
    0xEE, 0xEC, 0xEB, 0xE8, 0xE4, 0xDF, 0xDA, 0xD5, 0xCE, 0xC8, 0xC3, 0xBE, 0xB9, 0xB5, 0xB3, 0xB1,
    0xAE, 0xAD, 0xAD, 0xAD, 0xAD, 0xAD, 0xAD, 0xAD, 0xAD, 0xAD, 0xAD, 0xAD, 0xAE, 0xB0, 0xB1, 0xB4,
    0xB7, 0xBB, 0xBF, 0xC4, 0xC9, 0xCF, 0xD5, 0xDC, 0xE3, 0xE8, 0xEB, 0xEE, 0xEE, 0xEF, 0xEF, 0xEF,
    0xF0, 0xF1, 0xF3, 0xF5, 0xF8, 0xFB, 0xFC, 0xFE, 0xFF, 0xFF, 0xFF, 0xFF, 0xFF, 0xFF, 0xFF, 0xFF,
    0xFF, 0xFF, 0xFF, 0xFF, 0xFF, 0xFF, 0xFF, 0xFF, 0xFF, 0xFF, 0xFF, 0xFF, 0xFE, 0xFD, 0xFD, 0xFD,
    0xFD, 0xFD, 0xFD, 0xFD, 0xFE, 0xFE, 0xFE, 0xFF, 0xFF, 0xFF, 0xFF, 0xFF, 0xFF, 0xFF, 0xFF, 0xFF,
    0xFF, 0xFF, 0xFF, 0xFF, 0xFF, 0xFF, 0xFF, 0xFF, 0xFF, 0xFF, 0xFF, 0xFF, 0xFF, 0xFF, 0xFF, 0xFF,
    0xFF, 0xFF, 0xFF, 0xFF, 0xFF, 0xFF, 0xFF, 0xFE, 0xFC, 0xFD, 0xFE, 0xFD, 0xFD, 0xFC, 0xF2, 0xE0,
    0xC6, 0xA4, 0x80, 0x56, 0x2F, 0x13, 0x02, 0x00, 0x00, 0x00, 0x02, 0x03, 0x01, 0x00, 0x00, 0x00,
    0x00, 0x01, 0x00, 0x00, 0x02, 0x02, 0x00, 0x00, 0x00, 0x07, 0x1E, 0x40, 0x6C, 0x99, 0xBC, 0xDA,
    0xEE, 0xFA, 0xFE, 0xFF, 0xFE, 0xFE, 0xFD, 0xFC, 0xFE, 0xFF, 0xFF, 0xFF, 0xFF, 0xFF, 0xFF, 0xFE,
    0xFE, 0xFF, 0xFF, 0xFF, 0xFF, 0xFF, 0xFF, 0xFF, 0xFF, 0xFE, 0xFC, 0xFA, 0xF8, 0xF6, 0xF3, 0xF0,
    0xEC, 0xE8, 0xE5, 0xE1, 0xDD, 0xDB, 0xDA, 0xD9, 0xD8, 0xD5, 0xD3, 0xCE, 0xC9, 0xC1, 0xBA, 0xB2,
    0xA8, 0xA0, 0x99, 0x91, 0x8A, 0x85, 0x82, 0x7E, 0x7B, 0x79, 0x79, 0x79, 0x79, 0x79, 0x79, 0x79,
    0x79, 0x79, 0x79, 0x79, 0x7A, 0x7D, 0x7E, 0x83, 0x88, 0x8E, 0x93, 0x9A, 0xA1, 0xAA, 0xB3, 0xBD,
    0xC6, 0xCE, 0xD3, 0xD6, 0xD8, 0xD8, 0xD8, 0xD9, 0xDB, 0xDD, 0xE0, 0xE4, 0xEA, 0xEE, 0xF1, 0xF3,
    0xF5, 0xF6, 0xF8, 0xFB, 0xFF, 0xFF, 0xFF, 0xFF, 0xFF, 0xFF, 0xFF, 0xFF, 0xFF, 0xFF, 0xFF, 0xFF,
    0xFF, 0xFF, 0xFF, 0xFE, 0xFC, 0xFB, 0xFA, 0xFA, 0xFA, 0xFB, 0xFB, 0xFC, 0xFD, 0xFD, 0xFE, 0xFE,
    0xFE, 0xFF, 0xFF, 0xFF, 0xFF, 0xFF, 0xFF, 0xFF, 0xFF, 0xFF, 0xFF, 0xFF, 0xFF, 0xFF, 0xFF, 0xFF,
    0xFF, 0xFF, 0xFF, 0xFF, 0xFF, 0xFF, 0xFF, 0xFF, 0xFF, 0xFF, 0xFF, 0xFF, 0xFF, 0xFF, 0xFF, 0xFE,
    0xFC, 0xFD, 0xFE, 0xFE, 0xFF, 0xFF, 0xFA, 0xEE, 0xD9, 0xBB, 0x97, 0x6B, 0x3F, 0x1D, 0x07, 0x00,
    0x00, 0x00, 0x02, 0x02, 0x00, 0x00, 0x01, 0x00, 0x01, 0x01, 0x00, 0x00, 0x01, 0x01, 0x00, 0x00,
    0x00, 0x0E, 0x29, 0x51, 0x80, 0xAD, 0xCF, 0xE8, 0xF7, 0xFE, 0xFF, 0xFF, 0xFF, 0xFF, 0xFE, 0xFD,
    0xFE, 0xFF, 0xFF, 0xFF, 0xFF, 0xFF, 0xFF, 0xFF, 0xFE, 0xFF, 0xFF, 0xFF, 0xFF, 0xFF, 0xFD, 0xF9,
    0xF3, 0xEE, 0xEB, 0xE6, 0xE3, 0xE1, 0xDD, 0xD8, 0xD3, 0xCD, 0xCA, 0xC4, 0xBF, 0xBC, 0xBB, 0xBA,
    0xB8, 0xB5, 0xB2, 0xAD, 0xA6, 0x9D, 0x95, 0x8B, 0x80, 0x76, 0x6E, 0x65, 0x5D, 0x57, 0x53, 0x4F,
    0x4B, 0x49, 0x49, 0x48, 0x48, 0x48, 0x48, 0x48, 0x48, 0x48, 0x48, 0x49, 0x4A, 0x4D, 0x4F, 0x54,
    0x5A, 0x61, 0x67, 0x6F, 0x78, 0x82, 0x8C, 0x98, 0xA3, 0xAC, 0xB2, 0xB6, 0xB8, 0xB9, 0xB9, 0xBA,
    0xBC, 0xBF, 0xC3, 0xC9, 0xD0, 0xD6, 0xD9, 0xDC, 0xDF, 0xE1, 0xE5, 0xEA, 0xEF, 0xF5, 0xFA, 0xFE,
    0xFF, 0xFF, 0xFF, 0xFF, 0xFF, 0xFF, 0xFF, 0xFF, 0xFF, 0xFF, 0xFF, 0xFE, 0xFD, 0xFC, 0xFC, 0xFC,
    0xFC, 0xFC, 0xFD, 0xFD, 0xFD, 0xFE, 0xFE, 0xFE, 0xFF, 0xFF, 0xFF, 0xFF, 0xFF, 0xFF, 0xFF, 0xFF,
    0xFF, 0xFF, 0xFF, 0xFF, 0xFF, 0xFF, 0xFF, 0xFF, 0xFF, 0xFF, 0xFF, 0xFF, 0xFF, 0xFF, 0xFF, 0xFF,
    0xFF, 0xFF, 0xFF, 0xFF, 0xFF, 0xFF, 0xFF, 0xFE, 0xFD, 0xFE, 0xFF, 0xFF, 0xFF, 0xFF, 0xFE, 0xF7,
    0xE8, 0xCD, 0xAB, 0x7E, 0x4F, 0x28, 0x0E, 0x00, 0x00, 0x00, 0x01, 0x01, 0x00, 0x00, 0x01, 0x01,
    0x01, 0x01, 0x00, 0x00, 0x01, 0x01, 0x00, 0x01, 0x04, 0x16, 0x35, 0x5F, 0x90, 0xBD, 0xDD, 0xF1,
    0xFC, 0xFF, 0xFF, 0xFE, 0xFF, 0xFF, 0xFE, 0xFD, 0xFE, 0xFF, 0xFF, 0xFF, 0xFF, 0xFF, 0xFF, 0xFF,
    0xFF, 0xFF, 0xFF, 0xFD, 0xF8, 0xF3, 0xEC, 0xE4, 0xDA, 0xD2, 0xCC, 0xC6, 0xC1, 0xBE, 0xBA, 0xB4,
    0xAE, 0xA8, 0xA4, 0x9E, 0x98, 0x95, 0x93, 0x92, 0x90, 0x8D, 0x8A, 0x86, 0x7F, 0x76, 0x6E, 0x65,
    0x5A, 0x51, 0x49, 0x41, 0x39, 0x33, 0x2F, 0x2C, 0x28, 0x26, 0x26, 0x25, 0x25, 0x25, 0x25, 0x25,
    0x25, 0x25, 0x25, 0x26, 0x27, 0x2A, 0x2C, 0x30, 0x36, 0x3D, 0x43, 0x4A, 0x53, 0x5C, 0x66, 0x71,
    0x7C, 0x85, 0x8A, 0x8E, 0x90, 0x91, 0x91, 0x92, 0x95, 0x98, 0x9D, 0xA3, 0xAB, 0xB1, 0xB5, 0xB8,
    0xBC, 0xBF, 0xC4, 0xCB, 0xD4, 0xDC, 0xE3, 0xE9, 0xEF, 0xF3, 0xF6, 0xF7, 0xF9, 0xFA, 0xFB, 0xFC,
    0xFD, 0xFE, 0xFF, 0xFF, 0xFF, 0xFF, 0xFF, 0xFF, 0xFF, 0xFF, 0xFF, 0xFF, 0xFF, 0xFF, 0xFF, 0xFF,
    0xFF, 0xFF, 0xFF, 0xFF, 0xFF, 0xFF, 0xFF, 0xFF, 0xFF, 0xFF, 0xFF, 0xFF, 0xFF, 0xFF, 0xFF, 0xFF,
    0xFF, 0xFF, 0xFF, 0xFF, 0xFF, 0xFF, 0xFF, 0xFF, 0xFF, 0xFF, 0xFF, 0xFF, 0xFF, 0xFF, 0xFF, 0xFE,
    0xFD, 0xFE, 0xFF, 0xFF, 0xFE, 0xFE, 0xFF, 0xFC, 0xF1, 0xDC, 0xBC, 0x8F, 0x5E, 0x34, 0x16, 0x04,
    0x01, 0x00, 0x01, 0x01, 0x00, 0x00, 0x01, 0x01, 0x02, 0x01, 0x00, 0x00, 0x00, 0x00, 0x01, 0x04,
    0x0B, 0x21, 0x43, 0x6F, 0xA1, 0xCC, 0xEA, 0xF9, 0xFF, 0xFF, 0xFE, 0xFE, 0xFF, 0xFF, 0xFE, 0xFE,
    0xFE, 0xFF, 0xFF, 0xFF, 0xFF, 0xFF, 0xFF, 0xFF, 0xFF, 0xFF, 0xFB, 0xF4, 0xE9, 0xDD, 0xD0, 0xC2,
    0xB3, 0xA8, 0xA0, 0x98, 0x92, 0x8D, 0x89, 0x84, 0x7E, 0x78, 0x74, 0x6E, 0x69, 0x66, 0x64, 0x63,
    0x61, 0x5F, 0x5D, 0x59, 0x53, 0x4D, 0x47, 0x3F, 0x37, 0x30, 0x2A, 0x23, 0x1D, 0x19, 0x16, 0x13,
    0x10, 0x0F, 0x0F, 0x0E, 0x0E, 0x0E, 0x0E, 0x0E, 0x0E, 0x0E, 0x0E, 0x0F, 0x0F, 0x12, 0x13, 0x17,
    0x1B, 0x20, 0x25, 0x2B, 0x31, 0x39, 0x40, 0x49, 0x51, 0x58, 0x5C, 0x5F, 0x61, 0x62, 0x62, 0x64,
    0x66, 0x69, 0x6D, 0x73, 0x7A, 0x80, 0x84, 0x87, 0x8B, 0x90, 0x96, 0x9F, 0xAB, 0xB6, 0xBF, 0xC7,
    0xCF, 0xD5, 0xDB, 0xDF, 0xE5, 0xEA, 0xED, 0xF1, 0xF5, 0xF9, 0xFD, 0xFF, 0xFF, 0xFF, 0xFF, 0xFF,
    0xFF, 0xFF, 0xFF, 0xFF, 0xFF, 0xFF, 0xFF, 0xFF, 0xFD, 0xFD, 0xFC, 0xFC, 0xFC, 0xFD, 0xFD, 0xFE,
    0xFE, 0xFF, 0xFF, 0xFF, 0xFF, 0xFF, 0xFF, 0xFF, 0xFF, 0xFF, 0xFF, 0xFF, 0xFF, 0xFF, 0xFF, 0xFF,
    0xFF, 0xFF, 0xFF, 0xFF, 0xFF, 0xFF, 0xFF, 0xFE, 0xFE, 0xFE, 0xFF, 0xFF, 0xFD, 0xFE, 0xFF, 0xFF,
    0xF9, 0xE9, 0xCC, 0xA0, 0x6F, 0x42, 0x21, 0x0B, 0x04, 0x01, 0x00, 0x00, 0x00, 0x00, 0x01, 0x02,
    0x03, 0x02, 0x00, 0x00, 0x00, 0x00, 0x02, 0x09, 0x17, 0x30, 0x53, 0x80, 0xB0, 0xDA, 0xF4, 0xFD,
    0xFF, 0xFF, 0xFE, 0xFD, 0xFE, 0xFF, 0xFF, 0xFE, 0xFE, 0xFF, 0xFF, 0xFF, 0xFE, 0xFE, 0xFF, 0xFF,
    0xFF, 0xFC, 0xF4, 0xE6, 0xD3, 0xBF, 0xAC, 0x98, 0x86, 0x77, 0x6D, 0x64, 0x5C, 0x57, 0x54, 0x4F,
    0x4A, 0x45, 0x42, 0x3D, 0x39, 0x37, 0x35, 0x34, 0x32, 0x31, 0x30, 0x2E, 0x2A, 0x26, 0x23, 0x1F,
    0x1A, 0x16, 0x12, 0x0F, 0x0B, 0x09, 0x07, 0x05, 0x04, 0x03, 0x03, 0x03, 0x03, 0x03, 0x03, 0x03,
    0x03, 0x03, 0x03, 0x03, 0x03, 0x05, 0x05, 0x08, 0x0A, 0x0D, 0x10, 0x13, 0x17, 0x1B, 0x1F, 0x24,
    0x29, 0x2C, 0x2F, 0x31, 0x32, 0x34, 0x34, 0x35, 0x37, 0x39, 0x3C, 0x40, 0x47, 0x4B, 0x4E, 0x51,
    0x55, 0x5B, 0x62, 0x6D, 0x7B, 0x88, 0x92, 0x9B, 0xA5, 0xAD, 0xB5, 0xBD, 0xC7, 0xD0, 0xD6, 0xDD,
    0xE4, 0xEB, 0xF3, 0xFB, 0xFF, 0xFF, 0xFF, 0xFF, 0xFF, 0xFF, 0xFF, 0xFF, 0xFF, 0xFF, 0xFF, 0xFD,
    0xFB, 0xFA, 0xF9, 0xF9, 0xFA, 0xFB, 0xFC, 0xFD, 0xFE, 0xFF, 0xFF, 0xFF, 0xFF, 0xFF, 0xFF, 0xFF,
    0xFF, 0xFF, 0xFF, 0xFF, 0xFF, 0xFF, 0xFF, 0xFF, 0xFF, 0xFF, 0xFF, 0xFF, 0xFF, 0xFF, 0xFF, 0xFF,
    0xFE, 0xFF, 0xFF, 0xFE, 0xFD, 0xFE, 0xFF, 0xFF, 0xFE, 0xF4, 0xD9, 0xB0, 0x80, 0x52, 0x30, 0x16,
    0x09, 0x02, 0x00, 0x00, 0x00, 0x00, 0x02, 0x03, 0x04, 0x02, 0x00, 0x00, 0x00, 0x00, 0x05, 0x11,
    0x25, 0x41, 0x65, 0x91, 0xBE, 0xE3, 0xFA, 0xFF, 0xFF, 0xFF, 0xFD, 0xFC, 0xFE, 0xFF, 0xFF, 0xFE,
    0xFE, 0xFF, 0xFF, 0xFF, 0xFE, 0xFE, 0xFF, 0xFF, 0xFE, 0xF5, 0xE7, 0xD2, 0xB7, 0x9C, 0x84, 0x6D,
    0x5A, 0x4A, 0x40, 0x37, 0x2E, 0x29, 0x27, 0x22, 0x1F, 0x1B, 0x19, 0x16, 0x12, 0x11, 0x10, 0x0F,
    0x0E, 0x0D, 0x0D, 0x0C, 0x0A, 0x09, 0x09, 0x07, 0x06, 0x05, 0x04, 0x03, 0x02, 0x01, 0x01, 0x01,
    0x00, 0x00, 0x00, 0x00, 0x00, 0x00, 0x00, 0x00, 0x00, 0x00, 0x00, 0x00, 0x00, 0x00, 0x01, 0x01,
    0x02, 0x03, 0x03, 0x04, 0x05, 0x06, 0x08, 0x09, 0x0A, 0x0B, 0x0C, 0x0C, 0x0E, 0x0F, 0x0F, 0x10,
    0x11, 0x12, 0x15, 0x17, 0x1C, 0x1F, 0x21, 0x24, 0x27, 0x2D, 0x35, 0x40, 0x4E, 0x5C, 0x66, 0x70,
    0x7A, 0x83, 0x8C, 0x97, 0xA3, 0xAE, 0xB7, 0xC0, 0xCA, 0xD3, 0xDD, 0xE8, 0xF5, 0xFE, 0xFF, 0xFF,
    0xFF, 0xFF, 0xFF, 0xFF, 0xFF, 0xFF, 0xFE, 0xFD, 0xFC, 0xFB, 0xFB, 0xFB, 0xFC, 0xFC, 0xFD, 0xFD,
    0xFE, 0xFF, 0xFF, 0xFF, 0xFF, 0xFF, 0xFF, 0xFF, 0xFF, 0xFF, 0xFF, 0xFF, 0xFF, 0xFF, 0xFF, 0xFF,
    0xFF, 0xFF, 0xFF, 0xFF, 0xFF, 0xFF, 0xFF, 0xFF, 0xFF, 0xFF, 0xFF, 0xFE, 0xFC, 0xFD, 0xFF, 0xFF,
    0xFF, 0xFA, 0xE3, 0xBE, 0x91, 0x64, 0x40, 0x24, 0x11, 0x05, 0x00, 0x00, 0x00, 0x00, 0x02, 0x04,
    0x04, 0x02, 0x00, 0x00, 0x00, 0x00, 0x09, 0x1A, 0x34, 0x53, 0x77, 0xA1, 0xCA, 0xEA, 0xFD, 0xFF,
    0xFE, 0xFF, 0xFD, 0xFC, 0xFE, 0xFF, 0xFF, 0xFE, 0xFE, 0xFF, 0xFF, 0xFF, 0xFE, 0xFE, 0xFF, 0xFE,
    0xF8, 0xEA, 0xD7, 0xBB, 0x9A, 0x7A, 0x5E, 0x48, 0x37, 0x28, 0x1F, 0x17, 0x0F, 0x0B, 0x09, 0x06,
    0x03, 0x01, 0x00, 0x00, 0x00, 0x00, 0x00, 0x00, 0x00, 0x00, 0x00, 0x00, 0x00, 0x00, 0x00, 0x00,
    0x00, 0x00, 0x00, 0x00, 0x00, 0x00, 0x00, 0x00, 0x00, 0x00, 0x00, 0x00, 0x00, 0x00, 0x00, 0x00,
    0x00, 0x00, 0x00, 0x00, 0x00, 0x00, 0x00, 0x00, 0x00, 0x00, 0x00, 0x00, 0x00, 0x00, 0x00, 0x00,
    0x00, 0x00, 0x00, 0x00, 0x00, 0x00, 0x00, 0x00, 0x00, 0x00, 0x00, 0x00, 0x02, 0x03, 0x05, 0x06,
    0x09, 0x0F, 0x15, 0x1F, 0x2C, 0x38, 0x42, 0x4A, 0x53, 0x5C, 0x64, 0x6F, 0x7C, 0x88, 0x91, 0x9B,
    0xA6, 0xB0, 0xBC, 0xC8, 0xD7, 0xE2, 0xEA, 0xF0, 0xF3, 0xF5, 0xF7, 0xFA, 0xFC, 0xFE, 0xFF, 0xFF,
    0xFF, 0xFF, 0xFF, 0xFF, 0xFF, 0xFF, 0xFF, 0xFF, 0xFF, 0xFF, 0xFF, 0xFF, 0xFF, 0xFF, 0xFF, 0xFF,
    0xFF, 0xFF, 0xFF, 0xFF, 0xFF, 0xFF, 0xFF, 0xFF, 0xFF, 0xFF, 0xFF, 0xFF, 0xFF, 0xFF, 0xFF, 0xFF,
    0xFF, 0xFF, 0xFF, 0xFE, 0xFC, 0xFD, 0xFF, 0xFE, 0xFF, 0xFD, 0xEA, 0xCA, 0xA1, 0x76, 0x52, 0x33,
    0x1A, 0x09, 0x00, 0x00, 0x00, 0x00, 0x02, 0x04, 0x04, 0x02, 0x00, 0x00, 0x00, 0x02, 0x0F, 0x26,
    0x46, 0x68, 0x8D, 0xB4, 0xD7, 0xF1, 0xFF, 0xFF, 0xFE, 0xFE, 0xFC, 0xFC, 0xFE, 0xFF, 0xFF, 0xFE,
    0xFE, 0xFE, 0xFF, 0xFF, 0xFE, 0xFE, 0xFD, 0xF9, 0xEF, 0xDC, 0xC3, 0xA1, 0x7A, 0x57, 0x3B, 0x29,
    0x1C, 0x11, 0x0B, 0x05, 0x00, 0x00, 0x00, 0x00, 0x00, 0x00, 0x00, 0x00, 0x00, 0x00, 0x00, 0x00,
    0x00, 0x00, 0x00, 0x00, 0x00, 0x00, 0x00, 0x00, 0x00, 0x00, 0x00, 0x00, 0x00, 0x00, 0x00, 0x00,
    0x00, 0x00, 0x00, 0x00, 0x00, 0x00, 0x00, 0x00, 0x00, 0x00, 0x00, 0x00, 0x00, 0x00, 0x00, 0x00,
    0x00, 0x00, 0x00, 0x00, 0x00, 0x00, 0x00, 0x00, 0x00, 0x00, 0x00, 0x00, 0x00, 0x00, 0x00, 0x00,
    0x00, 0x00, 0x00, 0x00, 0x00, 0x00, 0x00, 0x00, 0x00, 0x00, 0x03, 0x0B, 0x14, 0x1D, 0x24, 0x2A,
    0x31, 0x38, 0x3F, 0x48, 0x53, 0x5D, 0x65, 0x6F, 0x78, 0x82, 0x8D, 0x9A, 0xA9, 0xB6, 0xC0, 0xC9,
    0xD1, 0xD8, 0xE0, 0xE8, 0xF0, 0xF8, 0xFF, 0xFF, 0xFF, 0xFF, 0xFF, 0xFF, 0xFF, 0xFF, 0xFF, 0xFF,
    0xFF, 0xFC, 0xFB, 0xFB, 0xFC, 0xFC, 0xFD, 0xFE, 0xFE, 0xFF, 0xFF, 0xFF, 0xFF, 0xFF, 0xFF, 0xFF,
    0xFF, 0xFF, 0xFF, 0xFF, 0xFF, 0xFF, 0xFF, 0xFF, 0xFF, 0xFF, 0xFF, 0xFE, 0xFC, 0xFC, 0xFE, 0xFE,
    0xFF, 0xFF, 0xF1, 0xD7, 0xB3, 0x8B, 0x67, 0x44, 0x25, 0x0F, 0x02, 0x00, 0x00, 0x00, 0x02, 0x04,
    0x04, 0x02, 0x00, 0x00, 0x01, 0x05, 0x17, 0x34, 0x59, 0x7F, 0xA3, 0xC7, 0xE4, 0xF7, 0xFF, 0xFF,
    0xFF, 0xFF, 0xFD, 0xFC, 0xFE, 0xFF, 0xFF, 0xFE, 0xFD, 0xFE, 0xFF, 0xFF, 0xFF, 0xFE, 0xFB, 0xF3,
    0xE3, 0xCB, 0xAC, 0x85, 0x5B, 0x37, 0x1D, 0x12, 0x0B, 0x05, 0x02, 0x00, 0x00, 0x00, 0x00, 0x00,
    0x00, 0x00, 0x00, 0x00, 0x00, 0x00, 0x00, 0x00, 0x00, 0x00, 0x00, 0x00, 0x00, 0x00, 0x00, 0x00,
    0x00, 0x00, 0x00, 0x00, 0x00, 0x00, 0x00, 0x00, 0x00, 0x00, 0x00, 0x00, 0x00, 0x00, 0x00, 0x00,
    0x00, 0x00, 0x00, 0x00, 0x00, 0x00, 0x00, 0x00, 0x00, 0x00, 0x00, 0x00, 0x00, 0x00, 0x00, 0x00,
    0x00, 0x00, 0x00, 0x00, 0x00, 0x00, 0x00, 0x00, 0x00, 0x00, 0x00, 0x00, 0x00, 0x00, 0x00, 0x00,
    0x00, 0x00, 0x00, 0x01, 0x06, 0x0B, 0x0F, 0x12, 0x16, 0x1B, 0x1F, 0x25, 0x2C, 0x34, 0x39, 0x41,
    0x49, 0x51, 0x5B, 0x66, 0x74, 0x81, 0x8B, 0x98, 0xA5, 0xB2, 0xBE, 0xCC, 0xDC, 0xEA, 0xF5, 0xFF,
    0xFF, 0xFF, 0xFF, 0xFF, 0xFF, 0xFF, 0xFF, 0xFF, 0xFE, 0xF9, 0xF8, 0xF8, 0xF9, 0xFA, 0xFB, 0xFC,
    0xFD, 0xFE, 0xFF, 0xFF, 0xFF, 0xFF, 0xFF, 0xFF, 0xFF, 0xFF, 0xFF, 0xFF, 0xFF, 0xFF, 0xFF, 0xFF,
    0xFF, 0xFF, 0xFF, 0xFE, 0xFC, 0xFD, 0xFF, 0xFF, 0xFF, 0xFF, 0xF8, 0xE3, 0xC6, 0xA1, 0x7D, 0x57,
    0x33, 0x16, 0x05, 0x01, 0x00, 0x00, 0x02, 0x04, 0x04, 0x02, 0x00, 0x00, 0x01, 0x07, 0x1D, 0x41,
    0x6B, 0x94, 0xB8, 0xD7, 0xEE, 0xFB, 0xFF, 0xFF, 0xFF, 0xFF, 0xFD, 0xFD, 0xFE, 0xFF, 0xFF, 0xFE,
    0xFD, 0xFD, 0xFF, 0xFF, 0xFF, 0xFE, 0xF8, 0xEB, 0xD5, 0xB8, 0x95, 0x6B, 0x41, 0x1F, 0x09, 0x04,
    0x02, 0x00, 0x01, 0x01, 0x00, 0x00, 0x00, 0x00, 0x00, 0x00, 0x00, 0x00, 0x00, 0x00, 0x00, 0x00,
    0x00, 0x00, 0x00, 0x00, 0x00, 0x00, 0x00, 0x00, 0x00, 0x00, 0x00, 0x00, 0x00, 0x00, 0x00, 0x00,
    0x00, 0x00, 0x00, 0x00, 0x00, 0x00, 0x00, 0x00, 0x00, 0x00, 0x00, 0x00, 0x00, 0x00, 0x00, 0x00,
    0x00, 0x00, 0x00, 0x00, 0x00, 0x00, 0x00, 0x00, 0x00, 0x00, 0x00, 0x00, 0x00, 0x00, 0x00, 0x00,
    0x00, 0x00, 0x00, 0x00, 0x00, 0x00, 0x00, 0x00, 0x00, 0x00, 0x00, 0x00, 0x01, 0x02, 0x03, 0x04,
    0x05, 0x07, 0x08, 0x0B, 0x0F, 0x13, 0x16, 0x1B, 0x21, 0x28, 0x2F, 0x38, 0x43, 0x4F, 0x5A, 0x68,
    0x77, 0x88, 0x98, 0xAA, 0xBE, 0xD1, 0xE0, 0xEF, 0xFC, 0xFF, 0xFF, 0xFF, 0xFF, 0xFF, 0xFF, 0xFF,
    0xFD, 0xFB, 0xFA, 0xFA, 0xFB, 0xFB, 0xFC, 0xFD, 0xFE, 0xFE, 0xFF, 0xFF, 0xFF, 0xFF, 0xFF, 0xFF,
    0xFF, 0xFF, 0xFF, 0xFF, 0xFF, 0xFF, 0xFF, 0xFF, 0xFF, 0xFF, 0xFF, 0xFE, 0xFD, 0xFD, 0xFF, 0xFF,
    0xFF, 0xFF, 0xFB, 0xED, 0xD5, 0xB6, 0x92, 0x69, 0x40, 0x1D, 0x07, 0x01, 0x00, 0x00, 0x02, 0x04,
    0x04, 0x02, 0x00, 0x00, 0x00, 0x08, 0x22, 0x4B, 0x7A, 0xA6, 0xCA, 0xE4, 0xF4, 0xFD, 0xFE, 0xFE,
    0xFF, 0xFF, 0xFD, 0xFD, 0xFE, 0xFF, 0xFF, 0xFE, 0xFD, 0xFD, 0xFF, 0xFF, 0xFF, 0xFE, 0xF4, 0xE3,
    0xC7, 0xA6, 0x80, 0x56, 0x2E, 0x0F, 0x00, 0x00, 0x00, 0x00, 0x03, 0x04, 0x03, 0x02, 0x02, 0x03,
    0x03, 0x03, 0x03, 0x03, 0x03, 0x04, 0x04, 0x04, 0x04, 0x04, 0x04, 0x04, 0x03, 0x03, 0x03, 0x03,
    0x03, 0x02, 0x02, 0x02, 0x02, 0x02, 0x02, 0x02, 0x02, 0x02, 0x02, 0x02, 0x02, 0x02, 0x02, 0x02,
    0x02, 0x02, 0x02, 0x02, 0x02, 0x02, 0x02, 0x02, 0x02, 0x02, 0x02, 0x02, 0x03, 0x03, 0x03, 0x03,
    0x03, 0x04, 0x04, 0x04, 0x04, 0x04, 0x04, 0x04, 0x04, 0x03, 0x03, 0x03, 0x03, 0x03, 0x03, 0x03,
    0x02, 0x02, 0x01, 0x01, 0x00, 0x00, 0x00, 0x00, 0x00, 0x00, 0x00, 0x00, 0x00, 0x00, 0x01, 0x04,
    0x08, 0x0C, 0x11, 0x18, 0x20, 0x2A, 0x33, 0x41, 0x50, 0x61, 0x72, 0x85, 0x9A, 0xAD, 0xBD, 0xCD,
    0xDB, 0xE5, 0xEB, 0xF0, 0xF2, 0xF5, 0xF7, 0xFC, 0xFF, 0xFF, 0xFF, 0xFF, 0xFF, 0xFF, 0xFF, 0xFF,
    0xFF, 0xFF, 0xFF, 0xFF, 0xFF, 0xFF, 0xFF, 0xFF, 0xFF, 0xFF, 0xFF, 0xFF, 0xFF, 0xFF, 0xFF, 0xFF,
    0xFF, 0xFF, 0xFF, 0xFE, 0xFD, 0xFD, 0xFF, 0xFF, 0xFE, 0xFE, 0xFD, 0xF3, 0xE2, 0xC8, 0xA4, 0x78,
    0x4A, 0x23, 0x09, 0x00, 0x00, 0x00, 0x02, 0x04, 0x04, 0x02, 0x00, 0x00, 0x00, 0x0A, 0x28, 0x56,
    0x89, 0xB7, 0xDB, 0xF0, 0xF9, 0xFE, 0xFD, 0xFE, 0xFF, 0xFF, 0xFE, 0xFD, 0xFE, 0xFF, 0xFF, 0xFE,
    0xFD, 0xFD, 0xFF, 0xFF, 0xFF, 0xFD, 0xF0, 0xDA, 0xB9, 0x95, 0x6E, 0x46, 0x22, 0x07, 0x00, 0x00,
    0x00, 0x00, 0x03, 0x05, 0x04, 0x03, 0x04, 0x05, 0x05, 0x06, 0x07, 0x07, 0x08, 0x08, 0x08, 0x08,
    0x09, 0x08, 0x08, 0x08, 0x08, 0x08, 0x08, 0x08, 0x07, 0x07, 0x07, 0x06, 0x06, 0x06, 0x06, 0x06,
    0x06, 0x06, 0x06, 0x06, 0x06, 0x06, 0x06, 0x06, 0x06, 0x06, 0x06, 0x06, 0x06, 0x06, 0x06, 0x06,
    0x06, 0x06, 0x07, 0x07, 0x07, 0x07, 0x08, 0x08, 0x08, 0x08, 0x09, 0x09, 0x09, 0x08, 0x08, 0x08,
    0x08, 0x08, 0x07, 0x07, 0x06, 0x05, 0x05, 0x04, 0x04, 0x03, 0x02, 0x00, 0x00, 0x00, 0x00, 0x00,
    0x00, 0x00, 0x00, 0x00, 0x00, 0x00, 0x00, 0x00, 0x00, 0x00, 0x00, 0x05, 0x0B, 0x12, 0x18, 0x23,
    0x2F, 0x3D, 0x4B, 0x5B, 0x6D, 0x7E, 0x8C, 0x9A, 0xA9, 0xB4, 0xBB, 0xC3, 0xCB, 0xD5, 0xE2, 0xF2,
    0xFF, 0xFF, 0xFF, 0xFF, 0xFF, 0xFF, 0xFF, 0xFF, 0xFF, 0xFE, 0xFC, 0xFC, 0xFC, 0xFD, 0xFD, 0xFE,
    0xFE, 0xFE, 0xFF, 0xFF, 0xFF, 0xFF, 0xFF, 0xFF, 0xFF, 0xFF, 0xFF, 0xFE, 0xFD, 0xFE, 0xFF, 0xFF,
    0xFE, 0xFE, 0xFE, 0xF9, 0xEE, 0xD9, 0xB5, 0x88, 0x55, 0x28, 0x0B, 0x00, 0x00, 0x00, 0x02, 0x04,
    0x04, 0x02, 0x00, 0x00, 0x00, 0x0E, 0x2F, 0x60, 0x97, 0xC6, 0xE9, 0xF9, 0xFD, 0xFF, 0xFD, 0xFD,
    0xFF, 0xFF, 0xFE, 0xFE, 0xFE, 0xFF, 0xFF, 0xFE, 0xFC, 0xFD, 0xFF, 0xFF, 0xFF, 0xFC, 0xEC, 0xD3,
    0xB0, 0x89, 0x63, 0x3D, 0x1D, 0x06, 0x00, 0x00, 0x00, 0x00, 0x02, 0x03, 0x03, 0x02, 0x02, 0x03,
    0x04, 0x05, 0x06, 0x07, 0x08, 0x09, 0x09, 0x09, 0x0A, 0x0A, 0x0A, 0x0A, 0x0A, 0x0A, 0x09, 0x09,
    0x09, 0x09, 0x09, 0x09, 0x09, 0x09, 0x09, 0x09, 0x09, 0x09, 0x09, 0x09, 0x09, 0x09, 0x09, 0x09,
    0x09, 0x09, 0x09, 0x09, 0x09, 0x09, 0x09, 0x09, 0x09, 0x09, 0x09, 0x09, 0x09, 0x09, 0x09, 0x0A,
    0x0A, 0x0A, 0x0A, 0x0A, 0x0A, 0x09, 0x09, 0x09, 0x09, 0x08, 0x08, 0x07, 0x05, 0x04, 0x03, 0x03,
    0x02, 0x01, 0x01, 0x00, 0x00, 0x00, 0x00, 0x00, 0x00, 0x00, 0x00, 0x00, 0x00, 0x00, 0x00, 0x00,
    0x00, 0x00, 0x00, 0x00, 0x01, 0x05, 0x09, 0x0F, 0x17, 0x1F, 0x28, 0x34, 0x41, 0x4C, 0x56, 0x61,
    0x6E, 0x79, 0x81, 0x8C, 0x99, 0xAC, 0xC3, 0xDF, 0xFC, 0xFF, 0xFF, 0xFF, 0xFF, 0xFF, 0xFF, 0xFF,
    0xFF, 0xFB, 0xF9, 0xF8, 0xF9, 0xFA, 0xFC, 0xFD, 0xFD, 0xFE, 0xFF, 0xFF, 0xFF, 0xFF, 0xFF, 0xFF,
    0xFF, 0xFF, 0xFF, 0xFF, 0xFE, 0xFE, 0xFF, 0xFF, 0xFD, 0xFE, 0xFF, 0xFD, 0xF8, 0xE7, 0xC4, 0x96,
    0x60, 0x2F, 0x0E, 0x00, 0x00, 0x00, 0x02, 0x04, 0x03, 0x02, 0x00, 0x00, 0x00, 0x12, 0x36, 0x6A,
    0xA2, 0xD2, 0xF3, 0xFE, 0xFF, 0xFF, 0xFC, 0xFC, 0xFE, 0xFF, 0xFF, 0xFE, 0xFE, 0xFF, 0xFF, 0xFE,
    0xFC, 0xFD, 0xFF, 0xFF, 0xFF, 0xFC, 0xEB, 0xD0, 0xAC, 0x84, 0x5E, 0x3A, 0x1C, 0x07, 0x00, 0x00,
    0x00, 0x00, 0x02, 0x03, 0x02, 0x00, 0x01, 0x01, 0x02, 0x03, 0x03, 0x04, 0x04, 0x05, 0x05, 0x05,
    0x05, 0x05, 0x05, 0x05, 0x05, 0x05, 0x05, 0x05, 0x05, 0x05, 0x05, 0x05, 0x05, 0x05, 0x05, 0x05,
    0x05, 0x05, 0x05, 0x05, 0x05, 0x05, 0x05, 0x05, 0x05, 0x05, 0x05, 0x05, 0x05, 0x05, 0x05, 0x05,
    0x05, 0x05, 0x05, 0x05, 0x05, 0x05, 0x05, 0x05, 0x05, 0x05, 0x05, 0x05, 0x05, 0x05, 0x05, 0x05,
    0x05, 0x04, 0x04, 0x03, 0x02, 0x02, 0x01, 0x01, 0x01, 0x00, 0x00, 0x00, 0x00, 0x00, 0x00, 0x00,
    0x00, 0x00, 0x00, 0x00, 0x00, 0x00, 0x00, 0x00, 0x00, 0x00, 0x00, 0x00, 0x00, 0x01, 0x02, 0x05,
    0x08, 0x0B, 0x0F, 0x15, 0x1C, 0x22, 0x28, 0x2F, 0x39, 0x43, 0x4C, 0x58, 0x69, 0x80, 0x9D, 0xC1,
    0xE6, 0xFF, 0xFF, 0xFF, 0xFF, 0xFF, 0xFF, 0xFF, 0xFD, 0xFC, 0xFB, 0xFB, 0xFB, 0xFC, 0xFD, 0xFD,
    0xFE, 0xFE, 0xFF, 0xFF, 0xFF, 0xFF, 0xFF, 0xFF, 0xFF, 0xFF, 0xFF, 0xFF, 0xFE, 0xFF, 0xFF, 0xFE,
    0xFC, 0xFD, 0xFF, 0xFF, 0xFE, 0xF2, 0xD0, 0xA1, 0x6A, 0x36, 0x12, 0x00, 0x00, 0x00, 0x02, 0x03,
    0x03, 0x02, 0x00, 0x00, 0x02, 0x17, 0x3D, 0x72, 0xAB, 0xDA, 0xF9, 0xFF, 0xFF, 0xFF, 0xFC, 0xFC,
    0xFE, 0xFF, 0xFF, 0xFE, 0xFE, 0xFF, 0xFF, 0xFE, 0xFC, 0xFD, 0xFF, 0xFF, 0xFF, 0xFC, 0xEC, 0xD1,
    0xAE, 0x86, 0x5F, 0x3A, 0x1B, 0x06, 0x00, 0x00, 0x00, 0x00, 0x03, 0x04, 0x03, 0x00, 0x00, 0x00,
    0x00, 0x00, 0x00, 0x00, 0x00, 0x00, 0x00, 0x00, 0x00, 0x00, 0x00, 0x00, 0x00, 0x00, 0x00, 0x00,
    0x00, 0x00, 0x00, 0x00, 0x00, 0x00, 0x00, 0x00, 0x00, 0x00, 0x00, 0x00, 0x00, 0x00, 0x00, 0x00,
    0x00, 0x00, 0x00, 0x00, 0x00, 0x00, 0x00, 0x00, 0x00, 0x00, 0x00, 0x00, 0x00, 0x00, 0x00, 0x00,
    0x00, 0x00, 0x00, 0x00, 0x00, 0x00, 0x00, 0x00, 0x00, 0x00, 0x00, 0x00, 0x00, 0x00, 0x00, 0x00,
    0x00, 0x00, 0x00, 0x01, 0x01, 0x01, 0x01, 0x02, 0x02, 0x02, 0x02, 0x02, 0x03, 0x03, 0x03, 0x03,
    0x02, 0x02, 0x02, 0x01, 0x02, 0x01, 0x00, 0x00, 0x00, 0x00, 0x00, 0x02, 0x05, 0x07, 0x0A, 0x0D,
    0x15, 0x1D, 0x24, 0x30, 0x41, 0x59, 0x76, 0x9A, 0xBF, 0xDD, 0xEA, 0xEB, 0xEE, 0xF1, 0xF2, 0xF6,
    0xFD, 0xFF, 0xFF, 0xFF, 0xFF, 0xFF, 0xFF, 0xFF, 0xFF, 0xFF, 0xFF, 0xFF, 0xFF, 0xFF, 0xFF, 0xFF,
    0xFF, 0xFF, 0xFF, 0xFF, 0xFE, 0xFF, 0xFF, 0xFE, 0xFC, 0xFD, 0xFF, 0xFF, 0xFF, 0xF8, 0xD9, 0xAB,
    0x72, 0x3C, 0x16, 0x02, 0x00, 0x00, 0x02, 0x03, 0x02, 0x01, 0x01, 0x02, 0x07, 0x1F, 0x46, 0x7D,
    0xB5, 0xE3, 0xFD, 0xFF, 0xFF, 0xFF, 0xFB, 0xFB, 0xFD, 0xFF, 0xFF, 0xFE, 0xFE, 0xFF, 0xFF, 0xFE,
    0xFC, 0xFD, 0xFF, 0xFF, 0xFF, 0xFD, 0xEF, 0xD7, 0xB6, 0x8E, 0x66, 0x3E, 0x1B, 0x02, 0x00, 0x00,
    0x00, 0x01, 0x05, 0x07, 0x05, 0x02, 0x00, 0x00, 0x00, 0x00, 0x00, 0x00, 0x00, 0x00, 0x00, 0x00,
    0x00, 0x00, 0x00, 0x00, 0x00, 0x00, 0x00, 0x00, 0x00, 0x00, 0x00, 0x00, 0x00, 0x00, 0x00, 0x00,
    0x00, 0x00, 0x00, 0x00, 0x00, 0x00, 0x00, 0x00, 0x00, 0x00, 0x00, 0x00, 0x00, 0x00, 0x00, 0x00,
    0x00, 0x00, 0x00, 0x00, 0x00, 0x00, 0x00, 0x00, 0x00, 0x00, 0x00, 0x00, 0x00, 0x00, 0x00, 0x00,
    0x00, 0x00, 0x00, 0x00, 0x00, 0x00, 0x00, 0x00, 0x01, 0x01, 0x02, 0x02, 0x03, 0x03, 0x04, 0x04,
    0x04, 0x05, 0x05, 0x05, 0x05, 0x05, 0x05, 0x04, 0x04, 0x03, 0x03, 0x02, 0x01, 0x00, 0x00, 0x00,
    0x00, 0x00, 0x00, 0x00, 0x00, 0x00, 0x00, 0x00, 0x01, 0x07, 0x0C, 0x15, 0x23, 0x36, 0x4D, 0x69,
    0x88, 0xA1, 0xAE, 0xB3, 0xBC, 0xC8, 0xD4, 0xE6, 0xFA, 0xFF, 0xFF, 0xFF, 0xFF, 0xFF, 0xFF, 0xFF,
    0xFF, 0xFF, 0xFE, 0xFE, 0xFE, 0xFF, 0xFF, 0xFF, 0xFF, 0xFF, 0xFF, 0xFF, 0xFE, 0xFF, 0xFF, 0xFD,
    0xFB, 0xFC, 0xFF, 0xFF, 0xFF, 0xFC, 0xE2, 0xB5, 0x7C, 0x46, 0x1E, 0x07, 0x02, 0x00, 0x01, 0x02,
    0x01, 0x01, 0x02, 0x05, 0x10, 0x2A, 0x54, 0x8A, 0xBF, 0xEA, 0xFF, 0xFF, 0xFF, 0xFF, 0xFC, 0xFA,
    0xFC, 0xFF, 0xFF, 0xFF, 0xFF, 0xFF, 0xFF, 0xFE, 0xFC, 0xFD, 0xFF, 0xFF, 0xFF, 0xFE, 0xF4, 0xE0,
    0xC2, 0x9C, 0x74, 0x48, 0x20, 0x03, 0x00, 0x00, 0x00, 0x02, 0x07, 0x09, 0x08, 0x04, 0x01, 0x00,
    0x00, 0x00, 0x00, 0x00, 0x00, 0x00, 0x00, 0x00, 0x00, 0x00, 0x00, 0x00, 0x00, 0x00, 0x00, 0x00,
    0x00, 0x00, 0x00, 0x00, 0x00, 0x00, 0x00, 0x00, 0x00, 0x00, 0x00, 0x00, 0x00, 0x00, 0x00, 0x00,
    0x00, 0x00, 0x00, 0x00, 0x00, 0x00, 0x00, 0x00, 0x00, 0x00, 0x00, 0x00, 0x00, 0x00, 0x00, 0x00,
    0x00, 0x00, 0x00, 0x00, 0x00, 0x00, 0x00, 0x00, 0x00, 0x00, 0x00, 0x00, 0x00, 0x00, 0x00, 0x01,
    0x02, 0x03, 0x04, 0x04, 0x05, 0x05, 0x05, 0x05, 0x06, 0x06, 0x06, 0x05, 0x05, 0x04, 0x04, 0x03,
    0x03, 0x02, 0x02, 0x01, 0x00, 0x00, 0x00, 0x00, 0x00, 0x00, 0x00, 0x00, 0x00, 0x00, 0x00, 0x00,
    0x00, 0x00, 0x01, 0x07, 0x0F, 0x1B, 0x27, 0x38, 0x4A, 0x5C, 0x67, 0x70, 0x7F, 0x94, 0xAD, 0xCC,
    0xED, 0xFF, 0xFF, 0xFF, 0xFF, 0xFF, 0xFF, 0xFF, 0xFF, 0xFD, 0xFC, 0xFC, 0xFD, 0xFE, 0xFF, 0xFF,
    0xFF, 0xFF, 0xFF, 0xFF, 0xFF, 0xFF, 0xFF, 0xFC, 0xFA, 0xFC, 0xFF, 0xFF, 0xFF, 0xFF, 0xEA, 0xBF,
    0x89, 0x53, 0x29, 0x0F, 0x06, 0x01, 0x01, 0x01, 0x00, 0x00, 0x04, 0x0B, 0x1B, 0x39, 0x64, 0x98,
    0xC9, 0xEF, 0xFF, 0xFF, 0xFF, 0xFF, 0xFC, 0xFA, 0xFC, 0xFF, 0xFF, 0xFF, 0xFF, 0xFF, 0xFF, 0xFE,
    0xFC, 0xFD, 0xFF, 0xFF, 0xFF, 0xFF, 0xF9, 0xEA, 0xD2, 0xB0, 0x88, 0x5A, 0x2D, 0x0C, 0x00, 0x00,
    0x00, 0x01, 0x06, 0x08, 0x06, 0x03, 0x01, 0x00, 0x00, 0x00, 0x00, 0x00, 0x00, 0x00, 0x00, 0x00,
    0x00, 0x00, 0x00, 0x00, 0x00, 0x00, 0x00, 0x00, 0x00, 0x00, 0x00, 0x00, 0x00, 0x00, 0x00, 0x00,
    0x00, 0x00, 0x00, 0x00, 0x00, 0x00, 0x00, 0x00, 0x00, 0x00, 0x00, 0x00, 0x00, 0x00, 0x00, 0x00,
    0x00, 0x00, 0x00, 0x00, 0x00, 0x00, 0x00, 0x00, 0x00, 0x00, 0x00, 0x00, 0x00, 0x00, 0x00, 0x00,
    0x00, 0x00, 0x00, 0x00, 0x00, 0x00, 0x00, 0x01, 0x02, 0x02, 0x03, 0x03, 0x03, 0x03, 0x03, 0x03,
    0x03, 0x03, 0x03, 0x03, 0x02, 0x02, 0x02, 0x01, 0x01, 0x01, 0x01, 0x00, 0x00, 0x00, 0x00, 0x00,
    0x00, 0x00, 0x00, 0x00, 0x00, 0x00, 0x00, 0x00, 0x00, 0x00, 0x00, 0x02, 0x05, 0x09, 0x0A, 0x10,
    0x17, 0x21, 0x29, 0x35, 0x48, 0x62, 0x83, 0xAB, 0xD4, 0xF5, 0xFF, 0xFF, 0xFF, 0xFF, 0xFF, 0xFE,
    0xFE, 0xFD, 0xFD, 0xFD, 0xFE, 0xFF, 0xFF, 0xFF, 0xFF, 0xFF, 0xFF, 0xFF, 0xFF, 0xFF, 0xFF, 0xFC,
    0xFA, 0xFC, 0xFF, 0xFF, 0xFF, 0xFF, 0xEF, 0xC9, 0x96, 0x62, 0x37, 0x1A, 0x0B, 0x03, 0x00, 0x00,
    0x00, 0x00, 0x06, 0x12, 0x28, 0x4A, 0x75, 0xA6, 0xD1, 0xF3, 0xFF, 0xFE, 0xFF, 0xFF, 0xFC, 0xFA,
    0xFC, 0xFF, 0xFF, 0xFF, 0xFF, 0xFF, 0xFF, 0xFE, 0xFC, 0xFD, 0xFF, 0xFF, 0xFF, 0xFF, 0xFD, 0xF2,
    0xE0, 0xC5, 0xA1, 0x73, 0x45, 0x1F, 0x08, 0x04, 0x01, 0x00, 0x00, 0x00, 0x00, 0x00, 0x00, 0x01,
    0x04, 0x08, 0x0B, 0x0E, 0x11, 0x13, 0x14, 0x15, 0x15, 0x15, 0x15, 0x15, 0x16, 0x16, 0x16, 0x16,
    0x17, 0x17, 0x17, 0x17, 0x17, 0x17, 0x17, 0x17, 0x17, 0x17, 0x17, 0x17, 0x17, 0x17, 0x17, 0x17,
    0x17, 0x17, 0x17, 0x17, 0x17, 0x17, 0x17, 0x17, 0x17, 0x17, 0x17, 0x17, 0x17, 0x17, 0x16, 0x16,
    0x16, 0x16, 0x16, 0x15, 0x15, 0x14, 0x14, 0x14, 0x13, 0x11, 0x0F, 0x0B, 0x07, 0x03, 0x01, 0x00,
    0x00, 0x00, 0x00, 0x00, 0x00, 0x00, 0x00, 0x00, 0x00, 0x00, 0x00, 0x00, 0x00, 0x00, 0x00, 0x00,
    0x00, 0x00, 0x00, 0x00, 0x00, 0x00, 0x01, 0x01, 0x02, 0x02, 0x02, 0x02, 0x02, 0x02, 0x02, 0x02,
    0x02, 0x01, 0x01, 0x01, 0x00, 0x00, 0x00, 0x00, 0x00, 0x00, 0x01, 0x0D, 0x20, 0x3B, 0x5C, 0x84,
    0xAC, 0xCE, 0xE4, 0xEC, 0xF0, 0xF3, 0xF6, 0xF9, 0xFE, 0xFF, 0xFF, 0xFF, 0xFF, 0xFF, 0xFF, 0xFF,
    0xFF, 0xFF, 0xFF, 0xFF, 0xFF, 0xFF, 0xFF, 0xFC, 0xFA, 0xFC, 0xFF, 0xFF, 0xFE, 0xFF, 0xF3, 0xD1,
    0xA4, 0x73, 0x48, 0x27, 0x12, 0x05, 0x00, 0x00, 0x00, 0x00, 0x0A, 0x1B, 0x37, 0x5E, 0x8A, 0xB7,
    0xDC, 0xF6, 0xFF, 0xFE, 0xFF, 0xFF, 0xFC, 0xFA, 0xFD, 0xFF, 0xFF, 0xFF, 0xFF, 0xFF, 0xFF, 0xFE,
    0xFD, 0xFE, 0xFF, 0xFF, 0xFE, 0xFF, 0xFF, 0xF8, 0xED, 0xD9, 0xBB, 0x92, 0x66, 0x3D, 0x20, 0x13,
    0x07, 0x00, 0x00, 0x00, 0x00, 0x00, 0x00, 0x07, 0x13, 0x20, 0x2C, 0x37, 0x41, 0x48, 0x4B, 0x4F,
    0x50, 0x50, 0x50, 0x51, 0x53, 0x54, 0x55, 0x56, 0x56, 0x57, 0x57, 0x58, 0x58, 0x58, 0x58, 0x58,
    0x59, 0x59, 0x59, 0x59, 0x59, 0x59, 0x59, 0x59, 0x59, 0x59, 0x59, 0x59, 0x58, 0x58, 0x58, 0x58,
    0x58, 0x58, 0x58, 0x57, 0x56, 0x56, 0x55, 0x55, 0x53, 0x53, 0x52, 0x51, 0x4F, 0x4E, 0x4D, 0x4B,
    0x48, 0x42, 0x39, 0x2C, 0x1E, 0x10, 0x06, 0x00, 0x00, 0x00, 0x00, 0x00, 0x00, 0x00, 0x00, 0x00,
    0x00, 0x00, 0x00, 0x00, 0x00, 0x00, 0x00, 0x00, 0x00, 0x00, 0x00, 0x00, 0x00, 0x01, 0x02, 0x03,
    0x04, 0x05, 0x05, 0x05, 0x05, 0x04, 0x04, 0x03, 0x02, 0x01, 0x00, 0x00, 0x00, 0x00, 0x00, 0x00,
    0x00, 0x00, 0x00, 0x00, 0x09, 0x1E, 0x38, 0x57, 0x77, 0x93, 0xA8, 0xB6, 0xC3, 0xD1, 0xDE, 0xED,
    0xFB, 0xFF, 0xFF, 0xFF, 0xFF, 0xFF, 0xFE, 0xFE, 0xFF, 0xFF, 0xFF, 0xFF, 0xFF, 0xFF, 0xFF, 0xFC,
    0xFA, 0xFC, 0xFF, 0xFF, 0xFE, 0xFF, 0xF6, 0xDB, 0xB5, 0x88, 0x5B, 0x36, 0x1A, 0x09, 0x00, 0x00,
    0x00, 0x00, 0x0D, 0x25, 0x48, 0x73, 0xA0, 0xC9, 0xE6, 0xF9, 0xFF, 0xFE, 0xFF, 0xFF, 0xFD, 0xFB,
    0xFD, 0xFF, 0xFF, 0xFF, 0xFF, 0xFF, 0xFF, 0xFF, 0xFE, 0xFE, 0xFF, 0xFE, 0xFD, 0xFE, 0xFF, 0xFC,
    0xF6, 0xEC, 0xD5, 0xB3, 0x8B, 0x64, 0x43, 0x2B, 0x16, 0x06, 0x00, 0x00, 0x00, 0x00, 0x05, 0x17,
    0x2C, 0x42, 0x58, 0x6B, 0x7B, 0x87, 0x8E, 0x93, 0x97, 0x97, 0x97, 0x98, 0x9A, 0x9D, 0x9E, 0xA0,
    0xA1, 0xA2, 0xA3, 0xA4, 0xA4, 0xA4, 0xA4, 0xA4, 0xA5, 0xA5, 0xA5, 0xA5, 0xA5, 0xA5, 0xA5, 0xA5,
    0xA5, 0xA5, 0xA5, 0xA5, 0xA4, 0xA4, 0xA4, 0xA4, 0xA4, 0xA4, 0xA4, 0xA3, 0xA1, 0xA0, 0x9F, 0x9E,
    0x9C, 0x9B, 0x9A, 0x97, 0x94, 0x92, 0x90, 0x8E, 0x89, 0x7D, 0x6E, 0x58, 0x3E, 0x26, 0x15, 0x08,
    0x00, 0x00, 0x00, 0x00, 0x00, 0x00, 0x00, 0x00, 0x00, 0x00, 0x00, 0x00, 0x00, 0x00, 0x00, 0x00,
    0x00, 0x00, 0x00, 0x00, 0x01, 0x02, 0x03, 0x04, 0x05, 0x05, 0x05, 0x05, 0x04, 0x03, 0x03, 0x02,
    0x01, 0x00, 0x00, 0x00, 0x00, 0x00, 0x00, 0x00, 0x00, 0x00, 0x00, 0x00, 0x01, 0x0C, 0x1A, 0x2C,
    0x3E, 0x50, 0x63, 0x76, 0x8C, 0xA4, 0xBE, 0xD7, 0xEF, 0xFF, 0xFF, 0xFF, 0xFF, 0xFF, 0xFD, 0xFD,
    0xFF, 0xFF, 0xFF, 0xFF, 0xFF, 0xFF, 0xFF, 0xFD, 0xFB, 0xFD, 0xFF, 0xFF, 0xFE, 0xFF, 0xF9, 0xE5,
    0xC7, 0x9E, 0x71, 0x47, 0x24, 0x0D, 0x00, 0x00, 0x00, 0x00, 0x11, 0x2E, 0x57, 0x87, 0xB5, 0xD8,
    0xEF, 0xFB, 0xFF, 0xFF, 0xFF, 0xFF, 0xFD, 0xFC, 0xFE, 0xFF, 0xFF, 0xFF, 0xFF, 0xFF, 0xFF, 0xFF,
    0xFF, 0xFF, 0xFF, 0xFE, 0xFC, 0xFD, 0xFF, 0xFE, 0xFD, 0xF9, 0xEA, 0xD0, 0xAF, 0x8B, 0x6A, 0x4C,
    0x32, 0x1D, 0x0E, 0x04, 0x03, 0x0C, 0x1C, 0x33, 0x4D, 0x69, 0x84, 0x9D, 0xB1, 0xC1, 0xC9, 0xD0,
    0xD4, 0xD4, 0xD4, 0xD6, 0xD9, 0xDC, 0xDE, 0xE0, 0xE2, 0xE3, 0xE4, 0xE5, 0xE6, 0xE6, 0xE6, 0xE6,
    0xE7, 0xE7, 0xE7, 0xE7, 0xE7, 0xE7, 0xE7, 0xE7, 0xE7, 0xE7, 0xE7, 0xE7, 0xE6, 0xE6, 0xE6, 0xE6,
    0xE6, 0xE5, 0xE5, 0xE4, 0xE2, 0xE1, 0xDF, 0xDE, 0xDB, 0xDA, 0xD8, 0xD5, 0xD1, 0xCE, 0xCC, 0xC9,
    0xC3, 0xB4, 0xA1, 0x84, 0x64, 0x46, 0x30, 0x20, 0x16, 0x11, 0x0F, 0x0C, 0x0A, 0x09, 0x09, 0x09,
    0x07, 0x06, 0x04, 0x02, 0x00, 0x00, 0x00, 0x00, 0x00, 0x00, 0x00, 0x00, 0x01, 0x01, 0x02, 0x02,
    0x03, 0x03, 0x03, 0x02, 0x02, 0x01, 0x01, 0x01, 0x00, 0x00, 0x00, 0x00, 0x00, 0x00, 0x00, 0x00,
    0x00, 0x00, 0x00, 0x00, 0x01, 0x04, 0x06, 0x0B, 0x10, 0x18, 0x26, 0x3B, 0x58, 0x77, 0x98, 0xB9,
    0xD7, 0xED, 0xFA, 0xFF, 0xFF, 0xFF, 0xFD, 0xFD, 0xFF, 0xFF, 0xFF, 0xFE, 0xFF, 0xFF, 0xFF, 0xFE,
    0xFC, 0xFD, 0xFF, 0xFF, 0xFF, 0xFF, 0xFB, 0xEE, 0xD7, 0xB2, 0x85, 0x56, 0x2D, 0x10, 0x00, 0x00,
    0x00, 0x00, 0x13, 0x35, 0x63, 0x96, 0xC5, 0xE5, 0xF5, 0xFC, 0xFF, 0xFF, 0xFF, 0xFF, 0xFD, 0xFC,
    0xFE, 0xFF, 0xFF, 0xFF, 0xFF, 0xFF, 0xFF, 0xFF, 0xFF, 0xFF, 0xFF, 0xFE, 0xFC, 0xFD, 0xFF, 0xFF,
    0xFF, 0xFF, 0xF8, 0xE6, 0xCD, 0xB0, 0x92, 0x74, 0x59, 0x45, 0x35, 0x2B, 0x2B, 0x34, 0x44, 0x5B,
    0x75, 0x91, 0xAC, 0xC5, 0xD9, 0xE9, 0xF1, 0xF8, 0xFC, 0xFC, 0xFC, 0xFE, 0xFF, 0xFF, 0xFF, 0xFF,
    0xFF, 0xFF, 0xFF, 0xFF, 0xFF, 0xFF, 0xFF, 0xFF, 0xFF, 0xFF, 0xFF, 0xFF, 0xFF, 0xFF, 0xFF, 0xFF,
    0xFF, 0xFF, 0xFF, 0xFF, 0xFF, 0xFF, 0xFF, 0xFF, 0xFF, 0xFF, 0xFF, 0xFF, 0xFF, 0xFF, 0xFF, 0xFF,
    0xFF, 0xFF, 0xFF, 0xFD, 0xF9, 0xF6, 0xF4, 0xF1, 0xEA, 0xDC, 0xC8, 0xAC, 0x8C, 0x6E, 0x58, 0x48,
    0x3D, 0x38, 0x36, 0x33, 0x30, 0x2F, 0x2F, 0x2F, 0x2C, 0x29, 0x22, 0x19, 0x10, 0x08, 0x03, 0x01,
    0x01, 0x01, 0x01, 0x00, 0x00, 0x00, 0x00, 0x00, 0x00, 0x00, 0x00, 0x00, 0x00, 0x00, 0x00, 0x00,
    0x00, 0x01, 0x01, 0x02, 0x02, 0x02, 0x03, 0x04, 0x04, 0x04, 0x04, 0x04, 0x03, 0x01, 0x00, 0x00,
    0x00, 0x00, 0x00, 0x13, 0x30, 0x4F, 0x70, 0x91, 0xB2, 0xCD, 0xE0, 0xEF, 0xF9, 0xFD, 0xFD, 0xFD,
    0xFF, 0xFF, 0xFF, 0xFE, 0xFF, 0xFF, 0xFF, 0xFE, 0xFC, 0xFD, 0xFF, 0xFF, 0xFF, 0xFF, 0xFC, 0xF4,
    0xE4, 0xC3, 0x94, 0x62, 0x34, 0x13, 0x00, 0x00, 0x00, 0x00, 0x16, 0x3B, 0x6D, 0xA3, 0xD2, 0xF0,
    0xFA, 0xFE, 0xFF, 0xFF, 0xFF, 0xFF, 0xFD, 0xFD, 0xFE, 0xFF, 0xFF, 0xFF, 0xFF, 0xFF, 0xFF, 0xFF,
    0xFF, 0xFF, 0xFF, 0xFE, 0xFD, 0xFD, 0xFF, 0xFF, 0xFF, 0xFF, 0xFF, 0xF5, 0xE4, 0xD0, 0xBA, 0xA2,
    0x8D, 0x7D, 0x70, 0x68, 0x68, 0x6F, 0x7C, 0x8E, 0xA3, 0xB9, 0xCF, 0xE2, 0xF2, 0xFE, 0xFF, 0xFF,
    0xFF, 0xFF, 0xFF, 0xFF, 0xFF, 0xFF, 0xFF, 0xFF, 0xFF, 0xFF, 0xFF, 0xFF, 0xFF, 0xFF, 0xFF, 0xFF,
    0xFF, 0xFF, 0xFF, 0xFF, 0xFF, 0xFF, 0xFF, 0xFF, 0xFF, 0xFF, 0xFF, 0xFF, 0xFF, 0xFF, 0xFF, 0xFF,
    0xFF, 0xFF, 0xFF, 0xFF, 0xFF, 0xFF, 0xFF, 0xFF, 0xFF, 0xFF, 0xFF, 0xFF, 0xFF, 0xFF, 0xFF, 0xFF,
    0xFF, 0xF4, 0xE5, 0xCF, 0xB5, 0x9D, 0x8C, 0x80, 0x77, 0x72, 0x71, 0x6D, 0x6A, 0x68, 0x68, 0x69,
    0x65, 0x5E, 0x52, 0x3F, 0x2B, 0x19, 0x0D, 0x08, 0x06, 0x06, 0x06, 0x03, 0x00, 0x00, 0x00, 0x00,
    0x00, 0x00, 0x00, 0x00, 0x00, 0x00, 0x00, 0x00, 0x01, 0x03, 0x04, 0x04, 0x05, 0x05, 0x06, 0x06,
    0x06, 0x06, 0x05, 0x04, 0x02, 0x00, 0x00, 0x00, 0x00, 0x00, 0x00, 0x00, 0x14, 0x2D, 0x48, 0x62,
    0x7F, 0x9D, 0xB8, 0xD2, 0xE9, 0xF8, 0xFD, 0xFD, 0xFF, 0xFF, 0xFE, 0xFD, 0xFE, 0xFF, 0xFF, 0xFE,
    0xFD, 0xFD, 0xFF, 0xFF, 0xFF, 0xFE, 0xFD, 0xF9, 0xF0, 0xD1, 0xA2, 0x6C, 0x3B, 0x16, 0x00, 0x00,
    0x00, 0x00, 0x18, 0x40, 0x75, 0xAE, 0xDE, 0xF9, 0xFD, 0xFF, 0xFE, 0xFF, 0xFF, 0xFF, 0xFE, 0xFE,
    0xFE, 0xFF, 0xFF, 0xFF, 0xFF, 0xFF, 0xFF, 0xFF, 0xFF, 0xFF, 0xFF, 0xFF, 0xFE, 0xFE, 0xFF, 0xFF,
    0xFF, 0xFF, 0xFF, 0xFD, 0xF4, 0xE9, 0xDD, 0xD0, 0xC3, 0xBA, 0xB2, 0xAE, 0xAE, 0xB3, 0xBA, 0xC4,
    0xD0, 0xDD, 0xE9, 0xF4, 0xFD, 0xFF, 0xFF, 0xFF, 0xFF, 0xFF, 0xFF, 0xFF, 0xFF, 0xFF, 0xFF, 0xFF,
    0xFF, 0xFF, 0xFF, 0xFF, 0xFF, 0xFF, 0xFF, 0xFF, 0xFF, 0xFF, 0xFF, 0xFF, 0xFF, 0xFF, 0xFF, 0xFF,
    0xFF, 0xFF, 0xFF, 0xFF, 0xFF, 0xFF, 0xFF, 0xFF, 0xFF, 0xFF, 0xFF, 0xFF, 0xFF, 0xFF, 0xFF, 0xFF,
    0xFF, 0xFF, 0xFF, 0xFF, 0xFF, 0xFF, 0xFF, 0xFF, 0xFF, 0xFF, 0xF6, 0xE9, 0xDB, 0xCD, 0xC3, 0xBC,
    0xB6, 0xB3, 0xB2, 0xAF, 0xAB, 0xA9, 0xAA, 0xAB, 0xA6, 0x9C, 0x89, 0x6E, 0x4E, 0x33, 0x22, 0x19,
    0x15, 0x15, 0x14, 0x10, 0x0A, 0x04, 0x00, 0x00, 0x00, 0x00, 0x00, 0x00, 0x00, 0x00, 0x00, 0x00,
    0x03, 0x04, 0x05, 0x06, 0x06, 0x05, 0x05, 0x05, 0x04, 0x03, 0x02, 0x01, 0x00, 0x00, 0x00, 0x00,
    0x00, 0x00, 0x00, 0x00, 0x05, 0x14, 0x23, 0x32, 0x49, 0x66, 0x88, 0xAE, 0xD4, 0xF2, 0xFE, 0xFE,
    0xFF, 0xFF, 0xFD, 0xFC, 0xFD, 0xFF, 0xFF, 0xFE, 0xFE, 0xFE, 0xFF, 0xFF, 0xFF, 0xFE, 0xFF, 0xFD,
    0xF9, 0xDC, 0xAD, 0x74, 0x40, 0x18, 0x00, 0x00, 0x00, 0x00, 0x19, 0x44, 0x7B, 0xB6, 0xE6, 0xFE,
    0xFF, 0xFF, 0xFE, 0xFE, 0xFF, 0xFF, 0xFE, 0xFE, 0xFE, 0xFF, 0xFF, 0xFF, 0xFF, 0xFF, 0xFF, 0xFF,
    0xFF, 0xFF, 0xFF, 0xFF, 0xFF, 0xFF, 0xFF, 0xFF, 0xFF, 0xFF, 0xFF, 0xFF, 0xFD, 0xFA, 0xF7, 0xF3,
    0xEF, 0xEC, 0xEA, 0xE9, 0xEA, 0xEB, 0xED, 0xF0, 0xF3, 0xF7, 0xFA, 0xFD, 0xFF, 0xFF, 0xFF, 0xFF,
    0xFF, 0xFF, 0xFF, 0xFF, 0xFF, 0xFF, 0xFF, 0xFF, 0xFF, 0xFF, 0xFF, 0xFF, 0xFF, 0xFF, 0xFF, 0xFF,
    0xFF, 0xFF, 0xFF, 0xFF, 0xFF, 0xFF, 0xFF, 0xFF, 0xFF, 0xFF, 0xFF, 0xFF, 0xFF, 0xFF, 0xFF, 0xFF,
    0xFF, 0xFF, 0xFF, 0xFF, 0xFF, 0xFF, 0xFF, 0xFF, 0xFF, 0xFF, 0xFF, 0xFF, 0xFF, 0xFF, 0xFF, 0xFF,
    0xFF, 0xFF, 0xFE, 0xFA, 0xF6, 0xF2, 0xF0, 0xEE, 0xEB, 0xEA, 0xE9, 0xE6, 0xE3, 0xE1, 0xE2, 0xE3,
    0xDE, 0xD2, 0xBC, 0x9B, 0x76, 0x55, 0x40, 0x35, 0x30, 0x2F, 0x2E, 0x28, 0x1F, 0x17, 0x10, 0x09,
    0x03, 0x00, 0x00, 0x00, 0x00, 0x00, 0x00, 0x01, 0x02, 0x03, 0x03, 0x03, 0x03, 0x03, 0x02, 0x02,
    0x01, 0x01, 0x00, 0x00, 0x00, 0x00, 0x00, 0x00, 0x00, 0x00, 0x00, 0x00, 0x00, 0x05, 0x09, 0x0D,
    0x1B, 0x36, 0x5B, 0x8D, 0xC1, 0xEC, 0xFF, 0xFF, 0xFF, 0xFF, 0xFB, 0xFA, 0xFC, 0xFF, 0xFF, 0xFE,
    0xFE, 0xFE, 0xFF, 0xFF, 0xFE, 0xFE, 0xFF, 0xFF, 0xFE, 0xE5, 0xB5, 0x7A, 0x44, 0x19, 0x00, 0x00,
    0x00, 0x00, 0x1B, 0x46, 0x7F, 0xBC, 0xEC, 0xFF, 0xFF, 0xFF, 0xFE, 0xFE, 0xFF, 0xFF, 0xFE, 0xFE,
    0xFE, 0xFF, 0xFF, 0xFF, 0xFF, 0xFF, 0xFF, 0xFF, 0xFF, 0xFF, 0xFF, 0xFF, 0xFF, 0xFF, 0xFF, 0xFF,
    0xFE, 0xFE, 0xFE, 0xFF, 0xFF, 0xFF, 0xFF, 0xFF, 0xFF, 0xFF, 0xFF, 0xFF, 0xFF, 0xFF, 0xFF, 0xFF,
    0xFF, 0xFF, 0xFF, 0xFF, 0xFE, 0xFD, 0xFC, 0xFB, 0xFB, 0xFB, 0xFC, 0xFC, 0xFC, 0xFC, 0xFD, 0xFD,
    0xFD, 0xFD, 0xFD, 0xFD, 0xFD, 0xFD, 0xFD, 0xFD, 0xFD, 0xFD, 0xFD, 0xFD, 0xFD, 0xFD, 0xFD, 0xFD,
    0xFD, 0xFD, 0xFD, 0xFD, 0xFD, 0xFD, 0xFD, 0xFD, 0xFD, 0xFD, 0xFD, 0xFD, 0xFD, 0xFD, 0xFD, 0xFD,
    0xFC, 0xFC, 0xFC, 0xFC, 0xFC, 0xFC, 0xFC, 0xFC, 0xFD, 0xFE, 0xFF, 0xFF, 0xFF, 0xFF, 0xFF, 0xFF,
    0xFF, 0xFF, 0xFF, 0xFF, 0xFF, 0xFF, 0xFF, 0xFF, 0xFF, 0xF5, 0xE0, 0xC1, 0x9C, 0x7C, 0x68, 0x5C,
    0x58, 0x56, 0x55, 0x4D, 0x42, 0x37, 0x2E, 0x23, 0x19, 0x11, 0x0B, 0x07, 0x05, 0x03, 0x01, 0x00,
    0x00, 0x00, 0x00, 0x00, 0x00, 0x00, 0x00, 0x00, 0x00, 0x00, 0x01, 0x01, 0x01, 0x02, 0x02, 0x04,
    0x06, 0x05, 0x04, 0x02, 0x00, 0x00, 0x00, 0x00, 0x00, 0x14, 0x3A, 0x73, 0xB2, 0xE7, 0xFF, 0xFF,
    0xFF, 0xFF, 0xFB, 0xFA, 0xFC, 0xFF, 0xFF, 0xFE, 0xFE, 0xFE, 0xFF, 0xFF, 0xFE, 0xFE, 0xFF, 0xFF,
    0xFF, 0xEB, 0xBB, 0x7E, 0x46, 0x1B, 0x00, 0x00, 0x00, 0x00, 0x1C, 0x4A, 0x85, 0xC3, 0xF3, 0xFF,
    0xFF, 0xFF, 0xFD, 0xFD, 0xFE, 0xFF, 0xFE, 0xFE, 0xFE, 0xFF, 0xFF, 0xFF, 0xFF, 0xFF, 0xFF, 0xFF,
    0xFF, 0xFF, 0xFF, 0xFF, 0xFF, 0xFF, 0xFF, 0xFE, 0xFE, 0xFD, 0xFE, 0xFF, 0xFF, 0xFF, 0xFF, 0xFF,
    0xFF, 0xFF, 0xFF, 0xFF, 0xFF, 0xFF, 0xFF, 0xFF, 0xFF, 0xFF, 0xFF, 0xFF, 0xFC, 0xFA, 0xF9, 0xF8,
    0xF7, 0xF8, 0xF9, 0xFA, 0xFB, 0xFC, 0xFD, 0xFE, 0xFF, 0xFF, 0xFF, 0xFF, 0xFF, 0xFF, 0xFF, 0xFF,
    0xFF, 0xFF, 0xFF, 0xFF, 0xFF, 0xFF, 0xFF, 0xFF, 0xFF, 0xFF, 0xFF, 0xFF, 0xFF, 0xFF, 0xFF, 0xFF,
    0xFF, 0xFF, 0xFF, 0xFF, 0xFF, 0xFF, 0xFE, 0xFD, 0xFC, 0xFB, 0xFA, 0xF9, 0xF8, 0xF8, 0xF8, 0xF9,
    0xFA, 0xFC, 0xFF, 0xFF, 0xFF, 0xFF, 0xFF, 0xFF, 0xFF, 0xFF, 0xFF, 0xFF, 0xFF, 0xFF, 0xFF, 0xFF,
    0xFF, 0xFF, 0xF6, 0xDE, 0xC1, 0xA9, 0x99, 0x90, 0x8B, 0x89, 0x87, 0x7F, 0x73, 0x66, 0x5A, 0x4B,
    0x3D, 0x30, 0x25, 0x1C, 0x15, 0x0E, 0x08, 0x01, 0x00, 0x00, 0x00, 0x00, 0x00, 0x00, 0x00, 0x00,
    0x00, 0x02, 0x03, 0x04, 0x04, 0x04, 0x05, 0x06, 0x08, 0x07, 0x05, 0x03, 0x01, 0x00, 0x00, 0x00,
    0x00, 0x04, 0x26, 0x64, 0xA9, 0xE4, 0xFF, 0xFF, 0xFF, 0xFF, 0xFA, 0xF9, 0xFC, 0xFF, 0xFF, 0xFE,
    0xFE, 0xFE, 0xFF, 0xFE, 0xFD, 0xFD, 0xFF, 0xFF, 0xFF, 0xF3, 0xC2, 0x84, 0x4A, 0x1C, 0x00, 0x00,
    0x00, 0x00, 0x1E, 0x4E, 0x8B, 0xCA, 0xFA, 0xFF, 0xFF, 0xFF, 0xFD, 0xFC, 0xFE, 0xFF, 0xFF, 0xFE,
    0xFF, 0xFF, 0xFF, 0xFF, 0xFF, 0xFF, 0xFF, 0xFF, 0xFF, 0xFF, 0xFF, 0xFF, 0xFF, 0xFF, 0xFF, 0xFF,
    0xFE, 0xFE, 0xFF, 0xFF, 0xFF, 0xFF, 0xFF, 0xFF, 0xFF, 0xFF, 0xFF, 0xFF, 0xFF, 0xFF, 0xFF, 0xFF,
    0xFF, 0xFF, 0xFF, 0xFD, 0xFB, 0xF9, 0xF8, 0xF7, 0xF7, 0xF8, 0xF9, 0xFB, 0xFD, 0xFF, 0xFF, 0xFF,
    0xFF, 0xFF, 0xFF, 0xFF, 0xFF, 0xFF, 0xFF, 0xFF, 0xFF, 0xFF, 0xFF, 0xFF, 0xFF, 0xFF, 0xFF, 0xFF,
    0xFF, 0xFF, 0xFF, 0xFF, 0xFF, 0xFF, 0xFF, 0xFF, 0xFF, 0xFF, 0xFF, 0xFF, 0xFF, 0xFF, 0xFF, 0xFF,
    0xFE, 0xFD, 0xFB, 0xF9, 0xF8, 0xF8, 0xF8, 0xF8, 0xF9, 0xFA, 0xFD, 0xFF, 0xFF, 0xFF, 0xFF, 0xFF,
    0xFF, 0xFF, 0xFF, 0xFF, 0xFF, 0xFF, 0xFF, 0xFF, 0xFF, 0xFF, 0xFF, 0xF2, 0xE1, 0xD3, 0xCA, 0xC5,
    0xC2, 0xBF, 0xBD, 0xB5, 0xA9, 0x9B, 0x8D, 0x7C, 0x69, 0x58, 0x49, 0x3B, 0x2F, 0x22, 0x17, 0x0A,
    0x00, 0x00, 0x00, 0x00, 0x00, 0x00, 0x00, 0x00, 0x01, 0x04, 0x06, 0x06, 0x06, 0x05, 0x05, 0x05,
    0x05, 0x04, 0x02, 0x02, 0x02, 0x00, 0x00, 0x00, 0x00, 0x00, 0x1E, 0x5D, 0xA5, 0xE2, 0xFF, 0xFF,
    0xFF, 0xFF, 0xFA, 0xF8, 0xFC, 0xFF, 0xFF, 0xFE, 0xFE, 0xFF, 0xFF, 0xFE, 0xFC, 0xFD, 0xFF, 0xFF,
    0xFF, 0xFA, 0xC9, 0x8A, 0x4D, 0x1E, 0x00, 0x00, 0x00, 0x00, 0x1F, 0x51, 0x8F, 0xD0, 0xFE, 0xFF,
    0xFF, 0xFF, 0xFC, 0xFA, 0xFD, 0xFF, 0xFF, 0xFE, 0xFF, 0xFF, 0xFF, 0xFF, 0xFF, 0xFF, 0xFF, 0xFF,
    0xFF, 0xFF, 0xFF, 0xFF, 0xFF, 0xFF, 0xFF, 0xFF, 0xFF, 0xFF, 0xFF, 0xFF, 0xFF, 0xFF, 0xFF, 0xFF,
    0xFF, 0xFF, 0xFF, 0xFF, 0xFF, 0xFF, 0xFF, 0xFF, 0xFF, 0xFF, 0xFE, 0xFD, 0xFC, 0xFC, 0xFB, 0xFB,
    0xFB, 0xFC, 0xFC, 0xFD, 0xFE, 0xFF, 0xFF, 0xFF, 0xFF, 0xFF, 0xFF, 0xFF, 0xFF, 0xFF, 0xFF, 0xFF,
    0xFF, 0xFF, 0xFF, 0xFF, 0xFF, 0xFF, 0xFF, 0xFF, 0xFF, 0xFF, 0xFF, 0xFF, 0xFF, 0xFF, 0xFF, 0xFF,
    0xFF, 0xFF, 0xFF, 0xFF, 0xFF, 0xFF, 0xFF, 0xFF, 0xFF, 0xFE, 0xFD, 0xFC, 0xFC, 0xFB, 0xFB, 0xFB,
    0xFB, 0xFC, 0xFD, 0xFE, 0xFF, 0xFF, 0xFF, 0xFF, 0xFF, 0xFF, 0xFF, 0xFF, 0xFF, 0xFF, 0xFF, 0xFF,
    0xFF, 0xFF, 0xFF, 0xFC, 0xF7, 0xF4, 0xF2, 0xF0, 0xEF, 0xEC, 0xE8, 0xE2, 0xD7, 0xCA, 0xBB, 0xAA,
    0x95, 0x82, 0x71, 0x60, 0x50, 0x40, 0x31, 0x20, 0x0F, 0x04, 0x00, 0x00, 0x00, 0x00, 0x00, 0x00,
    0x01, 0x03, 0x04, 0x04, 0x03, 0x03, 0x02, 0x02, 0x01, 0x01, 0x00, 0x02, 0x05, 0x02, 0x00, 0x00,
    0x00, 0x01, 0x1C, 0x5A, 0xA3, 0xE1, 0xFF, 0xFF, 0xFF, 0xFF, 0xFA, 0xF8, 0xFC, 0xFF, 0xFF, 0xFE,
    0xFE, 0xFF, 0xFF, 0xFD, 0xFA, 0xFC, 0xFF, 0xFF, 0xFF, 0xFE, 0xCF, 0x8E, 0x50, 0x20, 0x00, 0x00,
    0x00, 0x00, 0x20, 0x53, 0x93, 0xD4, 0xFF, 0xFE, 0xFF, 0xFF, 0xFC, 0xFA, 0xFD, 0xFF, 0xFF, 0xFE,
    0xFF, 0xFF, 0xFF, 0xFF, 0xFF, 0xFF, 0xFF, 0xFF, 0xFF, 0xFF, 0xFF, 0xFF, 0xFF, 0xFF, 0xFF, 0xFF,
    0xFF, 0xFF, 0xFF, 0xFE, 0xFE, 0xFD, 0xFC, 0xFC, 0xFC, 0xFC, 0xFC, 0xFD, 0xFE, 0xFF, 0xFF, 0xFF,
    0xFF, 0xFF, 0xFF, 0xFF, 0xFF, 0xFF, 0xFF, 0xFF, 0xFF, 0xFF, 0xFF, 0xFF, 0xFF, 0xFE, 0xFC, 0xFB,
    0xFA, 0xF9, 0xF9, 0xF9, 0xF8, 0xF8, 0xF8, 0xF8, 0xF8, 0xF8, 0xF8, 0xF8, 0xF8, 0xF8, 0xF8, 0xF8,
    0xF8, 0xF8, 0xF8, 0xF8, 0xF8, 0xF8, 0xF8, 0xF8, 0xF8, 0xF8, 0xF8, 0xF9, 0xF9, 0xFA, 0xFB, 0xFC,
    0xFE, 0xFF, 0xFF, 0xFF, 0xFF, 0xFF, 0xFF, 0xFF, 0xFF, 0xFF, 0xFF, 0xFF, 0xFF, 0xFF, 0xFF, 0xFF,
    0xFF, 0xFF, 0xFE, 0xFE, 0xFD, 0xFC, 0xFB, 0xFB, 0xFB, 0xFC, 0xFE, 0xFF, 0xFF, 0xFF, 0xFF, 0xFF,
    0xFF, 0xFF, 0xFF, 0xFE, 0xF5, 0xEA, 0xDD, 0xCE, 0xBB, 0xA9, 0x99, 0x88, 0x77, 0x66, 0x56, 0x42,
    0x2E, 0x20, 0x15, 0x0F, 0x0B, 0x08, 0x06, 0x03, 0x00, 0x00, 0x00, 0x00, 0x00, 0x00, 0x00, 0x00,
    0x00, 0x00, 0x01, 0x04, 0x09, 0x07, 0x02, 0x01, 0x00, 0x00, 0x18, 0x57, 0xA1, 0xE1, 0xFF, 0xFF,
    0xFF, 0xFF, 0xFA, 0xF8, 0xFC, 0xFF, 0xFF, 0xFE, 0xFE, 0xFF, 0xFF, 0xFD, 0xFA, 0xFC, 0xFF, 0xFF,
    0xFE, 0xFF, 0xD3, 0x92, 0x52, 0x20, 0x00, 0x00, 0x00, 0x00, 0x22, 0x56, 0x96, 0xD8, 0xFF, 0xFE,
    0xFF, 0xFF, 0xFB, 0xF9, 0xFC, 0xFF, 0xFF, 0xFE, 0xFF, 0xFF, 0xFF, 0xFF, 0xFF, 0xFF, 0xFF, 0xFF,
    0xFF, 0xFF, 0xFF, 0xFF, 0xFF, 0xFF, 0xFF, 0xFF, 0xFF, 0xFF, 0xFF, 0xFE, 0xFD, 0xFC, 0xFA, 0xFA,
    0xFA, 0xFA, 0xFC, 0xFE, 0xFF, 0xFF, 0xFF, 0xFF, 0xFF, 0xFF, 0xFF, 0xFF, 0xFF, 0xFF, 0xFF, 0xFF,
    0xFF, 0xFF, 0xFF, 0xFF, 0xFD, 0xF8, 0xF2, 0xED, 0xE9, 0xE7, 0xE5, 0xE4, 0xE3, 0xE3, 0xE3, 0xE3,
    0xE2, 0xE2, 0xE2, 0xE2, 0xE2, 0xE2, 0xE2, 0xE2, 0xE2, 0xE2, 0xE2, 0xE3, 0xE3, 0xE3, 0xE3, 0xE2,
    0xE3, 0xE3, 0xE3, 0xE5, 0xE7, 0xEA, 0xEE, 0xF2, 0xF8, 0xFE, 0xFF, 0xFF, 0xFF, 0xFF, 0xFF, 0xFF,
    0xFF, 0xFF, 0xFF, 0xFF, 0xFF, 0xFF, 0xFF, 0xFF, 0xFF, 0xFF, 0xFF, 0xFF, 0xFD, 0xFA, 0xF8, 0xF6,
    0xF6, 0xF8, 0xFB, 0xFF, 0xFF, 0xFF, 0xFF, 0xFF, 0xFF, 0xFF, 0xFF, 0xFF, 0xFF, 0xFD, 0xF3, 0xE7,
    0xD9, 0xCB, 0xBF, 0xB2, 0xA4, 0x95, 0x85, 0x71, 0x5D, 0x4B, 0x3E, 0x34, 0x2B, 0x22, 0x18, 0x0C,
    0x00, 0x00, 0x00, 0x00, 0x00, 0x00, 0x00, 0x00, 0x00, 0x02, 0x04, 0x08, 0x0D, 0x0A, 0x03, 0x01,
    0x00, 0x00, 0x13, 0x53, 0x9E, 0xE0, 0xFF, 0xFF, 0xFF, 0xFF, 0xFA, 0xF8, 0xFC, 0xFF, 0xFF, 0xFE,
    0xFE, 0xFF, 0xFF, 0xFC, 0xF9, 0xFB, 0xFF, 0xFF, 0xFE, 0xFF, 0xD8, 0x95, 0x54, 0x22, 0x00, 0x00,
    0x00, 0x01, 0x24, 0x58, 0x9A, 0xDD, 0xFF, 0xFE, 0xFF, 0xFF, 0xFA, 0xF8, 0xFC, 0xFF, 0xFF, 0xFF,
    0xFF, 0xFF, 0xFF, 0xFF, 0xFF, 0xFF, 0xFF, 0xFF, 0xFF, 0xFF, 0xFF, 0xFF, 0xFF, 0xFF, 0xFF, 0xFF,
    0xFF, 0xFF, 0xFF, 0xFE, 0xFE, 0xFD, 0xFB, 0xFB, 0xFB, 0xFC, 0xFE, 0xFF, 0xFF, 0xFF, 0xFF, 0xFF,
    0xFF, 0xFF, 0xFF, 0xFF, 0xFF, 0xFF, 0xFF, 0xFF, 0xFF, 0xFF, 0xFF, 0xFE, 0xF4, 0xE9, 0xDF, 0xD7,
    0xCF, 0xCA, 0xC8, 0xC6, 0xC3, 0xC3, 0xC3, 0xC3, 0xC3, 0xC3, 0xC3, 0xC3, 0xC3, 0xC3, 0xC3, 0xC3,
    0xC3, 0xC3, 0xC3, 0xC3, 0xC3, 0xC3, 0xC3, 0xC3, 0xC3, 0xC4, 0xC5, 0xC7, 0xCB, 0xD0, 0xD7, 0xE0,
    0xEB, 0xF5, 0xFF, 0xFF, 0xFF, 0xFF, 0xFF, 0xFF, 0xFF, 0xFF, 0xFF, 0xFF, 0xFF, 0xFF, 0xFF, 0xFF,
    0xFF, 0xFF, 0xFF, 0xFF, 0xFF, 0xFB, 0xF8, 0xF6, 0xF6, 0xF7, 0xF9, 0xFC, 0xFF, 0xFF, 0xFF, 0xFF,
    0xFF, 0xFF, 0xFF, 0xFF, 0xFF, 0xFF, 0xFD, 0xF7, 0xEE, 0xE6, 0xDF, 0xD8, 0xCF, 0xC4, 0xB7, 0xA6,
    0x92, 0x7F, 0x70, 0x62, 0x54, 0x46, 0x33, 0x1D, 0x07, 0x00, 0x00, 0x00, 0x00, 0x00, 0x00, 0x00,
    0x01, 0x04, 0x08, 0x0B, 0x0F, 0x0B, 0x03, 0x00, 0x00, 0x00, 0x14, 0x54, 0x9F, 0xE0, 0xFF, 0xFF,
    0xFF, 0xFF, 0xFA, 0xF8, 0xFC, 0xFF, 0xFF, 0xFF, 0xFF, 0xFF, 0xFF, 0xFC, 0xF8, 0xFA, 0xFF, 0xFF,
    0xFE, 0xFF, 0xDC, 0x99, 0x57, 0x24, 0x00, 0x00, 0x00, 0x03, 0x27, 0x5C, 0x9D, 0xE0, 0xFF, 0xFF,
    0xFF, 0xFF, 0xFA, 0xF8, 0xFC, 0xFF, 0xFF, 0xFF, 0xFF, 0xFF, 0xFF, 0xFF, 0xFF, 0xFF, 0xFF, 0xFF,
    0xFF, 0xFF, 0xFF, 0xFF, 0xFF, 0xFF, 0xFF, 0xFF, 0xFF, 0xFF, 0xFF, 0xFF, 0xFF, 0xFE, 0xFE, 0xFD,
    0xFE, 0xFE, 0xFF, 0xFF, 0xFF, 0xFF, 0xFF, 0xFF, 0xFF, 0xFF, 0xFF, 0xFF, 0xFF, 0xFF, 0xFF, 0xFF,
    0xFF, 0xFF, 0xF9, 0xED, 0xDE, 0xD0, 0xC3, 0xB8, 0xAE, 0xA8, 0xA4, 0xA1, 0x9E, 0x9E, 0x9E, 0x9E,
    0x9D, 0x9D, 0x9D, 0x9D, 0x9D, 0x9D, 0x9D, 0x9D, 0x9D, 0x9D, 0x9D, 0x9E, 0x9E, 0x9E, 0x9E, 0x9D,
    0x9E, 0x9F, 0xA0, 0xA3, 0xA8, 0xAF, 0xB9, 0xC4, 0xD2, 0xDF, 0xED, 0xF9, 0xFF, 0xFF, 0xFF, 0xFF,
    0xFF, 0xFF, 0xFF, 0xFF, 0xFF, 0xFF, 0xFF, 0xFF, 0xFF, 0xFF, 0xFF, 0xFF, 0xFF, 0xFD, 0xFC, 0xFB,
    0xFA, 0xFB, 0xFB, 0xFC, 0xFD, 0xFE, 0xFF, 0xFF, 0xFF, 0xFF, 0xFF, 0xFF, 0xFF, 0xFF, 0xFF, 0xFE,
    0xFB, 0xF9, 0xF7, 0xF5, 0xF1, 0xEA, 0xE1, 0xD3, 0xC1, 0xAF, 0xA0, 0x91, 0x80, 0x6D, 0x55, 0x39,
    0x1C, 0x06, 0x00, 0x00, 0x00, 0x00, 0x00, 0x00, 0x02, 0x03, 0x05, 0x07, 0x0B, 0x07, 0x02, 0x00,
    0x00, 0x00, 0x21, 0x5E, 0xA5, 0xE2, 0xFF, 0xFF, 0xFF, 0xFF, 0xFB, 0xF9, 0xFC, 0xFF, 0xFF, 0xFF,
    0xFF, 0xFF, 0xFF, 0xFC, 0xF8, 0xFA, 0xFF, 0xFF, 0xFF, 0xFF, 0xE0, 0x9D, 0x5A, 0x26, 0x02, 0x00,
    0x00, 0x07, 0x2B, 0x5F, 0x9F, 0xE2, 0xFF, 0xFF, 0xFF, 0xFF, 0xFA, 0xF8, 0xFC, 0xFF, 0xFF, 0xFF,
    0xFF, 0xFF, 0xFF, 0xFF, 0xFF, 0xFF, 0xFF, 0xFF, 0xFF, 0xFF, 0xFF, 0xFF, 0xFF, 0xFF, 0xFF, 0xFF,
    0xFF, 0xFF, 0xFF, 0xFF, 0xFF, 0xFF, 0xFF, 0xFF, 0xFF, 0xFF, 0xFE, 0xFB, 0xF7, 0xF4, 0xF2, 0xF0,
    0xF0, 0xEF, 0xEF, 0xEE, 0xEE, 0xED, 0xED, 0xEC, 0xE9, 0xE2, 0xD9, 0xCB, 0xBC, 0xAD, 0x9F, 0x93,
    0x88, 0x81, 0x7D, 0x7A, 0x77, 0x77, 0x77, 0x77, 0x76, 0x76, 0x76, 0x76, 0x76, 0x76, 0x76, 0x76,
    0x76, 0x76, 0x76, 0x77, 0x77, 0x77, 0x77, 0x76, 0x77, 0x78, 0x79, 0x7C, 0x81, 0x89, 0x94, 0xA0,
    0xAF, 0xBD, 0xCB, 0xD9, 0xE3, 0xEB, 0xED, 0xED, 0xED, 0xED, 0xED, 0xEE, 0xEF, 0xF1, 0xF1, 0xF2,
    0xF2, 0xF4, 0xF6, 0xFA, 0xFD, 0xFF, 0xFF, 0xFF, 0xFF, 0xFF, 0xFF, 0xFF, 0xFF, 0xFF, 0xFF, 0xFF,
    0xFE, 0xFC, 0xFC, 0xFC, 0xFC, 0xFD, 0xFE, 0xFF, 0xFF, 0xFF, 0xFF, 0xFF, 0xFF, 0xFF, 0xFB, 0xF1,
    0xE3, 0xD4, 0xC7, 0xB9, 0xA8, 0x95, 0x7C, 0x5E, 0x3F, 0x26, 0x16, 0x0F, 0x0D, 0x0A, 0x07, 0x04,
    0x00, 0x00, 0x00, 0x00, 0x00, 0x00, 0x00, 0x02, 0x08, 0x12, 0x3A, 0x73, 0xB2, 0xE6, 0xFF, 0xFF,
    0xFF, 0xFF, 0xFB, 0xF9, 0xFC, 0xFF, 0xFF, 0xFF, 0xFF, 0xFF, 0xFF, 0xFC, 0xF8, 0xFA, 0xFF, 0xFF,
    0xFF, 0xFF, 0xE2, 0x9F, 0x5E, 0x2A, 0x06, 0x00, 0x00, 0x0C, 0x30, 0x63, 0xA2, 0xE4, 0xFE, 0xFF,
    0xFF, 0xFF, 0xFA, 0xF8, 0xFC, 0xFF, 0xFF, 0xFF, 0xFF, 0xFF, 0xFF, 0xFF, 0xFF, 0xFF, 0xFF, 0xFF,
    0xFF, 0xFF, 0xFF, 0xFF, 0xFF, 0xFF, 0xFF, 0xFF, 0xFE, 0xFF, 0xFF, 0xFF, 0xFF, 0xFF, 0xFF, 0xFF,
    0xFF, 0xFE, 0xF6, 0xEB, 0xDF, 0xD4, 0xCB, 0xC6, 0xC3, 0xC2, 0xC1, 0xBE, 0xBC, 0xBB, 0xBA, 0xB8,
    0xB5, 0xAF, 0xA7, 0x9B, 0x8D, 0x7F, 0x73, 0x67, 0x5E, 0x58, 0x54, 0x51, 0x4E, 0x4E, 0x4E, 0x4E,
    0x4D, 0x4D, 0x4D, 0x4D, 0x4D, 0x4D, 0x4D, 0x4D, 0x4D, 0x4D, 0x4D, 0x4E, 0x4E, 0x4E, 0x4E, 0x4D,
    0x4E, 0x4F, 0x50, 0x52, 0x57, 0x5F, 0x68, 0x73, 0x81, 0x8E, 0x9B, 0xA7, 0xB1, 0xB8, 0xBA, 0xBA,
    0xBB, 0xBB, 0xBC, 0xBF, 0xC3, 0xC7, 0xC9, 0xCA, 0xCD, 0xD2, 0xDB, 0xE7, 0xF6, 0xFF, 0xFF, 0xFF,
    0xFF, 0xFF, 0xFF, 0xFF, 0xFF, 0xFF, 0xFF, 0xFF, 0xFF, 0xFB, 0xF8, 0xF7, 0xF8, 0xFA, 0xFC, 0xFE,
    0xFF, 0xFF, 0xFF, 0xFF, 0xFF, 0xFF, 0xFF, 0xFF, 0xF7, 0xEC, 0xE3, 0xD8, 0xCC, 0xBB, 0xA6, 0x8C,
    0x70, 0x58, 0x47, 0x3C, 0x34, 0x29, 0x1C, 0x0E, 0x00, 0x00, 0x00, 0x00, 0x00, 0x00, 0x00, 0x0D,
    0x1F, 0x35, 0x5F, 0x90, 0xC4, 0xEC, 0xFF, 0xFF, 0xFF, 0xFF, 0xFC, 0xFA, 0xFD, 0xFF, 0xFF, 0xFF,
    0xFF, 0xFF, 0xFF, 0xFC, 0xF8, 0xFA, 0xFF, 0xFF, 0xFF, 0xFE, 0xE4, 0xA2, 0x62, 0x2E, 0x0B, 0x00,
    0x01, 0x13, 0x35, 0x67, 0xA5, 0xE5, 0xFF, 0xFF, 0xFF, 0xFF, 0xFB, 0xF9, 0xFC, 0xFF, 0xFF, 0xFF,
    0xFF, 0xFF, 0xFF, 0xFF, 0xFF, 0xFF, 0xFF, 0xFF, 0xFF, 0xFF, 0xFF, 0xFF, 0xFF, 0xFF, 0xFF, 0xFE,
    0xFD, 0xFE, 0xFF, 0xFF, 0xFF, 0xFF, 0xFF, 0xFF, 0xFE, 0xF5, 0xE7, 0xD3, 0xBD, 0xA9, 0x9B, 0x91,
    0x8C, 0x8A, 0x88, 0x84, 0x80, 0x7D, 0x7C, 0x7A, 0x78, 0x73, 0x6E, 0x64, 0x5A, 0x4E, 0x45, 0x3C,
    0x35, 0x30, 0x2D, 0x2B, 0x28, 0x28, 0x28, 0x28, 0x28, 0x28, 0x28, 0x28, 0x27, 0x27, 0x27, 0x27,
    0x28, 0x28, 0x28, 0x28, 0x28, 0x28, 0x28, 0x28, 0x28, 0x29, 0x29, 0x2B, 0x2F, 0x35, 0x3C, 0x45,
    0x4F, 0x5A, 0x63, 0x6D, 0x75, 0x7A, 0x7C, 0x7C, 0x7D, 0x7F, 0x81, 0x86, 0x8D, 0x93, 0x97, 0x99,
    0x9D, 0xA7, 0xB6, 0xCC, 0xE5, 0xFB, 0xFF, 0xFF, 0xFF, 0xFF, 0xFF, 0xFF, 0xFF, 0xFF, 0xFF, 0xFF,
    0xFF, 0xFC, 0xF7, 0xF6, 0xF6, 0xF8, 0xFA, 0xFC, 0xFE, 0xFF, 0xFF, 0xFF, 0xFF, 0xFF, 0xFF, 0xFF,
    0xFF, 0xF9, 0xF5, 0xEF, 0xE7, 0xDC, 0xCF, 0xBC, 0xA7, 0x91, 0x81, 0x73, 0x64, 0x51, 0x3A, 0x21,
    0x08, 0x00, 0x00, 0x00, 0x00, 0x00, 0x04, 0x20, 0x40, 0x61, 0x8A, 0xB2, 0xD8, 0xF3, 0xFF, 0xFF,
    0xFF, 0xFF, 0xFD, 0xFB, 0xFD, 0xFF, 0xFF, 0xFF, 0xFF, 0xFF, 0xFF, 0xFC, 0xF8, 0xFB, 0xFF, 0xFF,
    0xFF, 0xFF, 0xE5, 0xA6, 0x66, 0x34, 0x11, 0x00, 0x04, 0x19, 0x3B, 0x6B, 0xA8, 0xE6, 0xFF, 0xFF,
    0xFF, 0xFF, 0xFB, 0xF9, 0xFC, 0xFF, 0xFF, 0xFF, 0xFF, 0xFF, 0xFF, 0xFF, 0xFF, 0xFF, 0xFF, 0xFF,
    0xFF, 0xFF, 0xFF, 0xFF, 0xFF, 0xFF, 0xFF, 0xFE, 0xFD, 0xFE, 0xFF, 0xFF, 0xFF, 0xFF, 0xFF, 0xFC,
    0xF1, 0xE2, 0xCD, 0xB2, 0x96, 0x7D, 0x6B, 0x5E, 0x58, 0x55, 0x53, 0x4E, 0x49, 0x45, 0x43, 0x42,
    0x40, 0x3D, 0x3A, 0x34, 0x2D, 0x25, 0x20, 0x19, 0x15, 0x11, 0x0F, 0x0E, 0x0C, 0x0C, 0x0C, 0x0C,
    0x0C, 0x0C, 0x0C, 0x0C, 0x0B, 0x0B, 0x0B, 0x0B, 0x0C, 0x0C, 0x0C, 0x0C, 0x0C, 0x0C, 0x0C, 0x0C,
    0x0C, 0x0C, 0x0D, 0x0E, 0x10, 0x14, 0x19, 0x1F, 0x25, 0x2D, 0x33, 0x39, 0x3F, 0x42, 0x43, 0x44,
    0x45, 0x47, 0x4A, 0x51, 0x59, 0x61, 0x65, 0x68, 0x6E, 0x7A, 0x8E, 0xAA, 0xCA, 0xE6, 0xFA, 0xFF,
    0xFF, 0xFF, 0xFF, 0xFF, 0xFF, 0xFF, 0xFF, 0xFF, 0xFF, 0xFE, 0xFB, 0xFA, 0xFA, 0xFA, 0xFB, 0xFC,
    0xFD, 0xFF, 0xFF, 0xFF, 0xFF, 0xFF, 0xFF, 0xFF, 0xFF, 0xFE, 0xFD, 0xFB, 0xFA, 0xF4, 0xEE, 0xE4,
    0xD6, 0xC5, 0xB7, 0xA7, 0x94, 0x7C, 0x5E, 0x3D, 0x1E, 0x04, 0x00, 0x00, 0x00, 0x00, 0x19, 0x3D,
    0x66, 0x8D, 0xB2, 0xD1, 0xEA, 0xF9, 0xFF, 0xFF, 0xFF, 0xFF, 0xFE, 0xFD, 0xFE, 0xFF, 0xFF, 0xFF,
    0xFF, 0xFF, 0xFF, 0xFC, 0xF8, 0xFB, 0xFF, 0xFF, 0xFF, 0xFF, 0xE6, 0xA8, 0x6A, 0x39, 0x17, 0x01,
    0x07, 0x1F, 0x3F, 0x6F, 0xAA, 0xE6, 0xFF, 0xFF, 0xFF, 0xFF, 0xFB, 0xF9, 0xFC, 0xFF, 0xFF, 0xFF,
    0xFF, 0xFF, 0xFF, 0xFF, 0xFF, 0xFF, 0xFF, 0xFF, 0xFF, 0xFF, 0xFF, 0xFF, 0xFF, 0xFF, 0xFF, 0xFE,
    0xFD, 0xFE, 0xFF, 0xFF, 0xFF, 0xFD, 0xF8, 0xEC, 0xDA, 0xC4, 0xAA, 0x8C, 0x6E, 0x55, 0x44, 0x37,
    0x30, 0x2D, 0x2B, 0x26, 0x21, 0x1D, 0x1B, 0x1B, 0x19, 0x17, 0x16, 0x13, 0x0F, 0x0A, 0x08, 0x04,
    0x02, 0x00, 0x00, 0x00, 0x00, 0x00, 0x00, 0x00, 0x00, 0x00, 0x00, 0x00, 0x00, 0x00, 0x00, 0x00,
    0x00, 0x00, 0x00, 0x00, 0x00, 0x00, 0x00, 0x00, 0x00, 0x00, 0x00, 0x00, 0x00, 0x01, 0x04, 0x07,
    0x0A, 0x0F, 0x12, 0x15, 0x19, 0x1B, 0x1B, 0x1C, 0x1D, 0x1F, 0x22, 0x29, 0x32, 0x39, 0x3D, 0x40,
    0x46, 0x53, 0x67, 0x83, 0xA4, 0xC0, 0xD5, 0xE3, 0xE9, 0xEA, 0xE9, 0xE9, 0xE9, 0xEB, 0xED, 0xF3,
    0xFB, 0xFF, 0xFF, 0xFF, 0xFF, 0xFF, 0xFF, 0xFF, 0xFF, 0xFF, 0xFF, 0xFE, 0xFD, 0xFD, 0xFC, 0xFD,
    0xFD, 0xFE, 0xFF, 0xFF, 0xFF, 0xFF, 0xFF, 0xFC, 0xF4, 0xE9, 0xDD, 0xCF, 0xBC, 0xA3, 0x85, 0x63,
    0x44, 0x29, 0x16, 0x16, 0x15, 0x23, 0x3F, 0x63, 0x8D, 0xB3, 0xD2, 0xE8, 0xF7, 0xFD, 0xFF, 0xFF,
    0xFF, 0xFF, 0xFE, 0xFD, 0xFE, 0xFF, 0xFF, 0xFF, 0xFF, 0xFF, 0xFF, 0xFC, 0xF8, 0xFB, 0xFF, 0xFF,
    0xFF, 0xFF, 0xE6, 0xAA, 0x6E, 0x3D, 0x1D, 0x03, 0x0B, 0x24, 0x43, 0x72, 0xAC, 0xE7, 0xFF, 0xFF,
    0xFF, 0xFF, 0xFB, 0xF9, 0xFC, 0xFF, 0xFF, 0xFF, 0xFF, 0xFF, 0xFF, 0xFF, 0xFF, 0xFF, 0xFF, 0xFF,
    0xFF, 0xFF, 0xFF, 0xFF, 0xFF, 0xFF, 0xFF, 0xFE, 0xFD, 0xFE, 0xFF, 0xFF, 0xFE, 0xF7, 0xEB, 0xD6,
    0xB9, 0x9B, 0x7E, 0x61, 0x46, 0x33, 0x25, 0x1B, 0x15, 0x13, 0x12, 0x0E, 0x0A, 0x07, 0x05, 0x05,
    0x04, 0x03, 0x03, 0x01, 0x00, 0x00, 0x00, 0x00, 0x00, 0x00, 0x00, 0x00, 0x00, 0x00, 0x00, 0x00,
    0x00, 0x00, 0x00, 0x00, 0x00, 0x00, 0x00, 0x00, 0x00, 0x00, 0x00, 0x00, 0x00, 0x00, 0x00, 0x00,
    0x00, 0x00, 0x00, 0x00, 0x00, 0x00, 0x00, 0x00, 0x00, 0x00, 0x00, 0x02, 0x05, 0x05, 0x05, 0x06,
    0x07, 0x08, 0x0B, 0x10, 0x17, 0x1D, 0x20, 0x22, 0x27, 0x31, 0x41, 0x59, 0x73, 0x8A, 0x9B, 0xA8,
    0xAE, 0xAF, 0xAD, 0xAA, 0xAB, 0xB1, 0xBE, 0xD2, 0xEB, 0xFF, 0xFF, 0xFF, 0xFF, 0xFF, 0xFF, 0xFF,
    0xFF, 0xFF, 0xFF, 0xFF, 0xFC, 0xFA, 0xF9, 0xFA, 0xFB, 0xFE, 0xFF, 0xFF, 0xFF, 0xFF, 0xFF, 0xFF,
    0xFF, 0xFD, 0xF5, 0xEA, 0xDA, 0xC6, 0xAD, 0x92, 0x78, 0x63, 0x53, 0x52, 0x52, 0x5E, 0x75, 0x92,
    0xB4, 0xD3, 0xE9, 0xF7, 0xFE, 0xFF, 0xFF, 0xFF, 0xFF, 0xFF, 0xFF, 0xFE, 0xFF, 0xFF, 0xFF, 0xFF,
    0xFF, 0xFF, 0xFF, 0xFC, 0xF8, 0xFB, 0xFF, 0xFF, 0xFF, 0xFF, 0xE6, 0xAC, 0x70, 0x41, 0x21, 0x07,
    0x0F, 0x27, 0x47, 0x75, 0xAE, 0xE7, 0xFF, 0xFF, 0xFF, 0xFF, 0xFB, 0xF9, 0xFC, 0xFF, 0xFF, 0xFF,
    0xFF, 0xFF, 0xFF, 0xFF, 0xFF, 0xFF, 0xFF, 0xFF, 0xFF, 0xFF, 0xFF, 0xFE, 0xFE, 0xFE, 0xFF, 0xFF,
    0xFE, 0xFE, 0xFF, 0xFF, 0xFC, 0xEF, 0xDA, 0xBA, 0x93, 0x6F, 0x50, 0x36, 0x23, 0x18, 0x11, 0x0B,
    0x06, 0x05, 0x06, 0x03, 0x01, 0x00, 0x00, 0x00, 0x00, 0x00, 0x00, 0x00, 0x00, 0x00, 0x00, 0x00,
    0x00, 0x00, 0x00, 0x00, 0x00, 0x00, 0x00, 0x00, 0x00, 0x00, 0x00, 0x00, 0x00, 0x00, 0x00, 0x00,
    0x00, 0x00, 0x00, 0x00, 0x00, 0x00, 0x00, 0x00, 0x00, 0x00, 0x00, 0x00, 0x00, 0x00, 0x00, 0x00,
    0x00, 0x00, 0x00, 0x00, 0x00, 0x00, 0x00, 0x00, 0x00, 0x00, 0x01, 0x04, 0x08, 0x0B, 0x0D, 0x0E,
    0x11, 0x17, 0x22, 0x30, 0x41, 0x4F, 0x5A, 0x63, 0x69, 0x69, 0x65, 0x61, 0x62, 0x6D, 0x84, 0xA8,
    0xD2, 0xF8, 0xFF, 0xFF, 0xFF, 0xFF, 0xFF, 0xFF, 0xFF, 0xFF, 0xFF, 0xFF, 0xFC, 0xFA, 0xF8, 0xF9,
    0xFA, 0xFD, 0xFF, 0xFF, 0xFF, 0xFF, 0xFF, 0xFF, 0xFF, 0xFF, 0xFF, 0xF8, 0xEF, 0xE2, 0xD3, 0xC1,
    0xB2, 0xA5, 0x9A, 0x9A, 0x9A, 0xA2, 0xB0, 0xC2, 0xD7, 0xEA, 0xF7, 0xFE, 0xFF, 0xFF, 0xFF, 0xFF,
    0xFF, 0xFF, 0xFF, 0xFF, 0xFF, 0xFF, 0xFF, 0xFF, 0xFF, 0xFF, 0xFF, 0xFC, 0xF9, 0xFB, 0xFF, 0xFF,
    0xFF, 0xFF, 0xE7, 0xAD, 0x72, 0x43, 0x24, 0x0B, 0x13, 0x2A, 0x49, 0x76, 0xAF, 0xE8, 0xFF, 0xFF,
    0xFF, 0xFF, 0xFB, 0xF9, 0xFC, 0xFF, 0xFF, 0xFF, 0xFF, 0xFF, 0xFF, 0xFF, 0xFF, 0xFF, 0xFF, 0xFF,
    0xFF, 0xFF, 0xFF, 0xFE, 0xFE, 0xFE, 0xFF, 0xFF, 0xFF, 0xFE, 0xFF, 0xFF, 0xF8, 0xE5, 0xC8, 0xA0,
    0x71, 0x47, 0x28, 0x13, 0x09, 0x06, 0x06, 0x03, 0x01, 0x01, 0x02, 0x01, 0x00, 0x00, 0x00, 0x00,
    0x00, 0x00, 0x00, 0x00, 0x00, 0x00, 0x00, 0x00, 0x00, 0x00, 0x00, 0x00, 0x00, 0x00, 0x00, 0x00,
    0x00, 0x00, 0x00, 0x00, 0x00, 0x00, 0x00, 0x00, 0x00, 0x00, 0x00, 0x00, 0x00, 0x00, 0x00, 0x00,
    0x00, 0x00, 0x00, 0x00, 0x00, 0x00, 0x00, 0x00, 0x00, 0x00, 0x00, 0x00, 0x00, 0x00, 0x00, 0x00,
    0x00, 0x00, 0x00, 0x00, 0x01, 0x02, 0x03, 0x03, 0x04, 0x07, 0x0B, 0x11, 0x18, 0x1D, 0x22, 0x27,
    0x2C, 0x2C, 0x27, 0x21, 0x23, 0x31, 0x4E, 0x7B, 0xB1, 0xE1, 0xFF, 0xFF, 0xFF, 0xFF, 0xFF, 0xFF,
    0xFF, 0xFF, 0xFF, 0xFF, 0xFE, 0xFC, 0xFB, 0xFB, 0xFC, 0xFD, 0xFF, 0xFF, 0xFF, 0xFF, 0xFF, 0xFF,
    0xFF, 0xFF, 0xFF, 0xFD, 0xFA, 0xF5, 0xEF, 0xE8, 0xE3, 0xDD, 0xD9, 0xD9, 0xD9, 0xDD, 0xE2, 0xE9,
    0xF1, 0xF8, 0xFD, 0xFF, 0xFF, 0xFF, 0xFF, 0xFF, 0xFF, 0xFF, 0xFF, 0xFF, 0xFF, 0xFF, 0xFF, 0xFF,
    0xFF, 0xFF, 0xFF, 0xFC, 0xF9, 0xFB, 0xFF, 0xFF, 0xFF, 0xFF, 0xE7, 0xAE, 0x74, 0x45, 0x26, 0x0E,
    0x16, 0x2C, 0x4B, 0x78, 0xAF, 0xE8, 0xFF, 0xFF, 0xFF, 0xFF, 0xFB, 0xF9, 0xFC, 0xFF, 0xFF, 0xFF,
    0xFF, 0xFF, 0xFF, 0xFF, 0xFF, 0xFF, 0xFF, 0xFF, 0xFF, 0xFF, 0xFF, 0xFE, 0xFE, 0xFE, 0xFF, 0xFF,
    0xFF, 0xFE, 0xFF, 0xFD, 0xF2, 0xDB, 0xB8, 0x8A, 0x56, 0x2A, 0x0D, 0x00, 0x00, 0x00, 0x01, 0x01,
    0x00, 0x00, 0x00, 0x01, 0x00, 0x00, 0x00, 0x00, 0x00, 0x00, 0x00, 0x00, 0x00, 0x00, 0x00, 0x00,
    0x00, 0x00, 0x01, 0x01, 0x01, 0x01, 0x01, 0x01, 0x01, 0x00, 0x00, 0x00, 0x00, 0x00, 0x00, 0x00,
    0x00, 0x00, 0x00, 0x00, 0x00, 0x00, 0x01, 0x01, 0x01, 0x01, 0x01, 0x01, 0x00, 0x00, 0x00, 0x00,
    0x00, 0x00, 0x00, 0x00, 0x00, 0x00, 0x00, 0x00, 0x00, 0x00, 0x00, 0x00, 0x00, 0x00, 0x00, 0x00,
    0x00, 0x00, 0x00, 0x00, 0x00, 0x00, 0x00, 0x01, 0x04, 0x04, 0x00, 0x00, 0x00, 0x09, 0x26, 0x54,
    0x8A, 0xB9, 0xD8, 0xE8, 0xE8, 0xE8, 0xE7, 0xEA, 0xF0, 0xF5, 0xF8, 0xFC, 0xFF, 0xFF, 0xFF, 0xFF,
    0xFF, 0xFF, 0xFF, 0xFF, 0xFF, 0xFE, 0xFD, 0xFD, 0xFD, 0xFD, 0xFE, 0xFE, 0xFF, 0xFF, 0xFF, 0xFF,
    0xFF, 0xFF, 0xFF, 0xFF, 0xFF, 0xFF, 0xFF, 0xFF, 0xFF, 0xFF, 0xFF, 0xFF, 0xFE, 0xFF, 0xFF, 0xFF,
    0xFF, 0xFF, 0xFF, 0xFF, 0xFF, 0xFF, 0xFF, 0xFF, 0xFF, 0xFF, 0xFF, 0xFC, 0xF9, 0xFB, 0xFF, 0xFF,
    0xFF, 0xFF, 0xE7, 0xAE, 0x74, 0x47, 0x28, 0x11, 0x18, 0x2D, 0x4C, 0x78, 0xB0, 0xE8, 0xFF, 0xFF,
    0xFF, 0xFF, 0xFB, 0xF9, 0xFC, 0xFF, 0xFF, 0xFF, 0xFF, 0xFF, 0xFF, 0xFF, 0xFF, 0xFF, 0xFF, 0xFF,
    0xFF, 0xFF, 0xFF, 0xFE, 0xFD, 0xFE, 0xFF, 0xFF, 0xFF, 0xFE, 0xFE, 0xF9, 0xEB, 0xD0, 0xAB, 0x7A,
    0x46, 0x1B, 0x00, 0x00, 0x00, 0x00, 0x00, 0x01, 0x00, 0x00, 0x00, 0x00, 0x00, 0x00, 0x00, 0x00,
    0x00, 0x00, 0x00, 0x00, 0x00, 0x00, 0x00, 0x00, 0x00, 0x00, 0x00, 0x00, 0x00, 0x00, 0x00, 0x00,
    0x00, 0x00, 0x00, 0x00, 0x00, 0x00, 0x00, 0x00, 0x00, 0x00, 0x00, 0x00, 0x00, 0x00, 0x00, 0x00,
    0x00, 0x00, 0x00, 0x00, 0x00, 0x00, 0x00, 0x00, 0x00, 0x00, 0x00, 0x00, 0x00, 0x00, 0x00, 0x00,
    0x00, 0x00, 0x00, 0x00, 0x00, 0x00, 0x00, 0x00, 0x00, 0x00, 0x00, 0x00, 0x00, 0x00, 0x00, 0x00,
    0x00, 0x00, 0x00, 0x00, 0x00, 0x00, 0x0D, 0x32, 0x5D, 0x82, 0x9A, 0xA6, 0xA6, 0xA6, 0xAA, 0xB5,
    0xC6, 0xD6, 0xE4, 0xF3, 0xFF, 0xFF, 0xFF, 0xFF, 0xFF, 0xFF, 0xFF, 0xFF, 0xFF, 0xFE, 0xFC, 0xFB,
    0xFB, 0xFC, 0xFE, 0xFF, 0xFF, 0xFF, 0xFF, 0xFF, 0xFF, 0xFF, 0xFF, 0xFF, 0xFF, 0xFF, 0xFF, 0xFF,
    0xFF, 0xFF, 0xFF, 0xFF, 0xFF, 0xFF, 0xFF, 0xFF, 0xFF, 0xFF, 0xFF, 0xFF, 0xFF, 0xFF, 0xFF, 0xFF,
    0xFF, 0xFF, 0xFF, 0xFC, 0xF9, 0xFB, 0xFF, 0xFF, 0xFF, 0xFF, 0xE7, 0xAF, 0x75, 0x47, 0x29, 0x13,
    0x18, 0x2D, 0x4C, 0x78, 0xB0, 0xE8, 0xFF, 0xFF, 0xFF, 0xFF, 0xFB, 0xF9, 0xFC, 0xFF, 0xFF, 0xFF,
    0xFF, 0xFF, 0xFF, 0xFF, 0xFF, 0xFF, 0xFF, 0xFF, 0xFF, 0xFF, 0xFF, 0xFE, 0xFD, 0xFE, 0xFF, 0xFF,
    0xFF, 0xFF, 0xFD, 0xF6, 0xE5, 0xC9, 0xA3, 0x73, 0x41, 0x18, 0x00, 0x00, 0x00, 0x00, 0x01, 0x03,
    0x01, 0x00, 0x00, 0x01, 0x00, 0x00, 0x00, 0x00, 0x00, 0x00, 0x00, 0x00, 0x00, 0x00, 0x00, 0x00,
    0x00, 0x00, 0x00, 0x00, 0x00, 0x00, 0x00, 0x00, 0x00, 0x00, 0x00, 0x00, 0x00, 0x00, 0x00, 0x00,
    0x00, 0x00, 0x00, 0x00, 0x00, 0x00, 0x00, 0x00, 0x00, 0x00, 0x00, 0x00, 0x00, 0x00, 0x00, 0x00,
    0x00, 0x00, 0x00, 0x00, 0x00, 0x00, 0x00, 0x00, 0x00, 0x00, 0x00, 0x00, 0x00, 0x00, 0x00, 0x00,
    0x00, 0x00, 0x00, 0x00, 0x00, 0x00, 0x00, 0x00, 0x00, 0x00, 0x00, 0x00, 0x00, 0x00, 0x02, 0x17,
    0x31, 0x46, 0x52, 0x59, 0x59, 0x59, 0x62, 0x76, 0x91, 0xAD, 0xC7, 0xE1, 0xF7, 0xFF, 0xFF, 0xFF,
    0xFF, 0xFF, 0xFF, 0xFF, 0xFF, 0xFF, 0xFD, 0xFB, 0xFB, 0xFC, 0xFE, 0xFF, 0xFF, 0xFF, 0xFF, 0xFF,
    0xFF, 0xFF, 0xFF, 0xFF, 0xFF, 0xFF, 0xFF, 0xFF, 0xFF, 0xFF, 0xFF, 0xFF, 0xFF, 0xFF, 0xFF, 0xFF,
    0xFF, 0xFF, 0xFF, 0xFF, 0xFF, 0xFF, 0xFF, 0xFF, 0xFF, 0xFF, 0xFF, 0xFC, 0xF9, 0xFB, 0xFF, 0xFF,
    0xFF, 0xFF, 0xE7, 0xAF, 0x75, 0x47, 0x29, 0x13, 0x16, 0x2C, 0x4B, 0x78, 0xAF, 0xE8, 0xFF, 0xFF,
    0xFF, 0xFF, 0xFB, 0xF9, 0xFC, 0xFF, 0xFF, 0xFF, 0xFF, 0xFF, 0xFF, 0xFF, 0xFF, 0xFF, 0xFF, 0xFF,
    0xFF, 0xFF, 0xFF, 0xFE, 0xFD, 0xFE, 0xFF, 0xFF, 0xFF, 0xFF, 0xFD, 0xF4, 0xE2, 0xC6, 0xA1, 0x74,
    0x44, 0x1D, 0x04, 0x00, 0x00, 0x00, 0x02, 0x04, 0x02, 0x01, 0x00, 0x01, 0x00, 0x00, 0x00, 0x00,
    0x00, 0x00, 0x00, 0x00, 0x00, 0x00, 0x00, 0x00, 0x00, 0x00, 0x00, 0x00, 0x00, 0x00, 0x00, 0x00,
    0x00, 0x00, 0x00, 0x00, 0x00, 0x00, 0x00, 0x00, 0x00, 0x00, 0x00, 0x00, 0x00, 0x00, 0x00, 0x00,
    0x00, 0x00, 0x00, 0x00, 0x00, 0x00, 0x00, 0x00, 0x00, 0x00, 0x00, 0x00, 0x00, 0x00, 0x00, 0x01,
    0x01, 0x01, 0x00, 0x00, 0x00, 0x00, 0x00, 0x00, 0x00, 0x00, 0x00, 0x00, 0x00, 0x00, 0x00, 0x00,
    0x00, 0x00, 0x00, 0x00, 0x00, 0x00, 0x00, 0x06, 0x0F, 0x14, 0x16, 0x17, 0x17, 0x17, 0x24, 0x3D,
    0x5E, 0x81, 0xA3, 0xC3, 0xE0, 0xF4, 0xFF, 0xFF, 0xFF, 0xFF, 0xFF, 0xFD, 0xFE, 0xFF, 0xFE, 0xFD,
    0xFD, 0xFD, 0xFE, 0xFF, 0xFF, 0xFF, 0xFF, 0xFF, 0xFF, 0xFF, 0xFF, 0xFF, 0xFF, 0xFF, 0xFF, 0xFF,
    0xFF, 0xFF, 0xFF, 0xFF, 0xFF, 0xFF, 0xFF, 0xFF, 0xFF, 0xFF, 0xFF, 0xFF, 0xFF, 0xFF, 0xFF, 0xFF,
    0xFF, 0xFF, 0xFF, 0xFC, 0xF9, 0xFB, 0xFF, 0xFF, 0xFF, 0xFF, 0xE7, 0xAE, 0x74, 0x47, 0x28, 0x11,
    0x13, 0x2A, 0x49, 0x76, 0xAF, 0xE8, 0xFF, 0xFF, 0xFF, 0xFF, 0xFB, 0xF9, 0xFC, 0xFF, 0xFF, 0xFF,
    0xFF, 0xFF, 0xFF, 0xFF, 0xFF, 0xFF, 0xFF, 0xFF, 0xFF, 0xFF, 0xFF, 0xFE, 0xFD, 0xFE, 0xFF, 0xFF,
    0xFF, 0xFF, 0xFD, 0xF4, 0xE3, 0xC9, 0xA6, 0x79, 0x4A, 0x23, 0x09, 0x01, 0x00, 0x00, 0x00, 0x01,
    0x00, 0x00, 0x00, 0x00, 0x00, 0x00, 0x00, 0x00, 0x00, 0x00, 0x00, 0x01, 0x02, 0x02, 0x03, 0x03,
    0x04, 0x04, 0x04, 0x04, 0x04, 0x04, 0x04, 0x04, 0x04, 0x04, 0x04, 0x05, 0x06, 0x06, 0x07, 0x07,
    0x06, 0x05, 0x05, 0x05, 0x05, 0x04, 0x04, 0x04, 0x04, 0x04, 0x04, 0x04, 0x03, 0x03, 0x03, 0x03,
    0x02, 0x02, 0x01, 0x00, 0x00, 0x00, 0x00, 0x00, 0x00, 0x00, 0x00, 0x00, 0x00, 0x00, 0x00, 0x00,
    0x00, 0x00, 0x00, 0x00, 0x00, 0x01, 0x02, 0x02, 0x02, 0x03, 0x03, 0x04, 0x04, 0x03, 0x01, 0x00,
    0x00, 0x00, 0x00, 0x00, 0x00, 0x00, 0x00, 0x16, 0x37, 0x5A, 0x7C, 0x9C, 0xB8, 0xCC, 0xDA, 0xE5,
    0xEC, 0xEF, 0xF1, 0xF5, 0xFB, 0xFF, 0xFF, 0xFF, 0xFF, 0xFF, 0xFF, 0xFF, 0xFF, 0xFE, 0xFD, 0xFC,
    0xFC, 0xFB, 0xFB, 0xFB, 0xFB, 0xFB, 0xFC, 0xFC, 0xFD, 0xFD, 0xFE, 0xFE, 0xFF, 0xFF, 0xFF, 0xFF,
    0xFF, 0xFF, 0xFF, 0xFF, 0xFF, 0xFF, 0xFF, 0xFF, 0xFF, 0xFF, 0xFF, 0xFC, 0xF9, 0xFB, 0xFF, 0xFF,
    0xFF, 0xFF, 0xE7, 0xAE, 0x73, 0x45, 0x26, 0x0E, 0x10, 0x28, 0x47, 0x75, 0xAE, 0xE7, 0xFF, 0xFF,
    0xFF, 0xFF, 0xFB, 0xF9, 0xFC, 0xFF, 0xFF, 0xFF, 0xFF, 0xFF, 0xFF, 0xFF, 0xFF, 0xFF, 0xFF, 0xFF,
    0xFF, 0xFF, 0xFF, 0xFE, 0xFD, 0xFE, 0xFF, 0xFF, 0xFE, 0xFF, 0xFD, 0xF7, 0xE9, 0xD2, 0xB0, 0x83,
    0x53, 0x2A, 0x0D, 0x01, 0x00, 0x00, 0x00, 0x00, 0x00, 0x00, 0x00, 0x00, 0x00, 0x00, 0x00, 0x00,
    0x01, 0x02, 0x04, 0x06, 0x09, 0x0C, 0x0D, 0x0E, 0x0F, 0x0F, 0x0F, 0x10, 0x10, 0x10, 0x10, 0x10,
    0x10, 0x10, 0x11, 0x12, 0x14, 0x15, 0x16, 0x16, 0x15, 0x14, 0x13, 0x12, 0x11, 0x11, 0x10, 0x0F,
    0x0F, 0x0F, 0x0F, 0x0F, 0x0F, 0x0E, 0x0D, 0x0C, 0x0B, 0x09, 0x06, 0x04, 0x01, 0x00, 0x00, 0x00,
    0x00, 0x00, 0x00, 0x00, 0x00, 0x00, 0x00, 0x00, 0x00, 0x00, 0x00, 0x00, 0x00, 0x00, 0x01, 0x02,
    0x03, 0x04, 0x06, 0x07, 0x08, 0x06, 0x02, 0x00, 0x00, 0x00, 0x00, 0x00, 0x00, 0x00, 0x00, 0x01,
    0x1B, 0x37, 0x51, 0x6A, 0x80, 0x90, 0x9E, 0xAF, 0xC0, 0xCE, 0xD9, 0xE5, 0xF1, 0xFB, 0xFF, 0xFF,
    0xFF, 0xFF, 0xFF, 0xFF, 0xFF, 0xFF, 0xFC, 0xFB, 0xFA, 0xFA, 0xF9, 0xF9, 0xF9, 0xFA, 0xFA, 0xFB,
    0xFC, 0xFD, 0xFD, 0xFE, 0xFF, 0xFF, 0xFF, 0xFF, 0xFF, 0xFF, 0xFF, 0xFF, 0xFF, 0xFF, 0xFF, 0xFF,
    0xFF, 0xFF, 0xFF, 0xFC, 0xF9, 0xFB, 0xFF, 0xFF, 0xFF, 0xFF, 0xE7, 0xAC, 0x72, 0x43, 0x24, 0x0A,
    0x0C, 0x24, 0x44, 0x73, 0xAD, 0xE7, 0xFF, 0xFF, 0xFF, 0xFF, 0xFB, 0xF9, 0xFC, 0xFF, 0xFF, 0xFF,
    0xFF, 0xFF, 0xFF, 0xFF, 0xFF, 0xFF, 0xFF, 0xFF, 0xFF, 0xFF, 0xFF, 0xFF, 0xFD, 0xFE, 0xFF, 0xFF,
    0xFE, 0xFE, 0xFE, 0xFA, 0xF2, 0xDE, 0xBE, 0x92, 0x61, 0x36, 0x16, 0x05, 0x00, 0x00, 0x00, 0x00,
    0x00, 0x00, 0x01, 0x04, 0x05, 0x06, 0x07, 0x08, 0x0A, 0x0C, 0x0F, 0x14, 0x19, 0x1E, 0x21, 0x22,
    0x24, 0x24, 0x24, 0x25, 0x25, 0x25, 0x25, 0x25, 0x25, 0x25, 0x27, 0x29, 0x2C, 0x2D, 0x2F, 0x2F,
    0x2E, 0x2C, 0x2B, 0x29, 0x28, 0x26, 0x25, 0x24, 0x24, 0x24, 0x24, 0x24, 0x23, 0x23, 0x21, 0x1F,
    0x1C, 0x18, 0x14, 0x0F, 0x0B, 0x07, 0x05, 0x05, 0x04, 0x04, 0x03, 0x01, 0x00, 0x00, 0x00, 0x00,
    0x00, 0x00, 0x00, 0x00, 0x00, 0x00, 0x00, 0x01, 0x02, 0x03, 0x04, 0x06, 0x07, 0x06, 0x02, 0x00,
    0x00, 0x00, 0x00, 0x00, 0x00, 0x00, 0x00, 0x00, 0x0B, 0x1A, 0x28, 0x37, 0x44, 0x4D, 0x59, 0x6F,
    0x89, 0xA2, 0xB8, 0xCC, 0xDF, 0xED, 0xF7, 0xFF, 0xFF, 0xFF, 0xFF, 0xFF, 0xFF, 0xFF, 0xFE, 0xFD,
    0xFC, 0xFC, 0xFD, 0xFD, 0xFD, 0xFD, 0xFD, 0xFD, 0xFE, 0xFE, 0xFE, 0xFE, 0xFF, 0xFF, 0xFF, 0xFF,
    0xFF, 0xFF, 0xFF, 0xFF, 0xFF, 0xFF, 0xFF, 0xFF, 0xFF, 0xFF, 0xFF, 0xFC, 0xF8, 0xFB, 0xFF, 0xFF,
    0xFF, 0xFF, 0xE6, 0xAB, 0x6F, 0x41, 0x20, 0x06, 0x08, 0x20, 0x40, 0x70, 0xAB, 0xE6, 0xFF, 0xFF,
    0xFF, 0xFF, 0xFB, 0xF9, 0xFC, 0xFF, 0xFF, 0xFF, 0xFF, 0xFF, 0xFF, 0xFF, 0xFF, 0xFF, 0xFF, 0xFF,
    0xFF, 0xFF, 0xFF, 0xFF, 0xFE, 0xFE, 0xFF, 0xFF, 0xFE, 0xFE, 0xFF, 0xFE, 0xFA, 0xEA, 0xCE, 0xA6,
    0x78, 0x4D, 0x2B, 0x15, 0x08, 0x02, 0x02, 0x04, 0x06, 0x0C, 0x12, 0x16, 0x19, 0x1C, 0x1D, 0x1F,
    0x21, 0x24, 0x28, 0x2E, 0x35, 0x3A, 0x3E, 0x40, 0x42, 0x42, 0x42, 0x43, 0x44, 0x44, 0x44, 0x43,
    0x43, 0x44, 0x46, 0x49, 0x4C, 0x4E, 0x50, 0x50, 0x4F, 0x4D, 0x4B, 0x49, 0x47, 0x45, 0x43, 0x42,
    0x42, 0x42, 0x42, 0x42, 0x42, 0x41, 0x3F, 0x3C, 0x39, 0x34, 0x2E, 0x28, 0x22, 0x1D, 0x1B, 0x1A,
    0x1A, 0x18, 0x16, 0x12, 0x0D, 0x08, 0x03, 0x00, 0x00, 0x00, 0x00, 0x00, 0x00, 0x00, 0x00, 0x00,
    0x00, 0x01, 0x02, 0x03, 0x03, 0x03, 0x02, 0x00, 0x00, 0x00, 0x00, 0x00, 0x00, 0x00, 0x00, 0x00,
    0x04, 0x08, 0x0A, 0x0E, 0x12, 0x14, 0x1E, 0x37, 0x56, 0x76, 0x92, 0xAC, 0xC1, 0xD3, 0xE0, 0xED,
    0xF6, 0xFC, 0xFE, 0xFF, 0xFF, 0xFF, 0xFF, 0xFE, 0xFE, 0xFF, 0xFF, 0xFF, 0xFF, 0xFF, 0xFF, 0xFF,
    0xFF, 0xFF, 0xFF, 0xFF, 0xFF, 0xFF, 0xFF, 0xFF, 0xFF, 0xFF, 0xFF, 0xFF, 0xFF, 0xFF, 0xFF, 0xFF,
    0xFF, 0xFF, 0xFF, 0xFC, 0xF8, 0xFB, 0xFF, 0xFF, 0xFF, 0xFF, 0xE6, 0xA9, 0x6D, 0x3D, 0x1C, 0x02,
    0x04, 0x1A, 0x3C, 0x6C, 0xA9, 0xE6, 0xFF, 0xFF, 0xFF, 0xFF, 0xFB, 0xF9, 0xFC, 0xFF, 0xFF, 0xFF,
    0xFF, 0xFF, 0xFF, 0xFF, 0xFF, 0xFF, 0xFF, 0xFF, 0xFF, 0xFF, 0xFF, 0xFF, 0xFE, 0xFE, 0xFF, 0xFF,
    0xFE, 0xFE, 0xFF, 0xFF, 0xFF, 0xF3, 0xDE, 0xBD, 0x96, 0x6F, 0x4E, 0x33, 0x20, 0x17, 0x15, 0x18,
    0x1E, 0x28, 0x32, 0x3A, 0x3F, 0x43, 0x45, 0x47, 0x49, 0x4C, 0x50, 0x56, 0x5C, 0x62, 0x66, 0x68,
    0x6A, 0x6A, 0x6A, 0x6B, 0x6C, 0x6C, 0x6C, 0x6B, 0x6B, 0x6C, 0x6E, 0x71, 0x74, 0x76, 0x78, 0x78,
    0x77, 0x75, 0x73, 0x71, 0x6F, 0x6D, 0x6B, 0x6A, 0x6A, 0x6A, 0x6A, 0x6A, 0x6A, 0x69, 0x67, 0x64,
    0x60, 0x5C, 0x56, 0x50, 0x4A, 0x45, 0x43, 0x42, 0x41, 0x3E, 0x3A, 0x32, 0x29, 0x20, 0x18, 0x13,
    0x0F, 0x0C, 0x09, 0x08, 0x05, 0x03, 0x02, 0x01, 0x00, 0x00, 0x00, 0x00, 0x00, 0x00, 0x00, 0x00,
    0x00, 0x01, 0x03, 0x04, 0x04, 0x05, 0x04, 0x04, 0x02, 0x00, 0x00, 0x00, 0x00, 0x00, 0x00, 0x10,
    0x2F, 0x4F, 0x6C, 0x85, 0x9A, 0xAB, 0xBA, 0xCB, 0xDA, 0xE6, 0xEE, 0xF5, 0xFB, 0xFE, 0xFF, 0xFF,
    0xFF, 0xFF, 0xFF, 0xFF, 0xFF, 0xFF, 0xFF, 0xFF, 0xFF, 0xFF, 0xFF, 0xFF, 0xFF, 0xFF, 0xFF, 0xFF,
    0xFF, 0xFF, 0xFF, 0xFF, 0xFF, 0xFF, 0xFF, 0xFF, 0xFF, 0xFF, 0xFF, 0xFC, 0xF8, 0xFB, 0xFF, 0xFF,
    0xFF, 0xFF, 0xE6, 0xA7, 0x69, 0x39, 0x16, 0x00, 0x02, 0x14, 0x36, 0x68, 0xA7, 0xE5, 0xFF, 0xFF,
    0xFF, 0xFF, 0xFB, 0xF9, 0xFC, 0xFF, 0xFF, 0xFF, 0xFF, 0xFF, 0xFF, 0xFF, 0xFF, 0xFF, 0xFF, 0xFF,
    0xFF, 0xFF, 0xFF, 0xFF, 0xFE, 0xFE, 0xFF, 0xFF, 0xFE, 0xFE, 0xFF, 0xFF, 0xFF, 0xFA, 0xEB, 0xD4,
    0xB9, 0x9A, 0x7B, 0x5E, 0x46, 0x39, 0x35, 0x39, 0x44, 0x53, 0x61, 0x6D, 0x75, 0x7A, 0x7D, 0x7F,
    0x80, 0x83, 0x85, 0x8A, 0x8F, 0x94, 0x97, 0x99, 0x9A, 0x9A, 0x9A, 0x9B, 0x9C, 0x9C, 0x9C, 0x9B,
    0x9B, 0x9C, 0x9D, 0xA0, 0xA2, 0xA3, 0xA5, 0xA5, 0xA4, 0xA3, 0xA1, 0xA0, 0x9E, 0x9D, 0x9B, 0x9A,
    0x9A, 0x9A, 0x9A, 0x9A, 0x9A, 0x9A, 0x98, 0x96, 0x93, 0x8F, 0x8A, 0x86, 0x81, 0x7D, 0x7C, 0x7B,
    0x79, 0x75, 0x6E, 0x61, 0x53, 0x45, 0x3A, 0x32, 0x2C, 0x27, 0x21, 0x1C, 0x15, 0x0F, 0x0A, 0x05,
    0x01, 0x00, 0x00, 0x00, 0x00, 0x00, 0x00, 0x00, 0x00, 0x00, 0x02, 0x05, 0x07, 0x09, 0x08, 0x06,
    0x02, 0x00, 0x00, 0x00, 0x00, 0x00, 0x00, 0x00, 0x16, 0x2F, 0x44, 0x58, 0x68, 0x76, 0x84, 0x98,
    0xAE, 0xC3, 0xD3, 0xE3, 0xF0, 0xF9, 0xFE, 0xFF, 0xFF, 0xFF, 0xFF, 0xFF, 0xFF, 0xFF, 0xFE, 0xFF,
    0xFF, 0xFF, 0xFF, 0xFF, 0xFF, 0xFF, 0xFF, 0xFF, 0xFF, 0xFF, 0xFF, 0xFF, 0xFF, 0xFF, 0xFF, 0xFF,
    0xFF, 0xFF, 0xFF, 0xFC, 0xF8, 0xFB, 0xFF, 0xFF, 0xFF, 0xFF, 0xE5, 0xA5, 0x66, 0x34, 0x10, 0x00,
    0x01, 0x0D, 0x31, 0x64, 0xA3, 0xE4, 0xFE, 0xFF, 0xFF, 0xFF, 0xFA, 0xF8, 0xFC, 0xFF, 0xFF, 0xFF,
    0xFF, 0xFF, 0xFF, 0xFF, 0xFF, 0xFF, 0xFF, 0xFF, 0xFF, 0xFF, 0xFF, 0xFF, 0xFF, 0xFF, 0xFF, 0xFF,
    0xFF, 0xFF, 0xFF, 0xFF, 0xFF, 0xFD, 0xF6, 0xEA, 0xDB, 0xC7, 0xAC, 0x8F, 0x75, 0x64, 0x5E, 0x63,
    0x72, 0x85, 0x98, 0xA6, 0xB1, 0xB7, 0xBB, 0xBB, 0xBC, 0xBE, 0xBF, 0xC1, 0xC4, 0xC8, 0xC9, 0xCA,
    0xCB, 0xCB, 0xCB, 0xCC, 0xCC, 0xCC, 0xCC, 0xCB, 0xCB, 0xCC, 0xCD, 0xCE, 0xCF, 0xD0, 0xD1, 0xD1,
    0xD1, 0xD0, 0xCF, 0xCE, 0xCD, 0xCC, 0xCB, 0xCB, 0xCB, 0xCB, 0xCB, 0xCB, 0xCB, 0xCB, 0xCA, 0xC9,
    0xC7, 0xC5, 0xC2, 0xBF, 0xBC, 0xBA, 0xBA, 0xB9, 0xB7, 0xB1, 0xA7, 0x97, 0x84, 0x73, 0x65, 0x5A,
    0x52, 0x4B, 0x43, 0x3A, 0x2F, 0x23, 0x1B, 0x13, 0x0B, 0x04, 0x00, 0x00, 0x00, 0x00, 0x00, 0x00,
    0x00, 0x00, 0x00, 0x02, 0x05, 0x07, 0x07, 0x06, 0x03, 0x00, 0x00, 0x00, 0x00, 0x00, 0x00, 0x00,
    0x08, 0x16, 0x21, 0x2D, 0x36, 0x3E, 0x49, 0x5F, 0x7A, 0x97, 0xAF, 0xC9, 0xDE, 0xEF, 0xF9, 0xFF,
    0xFF, 0xFF, 0xFF, 0xFF, 0xFF, 0xFF, 0xFE, 0xFF, 0xFE, 0xFF, 0xFF, 0xFF, 0xFF, 0xFF, 0xFF, 0xFF,
    0xFF, 0xFF, 0xFF, 0xFF, 0xFF, 0xFF, 0xFF, 0xFF, 0xFF, 0xFF, 0xFF, 0xFC, 0xF8, 0xFA, 0xFF, 0xFF,
    0xFF, 0xFE, 0xE4, 0xA2, 0x61, 0x2E, 0x0B, 0x00, 0x00, 0x08, 0x2C, 0x60, 0xA0, 0xE2, 0xFF, 0xFF,
    0xFF, 0xFF, 0xFA, 0xF8, 0xFC, 0xFF, 0xFF, 0xFF, 0xFF, 0xFF, 0xFF, 0xFF, 0xFF, 0xFF, 0xFF, 0xFF,
    0xFF, 0xFF, 0xFF, 0xFF, 0xFF, 0xFF, 0xFF, 0xFF, 0xFF, 0xFF, 0xFF, 0xFF, 0xFF, 0xFE, 0xFD, 0xFA,
    0xF6, 0xEB, 0xD6, 0xBC, 0xA2, 0x8F, 0x88, 0x8E, 0xA0, 0xB4, 0xC7, 0xD8, 0xE3, 0xEA, 0xED, 0xED,
    0xEE, 0xEE, 0xEE, 0xEE, 0xEF, 0xF1, 0xF1, 0xF2, 0xF2, 0xF2, 0xF2, 0xF2, 0xF2, 0xF2, 0xF2, 0xF2,
    0xF2, 0xF2, 0xF2, 0xF3, 0xF3, 0xF3, 0xF3, 0xF3, 0xF3, 0xF3, 0xF3, 0xF3, 0xF2, 0xF2, 0xF2, 0xF2,
    0xF2, 0xF2, 0xF2, 0xF2, 0xF2, 0xF2, 0xF1, 0xF1, 0xF1, 0xF0, 0xEF, 0xEF, 0xED, 0xEC, 0xED, 0xED,
    0xEB, 0xE4, 0xD9, 0xC6, 0xB2, 0x9F, 0x91, 0x84, 0x7B, 0x73, 0x6A, 0x5F, 0x51, 0x42, 0x37, 0x2B,
    0x20, 0x16, 0x0E, 0x07, 0x00, 0x00, 0x00, 0x00, 0x00, 0x00, 0x00, 0x00, 0x02, 0x03, 0x03, 0x03,
    0x02, 0x00, 0x00, 0x00, 0x00, 0x00, 0x00, 0x00, 0x04, 0x07, 0x08, 0x0B, 0x0E, 0x10, 0x18, 0x2E,
    0x4A, 0x6B, 0x89, 0xAA, 0xC6, 0xDD, 0xED, 0xF8, 0xFE, 0xFF, 0xFF, 0xFF, 0xFF, 0xFF, 0xFE, 0xFE,
    0xFE, 0xFF, 0xFF, 0xFF, 0xFF, 0xFF, 0xFF, 0xFF, 0xFF, 0xFF, 0xFF, 0xFF, 0xFF, 0xFF, 0xFF, 0xFF,
    0xFF, 0xFF, 0xFF, 0xFC, 0xF8, 0xFA, 0xFF, 0xFF, 0xFF, 0xFF, 0xE2, 0x9F, 0x5E, 0x2A, 0x06, 0x00,
    0x00, 0x04, 0x28, 0x5C, 0x9E, 0xE0, 0xFF, 0xFF, 0xFF, 0xFF, 0xFA, 0xF8, 0xFC, 0xFF, 0xFF, 0xFF,
    0xFF, 0xFF, 0xFF, 0xFF, 0xFF, 0xFF, 0xFF, 0xFF, 0xFF, 0xFF, 0xFF, 0xFF, 0xFF, 0xFF, 0xFF, 0xFF,
    0xFF, 0xFF, 0xFF, 0xFF, 0xFE, 0xFE, 0xFF, 0xFF, 0xFF, 0xFF, 0xF2, 0xDD, 0xC6, 0xB5, 0xAE, 0xB4,
    0xC4, 0xD7, 0xE9, 0xF8, 0xFF, 0xFF, 0xFF, 0xFF, 0xFF, 0xFF, 0xFF, 0xFF, 0xFF, 0xFF, 0xFF, 0xFF,
    0xFF, 0xFF, 0xFF, 0xFF, 0xFF, 0xFF, 0xFF, 0xFF, 0xFF, 0xFF, 0xFF, 0xFF, 0xFF, 0xFF, 0xFF, 0xFF,
    0xFF, 0xFF, 0xFF, 0xFF, 0xFF, 0xFF, 0xFF, 0xFF, 0xFF, 0xFF, 0xFF, 0xFF, 0xFF, 0xFF, 0xFF, 0xFF,
    0xFF, 0xFF, 0xFF, 0xFF, 0xFF, 0xFF, 0xFF, 0xFF, 0xFF, 0xFF, 0xF9, 0xE8, 0xD5, 0xC3, 0xB6, 0xAA,
    0xA2, 0x9A, 0x92, 0x86, 0x79, 0x6A, 0x5E, 0x50, 0x42, 0x35, 0x2B, 0x21, 0x18, 0x12, 0x0F, 0x0B,
    0x08, 0x06, 0x04, 0x01, 0x00, 0x00, 0x00, 0x00, 0x00, 0x00, 0x00, 0x01, 0x03, 0x04, 0x04, 0x04,
    0x03, 0x00, 0x00, 0x00, 0x00, 0x00, 0x00, 0x0D, 0x27, 0x45, 0x65, 0x88, 0xA9, 0xC5, 0xDB, 0xED,
    0xF9, 0xFE, 0xFF, 0xFF, 0xFF, 0xFF, 0xFE, 0xFE, 0xFE, 0xFF, 0xFF, 0xFF, 0xFF, 0xFF, 0xFF, 0xFF,
    0xFF, 0xFF, 0xFF, 0xFF, 0xFF, 0xFF, 0xFF, 0xFF, 0xFF, 0xFF, 0xFF, 0xFC, 0xF8, 0xFA, 0xFF, 0xFF,
    0xFF, 0xFF, 0xE0, 0x9D, 0x5B, 0x26, 0x03, 0x00, 0x00, 0x02, 0x25, 0x59, 0x9A, 0xDD, 0xFF, 0xFF,
    0xFF, 0xFF, 0xFA, 0xF8, 0xFC, 0xFF, 0xFF, 0xFF, 0xFF, 0xFF, 0xFF, 0xFF, 0xFF, 0xFF, 0xFF, 0xFF,
    0xFF, 0xFF, 0xFF, 0xFF, 0xFF, 0xFF, 0xFF, 0xFF, 0xFF, 0xFF, 0xFF, 0xFF, 0xFE, 0xFF, 0xFF, 0xFF,
    0xFF, 0xFF, 0xFF, 0xF2, 0xE1, 0xD5, 0xD0, 0xD4, 0xE0, 0xEE, 0xFC, 0xFF, 0xFF, 0xFF, 0xFF, 0xFF,
    0xFF, 0xFF, 0xFF, 0xFF, 0xFF, 0xFF, 0xFF, 0xFF, 0xFF, 0xFF, 0xFF, 0xFF, 0xFF, 0xFF, 0xFF, 0xFF,
    0xFF, 0xFF, 0xFF, 0xFF, 0xFF, 0xFF, 0xFF, 0xFF, 0xFF, 0xFF, 0xFF, 0xFF, 0xFF, 0xFF, 0xFF, 0xFF,
    0xFF, 0xFF, 0xFF, 0xFF, 0xFF, 0xFF, 0xFF, 0xFF, 0xFF, 0xFF, 0xFF, 0xFF, 0xFF, 0xFF, 0xFF, 0xFF,
    0xFF, 0xFF, 0xFF, 0xFB, 0xED, 0xDF, 0xD5, 0xCC, 0xC6, 0xC0, 0xBA, 0xB1, 0xA6, 0x9A, 0x8F, 0x81,
    0x70, 0x62, 0x56, 0x4A, 0x40, 0x37, 0x31, 0x2A, 0x21, 0x19, 0x11, 0x07, 0x00, 0x00, 0x00, 0x00,
    0x00, 0x00, 0x00, 0x00, 0x03, 0x07, 0x07, 0x07, 0x03, 0x00, 0x00, 0x00, 0x00, 0x00, 0x00, 0x00,
    0x10, 0x28, 0x44, 0x66, 0x88, 0xA8, 0xC4, 0xDD, 0xF0, 0xFC, 0xFF, 0xFF, 0xFF, 0xFF, 0xFD, 0xFD,
    0xFE, 0xFF, 0xFF, 0xFF, 0xFF, 0xFF, 0xFF, 0xFF, 0xFF, 0xFF, 0xFF, 0xFF, 0xFF, 0xFF, 0xFF, 0xFF,
    0xFF, 0xFF, 0xFF, 0xFC, 0xF8, 0xFA, 0xFF, 0xFF, 0xFE, 0xFF, 0xDD, 0x99, 0x57, 0x24, 0x01, 0x00,
    0x00, 0x00, 0x22, 0x56, 0x96, 0xD9, 0xFF, 0xFE, 0xFF, 0xFF, 0xFB, 0xF9, 0xFC, 0xFF, 0xFF, 0xFE,
    0xFF, 0xFF, 0xFF, 0xFF, 0xFF, 0xFF, 0xFF, 0xFF, 0xFF, 0xFF, 0xFF, 0xFF, 0xFF, 0xFF, 0xFF, 0xFF,
    0xFF, 0xFF, 0xFF, 0xFF, 0xFE, 0xFF, 0xFF, 0xFF, 0xFF, 0xFF, 0xFF, 0xFD, 0xF4, 0xEC, 0xE9, 0xEC,
    0xF3, 0xFB, 0xFF, 0xFF, 0xFF, 0xFF, 0xFF, 0xFF, 0xFF, 0xFF, 0xFF, 0xFF, 0xFF, 0xFF, 0xFF, 0xFF,
    0xFF, 0xFF, 0xFF, 0xFF, 0xFF, 0xFF, 0xFF, 0xFF, 0xFF, 0xFF, 0xFF, 0xFF, 0xFF, 0xFF, 0xFF, 0xFF,
    0xFF, 0xFF, 0xFF, 0xFF, 0xFF, 0xFF, 0xFF, 0xFF, 0xFF, 0xFF, 0xFF, 0xFF, 0xFF, 0xFF, 0xFF, 0xFF,
    0xFF, 0xFF, 0xFF, 0xFF, 0xFF, 0xFF, 0xFF, 0xFF, 0xFF, 0xFF, 0xFF, 0xFF, 0xFA, 0xF2, 0xED, 0xE7,
    0xE3, 0xE0, 0xDD, 0xD8, 0xD2, 0xCB, 0xC3, 0xB5, 0xA4, 0x95, 0x88, 0x7C, 0x71, 0x66, 0x5D, 0x52,
    0x44, 0x36, 0x27, 0x16, 0x05, 0x00, 0x00, 0x00, 0x00, 0x00, 0x00, 0x00, 0x01, 0x05, 0x07, 0x07,
    0x04, 0x00, 0x00, 0x00, 0x00, 0x00, 0x00, 0x00, 0x04, 0x12, 0x29, 0x46, 0x67, 0x8A, 0xAB, 0xCB,
    0xE7, 0xFA, 0xFF, 0xFF, 0xFF, 0xFF, 0xFD, 0xFC, 0xFD, 0xFF, 0xFF, 0xFF, 0xFF, 0xFF, 0xFF, 0xFF,
    0xFF, 0xFF, 0xFF, 0xFF, 0xFF, 0xFF, 0xFF, 0xFF, 0xFE, 0xFF, 0xFF, 0xFC, 0xF9, 0xFB, 0xFF, 0xFF,
    0xFE, 0xFF, 0xD8, 0x95, 0x54, 0x22, 0x00, 0x00, 0x00, 0x00, 0x21, 0x53, 0x93, 0xD4, 0xFF, 0xFE,
    0xFF, 0xFF, 0xFC, 0xFA, 0xFD, 0xFF, 0xFF, 0xFE, 0xFF, 0xFF, 0xFF, 0xFF, 0xFF, 0xFF, 0xFF, 0xFF,
    0xFF, 0xFF, 0xFF, 0xFF, 0xFF, 0xFF, 0xFF, 0xFF, 0xFF, 0xFF, 0xFF, 0xFF, 0xFF, 0xFF, 0xFF, 0xFF,
    0xFF, 0xFF, 0xFF, 0xFF, 0xFD, 0xFB, 0xFA, 0xFB, 0xFD, 0xFF, 0xFF, 0xFF, 0xFF, 0xFF, 0xFF, 0xFF,
    0xFF, 0xFF, 0xFF, 0xFF, 0xFF, 0xFF, 0xFF, 0xFF, 0xFF, 0xFF, 0xFF, 0xFF, 0xFF, 0xFF, 0xFF, 0xFF,
    0xFF, 0xFF, 0xFF, 0xFF, 0xFF, 0xFF, 0xFF, 0xFF, 0xFF, 0xFF, 0xFF, 0xFF, 0xFF, 0xFF, 0xFF, 0xFF,
    0xFF, 0xFF, 0xFF, 0xFF, 0xFF, 0xFF, 0xFF, 0xFF, 0xFF, 0xFF, 0xFF, 0xFF, 0xFF, 0xFF, 0xFF, 0xFF,
    0xFF, 0xFF, 0xFF, 0xFF, 0xFE, 0xFC, 0xFB, 0xF9, 0xF8, 0xF7, 0xF7, 0xF5, 0xF4, 0xF2, 0xEC, 0xE0,
    0xD1, 0xC2, 0xB6, 0xAB, 0xA0, 0x95, 0x8B, 0x7D, 0x6B, 0x59, 0x45, 0x2F, 0x19, 0x08, 0x00, 0x00,
    0x00, 0x00, 0x00, 0x00, 0x00, 0x02, 0x03, 0x03, 0x02, 0x01, 0x00, 0x00, 0x00, 0x00, 0x00, 0x00,
    0x00, 0x05, 0x15, 0x2B, 0x4B, 0x6E, 0x94, 0xBA, 0xDD, 0xF7, 0xFF, 0xFF, 0xFF, 0xFF, 0xFC, 0xFB,
    0xFD, 0xFF, 0xFF, 0xFF, 0xFF, 0xFF, 0xFF, 0xFF, 0xFF, 0xFF, 0xFF, 0xFF, 0xFF, 0xFF, 0xFF, 0xFF,
    0xFE, 0xFF, 0xFF, 0xFD, 0xFA, 0xFC, 0xFF, 0xFF, 0xFE, 0xFF, 0xD3, 0x92, 0x52, 0x20, 0x00, 0x00,
    0x00, 0x00, 0x1F, 0x51, 0x8F, 0xD0, 0xFE, 0xFF, 0xFF, 0xFF, 0xFC, 0xFA, 0xFD, 0xFF, 0xFF, 0xFE,
    0xFF, 0xFF, 0xFF, 0xFF, 0xFF, 0xFF, 0xFF, 0xFF, 0xFF, 0xFF, 0xFF, 0xFF, 0xFF, 0xFF, 0xFF, 0xFF,
    0xFF, 0xFF, 0xFF, 0xFF, 0xFF, 0xFF, 0xFE, 0xFD, 0xFD, 0xFC, 0xFD, 0xFF, 0xFF, 0xFF, 0xFF, 0xFF,
    0xFF, 0xFF, 0xFD, 0xFC, 0xFC, 0xFB, 0xFB, 0xFC, 0xFD, 0xFD, 0xFE, 0xFF, 0xFF, 0xFF, 0xFF, 0xFF,
    0xFF, 0xFF, 0xFF, 0xFF, 0xFF, 0xFF, 0xFF, 0xFF, 0xFF, 0xFF, 0xFF, 0xFF, 0xFF, 0xFF, 0xFF, 0xFF,
    0xFF, 0xFF, 0xFF, 0xFF, 0xFF, 0xFF, 0xFF, 0xFF, 0xFF, 0xFF, 0xFF, 0xFF, 0xFF, 0xFF, 0xFF, 0xFF,
    0xFF, 0xFF, 0xFF, 0xFE, 0xFD, 0xFC, 0xFB, 0xFB, 0xFB, 0xFC, 0xFC, 0xFE, 0xFF, 0xFF, 0xFF, 0xFF,
    0xFF, 0xFF, 0xFF, 0xFF, 0xFF, 0xFF, 0xFF, 0xFC, 0xEF, 0xE3, 0xD9, 0xCF, 0xC6, 0xBB, 0xB2, 0xA4,
    0x92, 0x80, 0x6B, 0x53, 0x3B, 0x28, 0x1B, 0x11, 0x0D, 0x0B, 0x09, 0x06, 0x01, 0x00, 0x00, 0x00,
    0x00, 0x00, 0x00, 0x02, 0x06, 0x06, 0x04, 0x03, 0x00, 0x00, 0x07, 0x18, 0x35, 0x57, 0x80, 0xAB,
    0xD5, 0xF5, 0xFF, 0xFF, 0xFF, 0xFF, 0xFC, 0xFB, 0xFD, 0xFF, 0xFF, 0xFF, 0xFF, 0xFF, 0xFF, 0xFF,
    0xFF, 0xFF, 0xFF, 0xFF, 0xFF, 0xFF, 0xFF, 0xFF, 0xFE, 0xFF, 0xFF, 0xFD, 0xFA, 0xFC, 0xFF, 0xFF,
    0xFF, 0xFE, 0xCF, 0x8E, 0x50, 0x20, 0x00, 0x00, 0x00, 0x00, 0x1E, 0x4E, 0x8B, 0xCA, 0xFA, 0xFF,
    0xFF, 0xFF, 0xFD, 0xFC, 0xFE, 0xFF, 0xFF, 0xFE, 0xFF, 0xFF, 0xFF, 0xFF, 0xFF, 0xFF, 0xFF, 0xFF,
    0xFF, 0xFF, 0xFF, 0xFF, 0xFF, 0xFF, 0xFF, 0xFF, 0xFF, 0xFF, 0xFF, 0xFF, 0xFF, 0xFF, 0xFE, 0xFD,
    0xFB, 0xFB, 0xFD, 0xFF, 0xFF, 0xFF, 0xFF, 0xFF, 0xFF, 0xFD, 0xFB, 0xF9, 0xF8, 0xF8, 0xF9, 0xFA,
    0xFC, 0xFF, 0xFF, 0xFF, 0xFF, 0xFF, 0xFF, 0xFF, 0xFF, 0xFF, 0xFF, 0xFF, 0xFF, 0xFF, 0xFF, 0xFF,
    0xFF, 0xFF, 0xFF, 0xFF, 0xFF, 0xFF, 0xFF, 0xFF, 0xFF, 0xFF, 0xFF, 0xFF, 0xFF, 0xFF, 0xFF, 0xFF,
    0xFF, 0xFF, 0xFF, 0xFF, 0xFF, 0xFF, 0xFF, 0xFF, 0xFF, 0xFF, 0xFF, 0xFF, 0xFE, 0xFB, 0xF9, 0xF7,
    0xF7, 0xF8, 0xF9, 0xFC, 0xFE, 0xFF, 0xFF, 0xFF, 0xFF, 0xFF, 0xFF, 0xFF, 0xFF, 0xFF, 0xFF, 0xFF,
    0xFF, 0xF6, 0xEF, 0xE8, 0xE2, 0xDA, 0xD3, 0xC8, 0xB9, 0xA9, 0x97, 0x82, 0x6B, 0x58, 0x4A, 0x3D,
    0x34, 0x2A, 0x21, 0x14, 0x06, 0x00, 0x00, 0x00, 0x00, 0x00, 0x00, 0x01, 0x07, 0x09, 0x08, 0x07,
    0x02, 0x00, 0x01, 0x0E, 0x27, 0x48, 0x72, 0xA2, 0xD0, 0xF4, 0xFF, 0xFF, 0xFF, 0xFF, 0xFC, 0xFA,
    0xFD, 0xFF, 0xFF, 0xFF, 0xFF, 0xFF, 0xFF, 0xFF, 0xFF, 0xFF, 0xFF, 0xFF, 0xFF, 0xFF, 0xFF, 0xFF,
    0xFE, 0xFF, 0xFF, 0xFE, 0xFC, 0xFD, 0xFF, 0xFF, 0xFF, 0xF9, 0xC9, 0x8A, 0x4D, 0x1E, 0x00, 0x00,
    0x00, 0x00, 0x1C, 0x4A, 0x85, 0xC3, 0xF3, 0xFF, 0xFF, 0xFF, 0xFD, 0xFD, 0xFE, 0xFF, 0xFE, 0xFE,
    0xFE, 0xFF, 0xFF, 0xFF, 0xFF, 0xFF, 0xFF, 0xFF, 0xFF, 0xFF, 0xFF, 0xFF, 0xFF, 0xFF, 0xFF, 0xFF,
    0xFF, 0xFF, 0xFF, 0xFF, 0xFF, 0xFF, 0xFE, 0xFE, 0xFD, 0xFD, 0xFE, 0xFF, 0xFF, 0xFF, 0xFF, 0xFF,
    0xFD, 0xFB, 0xF9, 0xF8, 0xF8, 0xF8, 0xFA, 0xFC, 0xFF, 0xFF, 0xFF, 0xFF, 0xFF, 0xFF, 0xFF, 0xFF,
    0xFF, 0xFF, 0xFF, 0xFF, 0xFF, 0xFF, 0xFF, 0xFF, 0xFF, 0xFF, 0xFF, 0xFF, 0xFF, 0xFF, 0xFF, 0xFF,
    0xFF, 0xFF, 0xFF, 0xFF, 0xFF, 0xFF, 0xFF, 0xFF, 0xFF, 0xFF, 0xFF, 0xFF, 0xFF, 0xFF, 0xFF, 0xFF,
    0xFF, 0xFF, 0xFF, 0xFF, 0xFF, 0xFD, 0xFA, 0xF8, 0xF7, 0xF8, 0xF9, 0xFA, 0xFB, 0xFD, 0xFE, 0xFF,
    0xFF, 0xFF, 0xFF, 0xFF, 0xFF, 0xFF, 0xFF, 0xFF, 0xFF, 0xFF, 0xFB, 0xF7, 0xF4, 0xF0, 0xEB, 0xE5,
    0xDB, 0xCF, 0xC3, 0xB3, 0xA0, 0x90, 0x82, 0x74, 0x65, 0x54, 0x41, 0x2B, 0x14, 0x02, 0x00, 0x00,
    0x00, 0x00, 0x00, 0x00, 0x06, 0x09, 0x09, 0x08, 0x04, 0x00, 0x02, 0x0D, 0x25, 0x46, 0x6F, 0x9F,
    0xCF, 0xF3, 0xFF, 0xFF, 0xFF, 0xFF, 0xFB, 0xFA, 0xFD, 0xFF, 0xFF, 0xFF, 0xFF, 0xFF, 0xFF, 0xFF,
    0xFF, 0xFF, 0xFF, 0xFF, 0xFF, 0xFF, 0xFF, 0xFE, 0xFE, 0xFE, 0xFF, 0xFE, 0xFD, 0xFD, 0xFF, 0xFF,
    0xFF, 0xF2, 0xC1, 0x84, 0x4A, 0x1C, 0x00, 0x00, 0x00, 0x00, 0x1A, 0x46, 0x7F, 0xBC, 0xEC, 0xFF,
    0xFF, 0xFF, 0xFE, 0xFE, 0xFF, 0xFF, 0xFE, 0xFE, 0xFE, 0xFF, 0xFF, 0xFF, 0xFF, 0xFF, 0xFF, 0xFF,
    0xFF, 0xFF, 0xFF, 0xFF, 0xFF, 0xFF, 0xFF, 0xFF, 0xFF, 0xFF, 0xFF, 0xFF, 0xFF, 0xFF, 0xFF, 0xFF,
    0xFF, 0xFF, 0xFF, 0xFF, 0xFF, 0xFF, 0xFE, 0xFD, 0xFD, 0xFC, 0xFB, 0xFB, 0xFB, 0xFC, 0xFD, 0xFE,
    0xFF, 0xFF, 0xFF, 0xFF, 0xFF, 0xFF, 0xFF, 0xFF, 0xFF, 0xFF, 0xFF, 0xFF, 0xFF, 0xFF, 0xFF, 0xFF,
    0xFF, 0xFF, 0xFF, 0xFF, 0xFF, 0xFF, 0xFF, 0xFF, 0xFF, 0xFF, 0xFF, 0xFF, 0xFF, 0xFF, 0xFF, 0xFF,
    0xFF, 0xFF, 0xFF, 0xFF, 0xFF, 0xFF, 0xFF, 0xFF, 0xFF, 0xFF, 0xFF, 0xFF, 0xFF, 0xFE, 0xFD, 0xFC,
    0xFB, 0xFB, 0xFC, 0xFC, 0xFC, 0xFC, 0xFD, 0xFD, 0xFD, 0xFE, 0xFF, 0xFF, 0xFF, 0xFF, 0xFF, 0xFF,
    0xFF, 0xFF, 0xFF, 0xFE, 0xFD, 0xFC, 0xFB, 0xF8, 0xF3, 0xED, 0xE6, 0xDD, 0xCF, 0xC2, 0xB5, 0xA7,
    0x94, 0x7F, 0x67, 0x4B, 0x2E, 0x16, 0x05, 0x00, 0x00, 0x00, 0x00, 0x00, 0x03, 0x05, 0x05, 0x05,
    0x03, 0x01, 0x08, 0x16, 0x30, 0x51, 0x78, 0xA6, 0xD3, 0xF4, 0xFF, 0xFF, 0xFF, 0xFF, 0xFC, 0xFB,
    0xFD, 0xFF, 0xFF, 0xFF, 0xFF, 0xFF, 0xFF, 0xFF, 0xFF, 0xFF, 0xFF, 0xFF, 0xFF, 0xFF, 0xFF, 0xFE,
    0xFE, 0xFE, 0xFF, 0xFF, 0xFE, 0xFE, 0xFF, 0xFF, 0xFF, 0xEA, 0xBA, 0x7E, 0x46, 0x1B, 0x00, 0x00,
    0x00, 0x00, 0x1A, 0x44, 0x7B, 0xB6, 0xE6, 0xFE, 0xFF, 0xFF, 0xFE, 0xFE, 0xFF, 0xFF, 0xFE, 0xFE,
    0xFE, 0xFF, 0xFF, 0xFF, 0xFF, 0xFF, 0xFF, 0xFF, 0xFF, 0xFF, 0xFF, 0xFF, 0xFF, 0xFF, 0xFF, 0xFF,
    0xFF, 0xFF, 0xFF, 0xFF, 0xFF, 0xFF, 0xFF, 0xFF, 0xFF, 0xFF, 0xFF, 0xFF, 0xFF, 0xFF, 0xFF, 0xFF,
    0xFF, 0xFF, 0xFF, 0xFF, 0xFF, 0xFF, 0xFF, 0xFF, 0xFE, 0xFB, 0xF8, 0xF4, 0xF1, 0xEE, 0xED, 0xEC,
    0xEA, 0xEA, 0xEB, 0xEB, 0xEB, 0xEA, 0xEA, 0xE9, 0xE7, 0xE6, 0xE6, 0xE5, 0xE5, 0xE5, 0xE5, 0xE5,
    0xE5, 0xE6, 0xE6, 0xE7, 0xE7, 0xE8, 0xE8, 0xEA, 0xEA, 0xEB, 0xEA, 0xEA, 0xEA, 0xEA, 0xEB, 0xEC,
    0xEE, 0xF1, 0xF4, 0xF8, 0xFC, 0xFF, 0xFF, 0xFF, 0xFF, 0xFF, 0xFF, 0xFF, 0xFF, 0xFF, 0xFF, 0xFF,
    0xFF, 0xFF, 0xFF, 0xFF, 0xFE, 0xFD, 0xFD, 0xFD, 0xFD, 0xFE, 0xFF, 0xFF, 0xFF, 0xFF, 0xFF, 0xFF,
    0xFF, 0xFE, 0xFC, 0xF7, 0xEF, 0xE6, 0xDB, 0xCE, 0xBB, 0xA6, 0x8D, 0x71, 0x54, 0x3A, 0x28, 0x1A,
    0x11, 0x0D, 0x08, 0x05, 0x01, 0x00, 0x00, 0x00, 0x00, 0x00, 0x0E, 0x25, 0x44, 0x68, 0x8E, 0xB6,
    0xDA, 0xF6, 0xFF, 0xFF, 0xFF, 0xFF, 0xFC, 0xFB, 0xFD, 0xFF, 0xFF, 0xFF, 0xFF, 0xFF, 0xFF, 0xFF,
    0xFF, 0xFF, 0xFF, 0xFF, 0xFF, 0xFF, 0xFF, 0xFE, 0xFE, 0xFE, 0xFF, 0xFF, 0xFE, 0xFE, 0xFF, 0xFF,
    0xFE, 0xE4, 0xB4, 0x7A, 0x44, 0x19, 0x00, 0x00, 0x00, 0x00, 0x18, 0x40, 0x75, 0xAF, 0xDE, 0xF9,
    0xFE, 0xFF, 0xFE, 0xFF, 0xFF, 0xFF, 0xFE, 0xFE, 0xFE, 0xFF, 0xFF, 0xFF, 0xFF, 0xFF, 0xFF, 0xFF,
    0xFF, 0xFF, 0xFF, 0xFF, 0xFF, 0xFF, 0xFF, 0xFF, 0xFF, 0xFF, 0xFF, 0xFF, 0xFF, 0xFF, 0xFF, 0xFF,
    0xFF, 0xFF, 0xFF, 0xFF, 0xFF, 0xFF, 0xFF, 0xFF, 0xFF, 0xFF, 0xFF, 0xFF, 0xFF, 0xFF, 0xFF, 0xFE,
    0xF6, 0xEC, 0xE1, 0xD5, 0xC9, 0xBF, 0xB9, 0xB5, 0xB3, 0xB3, 0xB4, 0xB4, 0xB4, 0xB3, 0xB3, 0xB2,
    0xB1, 0xB0, 0xB0, 0xAF, 0xAF, 0xAF, 0xAF, 0xAF, 0xAF, 0xAF, 0xAF, 0xB0, 0xB0, 0xB2, 0xB2, 0xB3,
    0xB4, 0xB4, 0xB3, 0xB2, 0xB2, 0xB3, 0xB5, 0xB7, 0xBE, 0xC7, 0xD2, 0xE0, 0xEF, 0xFC, 0xFF, 0xFF,
    0xFF, 0xFF, 0xFF, 0xFF, 0xFF, 0xFF, 0xFF, 0xFF, 0xFF, 0xFF, 0xFF, 0xFF, 0xFF, 0xFD, 0xFB, 0xFB,
    0xFB, 0xFC, 0xFD, 0xFF, 0xFF, 0xFF, 0xFF, 0xFF, 0xFF, 0xFF, 0xFF, 0xFF, 0xFF, 0xFA, 0xF3, 0xE8,
    0xD9, 0xC7, 0xB4, 0x9E, 0x86, 0x6F, 0x5D, 0x4C, 0x3D, 0x2F, 0x1F, 0x10, 0x01, 0x00, 0x00, 0x00,
    0x00, 0x00, 0x15, 0x37, 0x5F, 0x88, 0xAD, 0xCB, 0xE5, 0xF9, 0xFE, 0xFD, 0xFF, 0xFF, 0xFD, 0xFC,
    0xFE, 0xFF, 0xFF, 0xFF, 0xFF, 0xFF, 0xFF, 0xFF, 0xFF, 0xFF, 0xFF, 0xFF, 0xFF, 0xFF, 0xFF, 0xFE,
    0xFE, 0xFE, 0xFF, 0xFF, 0xFF, 0xFE, 0xFF, 0xFD, 0xF8, 0xDB, 0xAC, 0x73, 0x40, 0x18, 0x00, 0x00,
    0x00, 0x00, 0x17, 0x3B, 0x6D, 0xA4, 0xD3, 0xF1, 0xFB, 0xFE, 0xFF, 0xFF, 0xFF, 0xFF, 0xFD, 0xFD,
    0xFE, 0xFF, 0xFF, 0xFF, 0xFF, 0xFF, 0xFF, 0xFF, 0xFF, 0xFF, 0xFF, 0xFF, 0xFF, 0xFF, 0xFF, 0xFF,
    0xFF, 0xFF, 0xFF, 0xFF, 0xFF, 0xFF, 0xFF, 0xFF, 0xFF, 0xFF, 0xFF, 0xFF, 0xFF, 0xFF, 0xFF, 0xFF,
    0xFF, 0xFF, 0xFF, 0xFF, 0xFF, 0xFF, 0xFF, 0xF4, 0xE5, 0xD4, 0xC1, 0xAB, 0x96, 0x85, 0x7A, 0x74,
    0x71, 0x72, 0x73, 0x73, 0x73, 0x71, 0x72, 0x71, 0x70, 0x6F, 0x6F, 0x6E, 0x6E, 0x6E, 0x6E, 0x6E,
    0x6E, 0x6E, 0x6E, 0x6F, 0x6F, 0x70, 0x70, 0x72, 0x73, 0x73, 0x72, 0x70, 0x70, 0x72, 0x74, 0x78,
    0x84, 0x93, 0xA7, 0xBF, 0xD9, 0xF0, 0xFF, 0xFF, 0xFF, 0xFF, 0xFF, 0xFF, 0xFF, 0xFF, 0xFF, 0xFF,
    0xFF, 0xFF, 0xFF, 0xFF, 0xFF, 0xFF, 0xFC, 0xFA, 0xFA, 0xFA, 0xFB, 0xFD, 0xFE, 0xFF, 0xFF, 0xFF,
    0xFF, 0xFF, 0xFF, 0xFF, 0xFF, 0xFF, 0xFD, 0xF6, 0xEC, 0xE2, 0xD7, 0xCB, 0xBB, 0xAA, 0x9A, 0x88,
    0x73, 0x5B, 0x40, 0x24, 0x0B, 0x00, 0x00, 0x00, 0x00, 0x01, 0x22, 0x4F, 0x80, 0xAD, 0xD0, 0xE3,
    0xF1, 0xFC, 0xFD, 0xFC, 0xFE, 0xFF, 0xFE, 0xFD, 0xFE, 0xFF, 0xFF, 0xFF, 0xFF, 0xFF, 0xFF, 0xFF,
    0xFF, 0xFF, 0xFF, 0xFF, 0xFF, 0xFF, 0xFF, 0xFE, 0xFD, 0xFD, 0xFF, 0xFF, 0xFF, 0xFE, 0xFD, 0xF9,
    0xEF, 0xD0, 0xA1, 0x6B, 0x3B, 0x16, 0x00, 0x00, 0x00, 0x00, 0x14, 0x35, 0x64, 0x97, 0xC6, 0xE6,
    0xF6, 0xFC, 0xFF, 0xFF, 0xFF, 0xFF, 0xFD, 0xFC, 0xFE, 0xFF, 0xFF, 0xFF, 0xFF, 0xFF, 0xFF, 0xFF,
    0xFF, 0xFF, 0xFF, 0xFF, 0xFF, 0xFF, 0xFF, 0xFF, 0xFF, 0xFF, 0xFF, 0xFF, 0xFF, 0xFF, 0xFF, 0xFF,
    0xFF, 0xFF, 0xFF, 0xFF, 0xFF, 0xFF, 0xFF, 0xFF, 0xFF, 0xFF, 0xFF, 0xFF, 0xFC, 0xF4, 0xEA, 0xDC,
    0xC9, 0xB3, 0x9B, 0x80, 0x64, 0x4F, 0x41, 0x39, 0x36, 0x37, 0x39, 0x39, 0x38, 0x37, 0x37, 0x37,
    0x36, 0x35, 0x35, 0x34, 0x34, 0x34, 0x34, 0x34, 0x34, 0x34, 0x34, 0x35, 0x35, 0x36, 0x36, 0x38,
    0x39, 0x39, 0x37, 0x35, 0x35, 0x37, 0x3A, 0x3F, 0x4D, 0x61, 0x7A, 0x99, 0xBA, 0xD6, 0xEA, 0xF5,
    0xFB, 0xFC, 0xFD, 0xFF, 0xFF, 0xFF, 0xFF, 0xFF, 0xFF, 0xFF, 0xFF, 0xFF, 0xFF, 0xFF, 0xFE, 0xFD,
    0xFC, 0xFC, 0xFC, 0xFD, 0xFD, 0xFE, 0xFF, 0xFF, 0xFF, 0xFF, 0xFF, 0xFF, 0xFF, 0xFF, 0xFF, 0xFC,
    0xF7, 0xF3, 0xF1, 0xEE, 0xE6, 0xDD, 0xD0, 0xBE, 0xA6, 0x88, 0x66, 0x42, 0x22, 0x09, 0x00, 0x00,
    0x00, 0x15, 0x3C, 0x6E, 0xA2, 0xD0, 0xEF, 0xF7, 0xFB, 0xFE, 0xFC, 0xFB, 0xFE, 0xFF, 0xFF, 0xFE,
    0xFF, 0xFF, 0xFF, 0xFF, 0xFF, 0xFF, 0xFF, 0xFF, 0xFF, 0xFF, 0xFF, 0xFF, 0xFF, 0xFF, 0xFF, 0xFE,
    0xFC, 0xFD, 0xFF, 0xFF, 0xFF, 0xFF, 0xFC, 0xF4, 0xE3, 0xC2, 0x93, 0x61, 0x35, 0x13, 0x00, 0x00,
    0x00, 0x00, 0x12, 0x2E, 0x58, 0x88, 0xB6, 0xD9, 0xF0, 0xFB, 0xFF, 0xFF, 0xFF, 0xFF, 0xFD, 0xFC,
    0xFE, 0xFF, 0xFF, 0xFF, 0xFF, 0xFF, 0xFF, 0xFF, 0xFF, 0xFF, 0xFF, 0xFF, 0xFF, 0xFF, 0xFF, 0xFF,
    0xFF, 0xFF, 0xFF, 0xFF, 0xFF, 0xFF, 0xFF, 0xFF, 0xFF, 0xFF, 0xFE, 0xFC, 0xF8, 0xF4, 0xF0, 0xEB,
    0xE4, 0xE0, 0xDD, 0xDA, 0xD4, 0xCC, 0xC3, 0xB4, 0xA2, 0x8B, 0x73, 0x58, 0x3C, 0x27, 0x19, 0x11,
    0x0E, 0x0F, 0x11, 0x11, 0x0F, 0x0F, 0x0F, 0x0F, 0x0E, 0x0D, 0x0D, 0x0C, 0x0C, 0x0C, 0x0C, 0x0C,
    0x0C, 0x0C, 0x0C, 0x0D, 0x0D, 0x0E, 0x0E, 0x10, 0x11, 0x11, 0x0F, 0x0D, 0x0D, 0x0F, 0x12, 0x18,
    0x25, 0x39, 0x52, 0x71, 0x92, 0xAE, 0xC2, 0xCE, 0xD4, 0xD4, 0xD5, 0xD8, 0xDE, 0xE2, 0xE4, 0xE8,
    0xEB, 0xEF, 0xF2, 0xF6, 0xFA, 0xFE, 0xFF, 0xFF, 0xFF, 0xFF, 0xFF, 0xFF, 0xFF, 0xFF, 0xFF, 0xFF,
    0xFE, 0xFE, 0xFE, 0xFD, 0xFE, 0xFE, 0xFF, 0xFE, 0xFC, 0xFD, 0xFF, 0xFF, 0xFF, 0xFD, 0xF3, 0xE4,
    0xCD, 0xB0, 0x8E, 0x6A, 0x4A, 0x31, 0x1F, 0x19, 0x22, 0x3C, 0x62, 0x91, 0xC1, 0xEA, 0xFF, 0xFF,
    0xFF, 0xFF, 0xFC, 0xFB, 0xFE, 0xFF, 0xFF, 0xFE, 0xFF, 0xFF, 0xFF, 0xFF, 0xFF, 0xFF, 0xFF, 0xFF,
    0xFF, 0xFF, 0xFF, 0xFF, 0xFF, 0xFF, 0xFF, 0xFE, 0xFC, 0xFD, 0xFF, 0xFF, 0xFF, 0xFF, 0xFB, 0xEE,
    0xD6, 0xB1, 0x84, 0x55, 0x2D, 0x10, 0x00, 0x00, 0x00, 0x00, 0x0E, 0x25, 0x49, 0x74, 0xA1, 0xC9,
    0xE7, 0xF9, 0xFF, 0xFE, 0xFF, 0xFF, 0xFD, 0xFB, 0xFD, 0xFF, 0xFF, 0xFF, 0xFF, 0xFF, 0xFF, 0xFF,
    0xFF, 0xFF, 0xFF, 0xFF, 0xFF, 0xFF, 0xFF, 0xFF, 0xFF, 0xFF, 0xFF, 0xFE, 0xFD, 0xFE, 0xFF, 0xFF,
    0xFF, 0xFF, 0xFC, 0xF2, 0xE6, 0xD7, 0xC9, 0xBA, 0xAC, 0xA2, 0x9E, 0x9C, 0x97, 0x91, 0x8B, 0x80,
    0x71, 0x5E, 0x4B, 0x36, 0x20, 0x0F, 0x05, 0x00, 0x00, 0x00, 0x00, 0x00, 0x00, 0x00, 0x00, 0x00,
    0x00, 0x00, 0x00, 0x00, 0x00, 0x00, 0x00, 0x00, 0x00, 0x00, 0x00, 0x00, 0x00, 0x00, 0x00, 0x00,
    0x00, 0x00, 0x00, 0x00, 0x00, 0x00, 0x00, 0x03, 0x0E, 0x1D, 0x31, 0x4A, 0x64, 0x7A, 0x89, 0x93,
    0x98, 0x98, 0x98, 0x9A, 0x9F, 0xA2, 0xA5, 0xAC, 0xB5, 0xC1, 0xCE, 0xDB, 0xEA, 0xF7, 0xFF, 0xFF,
    0xFF, 0xFF, 0xFF, 0xFF, 0xFF, 0xFF, 0xFF, 0xFF, 0xFF, 0xFE, 0xFD, 0xFC, 0xFC, 0xFD, 0xFE, 0xFF,
    0xFF, 0xFF, 0xFF, 0xFF, 0xFF, 0xFF, 0xFF, 0xFA, 0xE8, 0xD2, 0xB7, 0x9A, 0x81, 0x6D, 0x5F, 0x5B,
    0x62, 0x76, 0x93, 0xB7, 0xDB, 0xF9, 0xFF, 0xFF, 0xFF, 0xFF, 0xFD, 0xFC, 0xFE, 0xFF, 0xFF, 0xFF,
    0xFF, 0xFF, 0xFF, 0xFF, 0xFF, 0xFF, 0xFF, 0xFF, 0xFF, 0xFF, 0xFF, 0xFF, 0xFF, 0xFF, 0xFF, 0xFD,
    0xFB, 0xFD, 0xFF, 0xFF, 0xFE, 0xFF, 0xF9, 0xE5, 0xC6, 0x9D, 0x70, 0x45, 0x24, 0x0D, 0x00, 0x00,
    0x00, 0x00, 0x0A, 0x1B, 0x38, 0x5E, 0x8A, 0xB7, 0xDC, 0xF6, 0xFE, 0xFE, 0xFF, 0xFF, 0xFC, 0xFA,
    0xFD, 0xFF, 0xFF, 0xFF, 0xFF, 0xFF, 0xFF, 0xFF, 0xFF, 0xFF, 0xFF, 0xFF, 0xFF, 0xFF, 0xFF, 0xFF,
    0xFF, 0xFF, 0xFF, 0xFE, 0xFC, 0xFD, 0xFF, 0xFF, 0xFF, 0xFF, 0xF9, 0xE6, 0xCE, 0xB2, 0x99, 0x80,
    0x69, 0x5B, 0x56, 0x54, 0x52, 0x4F, 0x4C, 0x47, 0x3E, 0x32, 0x28, 0x1B, 0x0F, 0x05, 0x00, 0x00,
    0x00, 0x00, 0x00, 0x00, 0x00, 0x00, 0x00, 0x00, 0x00, 0x00, 0x00, 0x00, 0x00, 0x00, 0x00, 0x00,
    0x00, 0x00, 0x00, 0x00, 0x00, 0x00, 0x00, 0x00, 0x00, 0x00, 0x00, 0x00, 0x00, 0x00, 0x00, 0x00,
    0x05, 0x0D, 0x19, 0x27, 0x35, 0x42, 0x4A, 0x50, 0x54, 0x53, 0x53, 0x54, 0x56, 0x57, 0x5B, 0x66,
    0x75, 0x88, 0x9E, 0xB7, 0xD1, 0xE7, 0xF8, 0xFF, 0xFF, 0xFF, 0xFF, 0xFF, 0xFF, 0xFF, 0xFF, 0xFF,
    0xFF, 0xFF, 0xFD, 0xFC, 0xFC, 0xFD, 0xFE, 0xFE, 0xFF, 0xFF, 0xFF, 0xFF, 0xFF, 0xFF, 0xFF, 0xFF,
    0xF8, 0xEB, 0xDB, 0xCB, 0xBD, 0xB1, 0xA9, 0xA7, 0xAB, 0xB6, 0xC7, 0xDB, 0xEF, 0xFF, 0xFF, 0xFF,
    0xFF, 0xFF, 0xFE, 0xFD, 0xFF, 0xFF, 0xFF, 0xFF, 0xFF, 0xFF, 0xFF, 0xFF, 0xFF, 0xFF, 0xFF, 0xFF,
    0xFF, 0xFF, 0xFF, 0xFF, 0xFF, 0xFF, 0xFF, 0xFD, 0xFA, 0xFC, 0xFF, 0xFF, 0xFE, 0xFF, 0xF6, 0xDB,
    0xB4, 0x87, 0x5A, 0x35, 0x19, 0x09, 0x00, 0x00, 0x00, 0x00, 0x06, 0x12, 0x28, 0x4A, 0x75, 0xA6,
    0xD2, 0xF2, 0xFF, 0xFE, 0xFF, 0xFF, 0xFC, 0xFA, 0xFC, 0xFF, 0xFF, 0xFF, 0xFF, 0xFF, 0xFF, 0xFF,
    0xFF, 0xFF, 0xFF, 0xFF, 0xFF, 0xFF, 0xFF, 0xFF, 0xFF, 0xFF, 0xFF, 0xFD, 0xFB, 0xFC, 0xFF, 0xFF,
    0xFF, 0xFF, 0xF6, 0xD9, 0xB4, 0x8C, 0x68, 0x48, 0x2D, 0x1D, 0x17, 0x17, 0x16, 0x15, 0x16, 0x16,
    0x13, 0x0E, 0x0B, 0x08, 0x05, 0x02, 0x00, 0x00, 0x00, 0x00, 0x00, 0x00, 0x00, 0x00, 0x00, 0x00,
    0x00, 0x00, 0x00, 0x00, 0x00, 0x00, 0x00, 0x00, 0x00, 0x00, 0x00, 0x00, 0x00, 0x00, 0x00, 0x00,
    0x00, 0x00, 0x00, 0x00, 0x00, 0x00, 0x00, 0x00, 0x02, 0x04, 0x07, 0x0B, 0x0F, 0x12, 0x14, 0x17,
    0x18, 0x17, 0x16, 0x17, 0x17, 0x17, 0x1B, 0x28, 0x3B, 0x53, 0x6F, 0x8E, 0xAF, 0xCB, 0xE1, 0xF1,
    0xFD, 0xFF, 0xFF, 0xFF, 0xFF, 0xFF, 0xFF, 0xFF, 0xFF, 0xFF, 0xFE, 0xFE, 0xFD, 0xFD, 0xFE, 0xFE,
    0xFF, 0xFF, 0xFF, 0xFF, 0xFF, 0xFF, 0xFF, 0xFF, 0xFE, 0xFA, 0xF6, 0xF2, 0xEE, 0xEB, 0xE9, 0xE8,
    0xE9, 0xEC, 0xF1, 0xF6, 0xFB, 0xFF, 0xFF, 0xFF, 0xFF, 0xFF, 0xFF, 0xFF, 0xFF, 0xFF, 0xFF, 0xFF,
    0xFF, 0xFF, 0xFF, 0xFF, 0xFF, 0xFF, 0xFF, 0xFF, 0xFF, 0xFF, 0xFF, 0xFF, 0xFF, 0xFF, 0xFF, 0xFC,
    0xFA, 0xFC, 0xFF, 0xFF, 0xFE, 0xFF, 0xF3, 0xD0, 0xA3, 0x72, 0x46, 0x26, 0x11, 0x05, 0x00, 0x00,
    0x00, 0x00, 0x04, 0x0B, 0x1B, 0x39, 0x64, 0x98, 0xC9, 0xEF, 0xFF, 0xFF, 0xFF, 0xFF, 0xFC, 0xFA,
    0xFC, 0xFF, 0xFF, 0xFF, 0xFF, 0xFF, 0xFF, 0xFF, 0xFF, 0xFF, 0xFF, 0xFF, 0xFF, 0xFF, 0xFF, 0xFF,
    0xFF, 0xFF, 0xFF, 0xFD, 0xF9, 0xFC, 0xFF, 0xFF, 0xFF, 0xFF, 0xF2, 0xCB, 0x9B, 0x69, 0x3E, 0x1C,
    0x03, 0x00, 0x00, 0x00, 0x00, 0x00, 0x00, 0x00, 0x00, 0x00, 0x00, 0x00, 0x00, 0x00, 0x00, 0x00,
    0x00, 0x00, 0x00, 0x00, 0x00, 0x00, 0x00, 0x00, 0x00, 0x00, 0x00, 0x00, 0x00, 0x00, 0x00, 0x00,
    0x00, 0x00, 0x00, 0x00, 0x00, 0x00, 0x00, 0x00, 0x00, 0x00, 0x00, 0x00, 0x00, 0x00, 0x00, 0x00,
    0x00, 0x00, 0x00, 0x00, 0x00, 0x00, 0x00, 0x00, 0x00, 0x00, 0x00, 0x00, 0x00, 0x00, 0x00, 0x00,
    0x13, 0x2B, 0x47, 0x67, 0x88, 0xA4, 0xB9, 0xCA, 0xD5, 0xDB, 0xDE, 0xE5, 0xED, 0xF2, 0xF6, 0xF9,
    0xFC, 0xFF, 0xFF, 0xFF, 0xFF, 0xFF, 0xFF, 0xFF, 0xFF, 0xFF, 0xFE, 0xFD, 0xFC, 0xFC, 0xFD, 0xFE,
    0xFF, 0xFF, 0xFF, 0xFF, 0xFF, 0xFF, 0xFF, 0xFF, 0xFF, 0xFF, 0xFF, 0xFF, 0xFF, 0xFE, 0xFD, 0xFD,
    0xFE, 0xFF, 0xFF, 0xFF, 0xFF, 0xFF, 0xFF, 0xFF, 0xFF, 0xFF, 0xFF, 0xFF, 0xFF, 0xFF, 0xFF, 0xFF,
    0xFF, 0xFF, 0xFF, 0xFF, 0xFF, 0xFF, 0xFF, 0xFC, 0xFA, 0xFC, 0xFF, 0xFF, 0xFF, 0xFF, 0xEF, 0xC8,
    0x95, 0x61, 0x36, 0x19, 0x0A, 0x03, 0x00, 0x00, 0x01, 0x01, 0x02, 0x05, 0x10, 0x2A, 0x54, 0x8A,
    0xBF, 0xEA, 0xFF, 0xFF, 0xFF, 0xFF, 0xFC, 0xFA, 0xFC, 0xFF, 0xFF, 0xFF, 0xFF, 0xFF, 0xFF, 0xFF,
    0xFF, 0xFF, 0xFF, 0xFF, 0xFF, 0xFF, 0xFF, 0xFF, 0xFF, 0xFF, 0xFF, 0xFC, 0xF8, 0xFB, 0xFF, 0xFF,
    0xFF, 0xFF, 0xEF, 0xC0, 0x86, 0x4D, 0x20, 0x01, 0x00, 0x00, 0x00, 0x00, 0x00, 0x00, 0x00, 0x00,
    0x00, 0x00, 0x00, 0x00, 0x00, 0x00, 0x00, 0x00, 0x00, 0x00, 0x00, 0x00, 0x00, 0x00, 0x00, 0x00,
    0x00, 0x00, 0x00, 0x00, 0x00, 0x00, 0x00, 0x00, 0x00, 0x00, 0x00, 0x00, 0x00, 0x00, 0x00, 0x00,
    0x00, 0x00, 0x00, 0x00, 0x00, 0x00, 0x00, 0x00, 0x00, 0x00, 0x00, 0x00, 0x00, 0x00, 0x00, 0x00,
    0x00, 0x00, 0x00, 0x00, 0x00, 0x00, 0x00, 0x00, 0x00, 0x12, 0x29, 0x42, 0x5D, 0x72, 0x82, 0x8F,
    0x98, 0x9C, 0xA3, 0xB1, 0xC3, 0xD2, 0xDF, 0xEA, 0xF4, 0xFB, 0xFF, 0xFF, 0xFF, 0xFF, 0xFF, 0xFF,
    0xFF, 0xFF, 0xFE, 0xFC, 0xFA, 0xFA, 0xFB, 0xFD, 0xFF, 0xFF, 0xFF, 0xFF, 0xFF, 0xFF, 0xFF, 0xFF,
    0xFF, 0xFF, 0xFF, 0xFF, 0xFF, 0xFF, 0xFC, 0xFD, 0xFE, 0xFF, 0xFF, 0xFF, 0xFF, 0xFF, 0xFF, 0xFF,
    0xFF, 0xFF, 0xFF, 0xFF, 0xFF, 0xFF, 0xFF, 0xFF, 0xFF, 0xFF, 0xFF, 0xFF, 0xFF, 0xFF, 0xFF, 0xFC,
    0xFA, 0xFC, 0xFF, 0xFF, 0xFF, 0xFF, 0xEA, 0xBE, 0x88, 0x52, 0x28, 0x0F, 0x05, 0x01, 0x01, 0x01,
    0x02, 0x01, 0x01, 0x02, 0x07, 0x1E, 0x46, 0x7D, 0xB5, 0xE3, 0xFD, 0xFF, 0xFF, 0xFF, 0xFB, 0xFB,
    0xFD, 0xFF, 0xFF, 0xFE, 0xFF, 0xFF, 0xFF, 0xFF, 0xFF, 0xFF, 0xFF, 0xFF, 0xFF, 0xFF, 0xFF, 0xFF,
    0xFF, 0xFF, 0xFF, 0xFC, 0xF8, 0xFB, 0xFF, 0xFF, 0xFF, 0xFF, 0xED, 0xB8, 0x78, 0x3C, 0x11, 0x00,
    0x00, 0x00, 0x00, 0x00, 0x00, 0x00, 0x00, 0x00, 0x00, 0x00, 0x00, 0x00, 0x00, 0x00, 0x00, 0x00,
    0x00, 0x00, 0x00, 0x00, 0x00, 0x00, 0x00, 0x00, 0x00, 0x00, 0x00, 0x00, 0x00, 0x00, 0x00, 0x00,
    0x00, 0x00, 0x00, 0x00, 0x00, 0x00, 0x00, 0x00, 0x00, 0x00, 0x00, 0x00, 0x00, 0x00, 0x00, 0x00,
    0x00, 0x00, 0x00, 0x00, 0x00, 0x00, 0x00, 0x00, 0x00, 0x00, 0x00, 0x00, 0x00, 0x00, 0x00, 0x00,
    0x00, 0x07, 0x14, 0x24, 0x33, 0x3F, 0x47, 0x4D, 0x52, 0x54, 0x5D, 0x73, 0x8E, 0xA9, 0xBF, 0xD2,
    0xE2, 0xED, 0xF6, 0xFD, 0xFF, 0xFF, 0xFF, 0xFF, 0xFF, 0xFF, 0xFE, 0xFC, 0xFB, 0xFB, 0xFC, 0xFE,
    0xFF, 0xFF, 0xFF, 0xFF, 0xFF, 0xFF, 0xFF, 0xFF, 0xFF, 0xFF, 0xFF, 0xFF, 0xFF, 0xFF, 0xFE, 0xFE,
    0xFE, 0xFF, 0xFF, 0xFF, 0xFF, 0xFF, 0xFF, 0xFF, 0xFF, 0xFF, 0xFF, 0xFF, 0xFF, 0xFF, 0xFF, 0xFF,
    0xFF, 0xFF, 0xFF, 0xFF, 0xFE, 0xFF, 0xFF, 0xFD, 0xFB, 0xFC, 0xFF, 0xFF, 0xFF, 0xFC, 0xE2, 0xB4,
    0x7C, 0x45, 0x1D, 0x07, 0x02, 0x00, 0x01, 0x02, 0x03, 0x02, 0x00, 0x00, 0x02, 0x17, 0x3D, 0x72,
    0xAB, 0xDA, 0xF9, 0xFF, 0xFF, 0xFF, 0xFC, 0xFC, 0xFE, 0xFF, 0xFF, 0xFE, 0xFF, 0xFF, 0xFF, 0xFF,
    0xFF, 0xFF, 0xFF, 0xFF, 0xFF, 0xFF, 0xFF, 0xFF, 0xFF, 0xFF, 0xFF, 0xFC, 0xF8, 0xFB, 0xFF, 0xFF,
    0xFF, 0xFF, 0xEC, 0xB5, 0x74, 0x39, 0x10, 0x00, 0x00, 0x00, 0x00, 0x00, 0x00, 0x00, 0x00, 0x00,
    0x00, 0x00, 0x00, 0x00, 0x00, 0x00, 0x00, 0x00, 0x02, 0x02, 0x04, 0x05, 0x07, 0x08, 0x09, 0x0B,
    0x0C, 0x0D, 0x0E, 0x0F, 0x0F, 0x10, 0x10, 0x10, 0x10, 0x0F, 0x0F, 0x0D, 0x0D, 0x0B, 0x0A, 0x09,
    0x07, 0x05, 0x04, 0x03, 0x03, 0x01, 0x01, 0x00, 0x00, 0x00, 0x00, 0x00, 0x00, 0x00, 0x00, 0x00,
    0x00, 0x00, 0x00, 0x00, 0x00, 0x00, 0x00, 0x00, 0x00, 0x03, 0x06, 0x0C, 0x11, 0x13, 0x13, 0x15,
    0x16, 0x17, 0x21, 0x3B, 0x5C, 0x7D, 0x9A, 0xB2, 0xC5, 0xD4, 0xDF, 0xE9, 0xF1, 0xF6, 0xF8, 0xFB,
    0xFE, 0xFE, 0xFE, 0xFE, 0xFD, 0xFD, 0xFE, 0xFE, 0xFF, 0xFF, 0xFF, 0xFF, 0xFF, 0xFF, 0xFF, 0xFF,
    0xFF, 0xFF, 0xFF, 0xFF, 0xFF, 0xFF, 0xFF, 0xFF, 0xFF, 0xFF, 0xFF, 0xFF, 0xFF, 0xFF, 0xFF, 0xFF,
    0xFF, 0xFF, 0xFF, 0xFF, 0xFF, 0xFF, 0xFF, 0xFF, 0xFF, 0xFF, 0xFF, 0xFF, 0xFE, 0xFF, 0xFF, 0xFE,
    0xFC, 0xFD, 0xFF, 0xFF, 0xFF, 0xF8, 0xD9, 0xAA, 0x72, 0x3C, 0x16, 0x02, 0x00, 0x00, 0x02, 0x03,
    0x03, 0x02, 0x00, 0x00, 0x00, 0x12, 0x36, 0x6A, 0xA2, 0xD1, 0xF3, 0xFE, 0xFF, 0xFF, 0xFC, 0xFC,
    0xFE, 0xFF, 0xFF, 0xFE, 0xFF, 0xFF, 0xFF, 0xFF, 0xFF, 0xFF, 0xFF, 0xFF, 0xFF, 0xFF, 0xFF, 0xFF,
    0xFF, 0xFF, 0xFF, 0xFC, 0xF8, 0xFB, 0xFF, 0xFF, 0xFF, 0xFF, 0xEC, 0xB8, 0x7A, 0x40, 0x1A, 0x06,
    0x06, 0x05, 0x07, 0x06, 0x05, 0x06, 0x09, 0x0B, 0x0C, 0x0E, 0x0E, 0x10, 0x12, 0x13, 0x14, 0x15,
    0x17, 0x19, 0x1C, 0x1F, 0x23, 0x26, 0x29, 0x2C, 0x2E, 0x30, 0x32, 0x34, 0x34, 0x35, 0x35, 0x35,
    0x35, 0x34, 0x34, 0x31, 0x30, 0x2D, 0x2A, 0x27, 0x23, 0x20, 0x1D, 0x1B, 0x19, 0x16, 0x16, 0x15,
    0x13, 0x11, 0x11, 0x0E, 0x0C, 0x0A, 0x09, 0x08, 0x06, 0x05, 0x05, 0x04, 0x04, 0x03, 0x02, 0x01,
    0x00, 0x00, 0x00, 0x00, 0x00, 0x00, 0x00, 0x00, 0x00, 0x00, 0x00, 0x14, 0x35, 0x56, 0x72, 0x8B,
    0x9E, 0xAD, 0xB9, 0xC5, 0xD0, 0xDA, 0xE1, 0xEA, 0xF3, 0xF9, 0xFD, 0xFF, 0xFF, 0xFF, 0xFF, 0xFF,
    0xFF, 0xFE, 0xFC, 0xFC, 0xFB, 0xFA, 0xFA, 0xFA, 0xFA, 0xFB, 0xFB, 0xFC, 0xFD, 0xFE, 0xFF, 0xFF,
    0xFF, 0xFF, 0xFF, 0xFF, 0xFF, 0xFF, 0xFF, 0xFF, 0xFF, 0xFF, 0xFF, 0xFF, 0xFF, 0xFF, 0xFF, 0xFF,
    0xFF, 0xFF, 0xFF, 0xFF, 0xFE, 0xFF, 0xFF, 0xFE, 0xFC, 0xFD, 0xFF, 0xFF, 0xFE, 0xF2, 0xD0, 0xA1,
    0x6A, 0x36, 0x12, 0x00, 0x00, 0x00, 0x02, 0x03, 0x04, 0x02, 0x00, 0x00, 0x00, 0x0E, 0x2F, 0x60,
    0x97, 0xC5, 0xE8, 0xF8, 0xFD, 0xFF, 0xFD, 0xFD, 0xFF, 0xFF, 0xFE, 0xFE, 0xFF, 0xFF, 0xFF, 0xFF,
    0xFF, 0xFF, 0xFF, 0xFF, 0xFF, 0xFF, 0xFF, 0xFF, 0xFF, 0xFF, 0xFF, 0xFC, 0xF9, 0xFB, 0xFF, 0xFF,
    0xFF, 0xFF, 0xEF, 0xC0, 0x87, 0x52, 0x2C, 0x16, 0x10, 0x0D, 0x0C, 0x0B, 0x0B, 0x0F, 0x15, 0x1A,
    0x1E, 0x23, 0x27, 0x2B, 0x2F, 0x32, 0x33, 0x36, 0x39, 0x3C, 0x40, 0x45, 0x4C, 0x52, 0x57, 0x5C,
    0x60, 0x64, 0x67, 0x69, 0x6A, 0x6C, 0x6C, 0x6C, 0x6B, 0x69, 0x69, 0x65, 0x62, 0x5E, 0x5A, 0x55,
    0x4E, 0x49, 0x44, 0x3F, 0x3B, 0x37, 0x36, 0x35, 0x32, 0x2F, 0x2D, 0x27, 0x21, 0x1B, 0x17, 0x13,
    0x0F, 0x0D, 0x0B, 0x08, 0x06, 0x04, 0x01, 0x00, 0x00, 0x00, 0x00, 0x00, 0x00, 0x00, 0x00, 0x00,
    0x00, 0x00, 0x00, 0x01, 0x1C, 0x36, 0x4B, 0x5E, 0x6D, 0x7A, 0x85, 0x91, 0x9F, 0xAD, 0xBC, 0xCD,
    0xDF, 0xED, 0xF9, 0xFF, 0xFF, 0xFF, 0xFF, 0xFF, 0xFF, 0xFD, 0xFB, 0xFA, 0xF9, 0xF8, 0xF8, 0xF8,
    0xF8, 0xF8, 0xFA, 0xFB, 0xFD, 0xFE, 0xFF, 0xFF, 0xFF, 0xFF, 0xFF, 0xFF, 0xFF, 0xFF, 0xFF, 0xFF,
    0xFF, 0xFF, 0xFF, 0xFF, 0xFF, 0xFF, 0xFF, 0xFF, 0xFF, 0xFF, 0xFF, 0xFF, 0xFE, 0xFE, 0xFF, 0xFF,
    0xFD, 0xFE, 0xFF, 0xFD, 0xF8, 0xE7, 0xC4, 0x96, 0x60, 0x2F, 0x0E, 0x00, 0x00, 0x00, 0x02, 0x04,
    0x04, 0x02, 0x00, 0x00, 0x00, 0x0A, 0x28, 0x56, 0x89, 0xB6, 0xDA, 0xEF, 0xF9, 0xFE, 0xFD, 0xFE,
    0xFF, 0xFF, 0xFE, 0xFD, 0xFE, 0xFF, 0xFF, 0xFF, 0xFF, 0xFF, 0xFF, 0xFF, 0xFF, 0xFF, 0xFF, 0xFF,
    0xFF, 0xFF, 0xFF, 0xFC, 0xFA, 0xFC, 0xFF, 0xFF, 0xFF, 0xFF, 0xF2, 0xCC, 0x9C, 0x6D, 0x49, 0x2E,
    0x20, 0x18, 0x14, 0x13, 0x15, 0x1B, 0x25, 0x2E, 0x36, 0x3E, 0x45, 0x4C, 0x53, 0x58, 0x5B, 0x5E,
    0x63, 0x67, 0x6D, 0x74, 0x7C, 0x85, 0x8C, 0x93, 0x99, 0x9E, 0xA2, 0xA5, 0xA7, 0xA9, 0xA9, 0xA9,
    0xA7, 0xA5, 0xA4, 0xA0, 0x9C, 0x96, 0x90, 0x89, 0x81, 0x79, 0x72, 0x6C, 0x65, 0x60, 0x5F, 0x5D,
    0x59, 0x54, 0x4F, 0x46, 0x3A, 0x30, 0x28, 0x22, 0x1C, 0x18, 0x15, 0x0F, 0x0A, 0x06, 0x02, 0x00,
    0x00, 0x00, 0x00, 0x00, 0x00, 0x00, 0x00, 0x00, 0x00, 0x00, 0x00, 0x00, 0x0E, 0x1D, 0x28, 0x33,
    0x3A, 0x43, 0x4B, 0x57, 0x66, 0x79, 0x8E, 0xA8, 0xC3, 0xDA, 0xEB, 0xF8, 0xFF, 0xFF, 0xFF, 0xFF,
    0xFF, 0xFF, 0xFC, 0xFC, 0xFC, 0xFB, 0xFB, 0xFB, 0xFB, 0xFC, 0xFC, 0xFD, 0xFE, 0xFE, 0xFF, 0xFF,
    0xFF, 0xFF, 0xFF, 0xFF, 0xFF, 0xFF, 0xFF, 0xFF, 0xFF, 0xFF, 0xFF, 0xFF, 0xFF, 0xFF, 0xFF, 0xFF,
    0xFF, 0xFF, 0xFF, 0xFE, 0xFD, 0xFE, 0xFF, 0xFF, 0xFE, 0xFE, 0xFE, 0xF9, 0xEE, 0xD9, 0xB5, 0x88,
    0x55, 0x28, 0x0B, 0x00, 0x00, 0x00, 0x02, 0x04, 0x04, 0x02, 0x00, 0x00, 0x00, 0x08, 0x22, 0x4B,
    0x7A, 0xA5, 0xC9, 0xE3, 0xF4, 0xFD, 0xFE, 0xFE, 0xFF, 0xFF, 0xFD, 0xFD, 0xFE, 0xFF, 0xFF, 0xFF,
    0xFF, 0xFF, 0xFF, 0xFF, 0xFF, 0xFF, 0xFF, 0xFF, 0xFF, 0xFF, 0xFF, 0xFD, 0xFB, 0xFD, 0xFF, 0xFF,
    0xFF, 0xFF, 0xF5, 0xD9, 0xB4, 0x8E, 0x6C, 0x50, 0x3C, 0x2F, 0x28, 0x27, 0x2C, 0x34, 0x40, 0x4B,
    0x55, 0x5F, 0x69, 0x72, 0x7B, 0x81, 0x84, 0x88, 0x8E, 0x93, 0x99, 0xA1, 0xAA, 0xB4, 0xBC, 0xC4,
    0xCB, 0xD1, 0xD5, 0xD9, 0xDB, 0xDD, 0xDD, 0xDD, 0xDB, 0xD9, 0xD7, 0xD3, 0xCE, 0xC8, 0xC1, 0xB9,
    0xB0, 0xA7, 0x9F, 0x97, 0x90, 0x8A, 0x89, 0x86, 0x82, 0x7C, 0x76, 0x6A, 0x5B, 0x4E, 0x44, 0x3C,
    0x35, 0x30, 0x2A, 0x22, 0x1B, 0x14, 0x0E, 0x08, 0x03, 0x00, 0x00, 0x00, 0x00, 0x00, 0x00, 0x00,
    0x00, 0x00, 0x00, 0x00, 0x06, 0x0A, 0x0C, 0x0E, 0x10, 0x15, 0x1B, 0x25, 0x34, 0x49, 0x62, 0x80,
    0xA1, 0xBD, 0xD3, 0xE3, 0xEE, 0xF4, 0xF7, 0xFA, 0xFD, 0xFE, 0xFE, 0xFF, 0xFF, 0xFF, 0xFF, 0xFF,
    0xFF, 0xFF, 0xFF, 0xFF, 0xFF, 0xFF, 0xFF, 0xFF, 0xFF, 0xFF, 0xFF, 0xFF, 0xFF, 0xFF, 0xFF, 0xFF,
    0xFF, 0xFF, 0xFF, 0xFF, 0xFF, 0xFF, 0xFF, 0xFF, 0xFF, 0xFF, 0xFF, 0xFE, 0xFD, 0xFD, 0xFF, 0xFF,
    0xFE, 0xFE, 0xFD, 0xF3, 0xE2, 0xC8, 0xA4, 0x79, 0x4A, 0x23, 0x09, 0x00, 0x00, 0x00, 0x02, 0x04,
    0x04, 0x02, 0x00, 0x00, 0x01, 0x07, 0x1D, 0x41, 0x6A, 0x93, 0xB7, 0xD6, 0xEE, 0xFB, 0xFF, 0xFF,
    0xFF, 0xFF, 0xFD, 0xFD, 0xFE, 0xFF, 0xFF, 0xFF, 0xFF, 0xFF, 0xFF, 0xFF, 0xFF, 0xFF, 0xFF, 0xFF,
    0xFF, 0xFF, 0xFF, 0xFD, 0xFD, 0xFD, 0xFF, 0xFF, 0xFF, 0xFF, 0xF9, 0xE6, 0xCC, 0xB0, 0x94, 0x79,
    0x63, 0x55, 0x4E, 0x4D, 0x52, 0x5B, 0x67, 0x72, 0x7C, 0x86, 0x90, 0x98, 0xA1, 0xA7, 0xAB, 0xAE,
    0xB3, 0xB8, 0xBE, 0xC5, 0xCE, 0xD7, 0xDF, 0xE6, 0xED, 0xF3, 0xF7, 0xFA, 0xFC, 0xFE, 0xFE, 0xFE,
    0xFC, 0xFA, 0xF8, 0xF5, 0xF0, 0xEA, 0xE4, 0xDC, 0xD3, 0xCB, 0xC3, 0xBD, 0xB5, 0xB0, 0xAE, 0xAC,
    0xA9, 0xA3, 0x9C, 0x91, 0x82, 0x75, 0x6B, 0x63, 0x5C, 0x56, 0x4F, 0x46, 0x3B, 0x32, 0x2A, 0x22,
    0x1C, 0x16, 0x14, 0x0F, 0x0C, 0x0A, 0x09, 0x07, 0x04, 0x03, 0x01, 0x00, 0x00, 0x00, 0x00, 0x00,
    0x00, 0x00, 0x00, 0x04, 0x12, 0x26, 0x3E, 0x5B, 0x7B, 0x97, 0xAE, 0xC0, 0xCE, 0xD9, 0xE2, 0xEC,
    0xF5, 0xFB, 0xFE, 0xFF, 0xFF, 0xFF, 0xFF, 0xFF, 0xFF, 0xFF, 0xFF, 0xFF, 0xFF, 0xFF, 0xFF, 0xFF,
    0xFF, 0xFF, 0xFF, 0xFF, 0xFF, 0xFF, 0xFF, 0xFF, 0xFF, 0xFF, 0xFF, 0xFF, 0xFF, 0xFF, 0xFF, 0xFF,
    0xFF, 0xFF, 0xFF, 0xFE, 0xFD, 0xFD, 0xFF, 0xFF, 0xFF, 0xFF, 0xFB, 0xED, 0xD5, 0xB6, 0x92, 0x69,
    0x3F, 0x1D, 0x07, 0x01, 0x00, 0x00, 0x02, 0x04, 0x04, 0x02, 0x00, 0x00, 0x01, 0x05, 0x17, 0x34,
    0x58, 0x7E, 0xA2, 0xC6, 0xE4, 0xF7, 0xFF, 0xFF, 0xFF, 0xFF, 0xFD, 0xFC, 0xFE, 0xFF, 0xFF, 0xFF,
    0xFF, 0xFF, 0xFF, 0xFF, 0xFF, 0xFF, 0xFF, 0xFF, 0xFF, 0xFF, 0xFF, 0xFE, 0xFE, 0xFE, 0xFF, 0xFF,
    0xFF, 0xFF, 0xFB, 0xF1, 0xE0, 0xCE, 0xBB, 0xA6, 0x93, 0x87, 0x81, 0x81, 0x86, 0x8E, 0x98, 0xA0,
    0xA9, 0xB0, 0xB8, 0xBF, 0xC5, 0xCA, 0xCD, 0xD0, 0xD3, 0xD7, 0xDB, 0xE1, 0xE7, 0xEF, 0xF5, 0xFB,
    0xFF, 0xFF, 0xFF, 0xFF, 0xFF, 0xFF, 0xFF, 0xFF, 0xFF, 0xFF, 0xFF, 0xFF, 0xFF, 0xFD, 0xF8, 0xF3,
    0xEC, 0xE5, 0xE0, 0xDB, 0xD5, 0xD1, 0xCF, 0xCE, 0xCB, 0xC7, 0xC1, 0xB9, 0xAD, 0xA3, 0x9B, 0x95,
    0x8F, 0x88, 0x81, 0x76, 0x6A, 0x5E, 0x55, 0x4A, 0x42, 0x39, 0x34, 0x2C, 0x24, 0x1D, 0x18, 0x11,
    0x09, 0x04, 0x00, 0x00, 0x00, 0x00, 0x00, 0x00, 0x00, 0x00, 0x00, 0x00, 0x03, 0x11, 0x23, 0x39,
    0x53, 0x6B, 0x7E, 0x8F, 0xA0, 0xB1, 0xC3, 0xD5, 0xE9, 0xF6, 0xFE, 0xFF, 0xFF, 0xFF, 0xFE, 0xFE,
    0xFF, 0xFF, 0xFF, 0xFF, 0xFF, 0xFF, 0xFF, 0xFF, 0xFF, 0xFF, 0xFF, 0xFF, 0xFF, 0xFF, 0xFF, 0xFF,
    0xFF, 0xFF, 0xFF, 0xFF, 0xFF, 0xFF, 0xFF, 0xFF, 0xFF, 0xFF, 0xFF, 0xFE, 0xFC, 0xFD, 0xFF, 0xFF,
    0xFF, 0xFF, 0xF8, 0xE3, 0xC6, 0xA1, 0x7D, 0x57, 0x33, 0x16, 0x05, 0x01, 0x00, 0x00, 0x02, 0x04,
    0x04, 0x02, 0x00, 0x00, 0x00, 0x02, 0x0F, 0x26, 0x45, 0x68, 0x8C, 0xB4, 0xD7, 0xF1, 0xFF, 0xFF,
    0xFE, 0xFE, 0xFC, 0xFC, 0xFE, 0xFF, 0xFF, 0xFF, 0xFF, 0xFF, 0xFF, 0xFF, 0xFF, 0xFF, 0xFF, 0xFF,
    0xFF, 0xFF, 0xFF, 0xFE, 0xFE, 0xFE, 0xFF, 0xFF, 0xFF, 0xFF, 0xFD, 0xF8, 0xF0, 0xE7, 0xDD, 0xD0,
    0xC4, 0xBC, 0xB9, 0xBA, 0xBE, 0xC4, 0xCA, 0xCF, 0xD3, 0xD8, 0xDC, 0xE0, 0xE4, 0xE6, 0xE8, 0xEA,
    0xEC, 0xEE, 0xF0, 0xF3, 0xF7, 0xFB, 0xFE, 0xFF, 0xFF, 0xFF, 0xFF, 0xFF, 0xFF, 0xFF, 0xFF, 0xFF,
    0xFF, 0xFF, 0xFF, 0xFF, 0xFF, 0xFF, 0xFF, 0xFD, 0xFA, 0xF6, 0xF3, 0xF0, 0xEC, 0xEA, 0xE9, 0xE9,
    0xE7, 0xE5, 0xE1, 0xDC, 0xD6, 0xD0, 0xCB, 0xC8, 0xC4, 0xBE, 0xB7, 0xAC, 0x9F, 0x91, 0x86, 0x7A,
    0x6F, 0x64, 0x5A, 0x4F, 0x42, 0x35, 0x2A, 0x1D, 0x11, 0x06, 0x00, 0x00, 0x00, 0x00, 0x00, 0x00,
    0x00, 0x00, 0x00, 0x00, 0x01, 0x09, 0x11, 0x1D, 0x2D, 0x3E, 0x4A, 0x58, 0x6A, 0x81, 0x9C, 0xB9,
    0xD8, 0xEE, 0xFD, 0xFF, 0xFF, 0xFF, 0xFE, 0xFD, 0xFE, 0xFF, 0xFF, 0xFE, 0xFF, 0xFF, 0xFF, 0xFF,
    0xFF, 0xFF, 0xFF, 0xFF, 0xFF, 0xFF, 0xFF, 0xFF, 0xFF, 0xFF, 0xFF, 0xFF, 0xFF, 0xFF, 0xFF, 0xFF,
    0xFF, 0xFF, 0xFF, 0xFE, 0xFC, 0xFC, 0xFE, 0xFE, 0xFF, 0xFF, 0xF1, 0xD7, 0xB3, 0x8B, 0x67, 0x44,
    0x25, 0x0F, 0x02, 0x00, 0x00, 0x00, 0x02, 0x04, 0x04, 0x02, 0x00, 0x00, 0x00, 0x00, 0x09, 0x1A,
    0x34, 0x53, 0x77, 0xA1, 0xCA, 0xEA, 0xFD, 0xFF, 0xFE, 0xFF, 0xFD, 0xFC, 0xFE, 0xFF, 0xFF, 0xFF,
    0xFF, 0xFF, 0xFF, 0xFF, 0xFF, 0xFF, 0xFF, 0xFF, 0xFF, 0xFF, 0xFF, 0xFF, 0xFF, 0xFF, 0xFF, 0xFF,
    0xFF, 0xFF, 0xFF, 0xFD, 0xFB, 0xF9, 0xF6, 0xF0, 0xEB, 0xE8, 0xE7, 0xE8, 0xEB, 0xEF, 0xF1, 0xF3,
    0xF4, 0xF5, 0xF6, 0xF7, 0xF8, 0xF9, 0xFA, 0xFA, 0xFB, 0xFB, 0xFC, 0xFD, 0xFE, 0xFF, 0xFF, 0xFF,
    0xFF, 0xFF, 0xFF, 0xFF, 0xFF, 0xFF, 0xFF, 0xFF, 0xFF, 0xFF, 0xFF, 0xFF, 0xFF, 0xFF, 0xFF, 0xFF,
    0xFF, 0xFD, 0xFD, 0xFC, 0xFB, 0xFA, 0xFA, 0xFA, 0xF9, 0xF9, 0xF8, 0xF7, 0xF5, 0xF3, 0xF2, 0xF1,
    0xEE, 0xEA, 0xE3, 0xD9, 0xCC, 0xBF, 0xB4, 0xA8, 0x9C, 0x8F, 0x83, 0x76, 0x65, 0x55, 0x46, 0x34,
    0x23, 0x15, 0x0A, 0x00, 0x00, 0x00, 0x00, 0x00, 0x00, 0x00, 0x00, 0x00, 0x02, 0x04, 0x05, 0x09,
    0x10, 0x19, 0x1F, 0x2A, 0x3B, 0x53, 0x74, 0x9B, 0xC5, 0xE5, 0xFA, 0xFF, 0xFF, 0xFF, 0xFD, 0xFC,
    0xFE, 0xFF, 0xFF, 0xFE, 0xFF, 0xFF, 0xFF, 0xFF, 0xFF, 0xFF, 0xFF, 0xFF, 0xFF, 0xFF, 0xFF, 0xFF,
    0xFF, 0xFF, 0xFF, 0xFF, 0xFF, 0xFF, 0xFF, 0xFF, 0xFF, 0xFF, 0xFF, 0xFE, 0xFC, 0xFD, 0xFF, 0xFE,
    0xFF, 0xFD, 0xEA, 0xCA, 0xA1, 0x76, 0x52, 0x33, 0x1A, 0x09, 0x00, 0x00, 0x00, 0x00, 0x02, 0x04,
    0x04, 0x02, 0x00, 0x00, 0x00, 0x00, 0x05, 0x11, 0x25, 0x41, 0x65, 0x91, 0xBE, 0xE3, 0xFA, 0xFF,
    0xFF, 0xFF, 0xFD, 0xFC, 0xFE, 0xFF, 0xFF, 0xFF, 0xFF, 0xFF, 0xFF, 0xFF, 0xFF, 0xFF, 0xFF, 0xFF,
    0xFF, 0xFF, 0xFF, 0xFF, 0xFF, 0xFF, 0xFF, 0xFF, 0xFF, 0xFF, 0xFF, 0xFF, 0xFF, 0xFF, 0xFF, 0xFF,
    0xFF, 0xFF, 0xFF, 0xFF, 0xFF, 0xFF, 0xFF, 0xFF, 0xFF, 0xFF, 0xFF, 0xFF, 0xFF, 0xFF, 0xFF, 0xFF,
    0xFF, 0xFF, 0xFF, 0xFF, 0xFF, 0xFF, 0xFE, 0xFE, 0xFD, 0xFD, 0xFC, 0xFC, 0xFC, 0xFC, 0xFC, 0xFC,
    0xFC, 0xFC, 0xFC, 0xFD, 0xFD, 0xFD, 0xFE, 0xFF, 0xFF, 0xFF, 0xFF, 0xFF, 0xFF, 0xFF, 0xFF, 0xFF,
    0xFF, 0xFF, 0xFF, 0xFF, 0xFF, 0xFF, 0xFF, 0xFF, 0xFF, 0xFF, 0xFF, 0xF7, 0xEC, 0xE0, 0xD7, 0xCC,
    0xC0, 0xB5, 0xAA, 0x9C, 0x8C, 0x7B, 0x6A, 0x57, 0x44, 0x34, 0x28, 0x1E, 0x16, 0x12, 0x0F, 0x0A,
    0x06, 0x03, 0x00, 0x00, 0x00, 0x00, 0x00, 0x00, 0x00, 0x01, 0x03, 0x0B, 0x19, 0x2F, 0x51, 0x7F,
    0xB2, 0xDB, 0xF6, 0xFF, 0xFF, 0xFF, 0xFD, 0xFC, 0xFE, 0xFF, 0xFF, 0xFE, 0xFF, 0xFF, 0xFF, 0xFF,
    0xFF, 0xFF, 0xFF, 0xFF, 0xFF, 0xFF, 0xFF, 0xFF, 0xFF, 0xFF, 0xFF, 0xFF, 0xFF, 0xFF, 0xFF, 0xFF,
    0xFF, 0xFF, 0xFF, 0xFE, 0xFC, 0xFD, 0xFF, 0xFF, 0xFF, 0xFA, 0xE3, 0xBE, 0x91, 0x64, 0x40, 0x24,
    0x11, 0x05, 0x00, 0x00, 0x00, 0x00, 0x02, 0x04, 0x03, 0x02, 0x00, 0x00, 0x00, 0x00, 0x02, 0x09,
    0x17, 0x30, 0x53, 0x80, 0xB0, 0xDA, 0xF4, 0xFD, 0xFF, 0xFF, 0xFE, 0xFD, 0xFE, 0xFF, 0xFF, 0xFE,
    0xFF, 0xFF, 0xFF, 0xFF, 0xFF, 0xFF, 0xFF, 0xFF, 0xFF, 0xFF, 0xFF, 0xFF, 0xFF, 0xFF, 0xFF, 0xFF,
    0xFF, 0xFF, 0xFF, 0xFF, 0xFF, 0xFF, 0xFF, 0xFF, 0xFF, 0xFF, 0xFF, 0xFF, 0xFF, 0xFF, 0xFF, 0xFF,
    0xFF, 0xFF, 0xFF, 0xFF, 0xFF, 0xFF, 0xFF, 0xFF, 0xFF, 0xFF, 0xFF, 0xFF, 0xFF, 0xFF, 0xFF, 0xFE,
    0xFD, 0xFC, 0xFC, 0xFB, 0xFB, 0xFA, 0xFA, 0xFA, 0xFB, 0xFB, 0xFB, 0xFC, 0xFD, 0xFD, 0xFE, 0xFF,
    0xFF, 0xFF, 0xFF, 0xFF, 0xFF, 0xFF, 0xFF, 0xFF, 0xFF, 0xFF, 0xFF, 0xFF, 0xFF, 0xFF, 0xFF, 0xFF,
    0xFF, 0xFF, 0xFF, 0xFF, 0xFE, 0xF5, 0xEE, 0xE6, 0xDD, 0xD5, 0xCC, 0xC1, 0xB3, 0xA5, 0x96, 0x84,
    0x72, 0x61, 0x56, 0x4B, 0x42, 0x38, 0x2E, 0x20, 0x12, 0x05, 0x00, 0x00, 0x00, 0x00, 0x00, 0x00,
    0x00, 0x00, 0x00, 0x00, 0x09, 0x18, 0x36, 0x68, 0xA0, 0xD0, 0xF0, 0xFE, 0xFF, 0xFF, 0xFD, 0xFD,
    0xFE, 0xFF, 0xFF, 0xFE, 0xFF, 0xFF, 0xFF, 0xFF, 0xFF, 0xFF, 0xFF, 0xFF, 0xFF, 0xFF, 0xFF, 0xFF,
    0xFF, 0xFF, 0xFF, 0xFF, 0xFF, 0xFF, 0xFF, 0xFF, 0xFE, 0xFF, 0xFF, 0xFE, 0xFD, 0xFE, 0xFF, 0xFF,
    0xFE, 0xF4, 0xD9, 0xB0, 0x80, 0x52, 0x30, 0x16, 0x09, 0x02, 0x00, 0x00, 0x00, 0x00, 0x02, 0x03,
    0x02, 0x01, 0x00, 0x00, 0x00, 0x00, 0x01, 0x04, 0x0C, 0x21, 0x43, 0x6F, 0xA1, 0xCC, 0xEA, 0xF9,
    0xFF, 0xFF, 0xFE, 0xFE, 0xFF, 0xFF, 0xFE, 0xFE, 0xFE, 0xFF, 0xFF, 0xFF, 0xFF, 0xFF, 0xFF, 0xFF,
    0xFF, 0xFF, 0xFF, 0xFF, 0xFF, 0xFF, 0xFF, 0xFF, 0xFF, 0xFF, 0xFF, 0xFF, 0xFF, 0xFF, 0xFF, 0xFF,
    0xFF, 0xFF, 0xFF, 0xFF, 0xFF, 0xFF, 0xFF, 0xFF, 0xFF, 0xFF, 0xFF, 0xFF, 0xFF, 0xFF, 0xFF, 0xFF,
    0xFF, 0xFF, 0xFF, 0xFF, 0xFF, 0xFF, 0xFF, 0xFF, 0xFF, 0xFE, 0xFE, 0xFE, 0xFD, 0xFD, 0xFD, 0xFD,
    0xFD, 0xFE, 0xFE, 0xFE, 0xFF, 0xFF, 0xFF, 0xFF, 0xFF, 0xFF, 0xFF, 0xFF, 0xFF, 0xFF, 0xFF, 0xFF,
    0xFF, 0xFF, 0xFF, 0xFF, 0xFF, 0xFF, 0xFF, 0xFF, 0xFF, 0xFF, 0xFF, 0xFF, 0xFF, 0xFE, 0xFB, 0xF6,
    0xF1, 0xED, 0xE8, 0xE1, 0xD7, 0xCD, 0xC2, 0xB4, 0xA4, 0x95, 0x8B, 0x80, 0x75, 0x66, 0x54, 0x3B,
    0x22, 0x0C, 0x00, 0x00, 0x00, 0x00, 0x00, 0x00, 0x00, 0x00, 0x00, 0x00, 0x05, 0x0B, 0x25, 0x58,
    0x93, 0xC7, 0xEA, 0xFD, 0xFF, 0xFF, 0xFD, 0xFD, 0xFF, 0xFF, 0xFE, 0xFE, 0xFE, 0xFF, 0xFF, 0xFF,
    0xFF, 0xFF, 0xFF, 0xFF, 0xFF, 0xFF, 0xFF, 0xFF, 0xFF, 0xFF, 0xFF, 0xFF, 0xFF, 0xFF, 0xFF, 0xFE,
    0xFE, 0xFE, 0xFF, 0xFF, 0xFD, 0xFE, 0xFF, 0xFF, 0xF9, 0xE9, 0xCC, 0xA0, 0x6F, 0x42, 0x21, 0x0B,
    0x04, 0x01, 0x00, 0x00, 0x00, 0x00, 0x01, 0x02, 0x01, 0x01, 0x00, 0x00, 0x01, 0x01, 0x00, 0x01,
    0x04, 0x16, 0x35, 0x5F, 0x90, 0xBD, 0xDD, 0xF1, 0xFC, 0xFF, 0xFF, 0xFE, 0xFF, 0xFF, 0xFE, 0xFD,
    0xFE, 0xFF, 0xFF, 0xFF, 0xFF, 0xFF, 0xFF, 0xFF, 0xFF, 0xFF, 0xFF, 0xFF, 0xFF, 0xFF, 0xFF, 0xFF,
    0xFF, 0xFF, 0xFF, 0xFF, 0xFF, 0xFF, 0xFF, 0xFF, 0xFF, 0xFF, 0xFF, 0xFF, 0xFF, 0xFF, 0xFF, 0xFF,
    0xFF, 0xFF, 0xFF, 0xFF, 0xFF, 0xFF, 0xFF, 0xFF, 0xFF, 0xFF, 0xFF, 0xFF, 0xFF, 0xFF, 0xFF, 0xFF,
    0xFF, 0xFF, 0xFF, 0xFF, 0xFF, 0xFF, 0xFF, 0xFF, 0xFF, 0xFF, 0xFF, 0xFF, 0xFF, 0xFF, 0xFF, 0xFF,
    0xFF, 0xFF, 0xFF, 0xFF, 0xFF, 0xFF, 0xFF, 0xFF, 0xFF, 0xFF, 0xFF, 0xFF, 0xFF, 0xFF, 0xFF, 0xFF,
    0xFF, 0xFF, 0xFF, 0xFF, 0xFF, 0xFF, 0xFF, 0xFE, 0xFC, 0xFB, 0xFA, 0xF7, 0xF2, 0xEC, 0xE5, 0xDB,
    0xCF, 0xC4, 0xBC, 0xB2, 0xA5, 0x94, 0x7C, 0x5D, 0x3C, 0x1F, 0x0B, 0x00, 0x00, 0x00, 0x00, 0x00,
    0x02, 0x02, 0x00, 0x02, 0x03, 0x04, 0x19, 0x4D, 0x8A, 0xC1, 0xE7, 0xFC, 0xFF, 0xFF, 0xFD, 0xFE,
    0xFF, 0xFF, 0xFE, 0xFE, 0xFE, 0xFF, 0xFF, 0xFF, 0xFF, 0xFF, 0xFF, 0xFF, 0xFF, 0xFF, 0xFF, 0xFF,
    0xFF, 0xFF, 0xFF, 0xFF, 0xFF, 0xFF, 0xFF, 0xFE, 0xFD, 0xFE, 0xFF, 0xFF, 0xFE, 0xFE, 0xFF, 0xFC,
    0xF1, 0xDC, 0xBC, 0x8F, 0x5E, 0x34, 0x16, 0x04, 0x01, 0x00, 0x01, 0x01, 0x00, 0x00, 0x01, 0x01,
    0x01, 0x01, 0x00, 0x00, 0x01, 0x01, 0x00, 0x00, 0x00, 0x0E, 0x29, 0x51, 0x80, 0xAD, 0xCF, 0xE8,
    0xF7, 0xFE, 0xFF, 0xFF, 0xFF, 0xFF, 0xFE, 0xFD, 0xFE, 0xFF, 0xFF, 0xFF, 0xFF, 0xFF, 0xFF, 0xFF,
    0xFF, 0xFF, 0xFF, 0xFF, 0xFF, 0xFF, 0xFF, 0xFF, 0xFF, 0xFF, 0xFF, 0xFE, 0xFE, 0xFD, 0xFC, 0xFC,
    0xFC, 0xFC, 0xFC, 0xFB, 0xFB, 0xFB, 0xFB, 0xFC, 0xFC, 0xFC, 0xFC, 0xFD, 0xFD, 0xFD, 0xFD, 0xFD,
    0xFD, 0xFD, 0xFD, 0xFD, 0xFE, 0xFE, 0xFE, 0xFE, 0xFE, 0xFE, 0xFF, 0xFF, 0xFF, 0xFF, 0xFF, 0xFF,
    0xFF, 0xFF, 0xFF, 0xFE, 0xFE, 0xFE, 0xFE, 0xFE, 0xFE, 0xFE, 0xFD, 0xFD, 0xFD, 0xFD, 0xFD, 0xFD,
    0xFD, 0xFD, 0xFD, 0xFC, 0xFC, 0xFC, 0xFC, 0xFB, 0xFB, 0xFC, 0xFC, 0xFD, 0xFD, 0xFE, 0xFF, 0xFF,
    0xFF, 0xFF, 0xFF, 0xFF, 0xFF, 0xFF, 0xFB, 0xF5, 0xED, 0xE5, 0xDF, 0xD7, 0xCC, 0xBA, 0xA3, 0x84,
    0x61, 0x43, 0x2C, 0x1E, 0x15, 0x12, 0x0F, 0x0D, 0x0A, 0x04, 0x00, 0x00, 0x00, 0x00, 0x11, 0x46,
    0x85, 0xBE, 0xE6, 0xFC, 0xFF, 0xFF, 0xFD, 0xFE, 0xFF, 0xFF, 0xFE, 0xFE, 0xFE, 0xFF, 0xFF, 0xFF,
    0xFF, 0xFF, 0xFF, 0xFF, 0xFF, 0xFF, 0xFF, 0xFF, 0xFF, 0xFF, 0xFF, 0xFF, 0xFF, 0xFF, 0xFF, 0xFE,
    0xFD, 0xFE, 0xFF, 0xFF, 0xFF, 0xFF, 0xFE, 0xF7, 0xE8, 0xCD, 0xAB, 0x7E, 0x4F, 0x28, 0x0E, 0x00,
    0x00, 0x00, 0x01, 0x01, 0x00, 0x00, 0x01, 0x01, 0x00, 0x01, 0x00, 0x00, 0x02, 0x02, 0x00, 0x00,
    0x00, 0x07, 0x1E, 0x40, 0x6C, 0x99, 0xBC, 0xDA, 0xEE, 0xFA, 0xFE, 0xFF, 0xFE, 0xFE, 0xFD, 0xFC,
    0xFE, 0xFF, 0xFF, 0xFF, 0xFF, 0xFF, 0xFF, 0xFF, 0xFF, 0xFF, 0xFF, 0xFF, 0xFF, 0xFF, 0xFF, 0xFF,
    0xFF, 0xFF, 0xFF, 0xFE, 0xFD, 0xFC, 0xFB, 0xFB, 0xFA, 0xFA, 0xFA, 0xFA, 0xFA, 0xFA, 0xFA, 0xFA,
    0xFA, 0xFB, 0xFB, 0xFB, 0xFC, 0xFC, 0xFC, 0xFC, 0xFC, 0xFC, 0xFC, 0xFD, 0xFD, 0xFD, 0xFE, 0xFE,
    0xFE, 0xFE, 0xFE, 0xFE, 0xFE, 0xFF, 0xFF, 0xFF, 0xFE, 0xFE, 0xFE, 0xFE, 0xFE, 0xFE, 0xFE, 0xFD,
    0xFD, 0xFD, 0xFD, 0xFC, 0xFC, 0xFC, 0xFC, 0xFC, 0xFC, 0xFC, 0xFB, 0xFB, 0xFB, 0xFA, 0xFA, 0xFA,
    0xFA, 0xFA, 0xFB, 0xFC, 0xFD, 0xFF, 0xFF, 0xFF, 0xFF, 0xFF, 0xFF, 0xFF, 0xFF, 0xFF, 0xFF, 0xFF,
    0xFE, 0xF8, 0xF5, 0xEF, 0xE7, 0xD9, 0xC6, 0xAD, 0x8E, 0x74, 0x5F, 0x50, 0x44, 0x39, 0x2D, 0x20,
    0x11, 0x02, 0x00, 0x00, 0x00, 0x00, 0x0D, 0x45, 0x85, 0xBF, 0xE8, 0xFD, 0xFF, 0xFF, 0xFD, 0xFD,
    0xFF, 0xFF, 0xFE, 0xFE, 0xFE, 0xFF, 0xFF, 0xFF, 0xFF, 0xFF, 0xFF, 0xFF, 0xFF, 0xFF, 0xFF, 0xFF,
    0xFF, 0xFF, 0xFF, 0xFF, 0xFF, 0xFF, 0xFF, 0xFE, 0xFC, 0xFD, 0xFE, 0xFE, 0xFF, 0xFF, 0xFA, 0xEE,
    0xD9, 0xBB, 0x97, 0x6B, 0x3F, 0x1D, 0x07, 0x00, 0x00, 0x00, 0x02, 0x02, 0x00, 0x00, 0x01, 0x00,
    0x00, 0x00, 0x00, 0x01, 0x03, 0x02, 0x00, 0x00, 0x00, 0x02, 0x13, 0x30, 0x57, 0x82, 0xA6, 0xC7,
    0xE1, 0xF2, 0xFB, 0xFD, 0xFD, 0xFE, 0xFD, 0xFC, 0xFE, 0xFF, 0xFF, 0xFF, 0xFF, 0xFF, 0xFF, 0xFF,
    0xFF, 0xFF, 0xFF, 0xFF, 0xFF, 0xFF, 0xFF, 0xFF, 0xFF, 0xFF, 0xFF, 0xFF, 0xFE, 0xFD, 0xFD, 0xFD,
    0xFD, 0xFD, 0xFD, 0xFD, 0xFC, 0xFC, 0xFC, 0xFC, 0xFD, 0xFD, 0xFD, 0xFD, 0xFD, 0xFD, 0xFD, 0xFD,
    0xFE, 0xFE, 0xFE, 0xFE, 0xFE, 0xFE, 0xFE, 0xFE, 0xFE, 0xFF, 0xFF, 0xFF, 0xFF, 0xFF, 0xFF, 0xFF,
    0xFF, 0xFF, 0xFF, 0xFF, 0xFF, 0xFE, 0xFE, 0xFE, 0xFE, 0xFE, 0xFE, 0xFE, 0xFE, 0xFD, 0xFD, 0xFD,
    0xFD, 0xFD, 0xFD, 0xFD, 0xFD, 0xFD, 0xFC, 0xFC, 0xFC, 0xFD, 0xFD, 0xFE, 0xFF, 0xFF, 0xFF, 0xFF,
    0xFF, 0xFF, 0xFF, 0xFF, 0xFF, 0xFF, 0xFF, 0xFF, 0xFF, 0xFF, 0xFE, 0xFC, 0xF6, 0xEE, 0xE3, 0xD3,
    0xBD, 0xAA, 0x9A, 0x8C, 0x7C, 0x6A, 0x53, 0x3A, 0x1F, 0x06, 0x00, 0x00, 0x00, 0x00, 0x15, 0x4C,
    0x8C, 0xC5, 0xEC, 0xFE, 0xFF, 0xFF, 0xFD, 0xFD, 0xFE, 0xFF, 0xFE, 0xFE, 0xFF, 0xFF, 0xFF, 0xFF,
    0xFF, 0xFF, 0xFF, 0xFF, 0xFF, 0xFF, 0xFF, 0xFF, 0xFF, 0xFF, 0xFF, 0xFF, 0xFF, 0xFF, 0xFF, 0xFE,
    0xFC, 0xFD, 0xFE, 0xFD, 0xFD, 0xFC, 0xF3, 0xE1, 0xC6, 0xA4, 0x80, 0x56, 0x2F, 0x13, 0x02, 0x00,
    0x00, 0x00, 0x02, 0x03, 0x01, 0x00, 0x00, 0x00, 0x00, 0x00, 0x00, 0x01, 0x03, 0x02, 0x00, 0x00,
    0x00, 0x00, 0x0B, 0x23, 0x43, 0x69, 0x8E, 0xB3, 0xD3, 0xEB, 0xFA, 0xFE, 0xFE, 0xFE, 0xFD, 0xFC,
    0xFE, 0xFF, 0xFF, 0xFF, 0xFF, 0xFF, 0xFF, 0xFF, 0xFF, 0xFF, 0xFF, 0xFF, 0xFF, 0xFF, 0xFF, 0xFF,
    0xFF, 0xFF, 0xFF, 0xFF, 0xFF, 0xFF, 0xFF, 0xFF, 0xFF, 0xFF, 0xFF, 0xFF, 0xFF, 0xFF, 0xFF, 0xFF,
    0xFF, 0xFF, 0xFF, 0xFF, 0xFF, 0xFF, 0xFF, 0xFF, 0xFF, 0xFF, 0xFF, 0xFF, 0xFF, 0xFF, 0xFF, 0xFF,
    0xFF, 0xFF, 0xFF, 0xFF, 0xFF, 0xFF, 0xFF, 0xFF, 0xFF, 0xFF, 0xFF, 0xFF, 0xFF, 0xFF, 0xFF, 0xFF,
    0xFF, 0xFF, 0xFF, 0xFF, 0xFF, 0xFF, 0xFF, 0xFF, 0xFF, 0xFF, 0xFF, 0xFF, 0xFF, 0xFF, 0xFF, 0xFF,
    0xFF, 0xFF, 0xFF, 0xFF, 0xFF, 0xFF, 0xFF, 0xFF, 0xFF, 0xFF, 0xFF, 0xFF, 0xFF, 0xFF, 0xFF, 0xFF,
    0xFF, 0xFF, 0xFF, 0xFF, 0xFD, 0xFA, 0xF6, 0xEF, 0xE3, 0xD8, 0xCD, 0xC1, 0xB1, 0x99, 0x7C, 0x5A,
    0x38, 0x19, 0x01, 0x00, 0x00, 0x07, 0x2C, 0x61, 0x9B, 0xCE, 0xF1, 0xFF, 0xFF, 0xFF, 0xFD, 0xFC,
    0xFE, 0xFF, 0xFE, 0xFE, 0xFF, 0xFF, 0xFF, 0xFF, 0xFF, 0xFF, 0xFF, 0xFF, 0xFF, 0xFF, 0xFF, 0xFF,
    0xFF, 0xFF, 0xFF, 0xFF, 0xFF, 0xFF, 0xFF, 0xFE, 0xFC, 0xFD, 0xFE, 0xFE, 0xFE, 0xFB, 0xEC, 0xD2,
    0xB1, 0x8C, 0x67, 0x42, 0x21, 0x0B, 0x00, 0x00, 0x00, 0x00, 0x02, 0x03, 0x01, 0x00, 0x00, 0x00,
    0x00, 0x00, 0x00, 0x01, 0x03, 0x02, 0x00, 0x01, 0x01, 0x00, 0x07, 0x18, 0x31, 0x50, 0x75, 0x9F,
    0xC7, 0xE7, 0xFB, 0xFF, 0xFF, 0xFF, 0xFD, 0xFC, 0xFE, 0xFF, 0xFF, 0xFF, 0xFF, 0xFF, 0xFF, 0xFF,
    0xFF, 0xFF, 0xFF, 0xFF, 0xFF, 0xFF, 0xFF, 0xFF, 0xFF, 0xFF, 0xFF, 0xFF, 0xFF, 0xFF, 0xFF, 0xFF,
    0xFF, 0xFF, 0xFF, 0xFF, 0xFF, 0xFF, 0xFF, 0xFF, 0xFF, 0xFF, 0xFF, 0xFF, 0xFF, 0xFF, 0xFF, 0xFF,
    0xFF, 0xFF, 0xFF, 0xFF, 0xFF, 0xFF, 0xFF, 0xFF, 0xFF, 0xFF, 0xFF, 0xFF, 0xFF, 0xFF, 0xFF, 0xFF,
    0xFF, 0xFF, 0xFF, 0xFF, 0xFF, 0xFF, 0xFF, 0xFF, 0xFF, 0xFF, 0xFF, 0xFF, 0xFF, 0xFF, 0xFF, 0xFF,
    0xFF, 0xFF, 0xFF, 0xFF, 0xFF, 0xFF, 0xFF, 0xFF, 0xFF, 0xFF, 0xFF, 0xFF, 0xFE, 0xFE, 0xFE, 0xFE,
    0xFD, 0xFD, 0xFD, 0xFD, 0xFD, 0xFD, 0xFD, 0xFD, 0xFD, 0xFE, 0xFE, 0xFF, 0xFF, 0xFF, 0xFF, 0xFF,
    0xFB, 0xF6, 0xF0, 0xE7, 0xD8, 0xC0, 0xA3, 0x81, 0x5E, 0x40, 0x29, 0x1C, 0x1D, 0x32, 0x54, 0x80,
    0xB0, 0xDA, 0xF6, 0xFF, 0xFF, 0xFF, 0xFD, 0xFC, 0xFE, 0xFF, 0xFE, 0xFE, 0xFF, 0xFF, 0xFF, 0xFF,
    0xFF, 0xFF, 0xFF, 0xFF, 0xFF, 0xFF, 0xFF, 0xFF, 0xFF, 0xFF, 0xFF, 0xFF, 0xFF, 0xFF, 0xFF, 0xFE,
    0xFC, 0xFD, 0xFF, 0xFF, 0xFF, 0xFB, 0xE7, 0xC6, 0x9D, 0x74, 0x4E, 0x30, 0x17, 0x07, 0x00, 0x01,
    0x01, 0x00, 0x02, 0x03, 0x01, 0x00, 0x00, 0x00, 0x00, 0x00, 0x00, 0x01, 0x02, 0x01, 0x00, 0x01,
    0x03, 0x01, 0x03, 0x0E, 0x1E, 0x35, 0x5B, 0x89, 0xB8, 0xE0, 0xFA, 0xFF, 0xFF, 0xFF, 0xFC, 0xFC,
    0xFE, 0xFF, 0xFF, 0xFF, 0xFF, 0xFF, 0xFF, 0xFF, 0xFF, 0xFF, 0xFF, 0xFF, 0xFF, 0xFF, 0xFF, 0xFF,
    0xFF, 0xFF, 0xFF, 0xFF, 0xFF, 0xFF, 0xFF, 0xFF, 0xFF, 0xFF, 0xFF, 0xFF, 0xFF, 0xFF, 0xFF, 0xFF,
    0xFF, 0xFF, 0xFF, 0xFF, 0xFF, 0xFF, 0xFF, 0xFF, 0xFF, 0xFF, 0xFF, 0xFF, 0xFF, 0xFF, 0xFF, 0xFF,
    0xFF, 0xFF, 0xFF, 0xFF, 0xFF, 0xFF, 0xFF, 0xFF, 0xFF, 0xFF, 0xFF, 0xFF, 0xFF, 0xFF, 0xFF, 0xFF,
    0xFF, 0xFF, 0xFF, 0xFF, 0xFF, 0xFF, 0xFF, 0xFF, 0xFF, 0xFF, 0xFF, 0xFF, 0xFF, 0xFF, 0xFF, 0xFF,
    0xFF, 0xFF, 0xFF, 0xFE, 0xFE, 0xFE, 0xFD, 0xFD, 0xFD, 0xFC, 0xFC, 0xFC, 0xFB, 0xFC, 0xFC, 0xFC,
    0xFD, 0xFE, 0xFF, 0xFF, 0xFF, 0xFF, 0xFF, 0xFF, 0xFF, 0xFF, 0xFF, 0xFC, 0xF0, 0xDE, 0xC7, 0xAC,
    0x90, 0x78, 0x67, 0x5C, 0x5D, 0x6E, 0x88, 0xA7, 0xC9, 0xE7, 0xFA, 0xFF, 0xFF, 0xFF, 0xFE, 0xFD,
    0xFE, 0xFF, 0xFE, 0xFE, 0xFF, 0xFF, 0xFF, 0xFF, 0xFF, 0xFF, 0xFF, 0xFF, 0xFF, 0xFF, 0xFF, 0xFF,
    0xFF, 0xFF, 0xFF, 0xFF, 0xFF, 0xFF, 0xFF, 0xFE, 0xFC, 0xFC, 0xFF, 0xFF, 0xFF, 0xFA, 0xE0, 0xB8,
    0x87, 0x59, 0x34, 0x1E, 0x0D, 0x03, 0x01, 0x03, 0x01, 0x00, 0x01, 0x02, 0x01, 0x00, 0x00, 0x00,
    0x00, 0x00, 0x00, 0x00, 0x01, 0x01, 0x00, 0x01, 0x03, 0x01, 0x01, 0x06, 0x0E, 0x1D, 0x40, 0x71,
    0xA7, 0xD5, 0xF3, 0xFF, 0xFF, 0xFF, 0xFA, 0xFC, 0xFE, 0xFF, 0xFF, 0xFF, 0xFE, 0xFF, 0xFF, 0xFF,
    0xFF, 0xFF, 0xFF, 0xFF, 0xFF, 0xFF, 0xFF, 0xFF, 0xFF, 0xFF, 0xFF, 0xFF, 0xFF, 0xFF, 0xFF, 0xFF,
    0xFF, 0xFF, 0xFF, 0xFF, 0xFF, 0xFF, 0xFF, 0xFF, 0xFF, 0xFF, 0xFF, 0xFF, 0xFF, 0xFF, 0xFF, 0xFF,
    0xFF, 0xFF, 0xFF, 0xFF, 0xFF, 0xFF, 0xFF, 0xFF, 0xFF, 0xFF, 0xFF, 0xFF, 0xFF, 0xFF, 0xFF, 0xFF,
    0xFF, 0xFF, 0xFF, 0xFF, 0xFF, 0xFF, 0xFF, 0xFF, 0xFF, 0xFF, 0xFF, 0xFF, 0xFF, 0xFF, 0xFF, 0xFF,
    0xFF, 0xFF, 0xFF, 0xFF, 0xFF, 0xFF, 0xFF, 0xFF, 0xFF, 0xFF, 0xFF, 0xFF, 0xFE, 0xFE, 0xFE, 0xFE,
    0xFE, 0xFE, 0xFD, 0xFD, 0xFD, 0xFD, 0xFE, 0xFE, 0xFF, 0xFF, 0xFF, 0xFF, 0xFF, 0xFF, 0xFF, 0xFF,
    0xFF, 0xFF, 0xFF, 0xFF, 0xFC, 0xF1, 0xE4, 0xD5, 0xC4, 0xB7, 0xAC, 0xA6, 0xA7, 0xB1, 0xBF, 0xD0,
    0xE2, 0xF2, 0xFD, 0xFF, 0xFF, 0xFF, 0xFE, 0xFE, 0xFF, 0xFF, 0xFF, 0xFF, 0xFF, 0xFF, 0xFF, 0xFF,
    0xFF, 0xFF, 0xFF, 0xFF, 0xFF, 0xFF, 0xFF, 0xFF, 0xFF, 0xFF, 0xFF, 0xFE, 0xFF, 0xFF, 0xFF, 0xFE,
    0xFC, 0xFB, 0xFF, 0xFF, 0xFF, 0xF3, 0xD5, 0xA7, 0x70, 0x40, 0x1C, 0x0E, 0x06, 0x01, 0x01, 0x03,
    0x01, 0x00, 0x01, 0x01, 0x00, 0x00, 0x00, 0x00, 0x00, 0x00, 0x00, 0x00, 0x00, 0x00, 0x00, 0x01,
    0x04, 0x02, 0x00, 0x01, 0x03, 0x0A, 0x2B, 0x5B, 0x92, 0xC3, 0xE5, 0xF9, 0xFF, 0xFF, 0xFB, 0xFD,
    0xFE, 0xFF, 0xFE, 0xFE, 0xFE, 0xFF, 0xFF, 0xFF, 0xFF, 0xFF, 0xFF, 0xFF, 0xFF, 0xFF, 0xFF, 0xFF,
    0xFF, 0xFF, 0xFF, 0xFF, 0xFF, 0xFF, 0xFF, 0xFF, 0xFF, 0xFF, 0xFF, 0xFF, 0xFF, 0xFF, 0xFF, 0xFF,
    0xFF, 0xFF, 0xFF, 0xFF, 0xFF, 0xFF, 0xFF, 0xFF, 0xFF, 0xFF, 0xFF, 0xFF, 0xFF, 0xFF, 0xFF, 0xFF,
    0xFF, 0xFF, 0xFF, 0xFF, 0xFF, 0xFF, 0xFF, 0xFF, 0xFF, 0xFF, 0xFF, 0xFF, 0xFF, 0xFF, 0xFF, 0xFF,
    0xFF, 0xFF, 0xFF, 0xFF, 0xFF, 0xFF, 0xFF, 0xFF, 0xFF, 0xFF, 0xFF, 0xFF, 0xFF, 0xFF, 0xFF, 0xFF,
    0xFF, 0xFF, 0xFF, 0xFF, 0xFF, 0xFF, 0xFF, 0xFF, 0xFF, 0xFF, 0xFF, 0xFF, 0xFF, 0xFF, 0xFF, 0xFF,
    0xFF, 0xFF, 0xFF, 0xFF, 0xFF, 0xFF, 0xFF, 0xFF, 0xFF, 0xFF, 0xFF, 0xFF, 0xFE, 0xFB, 0xF8, 0xF4,
    0xEE, 0xEB, 0xE8, 0xE6, 0xE6, 0xE9, 0xED, 0xF2, 0xF7, 0xFC, 0xFE, 0xFF, 0xFF, 0xFF, 0xFF, 0xFF,
    0xFF, 0xFF, 0xFF, 0xFF, 0xFF, 0xFF, 0xFF, 0xFF, 0xFF, 0xFF, 0xFF, 0xFF, 0xFF, 0xFF, 0xFF, 0xFF,
    0xFF, 0xFF, 0xFF, 0xFE, 0xFE, 0xFE, 0xFF, 0xFE, 0xFD, 0xFC, 0xFF, 0xFF, 0xF8, 0xE5, 0xC3, 0x92,
    0x5A, 0x2A, 0x0A, 0x03, 0x01, 0x00, 0x02, 0x04, 0x01, 0x00, 0x00, 0x00, 0x00, 0x00, 0x00, 0x00,
    0x00, 0x00, 0x00, 0x00, 0x00, 0x00, 0x00, 0x01, 0x04, 0x03, 0x00, 0x00, 0x00, 0x00, 0x1B, 0x45,
    0x79, 0xAB, 0xD0, 0xEB, 0xFA, 0xFF, 0xFF, 0xFF, 0xFF, 0xFF, 0xFE, 0xFE, 0xFE, 0xFF, 0xFF, 0xFF,
    0xFF, 0xFF, 0xFF, 0xFF, 0xFF, 0xFF, 0xFF, 0xFF, 0xFF, 0xFF, 0xFF, 0xFF, 0xFF, 0xFF, 0xFF, 0xFF,
    0xFF, 0xFF, 0xFF, 0xFF, 0xFF, 0xFF, 0xFF, 0xFF, 0xFF, 0xFF, 0xFF, 0xFF, 0xFF, 0xFF, 0xFF, 0xFF,
    0xFF, 0xFF, 0xFF, 0xFF, 0xFF, 0xFF, 0xFF, 0xFF, 0xFF, 0xFF, 0xFF, 0xFF, 0xFF, 0xFF, 0xFF, 0xFF,
    0xFF, 0xFF, 0xFF, 0xFF, 0xFF, 0xFF, 0xFF, 0xFF, 0xFF, 0xFF, 0xFF, 0xFF, 0xFF, 0xFF, 0xFF, 0xFF,
    0xFF, 0xFF, 0xFF, 0xFF, 0xFF, 0xFF, 0xFF, 0xFF, 0xFF, 0xFF, 0xFF, 0xFF, 0xFF, 0xFF, 0xFF, 0xFF,
    0xFF, 0xFF, 0xFF, 0xFF, 0xFF, 0xFF, 0xFF, 0xFF, 0xFE, 0xFE, 0xFE, 0xFE, 0xFE, 0xFD, 0xFD, 0xFD,
    0xFD, 0xFD, 0xFD, 0xFD, 0xFE, 0xFF, 0xFF, 0xFF, 0xFF, 0xFF, 0xFF, 0xFF, 0xFF, 0xFF, 0xFF, 0xFF,
    0xFF, 0xFF, 0xFF, 0xFF, 0xFF, 0xFF, 0xFF, 0xFF, 0xFF, 0xFF, 0xFF, 0xFF, 0xFF, 0xFF, 0xFF, 0xFF,
    0xFF, 0xFF, 0xFF, 0xFF, 0xFF, 0xFF, 0xFF, 0xFF, 0xFF, 0xFF, 0xFF, 0xFE, 0xFE, 0xFE, 0xFF, 0xFF,
    0xFF, 0xFF, 0xFF, 0xF9, 0xEA, 0xCF, 0xA9, 0x79, 0x44, 0x1B, 0x00, 0x00, 0x00, 0x00, 0x03, 0x04,
    0x01, 0x00, 0x00, 0x00, 0x00, 0x00, 0x00, 0x00, 0x00, 0x00, 0x00, 0x00, 0x00, 0x00, 0x00, 0x01,
    0x04, 0x03, 0x00, 0x00, 0x00, 0x00, 0x0E, 0x30, 0x5B, 0x89, 0xB2, 0xD4, 0xED, 0xFC, 0xFF, 0xFF,
    0xFF, 0xFF, 0xFC, 0xFC, 0xFE, 0xFF, 0xFF, 0xFF, 0xFF, 0xFF, 0xFF, 0xFF, 0xFF, 0xFF, 0xFF, 0xFF,
    0xFF, 0xFF, 0xFF, 0xFF, 0xFF, 0xFF, 0xFF, 0xFF, 0xFF, 0xFF, 0xFF, 0xFF, 0xFF, 0xFF, 0xFF, 0xFF,
    0xFF, 0xFF, 0xFF, 0xFF, 0xFF, 0xFF, 0xFF, 0xFF, 0xFF, 0xFF, 0xFF, 0xFF, 0xFF, 0xFF, 0xFF, 0xFF,
    0xFF, 0xFF, 0xFF, 0xFF, 0xFF, 0xFF, 0xFF, 0xFF, 0xFF, 0xFF, 0xFF, 0xFF, 0xFF, 0xFF, 0xFF, 0xFF,
    0xFF, 0xFF, 0xFF, 0xFF, 0xFF, 0xFF, 0xFF, 0xFF, 0xFF, 0xFF, 0xFF, 0xFF, 0xFF, 0xFF, 0xFF, 0xFF,
    0xFF, 0xFF, 0xFF, 0xFF, 0xFF, 0xFF, 0xFF, 0xFF, 0xFF, 0xFF, 0xFF, 0xFF, 0xFF, 0xFF, 0xFF, 0xFE,
    0xFE, 0xFE, 0xFE, 0xFD, 0xFD, 0xFD, 0xFC, 0xFC, 0xFC, 0xFC, 0xFC, 0xFE, 0xFF, 0xFF, 0xFF, 0xFF,
    0xFF, 0xFF, 0xFF, 0xFF, 0xFF, 0xFF, 0xFF, 0xFF, 0xFF, 0xFF, 0xFF, 0xFF, 0xFF, 0xFF, 0xFF, 0xFF,
    0xFF, 0xFF, 0xFF, 0xFF, 0xFF, 0xFF, 0xFF, 0xFF, 0xFF, 0xFF, 0xFF, 0xFF, 0xFF, 0xFF, 0xFF, 0xFF,
    0xFF, 0xFF, 0xFF, 0xFE, 0xFC, 0xFC, 0xFF, 0xFF, 0xFF, 0xFF, 0xFD, 0xED, 0xD3, 0xB0, 0x88, 0x5B,
    0x2F, 0x0E, 0x00, 0x00, 0x00, 0x00, 0x03, 0x04, 0x01, 0x00, 0x00, 0x00, 0x00, 0x00, 0x00, 0x00,
    0x00, 0x00, 0x00, 0x00, 0x00, 0x00, 0x00, 0x01, 0x03, 0x02, 0x00, 0x00, 0x00, 0x00, 0x05, 0x1C,
    0x3C, 0x63, 0x8D, 0xB6, 0xDA, 0xF4, 0xFF, 0xFF, 0xFF, 0xFE, 0xFB, 0xFB, 0xFD, 0xFF, 0xFF, 0xFF,
    0xFF, 0xFF, 0xFF, 0xFF, 0xFF, 0xFF, 0xFF, 0xFF, 0xFF, 0xFF, 0xFF, 0xFF, 0xFF, 0xFF, 0xFF, 0xFF,
    0xFF, 0xFF, 0xFF, 0xFF, 0xFF, 0xFF, 0xFF, 0xFF, 0xFF, 0xFF, 0xFF, 0xFF, 0xFF, 0xFF, 0xFF, 0xFF,
    0xFF, 0xFF, 0xFF, 0xFF, 0xFF, 0xFF, 0xFF, 0xFF, 0xFF, 0xFF, 0xFF, 0xFF, 0xFF, 0xFF, 0xFF, 0xFF,
    0xFF, 0xFF, 0xFF, 0xFF, 0xFF, 0xFF, 0xFF, 0xFF, 0xFF, 0xFF, 0xFF, 0xFF, 0xFF, 0xFF, 0xFF, 0xFF,
    0xFF, 0xFF, 0xFF, 0xFF, 0xFF, 0xFF, 0xFF, 0xFF, 0xFF, 0xFF, 0xFF, 0xFF, 0xFF, 0xFF, 0xFF, 0xFF,
    0xFF, 0xFF, 0xFF, 0xFF, 0xFF, 0xFF, 0xFF, 0xFF, 0xFF, 0xFE, 0xFE, 0xFE, 0xFE, 0xFE, 0xFE, 0xFD,
    0xFE, 0xFE, 0xFF, 0xFF, 0xFF, 0xFF, 0xFF, 0xFF, 0xFF, 0xFF, 0xFF, 0xFF, 0xFF, 0xFF, 0xFF, 0xFF,
    0xFF, 0xFF, 0xFF, 0xFF, 0xFF, 0xFF, 0xFF, 0xFF, 0xFF, 0xFF, 0xFF, 0xFF, 0xFF, 0xFF, 0xFF, 0xFF,
    0xFF, 0xFF, 0xFF, 0xFF, 0xFF, 0xFF, 0xFF, 0xFF, 0xFF, 0xFF, 0xFF, 0xFD, 0xFB, 0xFB, 0xFE, 0xFF,
    0xFF, 0xFF, 0xF4, 0xDA, 0xB5, 0x8B, 0x62, 0x3C, 0x1B, 0x05, 0x00, 0x00, 0x00, 0x00, 0x02, 0x03,
    0x01, 0x00, 0x00, 0x00, 0x00, 0x00, 0x00, 0x00, 0x00, 0x00, 0x00, 0x00, 0x00, 0x00, 0x00, 0x01,
    0x02, 0x01, 0x00, 0x00, 0x00, 0x00, 0x01, 0x0E, 0x23, 0x41, 0x68, 0x95, 0xC3, 0xE7, 0xFD, 0xFF,
    0xFF, 0xFE, 0xFC, 0xFB, 0xFE, 0xFF, 0xFF, 0xFE, 0xFF, 0xFF, 0xFF, 0xFF, 0xFF, 0xFF, 0xFF, 0xFF,
    0xFF, 0xFF, 0xFF, 0xFF, 0xFF, 0xFF, 0xFF, 0xFF, 0xFF, 0xFF, 0xFF, 0xFF, 0xFF, 0xFF, 0xFF, 0xFF,
    0xFF, 0xFF, 0xFF, 0xFF, 0xFF, 0xFF, 0xFF, 0xFF, 0xFF, 0xFF, 0xFF, 0xFF, 0xFF, 0xFF, 0xFF, 0xFF,
    0xFF, 0xFF, 0xFF, 0xFF, 0xFF, 0xFF, 0xFF, 0xFF, 0xFF, 0xFF, 0xFF, 0xFF, 0xFF, 0xFF, 0xFF, 0xFF,
    0xFF, 0xFF, 0xFF, 0xFF, 0xFF, 0xFF, 0xFF, 0xFF, 0xFF, 0xFF, 0xFF, 0xFF, 0xFF, 0xFF, 0xFF, 0xFF,
    0xFF, 0xFF, 0xFF, 0xFF, 0xFF, 0xFF, 0xFF, 0xFF, 0xFF, 0xFF, 0xFF, 0xFF, 0xFF, 0xFF, 0xFF, 0xFF,
    0xFF, 0xFF, 0xFF, 0xFF, 0xFF, 0xFF, 0xFF, 0xFF, 0xFF, 0xFF, 0xFF, 0xFF, 0xFF, 0xFF, 0xFF, 0xFF,
    0xFF, 0xFF, 0xFF, 0xFF, 0xFF, 0xFF, 0xFF, 0xFF, 0xFF, 0xFF, 0xFF, 0xFF, 0xFF, 0xFF, 0xFF, 0xFF,
    0xFF, 0xFF, 0xFF, 0xFF, 0xFF, 0xFF, 0xFF, 0xFF, 0xFF, 0xFF, 0xFF, 0xFF, 0xFF, 0xFF, 0xFF, 0xFF,
    0xFE, 0xFF, 0xFF, 0xFE, 0xFB, 0xFC, 0xFE, 0xFF, 0xFF, 0xFE, 0xE7, 0xC2, 0x94, 0x67, 0x40, 0x22,
    0x0D, 0x02, 0x00, 0x00, 0x00, 0x00, 0x01, 0x02, 0x01, 0x00, 0x00, 0x00, 0x00, 0x00, 0x00, 0x00,
    0x00, 0x00, 0x00, 0x00, 0x00, 0x00, 0x00, 0x01, 0x02, 0x01, 0x00, 0x01, 0x02, 0x02, 0x01, 0x05,
    0x11, 0x27, 0x49, 0x77, 0xAA, 0xD6, 0xF3, 0xFC, 0xFF, 0xFF, 0xFF, 0xFD, 0xFE, 0xFF, 0xFF, 0xFE,
    0xFF, 0xFF, 0xFF, 0xFF, 0xFF, 0xFF, 0xFF, 0xFF, 0xFF, 0xFF, 0xFF, 0xFF, 0xFF, 0xFF, 0xFF, 0xFF,
    0xFF, 0xFF, 0xFF, 0xFF, 0xFF, 0xFF, 0xFF, 0xFF, 0xFF, 0xFF, 0xFF, 0xFF, 0xFF, 0xFF, 0xFF, 0xFF,
    0xFF, 0xFF, 0xFF, 0xFF, 0xFF, 0xFF, 0xFF, 0xFF, 0xFF, 0xFF, 0xFF, 0xFF, 0xFF, 0xFF, 0xFF, 0xFF,
    0xFF, 0xFF, 0xFF, 0xFF, 0xFF, 0xFF, 0xFF, 0xFF, 0xFF, 0xFF, 0xFF, 0xFF, 0xFF, 0xFF, 0xFF, 0xFF,
    0xFF, 0xFF, 0xFF, 0xFF, 0xFF, 0xFF, 0xFF, 0xFF, 0xFF, 0xFF, 0xFF, 0xFF, 0xFF, 0xFF, 0xFF, 0xFF,
    0xFF, 0xFF, 0xFF, 0xFF, 0xFF, 0xFF, 0xFF, 0xFF, 0xFF, 0xFF, 0xFF, 0xFF, 0xFF, 0xFF, 0xFF, 0xFF,
    0xFF, 0xFF, 0xFE, 0xFE, 0xFE, 0xFD, 0xFD, 0xFC, 0xFB, 0xFB, 0xFA, 0xFA, 0xFA, 0xFA, 0xFB, 0xFC,
    0xFD, 0xFE, 0xFF, 0xFF, 0xFF, 0xFF, 0xFF, 0xFF, 0xFF, 0xFF, 0xFF, 0xFF, 0xFF, 0xFF, 0xFF, 0xFF,
    0xFF, 0xFF, 0xFF, 0xFF, 0xFF, 0xFF, 0xFF, 0xFF, 0xFE, 0xFF, 0xFF, 0xFE, 0xFD, 0xFF, 0xFF, 0xFF,
    0xFC, 0xF3, 0xD5, 0xA9, 0x76, 0x48, 0x26, 0x10, 0x04, 0x01, 0x02, 0x02, 0x01, 0x00, 0x01, 0x02,
    0x01, 0x00, 0x00, 0x00, 0x00, 0x00, 0x00, 0x00, 0x00, 0x00, 0x00, 0x00, 0x00, 0x00, 0x00, 0x01,
    0x01, 0x00, 0x00, 0x02, 0x04, 0x04, 0x00, 0x00, 0x05, 0x13, 0x2E, 0x5A, 0x8E, 0xBE, 0xE1, 0xF2,
    0xFB, 0xFF, 0xFF, 0xFE, 0xFE, 0xFE, 0xFD, 0xFC, 0xFE, 0xFF, 0xFF, 0xFF, 0xFF, 0xFF, 0xFF, 0xFF,
    0xFF, 0xFF, 0xFF, 0xFF, 0xFF, 0xFF, 0xFF, 0xFF, 0xFF, 0xFF, 0xFF, 0xFF, 0xFF, 0xFF, 0xFF, 0xFF,
    0xFF, 0xFF, 0xFF, 0xFF, 0xFF, 0xFF, 0xFF, 0xFF, 0xFF, 0xFF, 0xFF, 0xFF, 0xFF, 0xFF, 0xFF, 0xFF,
    0xFF, 0xFF, 0xFF, 0xFF, 0xFF, 0xFF, 0xFF, 0xFF, 0xFF, 0xFF, 0xFF, 0xFF, 0xFF, 0xFF, 0xFF, 0xFF,
    0xFF, 0xFF, 0xFF, 0xFF, 0xFF, 0xFF, 0xFF, 0xFF, 0xFF, 0xFF, 0xFF, 0xFF, 0xFF, 0xFF, 0xFF, 0xFF,
    0xFF, 0xFF, 0xFF, 0xFF, 0xFF, 0xFF, 0xFF, 0xFF, 0xFF, 0xFF, 0xFF, 0xFF, 0xFF, 0xFF, 0xFF, 0xFF,
    0xFF, 0xFF, 0xFF, 0xFF, 0xFF, 0xFF, 0xFF, 0xFF, 0xFF, 0xFE, 0xFE, 0xFE, 0xFD, 0xFD, 0xFC, 0xFB,
    0xFA, 0xF9, 0xF8, 0xF8, 0xF8, 0xF8, 0xF9, 0xFB, 0xFC, 0xFE, 0xFF, 0xFF, 0xFF, 0xFF, 0xFF, 0xFF,
    0xFF, 0xFF, 0xFF, 0xFF, 0xFF, 0xFF, 0xFF, 0xFF, 0xFF, 0xFF, 0xFF, 0xFF, 0xFF, 0xFF, 0xFF, 0xFE,
    0xFC, 0xFD, 0xFE, 0xFE, 0xFE, 0xFF, 0xFF, 0xFB, 0xF1, 0xE0, 0xBD, 0x8C, 0x59, 0x2E, 0x12, 0x04,
    0x00, 0x00, 0x03, 0x03, 0x02, 0x00, 0x00, 0x01, 0x01, 0x00, 0x00, 0x00, 0x00, 0x00, 0x00, 0x00,
    0x00, 0x00, 0x00, 0x00, 0x00, 0x00, 0x00, 0x00, 0x00, 0x00, 0x00, 0x02, 0x04, 0x03, 0x00, 0x00,
    0x00, 0x06, 0x19, 0x40, 0x6F, 0x9F, 0xC6, 0xE0, 0xF3, 0xFE, 0xFF, 0xFE, 0xFD, 0xFD, 0xFC, 0xFB,
    0xFD, 0xFF, 0xFF, 0xFF, 0xFF, 0xFF, 0xFF, 0xFF, 0xFF, 0xFF, 0xFF, 0xFF, 0xFF, 0xFF, 0xFF, 0xFF,
    0xFF, 0xFF, 0xFF, 0xFF, 0xFF, 0xFF, 0xFF, 0xFF, 0xFF, 0xFF, 0xFF, 0xFF, 0xFF, 0xFF, 0xFF, 0xFF,
    0xFF, 0xFF, 0xFF, 0xFF, 0xFF, 0xFF, 0xFF, 0xFF, 0xFF, 0xFF, 0xFF, 0xFF, 0xFF, 0xFF, 0xFF, 0xFF,
    0xFF, 0xFF, 0xFF, 0xFF, 0xFF, 0xFF, 0xFF, 0xFF, 0xFF, 0xFF, 0xFF, 0xFF, 0xFF, 0xFF, 0xFF, 0xFF,
    0xFF, 0xFF, 0xFF, 0xFF, 0xFF, 0xFF, 0xFF, 0xFF, 0xFF, 0xFF, 0xFF, 0xFF, 0xFF, 0xFF, 0xFF, 0xFF,
    0xFF, 0xFF, 0xFF, 0xFF, 0xFF, 0xFF, 0xFF, 0xFF, 0xFF, 0xFF, 0xFF, 0xFF, 0xFF, 0xFF, 0xFF, 0xFF,
    0xFF, 0xFF, 0xFF, 0xFE, 0xFE, 0xFE, 0xFD, 0xFD, 0xFC, 0xFC, 0xFB, 0xFB, 0xFB, 0xFC, 0xFC, 0xFD,
    0xFE, 0xFE, 0xFF, 0xFF, 0xFF, 0xFF, 0xFF, 0xFF, 0xFF, 0xFF, 0xFF, 0xFF, 0xFF, 0xFF, 0xFF, 0xFF,
    0xFF, 0xFF, 0xFF, 0xFF, 0xFF, 0xFF, 0xFF, 0xFD, 0xFB, 0xFC, 0xFD, 0xFD, 0xFE, 0xFF, 0xFE, 0xF2,
    0xDF, 0xC4, 0x9E, 0x6E, 0x3F, 0x19, 0x06, 0x00, 0x00, 0x00, 0x03, 0x04, 0x02, 0x00, 0x00, 0x00,
    0x00, 0x00, 0x00, 0x00, 0x00, 0x00, 0x00, 0x00, 0x00, 0x00, 0x00, 0x00, 0x00, 0x00, 0x00, 0x00,
    0x00, 0x00, 0x00, 0x02, 0x04, 0x03, 0x00, 0x00, 0x00, 0x01, 0x0C, 0x2B, 0x53, 0x7F, 0xA6, 0xC8,
    0xE4, 0xF7, 0xFF, 0xFE, 0xFE, 0xFE, 0xFC, 0xFB, 0xFD, 0xFF, 0xFF, 0xFF, 0xFF, 0xFF, 0xFF, 0xFF,
    0xFF, 0xFF, 0xFF, 0xFF, 0xFF, 0xFF, 0xFF, 0xFF, 0xFF, 0xFF, 0xFF, 0xFF, 0xFF, 0xFF, 0xFF, 0xFF,
    0xFF, 0xFF, 0xFF, 0xFF, 0xFF, 0xFF, 0xFF, 0xFF, 0xFF, 0xFF, 0xFF, 0xFF, 0xFF, 0xFF, 0xFF, 0xFF,
    0xFF, 0xFF, 0xFF, 0xFF, 0xFF, 0xFF, 0xFF, 0xFF, 0xFF, 0xFF, 0xFF, 0xFF, 0xFF, 0xFF, 0xFF, 0xFF,
    0xFF, 0xFF, 0xFF, 0xFF, 0xFF, 0xFF, 0xFF, 0xFF, 0xFF, 0xFF, 0xFF, 0xFF, 0xFF, 0xFF, 0xFF, 0xFF,
    0xFF, 0xFF, 0xFF, 0xFF, 0xFF, 0xFF, 0xFF, 0xFF, 0xFF, 0xFF, 0xFF, 0xFF, 0xFF, 0xFF, 0xFF, 0xFF,
    0xFF, 0xFF, 0xFF, 0xFF, 0xFF, 0xFF, 0xFF, 0xFF, 0xFF, 0xFF, 0xFF, 0xFF, 0xFF, 0xFF, 0xFF, 0xFF,
    0xFF, 0xFF, 0xFF, 0xFF, 0xFF, 0xFF, 0xFF, 0xFF, 0xFF, 0xFF, 0xFF, 0xFF, 0xFF, 0xFF, 0xFF, 0xFF,
    0xFF, 0xFF, 0xFF, 0xFF, 0xFF, 0xFF, 0xFF, 0xFF, 0xFF, 0xFF, 0xFF, 0xFF, 0xFF, 0xFF, 0xFF, 0xFD,
    0xFB, 0xFC, 0xFE, 0xFE, 0xFE, 0xFF, 0xF7, 0xE4, 0xC7, 0xA4, 0x7D, 0x52, 0x2A, 0x0C, 0x01, 0x00,
    0x00, 0x00, 0x03, 0x04, 0x02, 0x00, 0x00, 0x00, 0x00, 0x00, 0x00, 0x00, 0x00, 0x00, 0x00, 0x00,
    0x00, 0x00, 0x00, 0x00, 0x00, 0x00, 0x00, 0x00, 0x00, 0x00, 0x00, 0x02, 0x04, 0x03, 0x01, 0x01,
    0x01, 0x00, 0x05, 0x1C, 0x3A, 0x5D, 0x84, 0xAD, 0xD2, 0xEE, 0xFD, 0xFF, 0xFF, 0xFF, 0xFE, 0xFD,
    0xFD, 0xFF, 0xFF, 0xFF, 0xFF, 0xFF, 0xFF, 0xFF, 0xFF, 0xFF, 0xFF, 0xFF, 0xFF, 0xFF, 0xFF, 0xFF,
    0xFF, 0xFF, 0xFF, 0xFF, 0xFF, 0xFF, 0xFF, 0xFF, 0xFF, 0xFF, 0xFF, 0xFF, 0xFF, 0xFF, 0xFF, 0xFF,
    0xFF, 0xFF, 0xFF, 0xFF, 0xFF, 0xFF, 0xFF, 0xFF, 0xFF, 0xFF, 0xFF, 0xFF, 0xFF, 0xFF, 0xFF, 0xFF,
    0xFF, 0xFF, 0xFF, 0xFF, 0xFF, 0xFF, 0xFF, 0xFF, 0xFF, 0xFF, 0xFF, 0xFF, 0xFF, 0xFF, 0xFF, 0xFF,
    0xFF, 0xFF, 0xFF, 0xFF, 0xFF, 0xFF, 0xFF, 0xFF, 0xFF, 0xFF, 0xFF, 0xFF, 0xFF, 0xFF, 0xFF, 0xFF,
    0xFF, 0xFF, 0xFF, 0xFF, 0xFF, 0xFF, 0xFF, 0xFF, 0xFF, 0xFF, 0xFF, 0xFF, 0xFF, 0xFF, 0xFF, 0xFF,
    0xFF, 0xFF, 0xFF, 0xFF, 0xFF, 0xFF, 0xFF, 0xFF, 0xFF, 0xFF, 0xFF, 0xFF, 0xFF, 0xFF, 0xFF, 0xFF,
    0xFF, 0xFF, 0xFF, 0xFF, 0xFF, 0xFF, 0xFF, 0xFF, 0xFF, 0xFF, 0xFF, 0xFF, 0xFF, 0xFF, 0xFF, 0xFF,
    0xFF, 0xFF, 0xFF, 0xFF, 0xFF, 0xFF, 0xFF, 0xFD, 0xFD, 0xFE, 0xFF, 0xFF, 0xFF, 0xFD, 0xED, 0xD1,
    0xAB, 0x82, 0x5B, 0x39, 0x1B, 0x05, 0x00, 0x01, 0x01, 0x01, 0x03, 0x04, 0x02, 0x00, 0x00, 0x00,
    0x00, 0x00, 0x00, 0x00, 0x00, 0x00, 0x00, 0x00, 0x00, 0x00, 0x00, 0x00, 0x00, 0x00, 0x00, 0x00,
    0x00, 0x00, 0x00, 0x02, 0x03, 0x02, 0x01, 0x02, 0x02, 0x00, 0x00, 0x0E, 0x22, 0x3B, 0x5F, 0x8C,
    0xB9, 0xDD, 0xF5, 0xFE, 0xFF, 0xFF, 0xFF, 0xFD, 0xFD, 0xFE, 0xFD, 0xFE, 0xFE, 0xFF, 0xFF, 0xFF,
    0xFF, 0xFF, 0xFF, 0xFF, 0xFF, 0xFF, 0xFF, 0xFF, 0xFF, 0xFF, 0xFF, 0xFF, 0xFF, 0xFF, 0xFF, 0xFF,
    0xFF, 0xFF, 0xFF, 0xFF, 0xFF, 0xFF, 0xFF, 0xFF, 0xFF, 0xFF, 0xFF, 0xFF, 0xFF, 0xFF, 0xFF, 0xFF,
    0xFF, 0xFF, 0xFF, 0xFF, 0xFF, 0xFF, 0xFF, 0xFF, 0xFF, 0xFF, 0xFF, 0xFF, 0xFF, 0xFF, 0xFF, 0xFF,
    0xFF, 0xFF, 0xFF, 0xFF, 0xFF, 0xFF, 0xFF, 0xFF, 0xFF, 0xFF, 0xFF, 0xFF, 0xFF, 0xFF, 0xFF, 0xFF,
    0xFF, 0xFF, 0xFF, 0xFF, 0xFF, 0xFF, 0xFF, 0xFF, 0xFF, 0xFF, 0xFF, 0xFF, 0xFF, 0xFF, 0xFF, 0xFF,
    0xFF, 0xFF, 0xFF, 0xFF, 0xFF, 0xFF, 0xFF, 0xFF, 0xFF, 0xFF, 0xFF, 0xFF, 0xFF, 0xFF, 0xFF, 0xFF,
    0xFF, 0xFF, 0xFF, 0xFF, 0xFF, 0xFF, 0xFF, 0xFF, 0xFF, 0xFF, 0xFF, 0xFF, 0xFF, 0xFF, 0xFF, 0xFF,
    0xFF, 0xFF, 0xFF, 0xFF, 0xFF, 0xFF, 0xFF, 0xFF, 0xFF, 0xFF, 0xFF, 0xFE, 0xFE, 0xFD, 0xFE, 0xFD,
    0xFD, 0xFF, 0xFF, 0xFF, 0xFD, 0xF4, 0xDD, 0xB8, 0x8A, 0x5D, 0x3A, 0x22, 0x0E, 0x00, 0x00, 0x02,
    0x02, 0x01, 0x02, 0x03, 0x02, 0x00, 0x00, 0x00, 0x00, 0x00, 0x00, 0x00, 0x00, 0x00, 0x00, 0x00,
    0x00, 0x00, 0x00, 0x00, 0x00, 0x00, 0x00, 0x00, 0x00, 0x00, 0x00, 0x01, 0x02, 0x01, 0x00, 0x02,
    0x02, 0x00, 0x00, 0x05, 0x0F, 0x1D, 0x3D, 0x69, 0x9A, 0xC5, 0xE4, 0xF5, 0xFE, 0xFF, 0xFF, 0xFD,
    0xFC, 0xFD, 0xFC, 0xFD, 0xFE, 0xFF, 0xFF, 0xFF, 0xFF, 0xFF, 0xFF, 0xFF, 0xFF, 0xFF, 0xFF, 0xFF,
    0xFF, 0xFF, 0xFF, 0xFF, 0xFF, 0xFF, 0xFF, 0xFF, 0xFF, 0xFF, 0xFF, 0xFF, 0xFF, 0xFF, 0xFF, 0xFF,
    0xFF, 0xFF, 0xFF, 0xFF, 0xFF, 0xFF, 0xFF, 0xFF, 0xFF, 0xFF, 0xFF, 0xFF, 0xFF, 0xFF, 0xFF, 0xFF,
    0xFF, 0xFF, 0xFF, 0xFF, 0xFF, 0xFF, 0xFF, 0xFF, 0xFF, 0xFF, 0xFF, 0xFF, 0xFF, 0xFF, 0xFF, 0xFF,
    0xFF, 0xFF, 0xFF, 0xFF, 0xFF, 0xFF, 0xFF, 0xFF, 0xFF, 0xFF, 0xFF, 0xFF, 0xFF, 0xFF, 0xFF, 0xFF,
    0xFF, 0xFF, 0xFF, 0xFF, 0xFF, 0xFF, 0xFF, 0xFF, 0xFF, 0xFF, 0xFF, 0xFF, 0xFF, 0xFF, 0xFF, 0xFF,
    0xFF, 0xFF, 0xFF, 0xFF, 0xFF, 0xFF, 0xFF, 0xFF, 0xFF, 0xFF, 0xFF, 0xFF, 0xFF, 0xFF, 0xFF, 0xFF,
    0xFF, 0xFF, 0xFF, 0xFF, 0xFF, 0xFF, 0xFF, 0xFF, 0xFF, 0xFF, 0xFF, 0xFF, 0xFF, 0xFF, 0xFF, 0xFF,
    0xFF, 0xFF, 0xFF, 0xFE, 0xFC, 0xFC, 0xFD, 0xFC, 0xFD, 0xFF, 0xFF, 0xFE, 0xF4, 0xE3, 0xC4, 0x98,
    0x67, 0x3B, 0x1C, 0x0F, 0x05, 0x00, 0x00, 0x02, 0x02, 0x00, 0x01, 0x02, 0x01, 0x00, 0x00, 0x00,
    0x00, 0x00, 0x00, 0x00, 0x00, 0x00, 0x00, 0x00, 0x00, 0x00, 0x00, 0x00, 0x00, 0x00, 0x00, 0x00,
    0x00, 0x00, 0x00, 0x00, 0x00, 0x00, 0x00, 0x02, 0x03, 0x02, 0x00, 0x00, 0x03, 0x08, 0x21, 0x49,
    0x79, 0xA6, 0xCA, 0xE4, 0xF5, 0xFD, 0xFF, 0xFE, 0xFD, 0xFD, 0xFC, 0xFC, 0xFE, 0xFF, 0xFF, 0xFF,
    0xFF, 0xFF, 0xFF, 0xFF, 0xFF, 0xFF, 0xFF, 0xFF, 0xFF, 0xFF, 0xFF, 0xFF, 0xFF, 0xFF, 0xFF, 0xFF,
    0xFF, 0xFF, 0xFF, 0xFF, 0xFF, 0xFF, 0xFF, 0xFF, 0xFF, 0xFF, 0xFF, 0xFF, 0xFF, 0xFF, 0xFF, 0xFF,
    0xFF, 0xFF, 0xFF, 0xFF, 0xFF, 0xFF, 0xFF, 0xFF, 0xFF, 0xFF, 0xFF, 0xFF, 0xFF, 0xFF, 0xFF, 0xFF,
    0xFF, 0xFF, 0xFF, 0xFF, 0xFF, 0xFF, 0xFF, 0xFF, 0xFF, 0xFF, 0xFF, 0xFF, 0xFF, 0xFF, 0xFF, 0xFF,
    0xFF, 0xFF, 0xFF, 0xFF, 0xFF, 0xFF, 0xFF, 0xFF, 0xFF, 0xFF, 0xFF, 0xFF, 0xFF, 0xFF, 0xFF, 0xFF,
    0xFF, 0xFF, 0xFF, 0xFF, 0xFF, 0xFF, 0xFF, 0xFF, 0xFF, 0xFF, 0xFF, 0xFF, 0xFF, 0xFF, 0xFF, 0xFF,
    0xFF, 0xFF, 0xFF, 0xFF, 0xFF, 0xFF, 0xFF, 0xFF, 0xFF, 0xFF, 0xFF, 0xFF, 0xFF, 0xFF, 0xFF, 0xFF,
    0xFF, 0xFF, 0xFF, 0xFF, 0xFF, 0xFF, 0xFF, 0xFF, 0xFF, 0xFF, 0xFF, 0xFE, 0xFC, 0xFC, 0xFD, 0xFD,
    0xFE, 0xFF, 0xFD, 0xF4, 0xE3, 0xC9, 0xA5, 0x77, 0x48, 0x20, 0x07, 0x03, 0x00, 0x00, 0x02, 0x03,
    0x02, 0x00, 0x00, 0x00, 0x00, 0x00, 0x00, 0x00, 0x00, 0x00, 0x00, 0x00, 0x00, 0x00, 0x00, 0x00,
    0x00, 0x00, 0x00, 0x00, 0x00, 0x00, 0x00, 0x00, 0x00, 0x00, 0x00, 0x00, 0x00, 0x00, 0x00, 0x02,
    0x05, 0x04, 0x01, 0x00, 0x00, 0x00, 0x0F, 0x2F, 0x59, 0x83, 0xAA, 0xCC, 0xE5, 0xF6, 0xFF, 0xFF,
    0xFF, 0xFF, 0xFE, 0xFE, 0xFE, 0xFF, 0xFF, 0xFF, 0xFF, 0xFF, 0xFF, 0xFF, 0xFF, 0xFF, 0xFF, 0xFF,
    0xFF, 0xFF, 0xFF, 0xFF, 0xFF, 0xFF, 0xFF, 0xFF, 0xFF, 0xFF, 0xFF, 0xFF, 0xFF, 0xFF, 0xFF, 0xFF,
    0xFF, 0xFF, 0xFF, 0xFF, 0xFF, 0xFF, 0xFF, 0xFF, 0xFF, 0xFF, 0xFF, 0xFF, 0xFF, 0xFF, 0xFF, 0xFF,
    0xFF, 0xFF, 0xFF, 0xFF, 0xFF, 0xFF, 0xFF, 0xFF, 0xFF, 0xFF, 0xFF, 0xFF, 0xFF, 0xFF, 0xFF, 0xFF,
    0xFF, 0xFF, 0xFF, 0xFF, 0xFF, 0xFF, 0xFF, 0xFF, 0xFF, 0xFF, 0xFF, 0xFF, 0xFF, 0xFF, 0xFF, 0xFF,
    0xFF, 0xFF, 0xFF, 0xFF, 0xFF, 0xFF, 0xFF, 0xFF, 0xFF, 0xFF, 0xFF, 0xFF, 0xFF, 0xFF, 0xFF, 0xFF,
    0xFF, 0xFF, 0xFF, 0xFF, 0xFF, 0xFF, 0xFF, 0xFF, 0xFF, 0xFF, 0xFF, 0xFF, 0xFF, 0xFF, 0xFF, 0xFF,
    0xFF, 0xFF, 0xFF, 0xFF, 0xFF, 0xFF, 0xFF, 0xFF, 0xFF, 0xFF, 0xFF, 0xFF, 0xFF, 0xFF, 0xFF, 0xFF,
    0xFF, 0xFF, 0xFF, 0xFE, 0xFE, 0xFE, 0xFF, 0xFF, 0xFF, 0xFE, 0xF6, 0xE4, 0xCB, 0xA9, 0x82, 0x57,
    0x2E, 0x0E, 0x00, 0x00, 0x00, 0x01, 0x04, 0x05, 0x02, 0x00, 0x00, 0x00, 0x00, 0x00, 0x00, 0x00,
    0x00, 0x00, 0x00, 0x00, 0x00, 0x00, 0x00, 0x00, 0x00, 0x00, 0x00, 0x00, 0x00, 0x00, 0x00, 0x00,
    0x00, 0x00, 0x00, 0x00, 0x00, 0x00, 0x00, 0x02, 0x04, 0x04, 0x01, 0x00, 0x00, 0x00, 0x03, 0x19,
    0x38, 0x5B, 0x81, 0xAA, 0xCE, 0xE9, 0xF9, 0xFF, 0xFF, 0xFF, 0xFF, 0xFE, 0xFD, 0xFE, 0xFD, 0xFD,
    0xFE, 0xFF, 0xFF, 0xFF, 0xFF, 0xFF, 0xFF, 0xFF, 0xFF, 0xFF, 0xFF, 0xFF, 0xFF, 0xFF, 0xFF, 0xFF,
    0xFF, 0xFF, 0xFF, 0xFF, 0xFF, 0xFF, 0xFF, 0xFF, 0xFF, 0xFF, 0xFF, 0xFF, 0xFF, 0xFF, 0xFF, 0xFF,
    0xFF, 0xFF, 0xFF, 0xFF, 0xFF, 0xFF, 0xFF, 0xFF, 0xFF, 0xFF, 0xFF, 0xFF, 0xFF, 0xFF, 0xFF, 0xFF,
    0xFF, 0xFF, 0xFF, 0xFF, 0xFF, 0xFF, 0xFF, 0xFF, 0xFF, 0xFF, 0xFF, 0xFF, 0xFF, 0xFF, 0xFF, 0xFF,
    0xFF, 0xFF, 0xFF, 0xFF, 0xFF, 0xFF, 0xFF, 0xFF, 0xFF, 0xFF, 0xFF, 0xFF, 0xFF, 0xFF, 0xFF, 0xFF,
    0xFF, 0xFF, 0xFF, 0xFF, 0xFF, 0xFF, 0xFF, 0xFF, 0xFF, 0xFF, 0xFF, 0xFF, 0xFF, 0xFF, 0xFF, 0xFF,
    0xFF, 0xFF, 0xFF, 0xFF, 0xFF, 0xFF, 0xFF, 0xFF, 0xFF, 0xFF, 0xFF, 0xFF, 0xFF, 0xFF, 0xFF, 0xFF,
    0xFF, 0xFF, 0xFF, 0xFF, 0xFF, 0xFF, 0xFF, 0xFE, 0xFD, 0xFE, 0xFE, 0xFE, 0xFE, 0xFF, 0xFF, 0xFF,
    0xFF, 0xF9, 0xE8, 0xCC, 0xA8, 0x81, 0x5A, 0x36, 0x19, 0x03, 0x00, 0x00, 0x00, 0x01, 0x04, 0x04,
    0x02, 0x00, 0x00, 0x00, 0x00, 0x00, 0x00, 0x00, 0x00, 0x00, 0x00, 0x00, 0x00, 0x00, 0x00, 0x00,
    0x00, 0x00, 0x00, 0x00, 0x00, 0x00, 0x00, 0x00, 0x00, 0x00, 0x00, 0x00, 0x00, 0x00, 0x00, 0x01,
    0x03, 0x02, 0x01, 0x00, 0x00, 0x00, 0x00, 0x0A, 0x1B, 0x34, 0x57, 0x82, 0xAE, 0xD3, 0xEC, 0xFB,
    0xFF, 0xFF, 0xFF, 0xFD, 0xFC, 0xFC, 0xFC, 0xFC, 0xFE, 0xFF, 0xFF, 0xFF, 0xFF, 0xFF, 0xFF, 0xFF,
    0xFF, 0xFF, 0xFF, 0xFF, 0xFF, 0xFF, 0xFF, 0xFF, 0xFF, 0xFF, 0xFF, 0xFF, 0xFF, 0xFF, 0xFF, 0xFF,
    0xFF, 0xFF, 0xFF, 0xFF, 0xFF, 0xFF, 0xFF, 0xFF, 0xFF, 0xFF, 0xFF, 0xFF, 0xFF, 0xFF, 0xFF, 0xFF,
    0xFF, 0xFF, 0xFF, 0xFF, 0xFF, 0xFF, 0xFF, 0xFF, 0xFF, 0xFF, 0xFF, 0xFF, 0xFF, 0xFF, 0xFF, 0xFF,
    0xFF, 0xFF, 0xFF, 0xFF, 0xFF, 0xFF, 0xFF, 0xFF, 0xFF, 0xFF, 0xFF, 0xFF, 0xFF, 0xFF, 0xFF, 0xFF,
    0xFF, 0xFF, 0xFF, 0xFF, 0xFF, 0xFF, 0xFF, 0xFF, 0xFF, 0xFF, 0xFF, 0xFF, 0xFF, 0xFF, 0xFF, 0xFF,
    0xFF, 0xFF, 0xFF, 0xFF, 0xFF, 0xFF, 0xFF, 0xFF, 0xFF, 0xFF, 0xFF, 0xFF, 0xFF, 0xFF, 0xFF, 0xFF,
    0xFF, 0xFF, 0xFF, 0xFF, 0xFF, 0xFF, 0xFF, 0xFF, 0xFF, 0xFF, 0xFF, 0xFF, 0xFF, 0xFF, 0xFF, 0xFE,
    0xFC, 0xFC, 0xFD, 0xFC, 0xFD, 0xFF, 0xFF, 0xFF, 0xFA, 0xEB, 0xD1, 0xAD, 0x81, 0x56, 0x33, 0x1A,
    0x0A, 0x00, 0x00, 0x00, 0x00, 0x01, 0x02, 0x03, 0x01, 0x00, 0x00, 0x00, 0x00, 0x00, 0x00, 0x00,
    0x00, 0x00, 0x00, 0x00, 0x00, 0x00, 0x00, 0x00, 0x00, 0x00, 0x00, 0x00, 0x00, 0x00, 0x00, 0x00,
    0x00, 0x00, 0x00, 0x00, 0x00, 0x00, 0x00, 0x00, 0x02, 0x00, 0x00, 0x00, 0x00, 0x00, 0x00, 0x02,
    0x06, 0x16, 0x32, 0x5C, 0x8B, 0xB6, 0xD6, 0xEC, 0xF9, 0xFE, 0xFE, 0xFE, 0xFD, 0xFD, 0xFD, 0xFC,
    0xFE, 0xFF, 0xFF, 0xFF, 0xFF, 0xFF, 0xFF, 0xFF, 0xFF, 0xFF, 0xFF, 0xFF, 0xFF, 0xFF, 0xFF, 0xFF,
    0xFF, 0xFF, 0xFF, 0xFF, 0xFF, 0xFF, 0xFF, 0xFF, 0xFF, 0xFF, 0xFF, 0xFF, 0xFF, 0xFF, 0xFF, 0xFF,
    0xFF, 0xFF, 0xFF, 0xFF, 0xFF, 0xFF, 0xFF, 0xFF, 0xFF, 0xFF, 0xFF, 0xFF, 0xFF, 0xFF, 0xFF, 0xFF,
    0xFF, 0xFF, 0xFF, 0xFF, 0xFF, 0xFF, 0xFF, 0xFF, 0xFF, 0xFF, 0xFF, 0xFF, 0xFF, 0xFF, 0xFF, 0xFF,
    0xFF, 0xFF, 0xFF, 0xFF, 0xFF, 0xFF, 0xFF, 0xFF, 0xFF, 0xFF, 0xFF, 0xFF, 0xFF, 0xFF, 0xFF, 0xFF,
    0xFF, 0xFF, 0xFF, 0xFF, 0xFF, 0xFF, 0xFF, 0xFF, 0xFF, 0xFF, 0xFF, 0xFF, 0xFF, 0xFF, 0xFF, 0xFF,
    0xFF, 0xFF, 0xFF, 0xFF, 0xFF, 0xFF, 0xFF, 0xFF, 0xFF, 0xFF, 0xFF, 0xFF, 0xFF, 0xFF, 0xFF, 0xFF,
    0xFF, 0xFF, 0xFF, 0xFF, 0xFF, 0xFF, 0xFF, 0xFE, 0xFC, 0xFD, 0xFD, 0xFD, 0xFE, 0xFE, 0xFE, 0xF8,
    0xEC, 0xD4, 0xB4, 0x8A, 0x5B, 0x32, 0x15, 0x06, 0x02, 0x00, 0x00, 0x00, 0x00, 0x00, 0x00, 0x01,
    0x00, 0x00, 0x00, 0x00, 0x00, 0x00, 0x00, 0x00, 0x00, 0x00, 0x00, 0x00, 0x00, 0x00, 0x00, 0x00,
    0x00, 0x00, 0x00, 0x00, 0x00, 0x00, 0x00, 0x00, 0x00, 0x00, 0x00, 0x00, 0x00, 0x00, 0x00, 0x00,
    0x01, 0x00, 0x00, 0x02, 0x03, 0x04, 0x01, 0x00, 0x00, 0x03, 0x18, 0x3C, 0x67, 0x93, 0xB7, 0xD5,
    0xEB, 0xF7, 0xFE, 0xFF, 0xFF, 0xFF, 0xFF, 0xFE, 0xFE, 0xFF, 0xFF, 0xFF, 0xFF, 0xFF, 0xFF, 0xFF,
    0xFF, 0xFF, 0xFF, 0xFF, 0xFF, 0xFF, 0xFF, 0xFF, 0xFF, 0xFF, 0xFF, 0xFF, 0xFF, 0xFF, 0xFF, 0xFF,
    0xFF, 0xFF, 0xFF, 0xFF, 0xFF, 0xFF, 0xFF, 0xFF, 0xFF, 0xFF, 0xFF, 0xFF, 0xFF, 0xFF, 0xFF, 0xFF,
    0xFF, 0xFF, 0xFF, 0xFF, 0xFF, 0xFF, 0xFF, 0xFF, 0xFF, 0xFF, 0xFF, 0xFF, 0xFF, 0xFF, 0xFF, 0xFF,
    0xFF, 0xFF, 0xFF, 0xFF, 0xFF, 0xFF, 0xFF, 0xFF, 0xFF, 0xFF, 0xFF, 0xFF, 0xFF, 0xFF, 0xFF, 0xFF,
    0xFF, 0xFF, 0xFF, 0xFF, 0xFF, 0xFF, 0xFF, 0xFF, 0xFF, 0xFF, 0xFF, 0xFF, 0xFF, 0xFF, 0xFF, 0xFF,
    0xFF, 0xFF, 0xFF, 0xFF, 0xFF, 0xFF, 0xFF, 0xFF, 0xFF, 0xFF, 0xFF, 0xFF, 0xFF, 0xFF, 0xFF, 0xFF,
    0xFF, 0xFF, 0xFF, 0xFF, 0xFF, 0xFF, 0xFF, 0xFF, 0xFF, 0xFF, 0xFF, 0xFF, 0xFF, 0xFF, 0xFF, 0xFE,
    0xFE, 0xFF, 0xFF, 0xFF, 0xFF, 0xFD, 0xF7, 0xEA, 0xD4, 0xB5, 0x91, 0x66, 0x3B, 0x18, 0x03, 0x00,
    0x00, 0x01, 0x04, 0x03, 0x02, 0x00, 0x00, 0x01, 0x00, 0x00, 0x00, 0x00, 0x00, 0x00, 0x00, 0x00,
    0x00, 0x00, 0x00, 0x00, 0x00, 0x00, 0x00, 0x00, 0x00, 0x00, 0x00, 0x00, 0x00, 0x00, 0x00, 0x00,
    0x00, 0x00, 0x00, 0x00, 0x00, 0x00, 0x00, 0x00, 0x00, 0x00, 0x00, 0x02, 0x04, 0x05, 0x01, 0x00,
    0x00, 0x00, 0x08, 0x21, 0x43, 0x6A, 0x8F, 0xB3, 0xD3, 0xEA, 0xF9, 0xFF, 0xFF, 0xFF, 0xFF, 0xFE,
    0xFE, 0xFE, 0xFD, 0xFD, 0xFE, 0xFF, 0xFF, 0xFF, 0xFF, 0xFF, 0xFF, 0xFF, 0xFF, 0xFF, 0xFF, 0xFF,
    0xFF, 0xFF, 0xFF, 0xFF, 0xFF, 0xFF, 0xFF, 0xFF, 0xFF, 0xFF, 0xFF, 0xFF, 0xFF, 0xFF, 0xFF, 0xFF,
    0xFF, 0xFF, 0xFF, 0xFF, 0xFF, 0xFF, 0xFF, 0xFF, 0xFF, 0xFF, 0xFF, 0xFF, 0xFF, 0xFF, 0xFF, 0xFF,
    0xFF, 0xFF, 0xFF, 0xFF, 0xFF, 0xFF, 0xFF, 0xFF, 0xFF, 0xFF, 0xFF, 0xFF, 0xFF, 0xFF, 0xFF, 0xFF,
    0xFF, 0xFF, 0xFF, 0xFF, 0xFF, 0xFF, 0xFF, 0xFF, 0xFF, 0xFF, 0xFF, 0xFF, 0xFF, 0xFF, 0xFF, 0xFF,
    0xFF, 0xFF, 0xFF, 0xFF, 0xFF, 0xFF, 0xFF, 0xFF, 0xFF, 0xFF, 0xFF, 0xFF, 0xFF, 0xFF, 0xFF, 0xFF,
    0xFF, 0xFF, 0xFF, 0xFF, 0xFF, 0xFF, 0xFF, 0xFF, 0xFF, 0xFF, 0xFF, 0xFF, 0xFF, 0xFF, 0xFF, 0xFF,
    0xFF, 0xFF, 0xFF, 0xFE, 0xFD, 0xFD, 0xFE, 0xFE, 0xFF, 0xFF, 0xFF, 0xFF, 0xFF, 0xF8, 0xE9, 0xD2,
    0xB2, 0x8D, 0x68, 0x42, 0x21, 0x08, 0x00, 0x00, 0x00, 0x01, 0x05, 0x04, 0x02, 0x00, 0x00, 0x00,
    0x00, 0x00, 0x00, 0x00, 0x00, 0x00, 0x00, 0x00, 0x00, 0x00, 0x00, 0x00, 0x00, 0x00, 0x00, 0x00,
    0x00, 0x00, 0x00, 0x00, 0x00, 0x00, 0x00, 0x00, 0x00, 0x00, 0x00, 0x00, 0x00, 0x00, 0x00, 0x00,
    0x00, 0x00, 0x00, 0x01, 0x03, 0x03, 0x00, 0x00, 0x00, 0x00, 0x00, 0x0E, 0x23, 0x40, 0x63, 0x8B,
    0xB3, 0xD4, 0xED, 0xFB, 0xFF, 0xFF, 0xFF, 0xFE, 0xFC, 0xFC, 0xFB, 0xFB, 0xFD, 0xFE, 0xFF, 0xFF,
    0xFF, 0xFF, 0xFF, 0xFF, 0xFF, 0xFF, 0xFF, 0xFF, 0xFF, 0xFF, 0xFF, 0xFF, 0xFF, 0xFF, 0xFF, 0xFF,
    0xFF, 0xFF, 0xFF, 0xFF, 0xFF, 0xFF, 0xFF, 0xFF, 0xFF, 0xFF, 0xFF, 0xFF, 0xFF, 0xFF, 0xFF, 0xFF,
    0xFF, 0xFF, 0xFF, 0xFF, 0xFF, 0xFF, 0xFF, 0xFF, 0xFF, 0xFF, 0xFF, 0xFF, 0xFF, 0xFF, 0xFF, 0xFF,
    0xFF, 0xFF, 0xFF, 0xFF, 0xFF, 0xFF, 0xFF, 0xFF, 0xFF, 0xFF, 0xFF, 0xFF, 0xFF, 0xFF, 0xFF, 0xFF,
    0xFF, 0xFF, 0xFF, 0xFF, 0xFF, 0xFF, 0xFF, 0xFF, 0xFF, 0xFF, 0xFF, 0xFF, 0xFF, 0xFF, 0xFF, 0xFF,
    0xFF, 0xFF, 0xFF, 0xFF, 0xFF, 0xFF, 0xFF, 0xFF, 0xFF, 0xFF, 0xFF, 0xFF, 0xFF, 0xFF, 0xFF, 0xFF,
    0xFF, 0xFF, 0xFF, 0xFF, 0xFF, 0xFF, 0xFF, 0xFF, 0xFF, 0xFF, 0xFE, 0xFD, 0xFB, 0xFB, 0xFC, 0xFC,
    0xFE, 0xFF, 0xFF, 0xFF, 0xFA, 0xEB, 0xD3, 0xB2, 0x89, 0x62, 0x3F, 0x22, 0x0E, 0x00, 0x00, 0x00,
    0x00, 0x00, 0x03, 0x03, 0x01, 0x00, 0x00, 0x00, 0x00, 0x00, 0x00, 0x00, 0x00, 0x00, 0x00, 0x00,
    0x00, 0x00, 0x00, 0x00, 0x00, 0x00, 0x00, 0x00, 0x00, 0x00, 0x00, 0x00, 0x00, 0x00, 0x00, 0x00,
    0x00, 0x00, 0x00, 0x00, 0x00, 0x00, 0x00, 0x00, 0x00, 0x00, 0x00, 0x00, 0x01, 0x01, 0x00, 0x00,
    0x00, 0x00, 0x00, 0x03, 0x0B, 0x1F, 0x3C, 0x63, 0x8F, 0xB6, 0xD6, 0xEC, 0xF9, 0xFF, 0xFF, 0xFE,
    0xFD, 0xFD, 0xFC, 0xFC, 0xFD, 0xFF, 0xFF, 0xFF, 0xFF, 0xFF, 0xFF, 0xFF, 0xFF, 0xFF, 0xFF, 0xFF,
    0xFF, 0xFF, 0xFF, 0xFF, 0xFF, 0xFF, 0xFF, 0xFF, 0xFF, 0xFF, 0xFF, 0xFF, 0xFF, 0xFF, 0xFF, 0xFF,
    0xFF, 0xFF, 0xFF, 0xFF, 0xFF, 0xFF, 0xFF, 0xFF, 0xFF, 0xFF, 0xFF, 0xFF, 0xFF, 0xFF, 0xFF, 0xFF,
    0xFF, 0xFF, 0xFF, 0xFF, 0xFF, 0xFF, 0xFF, 0xFF, 0xFF, 0xFF, 0xFF, 0xFF, 0xFF, 0xFF, 0xFF, 0xFF,
    0xFF, 0xFF, 0xFF, 0xFF, 0xFF, 0xFF, 0xFF, 0xFF, 0xFF, 0xFF, 0xFF, 0xFF, 0xFF, 0xFF, 0xFF, 0xFF,
    0xFF, 0xFF, 0xFF, 0xFF, 0xFF, 0xFF, 0xFF, 0xFF, 0xFF, 0xFF, 0xFF, 0xFF, 0xFF, 0xFF, 0xFF, 0xFF,
    0xFF, 0xFF, 0xFF, 0xFF, 0xFF, 0xFF, 0xFF, 0xFF, 0xFF, 0xFF, 0xFF, 0xFF, 0xFF, 0xFF, 0xFF, 0xFF,
    0xFF, 0xFF, 0xFF, 0xFD, 0xFC, 0xFC, 0xFD, 0xFD, 0xFE, 0xFF, 0xFE, 0xF8, 0xEA, 0xD4, 0xB5, 0x8E,
    0x62, 0x3B, 0x1F, 0x0B, 0x03, 0x00, 0x00, 0x00, 0x00, 0x00, 0x01, 0x01, 0x00, 0x00, 0x00, 0x00,
    0x00, 0x00, 0x00, 0x00, 0x00, 0x00, 0x00, 0x00, 0x00, 0x00, 0x00, 0x00, 0x00, 0x00, 0x00, 0x00,
    0x00, 0x00, 0x00, 0x00, 0x00, 0x00, 0x00, 0x00, 0x00, 0x00, 0x00, 0x00, 0x00, 0x00, 0x00, 0x00,
    0x00, 0x00, 0x00, 0x00, 0x01, 0x01, 0x00, 0x01, 0x04, 0x04, 0x01, 0x00, 0x00, 0x0A, 0x1F, 0x41,
    0x69, 0x92, 0xB5, 0xD2, 0xE8, 0xF6, 0xFD, 0xFF, 0xFF, 0xFF, 0xFF, 0xFF, 0xFF, 0xFF, 0xFF, 0xFF,
    0xFF, 0xFF, 0xFF, 0xFF, 0xFF, 0xFF, 0xFF, 0xFF, 0xFF, 0xFF, 0xFF, 0xFF, 0xFF, 0xFF, 0xFF, 0xFF,
    0xFF, 0xFF, 0xFF, 0xFF, 0xFF, 0xFF, 0xFF, 0xFF, 0xFF, 0xFF, 0xFF, 0xFF, 0xFF, 0xFF, 0xFF, 0xFF,
    0xFF, 0xFF, 0xFF, 0xFF, 0xFF, 0xFF, 0xFF, 0xFF, 0xFF, 0xFF, 0xFF, 0xFF, 0xFF, 0xFF, 0xFF, 0xFF,
    0xFF, 0xFF, 0xFF, 0xFF, 0xFF, 0xFF, 0xFF, 0xFF, 0xFF, 0xFF, 0xFF, 0xFF, 0xFF, 0xFF, 0xFF, 0xFF,
    0xFF, 0xFF, 0xFF, 0xFF, 0xFF, 0xFF, 0xFF, 0xFF, 0xFF, 0xFF, 0xFF, 0xFF, 0xFF, 0xFF, 0xFF, 0xFF,
    0xFF, 0xFF, 0xFF, 0xFF, 0xFF, 0xFF, 0xFF, 0xFF, 0xFF, 0xFF, 0xFF, 0xFF, 0xFF, 0xFF, 0xFF, 0xFF,
    0xFF, 0xFF, 0xFF, 0xFF, 0xFF, 0xFF, 0xFF, 0xFF, 0xFF, 0xFF, 0xFF, 0xFF, 0xFF, 0xFF, 0xFF, 0xFF,
    0xFF, 0xFC, 0xF5, 0xE6, 0xD0, 0xB3, 0x90, 0x68, 0x40, 0x1F, 0x0A, 0x00, 0x00, 0x01, 0x04, 0x04,
    0x01, 0x00, 0x01, 0x01, 0x00, 0x00, 0x00, 0x00, 0x00, 0x00, 0x00, 0x00, 0x00, 0x00, 0x00, 0x00,
    0x00, 0x00, 0x00, 0x00, 0x00, 0x00, 0x00, 0x00, 0x00, 0x00, 0x00, 0x00, 0x00, 0x00, 0x00, 0x00,
    0x00, 0x00, 0x00, 0x00, 0x00, 0x00, 0x00, 0x00, 0x00, 0x00, 0x00, 0x00, 0x00, 0x01, 0x01, 0x02,
    0x05, 0x04, 0x00, 0x00, 0x00, 0x00, 0x0C, 0x24, 0x43, 0x67, 0x8A, 0xAC, 0xCC, 0xE5, 0xF5, 0xFF,
    0xFF, 0xFF, 0xFF, 0xFF, 0xFF, 0xFE, 0xFD, 0xFC, 0xFD, 0xFE, 0xFF, 0xFF, 0xFF, 0xFF, 0xFF, 0xFF,
    0xFF, 0xFF, 0xFF, 0xFF, 0xFF, 0xFF, 0xFF, 0xFF, 0xFF, 0xFF, 0xFF, 0xFF, 0xFF, 0xFF, 0xFF, 0xFF,
    0xFF, 0xFF, 0xFF, 0xFF, 0xFF, 0xFF, 0xFF, 0xFF, 0xFF, 0xFF, 0xFF, 0xFF, 0xFF, 0xFF, 0xFF, 0xFF,
    0xFF, 0xFF, 0xFF, 0xFF, 0xFF, 0xFF, 0xFF, 0xFF, 0xFF, 0xFF, 0xFF, 0xFF, 0xFF, 0xFF, 0xFF, 0xFF,
    0xFF, 0xFF, 0xFF, 0xFF, 0xFF, 0xFF, 0xFF, 0xFF, 0xFF, 0xFF, 0xFF, 0xFF, 0xFF, 0xFF, 0xFF, 0xFF,
    0xFF, 0xFF, 0xFF, 0xFF, 0xFF, 0xFF, 0xFF, 0xFF, 0xFF, 0xFF, 0xFF, 0xFF, 0xFF, 0xFF, 0xFF, 0xFF,
    0xFF, 0xFF, 0xFF, 0xFF, 0xFF, 0xFF, 0xFF, 0xFF, 0xFF, 0xFF, 0xFF, 0xFF, 0xFF, 0xFF, 0xFE, 0xFD,
    0xFC, 0xFD, 0xFE, 0xFF, 0xFF, 0xFF, 0xFF, 0xFF, 0xFF, 0xF4, 0xE3, 0xCA, 0xAA, 0x88, 0x65, 0x42,
    0x24, 0x0C, 0x00, 0x00, 0x00, 0x00, 0x04, 0x05, 0x02, 0x01, 0x00, 0x00, 0x00, 0x00, 0x00, 0x00,
    0x00, 0x00, 0x00, 0x00, 0x00, 0x00, 0x00, 0x00, 0x00, 0x00, 0x00, 0x00, 0x00, 0x00, 0x00, 0x00,
    0x00, 0x00, 0x00, 0x00, 0x00, 0x00, 0x00, 0x00, 0x00, 0x00, 0x00, 0x00, 0x00, 0x00, 0x00, 0x00,
    0x00, 0x00, 0x00, 0x00, 0x00, 0x00, 0x00, 0x01, 0x03, 0x02, 0x00, 0x00, 0x00, 0x00, 0x02, 0x10,
    0x21, 0x3C, 0x5B, 0x80, 0xA8, 0xCB, 0xE5, 0xF7, 0xFF, 0xFF, 0xFF, 0xFF, 0xFE, 0xFC, 0xFA, 0xFA,
    0xFB, 0xFD, 0xFE, 0xFF, 0xFF, 0xFF, 0xFF, 0xFF, 0xFF, 0xFF, 0xFF, 0xFF, 0xFF, 0xFF, 0xFF, 0xFF,
    0xFF, 0xFF, 0xFF, 0xFF, 0xFF, 0xFF, 0xFF, 0xFF, 0xFF, 0xFF, 0xFF, 0xFF, 0xFF, 0xFF, 0xFF, 0xFF,
    0xFF, 0xFF, 0xFF, 0xFF, 0xFF, 0xFF, 0xFF, 0xFF, 0xFF, 0xFF, 0xFF, 0xFF, 0xFF, 0xFF, 0xFF, 0xFF,
    0xFF, 0xFF, 0xFF, 0xFF, 0xFF, 0xFF, 0xFF, 0xFF, 0xFF, 0xFF, 0xFF, 0xFF, 0xFF, 0xFF, 0xFF, 0xFF,
    0xFF, 0xFF, 0xFF, 0xFF, 0xFF, 0xFF, 0xFF, 0xFF, 0xFF, 0xFF, 0xFF, 0xFF, 0xFF, 0xFF, 0xFF, 0xFF,
    0xFF, 0xFF, 0xFF, 0xFF, 0xFF, 0xFF, 0xFF, 0xFF, 0xFF, 0xFF, 0xFF, 0xFF, 0xFF, 0xFF, 0xFF, 0xFF,
    0xFF, 0xFF, 0xFF, 0xFF, 0xFF, 0xFE, 0xFD, 0xFB, 0xFA, 0xFA, 0xFC, 0xFE, 0xFF, 0xFF, 0xFF, 0xFF,
    0xF6, 0xE4, 0xC9, 0xA6, 0x7F, 0x5A, 0x3A, 0x20, 0x0F, 0x02, 0x00, 0x00, 0x00, 0x00, 0x02, 0x03,
    0x01, 0x00, 0x00, 0x00, 0x00, 0x00, 0x00, 0x00, 0x00, 0x00, 0x00, 0x00, 0x00, 0x00, 0x00, 0x00,
    0x00, 0x00, 0x00, 0x00, 0x00, 0x00, 0x00, 0x00, 0x00, 0x00, 0x00, 0x00, 0x00, 0x00, 0x00, 0x00,
    0x00, 0x00, 0x00, 0x00, 0x00, 0x00, 0x00, 0x00, 0x00, 0x00, 0x00, 0x00, 0x00, 0x00, 0x00, 0x00,
    0x01, 0x00, 0x00, 0x00, 0x00, 0x00, 0x00, 0x03, 0x09, 0x19, 0x33, 0x57, 0x81, 0xAA, 0xCA, 0xE4,
    0xF6, 0xFE, 0xFF, 0xFF, 0xFE, 0xFD, 0xFB, 0xFA, 0xFC, 0xFE, 0xFE, 0xFF, 0xFF, 0xFF, 0xFF, 0xFF,
    0xFF, 0xFF, 0xFF, 0xFF, 0xFF, 0xFF, 0xFF, 0xFF, 0xFF, 0xFF, 0xFF, 0xFF, 0xFF, 0xFF, 0xFF, 0xFF,
    0xFF, 0xFF, 0xFF, 0xFF, 0xFF, 0xFF, 0xFF, 0xFF, 0xFF, 0xFF, 0xFF, 0xFF, 0xFF, 0xFF, 0xFF, 0xFF,
    0xFF, 0xFF, 0xFF, 0xFF, 0xFF, 0xFF, 0xFF, 0xFF, 0xFF, 0xFF, 0xFF, 0xFF, 0xFF, 0xFF, 0xFF, 0xFF,
    0xFF, 0xFF, 0xFF, 0xFF, 0xFF, 0xFF, 0xFF, 0xFF, 0xFF, 0xFF, 0xFF, 0xFF, 0xFF, 0xFF, 0xFF, 0xFF,
    0xFF, 0xFF, 0xFF, 0xFF, 0xFF, 0xFF, 0xFF, 0xFF, 0xFF, 0xFF, 0xFF, 0xFF, 0xFF, 0xFF, 0xFF, 0xFF,
    0xFF, 0xFF, 0xFF, 0xFF, 0xFF, 0xFF, 0xFF, 0xFF, 0xFF, 0xFF, 0xFF, 0xFF, 0xFF, 0xFE, 0xFE, 0xFC,
    0xFA, 0xFB, 0xFD, 0xFE, 0xFF, 0xFF, 0xFE, 0xF5, 0xE2, 0xC9, 0xA8, 0x7F, 0x56, 0x32, 0x18, 0x08,
    0x03, 0x00, 0x01, 0x00, 0x00, 0x00, 0x00, 0x01, 0x00, 0x00, 0x00, 0x00, 0x00, 0x00, 0x00, 0x00,
    0x00, 0x00, 0x00, 0x00, 0x00, 0x00, 0x00, 0x00, 0x00, 0x00, 0x00, 0x00, 0x00, 0x00, 0x00, 0x00,
    0x00, 0x00, 0x00, 0x00, 0x00, 0x00, 0x00, 0x00, 0x00, 0x00, 0x00, 0x00, 0x00, 0x00, 0x00, 0x00,
    0x00, 0x00, 0x00, 0x00, 0x00, 0x00, 0x00, 0x00, 0x01, 0x00, 0x01, 0x03, 0x05, 0x04, 0x00, 0x00,
    0x00, 0x04, 0x16, 0x35, 0x5C, 0x83, 0xA6, 0xC5, 0xDD, 0xED, 0xF8, 0xFD, 0xFF, 0xFF, 0xFF, 0xFF,
    0xFF, 0xFF, 0xFF, 0xFF, 0xFF, 0xFF, 0xFF, 0xFF, 0xFF, 0xFF, 0xFF, 0xFF, 0xFF, 0xFF, 0xFF, 0xFF,
    0xFF, 0xFF, 0xFF, 0xFF, 0xFF, 0xFF, 0xFF, 0xFF, 0xFF, 0xFF, 0xFF, 0xFF, 0xFF, 0xFF, 0xFF, 0xFF,
    0xFF, 0xFF, 0xFF, 0xFF, 0xFF, 0xFF, 0xFF, 0xFF, 0xFF, 0xFF, 0xFF, 0xFF, 0xFF, 0xFF, 0xFF, 0xFF,
    0xFF, 0xFF, 0xFF, 0xFF, 0xFF, 0xFF, 0xFF, 0xFF, 0xFF, 0xFF, 0xFF, 0xFF, 0xFF, 0xFF, 0xFF, 0xFF,
    0xFF, 0xFF, 0xFF, 0xFF, 0xFF, 0xFF, 0xFF, 0xFF, 0xFF, 0xFF, 0xFF, 0xFF, 0xFF, 0xFF, 0xFF, 0xFF,
    0xFF, 0xFF, 0xFF, 0xFF, 0xFF, 0xFF, 0xFF, 0xFF, 0xFF, 0xFF, 0xFF, 0xFF, 0xFF, 0xFF, 0xFF, 0xFF,
    0xFF, 0xFF, 0xFF, 0xFF, 0xFF, 0xFF, 0xFF, 0xFF, 0xFF, 0xFF, 0xFF, 0xFF, 0xFD, 0xF8, 0xED, 0xDC,
    0xC3, 0xA5, 0x81, 0x5A, 0x34, 0x16, 0x03, 0x00, 0x00, 0x00, 0x05, 0x05, 0x02, 0x01, 0x00, 0x01,
    0x00, 0x00, 0x00, 0x00, 0x00, 0x00, 0x00, 0x00, 0x00, 0x00, 0x00, 0x00, 0x00, 0x00, 0x00, 0x00,
    0x00, 0x00, 0x00, 0x00, 0x00, 0x00, 0x00, 0x00, 0x00, 0x00, 0x00, 0x00, 0x00, 0x00, 0x00, 0x00,
    0x00, 0x00, 0x00, 0x00, 0x00, 0x00, 0x00, 0x00, 0x00, 0x00, 0x00, 0x00, 0x00, 0x00, 0x00, 0x00,
    0x00, 0x00, 0x01, 0x03, 0x05, 0x04, 0x00, 0x00, 0x00, 0x00, 0x05, 0x1C, 0x38, 0x58, 0x78, 0x99,
    0xB8, 0xD1, 0xE6, 0xF5, 0xFF, 0xFF, 0xFF, 0xFF, 0xFF, 0xFF, 0xFF, 0xFD, 0xFD, 0xFE, 0xFE, 0xFE,
    0xFE, 0xFE, 0xFE, 0xFE, 0xFF, 0xFF, 0xFF, 0xFF, 0xFF, 0xFF, 0xFF, 0xFF, 0xFF, 0xFF, 0xFF, 0xFF,
    0xFF, 0xFF, 0xFF, 0xFF, 0xFF, 0xFF, 0xFF, 0xFF, 0xFF, 0xFF, 0xFF, 0xFF, 0xFF, 0xFF, 0xFF, 0xFF,
    0xFF, 0xFF, 0xFF, 0xFF, 0xFF, 0xFF, 0xFF, 0xFF, 0xFF, 0xFF, 0xFF, 0xFF, 0xFF, 0xFF, 0xFF, 0xFF,
    0xFF, 0xFF, 0xFF, 0xFF, 0xFF, 0xFF, 0xFF, 0xFF, 0xFF, 0xFF, 0xFF, 0xFF, 0xFF, 0xFF, 0xFF, 0xFF,
    0xFF, 0xFF, 0xFF, 0xFF, 0xFF, 0xFF, 0xFF, 0xFF, 0xFF, 0xFF, 0xFF, 0xFF, 0xFF, 0xFF, 0xFF, 0xFF,
    0xFF, 0xFF, 0xFF, 0xFF, 0xFE, 0xFE, 0xFE, 0xFE, 0xFE, 0xFE, 0xFE, 0xFD, 0xFD, 0xFE, 0xFF, 0xFF,
    0xFF, 0xFF, 0xFF, 0xFF, 0xF4, 0xE5, 0xD0, 0xB7, 0x97, 0x77, 0x56, 0x37, 0x1B, 0x05, 0x00, 0x00,
    0x00, 0x00, 0x04, 0x05, 0x03, 0x01, 0x00, 0x00, 0x00, 0x00, 0x00, 0x00, 0x00, 0x00, 0x00, 0x00,
    0x00, 0x00, 0x00, 0x00, 0x00, 0x00, 0x00, 0x00, 0x00, 0x00, 0x00, 0x00, 0x00, 0x00, 0x00, 0x00,
    0x00, 0x00, 0x00, 0x00, 0x00, 0x00, 0x00, 0x00, 0x00, 0x00, 0x00, 0x00, 0x00, 0x00, 0x00, 0x00,
    0x00, 0x00, 0x00, 0x00, 0x00, 0x00, 0x00, 0x00, 0x00, 0x00, 0x01, 0x02, 0x03, 0x01, 0x00, 0x00,
    0x00, 0x00, 0x00, 0x0A, 0x1A, 0x2E, 0x48, 0x68, 0x8B, 0xAC, 0xC9, 0xE3, 0xF7, 0xFF, 0xFF, 0xFF,
    0xFF, 0xFF, 0xFC, 0xFA, 0xFB, 0xFC, 0xFD, 0xFD, 0xFD, 0xFD, 0xFE, 0xFE, 0xFE, 0xFF, 0xFF, 0xFF,
    0xFF, 0xFF, 0xFF, 0xFF, 0xFF, 0xFF, 0xFF, 0xFF, 0xFF, 0xFF, 0xFF, 0xFF, 0xFF, 0xFF, 0xFF, 0xFF,
    0xFF, 0xFF, 0xFF, 0xFF, 0xFF, 0xFF, 0xFF, 0xFF, 0xFF, 0xFF, 0xFF, 0xFF, 0xFF, 0xFF, 0xFF, 0xFF,
    0xFF, 0xFF, 0xFF, 0xFF, 0xFF, 0xFF, 0xFF, 0xFF, 0xFF, 0xFF, 0xFF, 0xFF, 0xFF, 0xFF, 0xFF, 0xFF,
    0xFF, 0xFF, 0xFF, 0xFF, 0xFF, 0xFF, 0xFF, 0xFF, 0xFF, 0xFF, 0xFF, 0xFF, 0xFF, 0xFF, 0xFF, 0xFF,
    0xFF, 0xFF, 0xFF, 0xFF, 0xFF, 0xFF, 0xFF, 0xFF, 0xFF, 0xFF, 0xFF, 0xFE, 0xFE, 0xFE, 0xFD, 0xFD,
    0xFD, 0xFD, 0xFC, 0xFB, 0xFA, 0xFC, 0xFF, 0xFF, 0xFF, 0xFF, 0xFF, 0xF6, 0xE1, 0xC8, 0xAA, 0x89,
    0x66, 0x47, 0x2D, 0x1A, 0x0A, 0x00, 0x00, 0x00, 0x00, 0x00, 0x02, 0x03, 0x02, 0x01, 0x00, 0x00,
    0x00, 0x00, 0x00, 0x00, 0x00, 0x00, 0x00, 0x00, 0x00, 0x00, 0x00, 0x00, 0x00, 0x00, 0x00, 0x00,
    0x00, 0x00, 0x00, 0x00, 0x00, 0x00, 0x00, 0x00, 0x00, 0x00, 0x00, 0x00, 0x00, 0x00, 0x00, 0x00,
    0x00, 0x00, 0x00, 0x00, 0x00, 0x00, 0x00, 0x00, 0x00, 0x00, 0x00, 0x00, 0x00, 0x00, 0x00, 0x00,
    0x00, 0x00, 0x00, 0x00, 0x00, 0x00, 0x00, 0x00, 0x00, 0x00, 0x00, 0x02, 0x06, 0x0E, 0x20, 0x3C,
    0x5F, 0x83, 0xA6, 0xC7, 0xE2, 0xF5, 0xFF, 0xFF, 0xFF, 0xFF, 0xFC, 0xFB, 0xFB, 0xFD, 0xFD, 0xFD,
    0xFE, 0xFE, 0xFE, 0xFE, 0xFF, 0xFF, 0xFF, 0xFF, 0xFF, 0xFF, 0xFF, 0xFF, 0xFF, 0xFF, 0xFF, 0xFF,
    0xFF, 0xFF, 0xFF, 0xFF, 0xFF, 0xFF, 0xFF, 0xFF, 0xFF, 0xFF, 0xFF, 0xFF, 0xFF, 0xFF, 0xFF, 0xFF,
    0xFF, 0xFF, 0xFF, 0xFF, 0xFF, 0xFF, 0xFF, 0xFF, 0xFF, 0xFF, 0xFF, 0xFF, 0xFF, 0xFF, 0xFF, 0xFF,
    0xFF, 0xFF, 0xFF, 0xFF, 0xFF, 0xFF, 0xFF, 0xFF, 0xFF, 0xFF, 0xFF, 0xFF, 0xFF, 0xFF, 0xFF, 0xFF,
    0xFF, 0xFF, 0xFF, 0xFF, 0xFF, 0xFF, 0xFF, 0xFF, 0xFF, 0xFF, 0xFF, 0xFF, 0xFF, 0xFF, 0xFF, 0xFF,
    0xFF, 0xFF, 0xFF, 0xFF, 0xFE, 0xFE, 0xFE, 0xFE, 0xFE, 0xFD, 0xFD, 0xFC, 0xFB, 0xFC, 0xFF, 0xFF,
    0xFF, 0xFF, 0xF4, 0xE0, 0xC5, 0xA4, 0x81, 0x5E, 0x3B, 0x1F, 0x0E, 0x06, 0x02, 0x00, 0x00, 0x00,
    0x00, 0x00, 0x00, 0x00, 0x00, 0x00, 0x00, 0x00, 0x00, 0x00, 0x00, 0x00, 0x00, 0x00, 0x00, 0x00,
    0x00, 0x00, 0x00, 0x00, 0x00, 0x00, 0x00, 0x00, 0x00, 0x00, 0x00, 0x00, 0x00, 0x00, 0x00, 0x00,
    0x00, 0x00, 0x00, 0x00, 0x00, 0x00, 0x00, 0x00, 0x00, 0x00, 0x00, 0x00, 0x00, 0x00, 0x00, 0x00,
    0x00, 0x00, 0x00, 0x00, 0x00, 0x00, 0x00, 0x00, 0x00, 0x00, 0x00, 0x00, 0x00, 0x00, 0x01, 0x03,
    0x05, 0x04, 0x01, 0x00, 0x00, 0x00, 0x07, 0x1D, 0x3B, 0x5D, 0x7F, 0xA1, 0xC0, 0xD8, 0xE9, 0xF5,
    0xFB, 0xFF, 0xFF, 0xFF, 0xFF, 0xFF, 0xFF, 0xFF, 0xFF, 0xFF, 0xFF, 0xFF, 0xFF, 0xFF, 0xFF, 0xFF,
    0xFF, 0xFF, 0xFF, 0xFF, 0xFF, 0xFF, 0xFF, 0xFF, 0xFF, 0xFF, 0xFF, 0xFF, 0xFF, 0xFF, 0xFF, 0xFF,
    0xFF, 0xFF, 0xFF, 0xFF, 0xFF, 0xFF, 0xFF, 0xFF, 0xFF, 0xFF, 0xFF, 0xFF, 0xFF, 0xFF, 0xFF, 0xFF,
    0xFF, 0xFF, 0xFF, 0xFF, 0xFF, 0xFF, 0xFF, 0xFF, 0xFF, 0xFF, 0xFF, 0xFF, 0xFF, 0xFF, 0xFF, 0xFF,
    0xFF, 0xFF, 0xFF, 0xFF, 0xFF, 0xFF, 0xFF, 0xFF, 0xFF, 0xFF, 0xFF, 0xFF, 0xFF, 0xFF, 0xFF, 0xFF,
    0xFF, 0xFF, 0xFF, 0xFF, 0xFF, 0xFF, 0xFF, 0xFF, 0xFF, 0xFF, 0xFF, 0xFF, 0xFF, 0xFF, 0xFF, 0xFF,
    0xFF, 0xFF, 0xFF, 0xFF, 0xFF, 0xFF, 0xFF, 0xFB, 0xF5, 0xE8, 0xD6, 0xBE, 0x9F, 0x7D, 0x5B, 0x3A,
    0x1C, 0x06, 0x00, 0x00, 0x00, 0x01, 0x04, 0x05, 0x03, 0x01, 0x00, 0x00, 0x00, 0x00, 0x00, 0x00,
    0x00, 0x00, 0x00, 0x00, 0x00, 0x00, 0x00, 0x00, 0x00, 0x00, 0x00, 0x00, 0x00, 0x00, 0x00, 0x00,
    0x00, 0x00, 0x00, 0x00, 0x00, 0x00, 0x00, 0x00, 0x00, 0x00, 0x00, 0x00, 0x00, 0x00, 0x00, 0x00,
    0x00, 0x00, 0x00, 0x00, 0x00, 0x00, 0x00, 0x00, 0x00, 0x00, 0x00, 0x00, 0x00, 0x00, 0x00, 0x00,
    0x00, 0x00, 0x00, 0x00, 0x00, 0x00, 0x01, 0x03, 0x06, 0x05, 0x01, 0x00, 0x00, 0x00, 0x00, 0x09,
    0x1F, 0x39, 0x54, 0x72, 0x91, 0xAC, 0xC4, 0xDB, 0xEC, 0xFA, 0xFF, 0xFF, 0xFF, 0xFF, 0xFF, 0xFF,
    0xFF, 0xFF, 0xFF, 0xFF, 0xFE, 0xFE, 0xFE, 0xFE, 0xFD, 0xFE, 0xFE, 0xFE, 0xFE, 0xFF, 0xFF, 0xFF,
    0xFF, 0xFF, 0xFF, 0xFF, 0xFF, 0xFF, 0xFF, 0xFF, 0xFF, 0xFF, 0xFF, 0xFF, 0xFF, 0xFF, 0xFF, 0xFF,
    0xFF, 0xFF, 0xFF, 0xFF, 0xFF, 0xFF, 0xFF, 0xFF, 0xFF, 0xFF, 0xFF, 0xFF, 0xFF, 0xFF, 0xFF, 0xFF,
    0xFF, 0xFF, 0xFF, 0xFF, 0xFF, 0xFF, 0xFF, 0xFF, 0xFF, 0xFF, 0xFF, 0xFF, 0xFF, 0xFF, 0xFF, 0xFF,
    0xFF, 0xFF, 0xFF, 0xFF, 0xFF, 0xFF, 0xFF, 0xFF, 0xFF, 0xFF, 0xFF, 0xFE, 0xFE, 0xFE, 0xFE, 0xFD,
    0xFE, 0xFE, 0xFE, 0xFE, 0xFF, 0xFF, 0xFF, 0xFF, 0xFF, 0xFF, 0xFF, 0xFF, 0xFF, 0xFF, 0xFA, 0xEC,
    0xDA, 0xC2, 0xAA, 0x8F, 0x70, 0x52, 0x38, 0x1F, 0x09, 0x00, 0x00, 0x00, 0x00, 0x01, 0x05, 0x06,
    0x03, 0x01, 0x00, 0x00, 0x00, 0x00, 0x00, 0x00, 0x00, 0x00, 0x00, 0x00, 0x00, 0x00, 0x00, 0x00,
    0x00, 0x00, 0x00, 0x00, 0x00, 0x00, 0x00, 0x00, 0x00, 0x00, 0x00, 0x00, 0x00, 0x00, 0x00, 0x00,
    0x00, 0x00, 0x00, 0x00, 0x00, 0x00, 0x00, 0x00, 0x00, 0x00, 0x00, 0x00, 0x00, 0x00, 0x00, 0x00,
    0x00, 0x00, 0x00, 0x00, 0x00, 0x00, 0x00, 0x00, 0x00, 0x00, 0x00, 0x00, 0x00, 0x00, 0x01, 0x02,
    0x03, 0x02, 0x00, 0x00, 0x00, 0x00, 0x00, 0x00, 0x0D, 0x1B, 0x2B, 0x42, 0x5C, 0x78, 0x96, 0xB6,
    0xD4, 0xEC, 0xFC, 0xFF, 0xFF, 0xFF, 0xFF, 0xFF, 0xFF, 0xFF, 0xFF, 0xFE, 0xFD, 0xFC, 0xFC, 0xFC,
    0xFC, 0xFC, 0xFD, 0xFD, 0xFE, 0xFE, 0xFE, 0xFF, 0xFF, 0xFF, 0xFF, 0xFF, 0xFF, 0xFF, 0xFF, 0xFF,
    0xFF, 0xFF, 0xFF, 0xFF, 0xFF, 0xFF, 0xFF, 0xFF, 0xFF, 0xFF, 0xFF, 0xFF, 0xFF, 0xFF, 0xFF, 0xFF,
    0xFF, 0xFF, 0xFF, 0xFF, 0xFF, 0xFF, 0xFF, 0xFF, 0xFF, 0xFF, 0xFF, 0xFF, 0xFF, 0xFF, 0xFF, 0xFF,
    0xFF, 0xFF, 0xFF, 0xFF, 0xFF, 0xFF, 0xFF, 0xFF, 0xFF, 0xFF, 0xFF, 0xFF, 0xFF, 0xFF, 0xFF, 0xFF,
    0xFF, 0xFE, 0xFE, 0xFE, 0xFD, 0xFD, 0xFC, 0xFC, 0xFC, 0xFC, 0xFC, 0xFD, 0xFE, 0xFF, 0xFF, 0xFF,
    0xFF, 0xFF, 0xFF, 0xFF, 0xFF, 0xFC, 0xEC, 0xD3, 0xB5, 0x94, 0x76, 0x5A, 0x40, 0x2A, 0x1A, 0x0C,
    0x00, 0x00, 0x00, 0x00, 0x00, 0x00, 0x02, 0x03, 0x02, 0x01, 0x00, 0x00, 0x00, 0x00, 0x00, 0x00,
    0x00, 0x00, 0x00, 0x00, 0x00, 0x00, 0x00, 0x00, 0x00, 0x00, 0x00, 0x00, 0x00, 0x00, 0x00, 0x00,
    0x00, 0x00, 0x00, 0x00, 0x00, 0x00, 0x00, 0x00, 0x00, 0x00, 0x00, 0x00, 0x00, 0x00, 0x00, 0x00,
    0x00, 0x00, 0x00, 0x00, 0x00, 0x00, 0x00, 0x00, 0x00, 0x00, 0x00, 0x00, 0x00, 0x00, 0x00, 0x00,
    0x00, 0x00, 0x00, 0x00, 0x00, 0x00, 0x00, 0x00, 0x01, 0x00, 0x00, 0x00, 0x00, 0x00, 0x00, 0x00,
    0x02, 0x06, 0x0C, 0x1A, 0x2E, 0x49, 0x68, 0x8D, 0xB3, 0xD2, 0xE8, 0xF5, 0xFC, 0xFC, 0xFB, 0xFC,
    0xFE, 0xFF, 0xFF, 0xFE, 0xFD, 0xFD, 0xFD, 0xFD, 0xFD, 0xFD, 0xFE, 0xFE, 0xFE, 0xFE, 0xFF, 0xFF,
    0xFF, 0xFF, 0xFF, 0xFF, 0xFF, 0xFF, 0xFF, 0xFF, 0xFF, 0xFF, 0xFF, 0xFF, 0xFF, 0xFF, 0xFF, 0xFF,
    0xFF, 0xFF, 0xFF, 0xFF, 0xFF, 0xFF, 0xFF, 0xFF, 0xFF, 0xFF, 0xFF, 0xFF, 0xFF, 0xFF, 0xFF, 0xFF,
    0xFF, 0xFF, 0xFF, 0xFF, 0xFF, 0xFF, 0xFF, 0xFF, 0xFF, 0xFF, 0xFF, 0xFF, 0xFF, 0xFF, 0xFF, 0xFF,
    0xFF, 0xFF, 0xFF, 0xFF, 0xFF, 0xFF, 0xFF, 0xFF, 0xFF, 0xFF, 0xFE, 0xFE, 0xFE, 0xFE, 0xFD, 0xFD,
    0xFD, 0xFD, 0xFD, 0xFD, 0xFE, 0xFF, 0xFF, 0xFE, 0xFB, 0xFA, 0xFB, 0xFB, 0xF5, 0xE8, 0xD2, 0xB2,
    0x8C, 0x66, 0x47, 0x2D, 0x19, 0x0C, 0x06, 0x02, 0x00, 0x00, 0x00, 0x00, 0x00, 0x00, 0x00, 0x01,
    0x00, 0x00, 0x00, 0x00, 0x00, 0x00, 0x00, 0x00, 0x00, 0x00, 0x00, 0x00, 0x00, 0x00, 0x00, 0x00,
    0x00, 0x00, 0x00, 0x00, 0x00, 0x00, 0x00, 0x00, 0x00, 0x00, 0x00, 0x00, 0x00, 0x00, 0x00, 0x00,
    0x00, 0x00, 0x00, 0x00, 0x00, 0x00, 0x00, 0x00, 0x00, 0x00, 0x00, 0x00, 0x00, 0x00, 0x00, 0x00,
    0x00, 0x00, 0x00, 0x00, 0x00, 0x00, 0x00, 0x00, 0x00, 0x00, 0x00, 0x00, 0x00, 0x00, 0x00, 0x00,
    0x00, 0x00, 0x01, 0x02, 0x04, 0x04, 0x02, 0x01, 0x00, 0x00, 0x00, 0x02, 0x10, 0x26, 0x42, 0x65,
    0x8B, 0xAC, 0xC6, 0xD7, 0xE3, 0xE9, 0xED, 0xF3, 0xF9, 0xFE, 0xFF, 0xFF, 0xFF, 0xFF, 0xFF, 0xFF,
    0xFF, 0xFF, 0xFF, 0xFF, 0xFF, 0xFF, 0xFF, 0xFF, 0xFF, 0xFF, 0xFF, 0xFF, 0xFF, 0xFF, 0xFF, 0xFF,
    0xFF, 0xFF, 0xFF, 0xFF, 0xFF, 0xFF, 0xFF, 0xFF, 0xFF, 0xFF, 0xFF, 0xFF, 0xFF, 0xFF, 0xFF, 0xFF,
    0xFF, 0xFF, 0xFF, 0xFF, 0xFF, 0xFF, 0xFF, 0xFF, 0xFF, 0xFF, 0xFF, 0xFF, 0xFF, 0xFF, 0xFF, 0xFF,
    0xFF, 0xFF, 0xFF, 0xFF, 0xFF, 0xFF, 0xFF, 0xFF, 0xFF, 0xFF, 0xFF, 0xFF, 0xFF, 0xFF, 0xFF, 0xFF,
    0xFF, 0xFF, 0xFF, 0xFF, 0xFF, 0xFF, 0xFF, 0xFF, 0xFF, 0xFF, 0xFF, 0xFF, 0xFF, 0xFF, 0xFE, 0xF9,
    0xF1, 0xEC, 0xE8, 0xE1, 0xD7, 0xC5, 0xAC, 0x8A, 0x64, 0x40, 0x24, 0x0F, 0x01, 0x00, 0x00, 0x00,
    0x01, 0x02, 0x04, 0x04, 0x02, 0x01, 0x00, 0x00, 0x00, 0x00, 0x00, 0x00, 0x00, 0x00, 0x00, 0x00,
    0x00, 0x00, 0x00, 0x00, 0x00, 0x00, 0x00, 0x00, 0x00, 0x00, 0x00, 0x00, 0x00, 0x00, 0x00, 0x00,
    0x00, 0x00, 0x00, 0x00, 0x00, 0x00, 0x00, 0x00, 0x00, 0x00, 0x00, 0x00, 0x00, 0x00, 0x00, 0x00,
    0x00, 0x00, 0x00, 0x00, 0x00, 0x00, 0x00, 0x00, 0x00, 0x00, 0x00, 0x00, 0x00, 0x00, 0x00, 0x00,
    0x00, 0x00, 0x00, 0x00, 0x00, 0x00, 0x00, 0x00, 0x00, 0x00, 0x01, 0x03, 0x05, 0x05, 0x03, 0x00,
    0x00, 0x00, 0x00, 0x00, 0x00, 0x0F, 0x24, 0x3F, 0x5E, 0x7B, 0x93, 0xA8, 0xBA, 0xC9, 0xD5, 0xE2,
    0xEE, 0xF8, 0xFE, 0xFF, 0xFF, 0xFF, 0xFF, 0xFF, 0xFF, 0xFF, 0xFF, 0xFF, 0xFF, 0xFF, 0xFE, 0xFD,
    0xFD, 0xFC, 0xFD, 0xFD, 0xFD, 0xFD, 0xFE, 0xFE, 0xFE, 0xFE, 0xFE, 0xFE, 0xFF, 0xFF, 0xFF, 0xFF,
    0xFF, 0xFF, 0xFF, 0xFF, 0xFF, 0xFF, 0xFF, 0xFF, 0xFF, 0xFF, 0xFF, 0xFF, 0xFF, 0xFF, 0xFF, 0xFF,
    0xFF, 0xFF, 0xFF, 0xFF, 0xFF, 0xFF, 0xFF, 0xFF, 0xFF, 0xFF, 0xFF, 0xFF, 0xFE, 0xFE, 0xFE, 0xFE,
    0xFE, 0xFE, 0xFD, 0xFD, 0xFD, 0xFD, 0xFC, 0xFD, 0xFD, 0xFE, 0xFF, 0xFF, 0xFF, 0xFF, 0xFF, 0xFF,
    0xFF, 0xFF, 0xFF, 0xFF, 0xFF, 0xFD, 0xF8, 0xEE, 0xE0, 0xD4, 0xC8, 0xB9, 0xA7, 0x93, 0x7A, 0x5C,
    0x3E, 0x22, 0x0E, 0x00, 0x00, 0x00, 0x00, 0x00, 0x00, 0x03, 0x05, 0x05, 0x03, 0x01, 0x00, 0x00,
    0x00, 0x00, 0x00, 0x00, 0x00, 0x00, 0x00, 0x00, 0x00, 0x00, 0x00, 0x00, 0x00, 0x00, 0x00, 0x00,
    0x00, 0x00, 0x00, 0x00, 0x00, 0x00, 0x00, 0x00, 0x00, 0x00, 0x00, 0x00, 0x00, 0x00, 0x00, 0x00,
    0x00, 0x00, 0x00, 0x00, 0x00, 0x00, 0x00, 0x00, 0x00, 0x00, 0x00, 0x00, 0x00, 0x00, 0x00, 0x00,
    0x00, 0x00, 0x00, 0x00, 0x00, 0x00, 0x00, 0x00, 0x00, 0x00, 0x00, 0x00, 0x00, 0x00, 0x00, 0x00,
    0x00, 0x00, 0x01, 0x02, 0x03, 0x02, 0x01, 0x00, 0x00, 0x00, 0x00, 0x00, 0x00, 0x04, 0x0F, 0x1E,
    0x31, 0x46, 0x5A, 0x71, 0x89, 0xA1, 0xB5, 0xC9, 0xDB, 0xEA, 0xF4, 0xFC, 0xFF, 0xFF, 0xFF, 0xFF,
    0xFF, 0xFF, 0xFF, 0xFF, 0xFE, 0xFD, 0xFC, 0xFB, 0xFA, 0xFA, 0xFA, 0xFB, 0xFB, 0xFC, 0xFC, 0xFD,
    0xFD, 0xFD, 0xFE, 0xFE, 0xFE, 0xFE, 0xFE, 0xFF, 0xFF, 0xFF, 0xFF, 0xFF, 0xFF, 0xFF, 0xFF, 0xFF,
    0xFF, 0xFF, 0xFF, 0xFF, 0xFF, 0xFF, 0xFF, 0xFF, 0xFF, 0xFF, 0xFF, 0xFF, 0xFF, 0xFF, 0xFF, 0xFF,
    0xFF, 0xFE, 0xFE, 0xFE, 0xFE, 0xFE, 0xFD, 0xFD, 0xFD, 0xFC, 0xFC, 0xFB, 0xFB, 0xFA, 0xFA, 0xFA,
    0xFB, 0xFC, 0xFD, 0xFE, 0xFF, 0xFF, 0xFF, 0xFF, 0xFF, 0xFF, 0xFF, 0xFF, 0xFB, 0xF3, 0xE9, 0xDA,
    0xC7, 0xB3, 0x9F, 0x88, 0x70, 0x5A, 0x45, 0x30, 0x1E, 0x0E, 0x03, 0x00, 0x00, 0x00, 0x00, 0x00,
    0x00, 0x01, 0x02, 0x03, 0x02, 0x01, 0x00, 0x00, 0x00, 0x00, 0x00, 0x00, 0x00, 0x00, 0x00, 0x00,
    0x00, 0x00, 0x00, 0x00, 0x00, 0x00, 0x00, 0x00, 0x00, 0x00, 0x00, 0x00, 0x00, 0x00, 0x00, 0x00,
    0x00, 0x00, 0x00, 0x00, 0x00, 0x00, 0x00, 0x00, 0x00, 0x00, 0x00, 0x00, 0x00, 0x00, 0x00, 0x00,
    0x00, 0x00, 0x00, 0x00, 0x00, 0x00, 0x00, 0x00, 0x00, 0x00, 0x00, 0x00, 0x00, 0x00, 0x00, 0x00,
    0x00, 0x00, 0x00, 0x00, 0x00, 0x00, 0x00, 0x00, 0x00, 0x00, 0x00, 0x00, 0x00, 0x00, 0x00, 0x00,
    0x00, 0x00, 0x00, 0x00, 0x00, 0x01, 0x03, 0x07, 0x0E, 0x1A, 0x29, 0x40, 0x5B, 0x77, 0x90, 0xA9,
    0xBF, 0xD1, 0xDF, 0xEB, 0xF4, 0xFB, 0xFD, 0xFF, 0xFF, 0xFF, 0xFF, 0xFF, 0xFE, 0xFD, 0xFC, 0xFC,
    0xFC, 0xFC, 0xFC, 0xFC, 0xFD, 0xFD, 0xFD, 0xFE, 0xFE, 0xFE, 0xFE, 0xFE, 0xFE, 0xFF, 0xFF, 0xFF,
    0xFF, 0xFF, 0xFF, 0xFF, 0xFF, 0xFF, 0xFF, 0xFF, 0xFF, 0xFF, 0xFF, 0xFF, 0xFF, 0xFF, 0xFF, 0xFF,
    0xFF, 0xFF, 0xFF, 0xFF, 0xFF, 0xFF, 0xFF, 0xFF, 0xFF, 0xFF, 0xFF, 0xFE, 0xFE, 0xFE, 0xFE, 0xFE,
    0xFE, 0xFD, 0xFD, 0xFC, 0xFC, 0xFC, 0xFC, 0xFC, 0xFC, 0xFC, 0xFD, 0xFE, 0xFF, 0xFF, 0xFF, 0xFF,
    0xFF, 0xFC, 0xFA, 0xF3, 0xEA, 0xDE, 0xD0, 0xBE, 0xA7, 0x8E, 0x75, 0x5A, 0x3F, 0x28, 0x19, 0x0D,
    0x07, 0x03, 0x01, 0x00, 0x00, 0x00, 0x00, 0x00, 0x00, 0x00, 0x00, 0x00, 0x00, 0x00, 0x00, 0x00,
    0x00, 0x00, 0x00, 0x00, 0x00, 0x00, 0x00, 0x00, 0x00, 0x00, 0x00, 0x00, 0x00, 0x00, 0x00, 0x00,
    0x00, 0x00, 0x00, 0x00, 0x00, 0x00, 0x00, 0x00, 0x00, 0x00, 0x00, 0x00, 0x00, 0x00, 0x00, 0x00,
    0x00, 0x00, 0x00, 0x00, 0x00, 0x00, 0x00, 0x00, 0x00, 0x00, 0x00, 0x00, 0x00, 0x00, 0x00, 0x00,
    0x00, 0x00, 0x00, 0x00, 0x00, 0x00, 0x00, 0x00, 0x00, 0x00, 0x00, 0x00, 0x00, 0x00, 0x00, 0x00,
    0x00, 0x00, 0x00, 0x00, 0x00, 0x00, 0x00, 0x01, 0x02, 0x02, 0x03, 0x03, 0x03, 0x01, 0x00, 0x00,
    0x00, 0x00, 0x09, 0x1C, 0x36, 0x52, 0x6B, 0x84, 0x9B, 0xAE, 0xBE, 0xCE, 0xDA, 0xE4, 0xEA, 0xF0,
    0xF7, 0xFB, 0xFD, 0xFF, 0xFF, 0xFF, 0xFF, 0xFF, 0xFF, 0xFF, 0xFF, 0xFF, 0xFF, 0xFF, 0xFF, 0xFF,
    0xFF, 0xFF, 0xFF, 0xFF, 0xFF, 0xFF, 0xFF, 0xFF, 0xFF, 0xFF, 0xFF, 0xFF, 0xFF, 0xFF, 0xFF, 0xFF,
    0xFF, 0xFF, 0xFF, 0xFF, 0xFF, 0xFF, 0xFF, 0xFF, 0xFF, 0xFF, 0xFF, 0xFF, 0xFF, 0xFF, 0xFF, 0xFF,
    0xFF, 0xFF, 0xFF, 0xFF, 0xFF, 0xFF, 0xFF, 0xFF, 0xFF, 0xFF, 0xFF, 0xFF, 0xFF, 0xFF, 0xFF, 0xFF,
    0xFF, 0xFF, 0xFF, 0xFF, 0xFF, 0xFD, 0xFB, 0xF7, 0xF0, 0xE9, 0xE3, 0xD9, 0xCD, 0xBD, 0xAD, 0x9A,
    0x82, 0x6A, 0x50, 0x35, 0x1B, 0x08, 0x00, 0x00, 0x00, 0x00, 0x01, 0x03, 0x03, 0x03, 0x02, 0x02,
    0x01, 0x00, 0x00, 0x00, 0x00, 0x00, 0x00, 0x00, 0x00, 0x00, 0x00, 0x00, 0x00, 0x00, 0x00, 0x00,
    0x00, 0x00, 0x00, 0x00, 0x00, 0x00, 0x00, 0x00, 0x00, 0x00, 0x00, 0x00, 0x00, 0x00, 0x00, 0x00,
    0x00, 0x00, 0x00, 0x00, 0x00, 0x00, 0x00, 0x00, 0x00, 0x00, 0x00, 0x00, 0x00, 0x00, 0x00, 0x00,
    0x00, 0x00, 0x00, 0x00, 0x00, 0x00, 0x00, 0x00, 0x00, 0x00, 0x00, 0x00, 0x00, 0x00, 0x00, 0x00,
    0x00, 0x00, 0x00, 0x00, 0x00, 0x00, 0x00, 0x00, 0x00, 0x00, 0x00, 0x00, 0x00, 0x00, 0x01, 0x01,
    0x02, 0x03, 0x04, 0x04, 0x03, 0x00, 0x00, 0x00, 0x00, 0x00, 0x00, 0x07, 0x1B, 0x31, 0x46, 0x5B,
    0x70, 0x82, 0x92, 0xA3, 0xB2, 0xC0, 0xCB, 0xD7, 0xE3, 0xED, 0xF4, 0xFB, 0xFF, 0xFF, 0xFF, 0xFF,
    0xFF, 0xFF, 0xFF, 0xFF, 0xFF, 0xFF, 0xFF, 0xFF, 0xFF, 0xFF, 0xFF, 0xFF, 0xFE, 0xFE, 0xFD, 0xFD,
    0xFC, 0xFC, 0xFC, 0xFC, 0xFC, 0xFC, 0xFC, 0xFC, 0xFC, 0xFC, 0xFC, 0xFC, 0xFC, 0xFC, 0xFC, 0xFC,
    0xFC, 0xFC, 0xFC, 0xFC, 0xFC, 0xFC, 0xFC, 0xFC, 0xFD, 0xFD, 0xFE, 0xFE, 0xFF, 0xFF, 0xFF, 0xFF,
    0xFF, 0xFF, 0xFF, 0xFF, 0xFF, 0xFF, 0xFF, 0xFF, 0xFF, 0xFF, 0xFF, 0xFF, 0xFB, 0xF4, 0xED, 0xE3,
    0xD7, 0xCA, 0xC0, 0xB2, 0xA2, 0x91, 0x81, 0x6F, 0x5A, 0x45, 0x30, 0x1A, 0x06, 0x00, 0x00, 0x00,
    0x00, 0x00, 0x00, 0x03, 0x04, 0x04, 0x03, 0x02, 0x01, 0x01, 0x00, 0x00, 0x00, 0x00, 0x00, 0x00,
    0x00, 0x00, 0x00, 0x00, 0x00, 0x00, 0x00, 0x00, 0x00, 0x00, 0x00, 0x00, 0x00, 0x00, 0x00, 0x00,
    0x00, 0x00, 0x00, 0x00, 0x00, 0x00, 0x00, 0x00, 0x00, 0x00, 0x00, 0x00, 0x00, 0x00, 0x00, 0x00,
    0x00, 0x00, 0x00, 0x00, 0x00, 0x00, 0x00, 0x00, 0x00, 0x00, 0x00, 0x00, 0x00, 0x00, 0x00, 0x00,
    0x00, 0x00, 0x00, 0x00, 0x00, 0x00, 0x00, 0x00, 0x00, 0x00, 0x00, 0x00, 0x00, 0x00, 0x00, 0x00,
    0x00, 0x00, 0x00, 0x00, 0x00, 0x00, 0x00, 0x01, 0x01, 0x02, 0x02, 0x02, 0x01, 0x00, 0x00, 0x00,
    0x00, 0x00, 0x00, 0x00, 0x0A, 0x18, 0x25, 0x33, 0x43, 0x52, 0x60, 0x71, 0x83, 0x94, 0xA3, 0xB5,
    0xC6, 0xD5, 0xE2, 0xEE, 0xF9, 0xFF, 0xFF, 0xFF, 0xFF, 0xFF, 0xFF, 0xFF, 0xFF, 0xFF, 0xFF, 0xFF,
    0xFF, 0xFF, 0xFE, 0xFD, 0xFC, 0xFB, 0xFB, 0xFA, 0xF9, 0xF9, 0xF9, 0xF8, 0xF8, 0xF8, 0xF9, 0xF9,
    0xF9, 0xF9, 0xF9, 0xF9, 0xF9, 0xF9, 0xF9, 0xF9, 0xF9, 0xF9, 0xF8, 0xF8, 0xF8, 0xF9, 0xF9, 0xF9,
    0xFA, 0xFB, 0xFB, 0xFC, 0xFD, 0xFE, 0xFF, 0xFF, 0xFF, 0xFF, 0xFF, 0xFF, 0xFF, 0xFF, 0xFF, 0xFF,
    0xFF, 0xFF, 0xFF, 0xF9, 0xEE, 0xE2, 0xD5, 0xC6, 0xB5, 0xA3, 0x94, 0x82, 0x71, 0x60, 0x51, 0x42,
    0x32, 0x24, 0x17, 0x0A, 0x00, 0x00, 0x00, 0x00, 0x00, 0x00, 0x00, 0x01, 0x02, 0x02, 0x02, 0x01,
    0x01, 0x00, 0x00, 0x00, 0x00, 0x00, 0x00, 0x00, 0x00, 0x00, 0x00, 0x00, 0x00, 0x00, 0x00, 0x00,
    0x00, 0x00, 0x00, 0x00, 0x00, 0x00, 0x00, 0x00, 0x00, 0x00, 0x00, 0x00, 0x00, 0x00, 0x00, 0x00,
    0x00, 0x00, 0x00, 0x00, 0x00, 0x00, 0x00, 0x00, 0x00, 0x00, 0x00, 0x00, 0x00, 0x00, 0x00, 0x00,
    0x00, 0x00, 0x00, 0x00, 0x00, 0x00, 0x00, 0x00, 0x00, 0x00, 0x00, 0x00, 0x00, 0x00, 0x00, 0x00,
    0x00, 0x00, 0x00, 0x00, 0x00, 0x00, 0x00, 0x00, 0x00, 0x00, 0x00, 0x00, 0x00, 0x00, 0x00, 0x00,
    0x00, 0x00, 0x00, 0x00, 0x00, 0x00, 0x00, 0x00, 0x00, 0x00, 0x00, 0x00, 0x03, 0x07, 0x0C, 0x14,
    0x1E, 0x29, 0x35, 0x44, 0x56, 0x68, 0x7A, 0x8F, 0xA3, 0xB6, 0xC7, 0xD7, 0xE5, 0xF0, 0xF7, 0xFE,
    0xFF, 0xFF, 0xFF, 0xFF, 0xFF, 0xFF, 0xFF, 0xFF, 0xFF, 0xFE, 0xFE, 0xFD, 0xFD, 0xFC, 0xFC, 0xFB,
    0xFB, 0xFB, 0xFB, 0xFB, 0xFB, 0xFB, 0xFB, 0xFB, 0xFB, 0xFB, 0xFB, 0xFB, 0xFB, 0xFB, 0xFB, 0xFB,
    0xFB, 0xFB, 0xFB, 0xFB, 0xFB, 0xFB, 0xFB, 0xFB, 0xFB, 0xFC, 0xFC, 0xFD, 0xFD, 0xFE, 0xFE, 0xFF,
    0xFF, 0xFF, 0xFF, 0xFF, 0xFF, 0xFF, 0xFF, 0xFF, 0xFE, 0xF7, 0xF0, 0xE5, 0xD7, 0xC7, 0xB7, 0xA3,
    0x8F, 0x7A, 0x68, 0x56, 0x44, 0x35, 0x29, 0x1E, 0x14, 0x0C, 0x07, 0x03, 0x00, 0x00, 0x00, 0x00,
    0x00, 0x00, 0x00, 0x00, 0x00, 0x00, 0x00, 0x00, 0x00, 0x00, 0x00, 0x00, 0x00, 0x00, 0x00, 0x00,
    0x00, 0x00, 0x00, 0x00, 0x00, 0x00, 0x00, 0x00, 0x00, 0x00, 0x00, 0x00, 0x00, 0x00, 0x00, 0x00,
    0x00, 0x00, 0x00, 0x00, 0x00, 0x00, 0x00, 0x00, 0x00, 0x00, 0x00, 0x00, 0x00, 0x00, 0x00, 0x00,
    0x00, 0x00, 0x00, 0x00, 0x00, 0x00, 0x00, 0x00, 0x00, 0x00, 0x00, 0x00, 0x00, 0x00, 0x00, 0x00,
    0x00, 0x00, 0x00, 0x00, 0x00, 0x00, 0x00, 0x00, 0x00, 0x00, 0x00, 0x00, 0x00, 0x00, 0x00, 0x00,
    0x00, 0x00, 0x00, 0x00, 0x00, 0x00, 0x00, 0x00, 0x00, 0x00, 0x00, 0x00, 0x01, 0x01, 0x02, 0x02,
    0x04, 0x03, 0x02, 0x01, 0x00, 0x00, 0x00, 0x01, 0x07, 0x0E, 0x17, 0x23, 0x33, 0x44, 0x55, 0x6A,
    0x7E, 0x92, 0xA3, 0xB5, 0xC4, 0xD0, 0xD9, 0xE2, 0xEA, 0xEF, 0xF2, 0xF5, 0xF8, 0xFA, 0xFC, 0xFD,
    0xFF, 0xFF, 0xFF, 0xFF, 0xFF, 0xFF, 0xFF, 0xFF, 0xFF, 0xFF, 0xFF, 0xFF, 0xFF, 0xFF, 0xFF, 0xFF,
    0xFF, 0xFF, 0xFF, 0xFF, 0xFF, 0xFF, 0xFF, 0xFF, 0xFF, 0xFF, 0xFF, 0xFF, 0xFF, 0xFF, 0xFF, 0xFF,
    0xFF, 0xFF, 0xFF, 0xFF, 0xFF, 0xFF, 0xFF, 0xFF, 0xFD, 0xFC, 0xFA, 0xF8, 0xF5, 0xF2, 0xEF, 0xEA,
    0xE2, 0xD9, 0xD0, 0xC4, 0xB4, 0xA3, 0x92, 0x7E, 0x6A, 0x55, 0x44, 0x33, 0x23, 0x17, 0x0E, 0x07,
    0x01, 0x00, 0x00, 0x00, 0x01, 0x03, 0x03, 0x04, 0x02, 0x02, 0x01, 0x00, 0x00, 0x00, 0x00, 0x00,
    0x00, 0x00, 0x00, 0x00, 0x00, 0x00, 0x00, 0x00, 0x00, 0x00, 0x00, 0x00, 0x00, 0x00, 0x00, 0x00,
    0x00, 0x00, 0x00, 0x00, 0x00, 0x00, 0x00, 0x00, 0x00, 0x00, 0x00, 0x00, 0x00, 0x00, 0x00, 0x00,
    0x00, 0x00, 0x00, 0x00, 0x00, 0x00, 0x00, 0x00, 0x00, 0x00, 0x00, 0x00, 0x00, 0x00, 0x00, 0x00,
    0x00, 0x00, 0x00, 0x00, 0x00, 0x00, 0x00, 0x00, 0x00, 0x00, 0x00, 0x00, 0x00, 0x00, 0x00, 0x00,
    0x00, 0x00, 0x00, 0x00, 0x00, 0x00, 0x00, 0x00, 0x00, 0x00, 0x00, 0x00, 0x00, 0x00, 0x00, 0x00,
    0x00, 0x00, 0x00, 0x00, 0x01, 0x02, 0x03, 0x04, 0x05, 0x04, 0x03, 0x01, 0x00, 0x00, 0x00, 0x00,
    0x00, 0x00, 0x05, 0x0E, 0x1A, 0x27, 0x35, 0x47, 0x58, 0x6A, 0x79, 0x88, 0x97, 0xA3, 0xAC, 0xB6,
    0xC0, 0xC9, 0xD1, 0xDA, 0xE3, 0xEC, 0xF3, 0xF8, 0xFE, 0xFF, 0xFF, 0xFF, 0xFF, 0xFF, 0xFF, 0xFF,
    0xFF, 0xFF, 0xFF, 0xFF, 0xFF, 0xFF, 0xFF, 0xFF, 0xFF, 0xFF, 0xFF, 0xFF, 0xFF, 0xFF, 0xFF, 0xFF,
    0xFF, 0xFF, 0xFF, 0xFF, 0xFF, 0xFF, 0xFF, 0xFF, 0xFF, 0xFF, 0xFF, 0xFF, 0xFF, 0xFF, 0xFF, 0xFF,
    0xF8, 0xF3, 0xEC, 0xE3, 0xDA, 0xD0, 0xC9, 0xBF, 0xB6, 0xAC, 0xA3, 0x97, 0x88, 0x78, 0x69, 0x58,
    0x46, 0x35, 0x27, 0x1A, 0x0E, 0x05, 0x00, 0x00, 0x00, 0x00, 0x00, 0x00, 0x01, 0x03, 0x05, 0x06,
    0x04, 0x03, 0x01, 0x01, 0x00, 0x00, 0x00, 0x00, 0x00, 0x00, 0x00, 0x00, 0x00, 0x00, 0x00, 0x00,
    0x00, 0x00, 0x00, 0x00, 0x00, 0x00, 0x00, 0x00, 0x00, 0x00, 0x00, 0x00, 0x00, 0x00, 0x00, 0x00,
    0x00, 0x00, 0x00, 0x00, 0x00, 0x00, 0x00, 0x00, 0x00, 0x00, 0x00, 0x00, 0x00, 0x00, 0x00, 0x00,
    0x00, 0x00, 0x00, 0x00, 0x00, 0x00, 0x00, 0x00, 0x00, 0x00, 0x00, 0x00, 0x00, 0x00, 0x00, 0x00,
    0x00, 0x00, 0x00, 0x00, 0x00, 0x00, 0x00, 0x00, 0x00, 0x00, 0x00, 0x00, 0x00, 0x00, 0x00, 0x00,
    0x00, 0x00, 0x00, 0x00, 0x00, 0x00, 0x00, 0x00, 0x00, 0x00, 0x00, 0x00, 0x00, 0x01, 0x01, 0x02,
    0x03, 0x02, 0x01, 0x00, 0x00, 0x00, 0x00, 0x00, 0x00, 0x00, 0x00, 0x03, 0x0A, 0x12, 0x1B, 0x27,
    0x34, 0x41, 0x4B, 0x57, 0x63, 0x6D, 0x75, 0x7F, 0x8B, 0x98, 0xA4, 0xB3, 0xC4, 0xD4, 0xE0, 0xEB,
    0xF4, 0xFC, 0xFF, 0xFF, 0xFF, 0xFF, 0xFF, 0xFF, 0xFF, 0xFF, 0xFF, 0xFF, 0xFF, 0xFF, 0xFF, 0xFF,
    0xFF, 0xFF, 0xFF, 0xFF, 0xFF, 0xFF, 0xFF, 0xFF, 0xFF, 0xFF, 0xFF, 0xFF, 0xFF, 0xFF, 0xFF, 0xFF,
    0xFF, 0xFF, 0xFF, 0xFF, 0xFF, 0xFF, 0xFC, 0xF5, 0xEB, 0xE0, 0xD3, 0xC4, 0xB3, 0xA3, 0x97, 0x8A,
    0x7F, 0x75, 0x6D, 0x63, 0x56, 0x4B, 0x40, 0x34, 0x27, 0x1B, 0x12, 0x0A, 0x03, 0x00, 0x00, 0x00,
    0x00, 0x00, 0x00, 0x00, 0x00, 0x01, 0x02, 0x03, 0x02, 0x01, 0x01, 0x00, 0x00, 0x00, 0x00, 0x00,
    0x00, 0x00, 0x00, 0x00, 0x00, 0x00, 0x00, 0x00, 0x00, 0x00, 0x00, 0x00, 0x00, 0x00, 0x00, 0x00,
    0x00, 0x00, 0x00, 0x00, 0x00, 0x00, 0x00, 0x00, 0x00, 0x00, 0x00, 0x00, 0x00, 0x00, 0x00, 0x00,
    0x00, 0x00, 0x00, 0x00, 0x00, 0x00, 0x00, 0x00, 0x00, 0x00, 0x00, 0x00, 0x00, 0x00, 0x00, 0x00,
    0x00, 0x00, 0x00, 0x00, 0x00, 0x00, 0x00, 0x00, 0x00, 0x00, 0x00, 0x00, 0x00, 0x00, 0x00, 0x00,
    0x00, 0x00, 0x00, 0x00, 0x00, 0x00, 0x00, 0x00, 0x00, 0x00, 0x00, 0x00, 0x00, 0x00, 0x00, 0x00,
    0x00, 0x00, 0x00, 0x00, 0x00, 0x00, 0x00, 0x00, 0x00, 0x00, 0x00, 0x00, 0x00, 0x00, 0x00, 0x00,
    0x00, 0x00, 0x00, 0x00, 0x02, 0x05, 0x09, 0x10, 0x16, 0x1E, 0x24, 0x2B, 0x33, 0x3A, 0x41, 0x4A,
    0x56, 0x64, 0x73, 0x86, 0x9B, 0xAF, 0xBF, 0xCD, 0xD8, 0xE2, 0xE8, 0xEF, 0xF6, 0xFC, 0xFF, 0xFF,
    0xFF, 0xFF, 0xFF, 0xFF, 0xFF, 0xFF, 0xFF, 0xFF, 0xFF, 0xFF, 0xFF, 0xFF, 0xFF, 0xFF, 0xFF, 0xFF,
    0xFF, 0xFF, 0xFF, 0xFF, 0xFF, 0xFF, 0xFF, 0xFF, 0xFF, 0xFF, 0xFC, 0xF6, 0xEF, 0xE8, 0xE2, 0xD9,
    0xCD, 0xBF, 0xAE, 0x9A, 0x86, 0x72, 0x63, 0x55, 0x4A, 0x41, 0x3A, 0x33, 0x2A, 0x23, 0x1D, 0x16,
    0x0F, 0x0A, 0x05, 0x02, 0x00, 0x00, 0x00, 0x00, 0x00, 0x00, 0x00, 0x00, 0x00, 0x00, 0x00, 0x00,
    0x00, 0x00, 0x00, 0x00, 0x00, 0x00, 0x00, 0x00, 0x00, 0x00, 0x00, 0x00, 0x00, 0x00, 0x00, 0x00,
    0x00, 0x00, 0x00, 0x00, 0x00, 0x00, 0x00, 0x00, 0x00, 0x00, 0x00, 0x00, 0x00, 0x00, 0x00, 0x00,
    0x00, 0x00, 0x00, 0x00, 0x00, 0x00, 0x00, 0x00, 0x00, 0x00, 0x00, 0x00, 0x00, 0x00, 0x00, 0x00,
    0x00, 0x00, 0x00, 0x00, 0x00, 0x00, 0x00, 0x00, 0x00, 0x00, 0x00, 0x00, 0x00, 0x00, 0x00, 0x00,
    0x00, 0x00, 0x00, 0x00, 0x00, 0x00, 0x00, 0x00, 0x00, 0x00, 0x00, 0x00, 0x00, 0x00, 0x00, 0x00,
    0x00, 0x00, 0x00, 0x00, 0x00, 0x00, 0x00, 0x00, 0x00, 0x00, 0x00, 0x00, 0x00, 0x00, 0x00, 0x00,
    0x00, 0x00, 0x00, 0x01, 0x01, 0x02, 0x02, 0x02, 0x02, 0x02, 0x01, 0x00, 0x00, 0x00, 0x00, 0x02,
    0x04, 0x08, 0x0A, 0x0D, 0x12, 0x16, 0x1B, 0x22, 0x2C, 0x39, 0x47, 0x59, 0x6E, 0x82, 0x91, 0x9E,
    0xAA, 0xB3, 0xB9, 0xC0, 0xC7, 0xCC, 0xD0, 0xD5, 0xDA, 0xDE, 0xE0, 0xE2, 0xE4, 0xE6, 0xE6, 0xE6,
    0xE7, 0xE7, 0xE7, 0xE8, 0xE8, 0xE8, 0xE7, 0xE7, 0xE7, 0xE6, 0xE6, 0xE4, 0xE2, 0xE0, 0xDE, 0xDA,
    0xD5, 0xD0, 0xCC, 0xC7, 0xC0, 0xB9, 0xB3, 0xAB, 0x9E, 0x91, 0x81, 0x6E, 0x59, 0x46, 0x38, 0x2B,
    0x22, 0x1B, 0x16, 0x12, 0x0C, 0x09, 0x07, 0x04, 0x01, 0x00, 0x00, 0x00, 0x00, 0x01, 0x02, 0x02,
    0x02, 0x02, 0x02, 0x01, 0x01, 0x00, 0x00, 0x00, 0x00, 0x00, 0x00, 0x00, 0x00, 0x00, 0x00, 0x00,
    0x00, 0x00, 0x00, 0x00, 0x00, 0x00, 0x00, 0x00, 0x00, 0x00, 0x00, 0x00, 0x00, 0x00, 0x00, 0x00,
    0x00, 0x00, 0x00, 0x00, 0x00, 0x00, 0x00, 0x00, 0x00, 0x00, 0x00, 0x00, 0x00, 0x00, 0x00, 0x00,
    0x00, 0x00, 0x00, 0x00, 0x00, 0x00, 0x00, 0x00, 0x00, 0x00, 0x00, 0x00, 0x00, 0x00, 0x00, 0x00,
    0x00, 0x00, 0x00, 0x00, 0x00, 0x00, 0x00, 0x00, 0x00, 0x00, 0x00, 0x00, 0x00, 0x00, 0x00, 0x00,
    0x00, 0x00, 0x00, 0x00, 0x00, 0x00, 0x00, 0x00, 0x00, 0x00, 0x00, 0x00, 0x00, 0x00, 0x00, 0x00,
    0x00, 0x00, 0x00, 0x00, 0x00, 0x00, 0x00, 0x00, 0x00, 0x00, 0x01, 0x01, 0x02, 0x03, 0x03, 0x03,
    0x03, 0x02, 0x01, 0x00, 0x00, 0x00, 0x00, 0x00, 0x00, 0x00, 0x00, 0x00, 0x01, 0x03, 0x06, 0x0B,
    0x12, 0x1B, 0x27, 0x34, 0x45, 0x54, 0x60, 0x6A, 0x73, 0x7B, 0x7F, 0x84, 0x89, 0x8E, 0x91, 0x95,
    0x99, 0x9C, 0x9F, 0xA2, 0xA5, 0xA7, 0xA9, 0xAB, 0xAC, 0xAD, 0xAE, 0xAE, 0xAF, 0xAE, 0xAE, 0xAC,
    0xAB, 0xA9, 0xA7, 0xA4, 0xA2, 0x9F, 0x9C, 0x99, 0x95, 0x91, 0x8E, 0x89, 0x84, 0x7F, 0x7B, 0x74,
    0x6A, 0x60, 0x53, 0x44, 0x34, 0x26, 0x1B, 0x11, 0x0B, 0x06, 0x03, 0x01, 0x00, 0x00, 0x00, 0x00,
    0x00, 0x00, 0x00, 0x00, 0x00, 0x01, 0x02, 0x03, 0x03, 0x03, 0x02, 0x02, 0x01, 0x01, 0x00, 0x00,
    0x00, 0x00, 0x00, 0x00, 0x00, 0x00, 0x00, 0x00, 0x00, 0x00, 0x00, 0x00, 0x00, 0x00, 0x00, 0x00,
    0x00, 0x00, 0x00, 0x00, 0x00, 0x00, 0x00, 0x00, 0x00, 0x00, 0x00, 0x00, 0x00, 0x00, 0x00, 0x00,
    0x00, 0x00, 0x00, 0x00, 0x00, 0x00, 0x00, 0x00, 0x00, 0x00, 0x00, 0x00, 0x00, 0x00, 0x00, 0x00,
    0x00, 0x00, 0x00, 0x00, 0x00, 0x00, 0x00, 0x00, 0x00, 0x00, 0x00, 0x00, 0x00, 0x00, 0x00, 0x00,
    0x00, 0x00, 0x00, 0x00, 0x00, 0x00, 0x00, 0x00, 0x00, 0x00, 0x00, 0x00, 0x00, 0x00, 0x00, 0x00,
    0x00, 0x00, 0x00, 0x00, 0x00, 0x00, 0x00, 0x00, 0x00, 0x00, 0x00, 0x00, 0x00, 0x00, 0x00, 0x00,
    0x00, 0x00, 0x00, 0x01, 0x01, 0x01, 0x01, 0x01, 0x01, 0x00, 0x00, 0x00, 0x00, 0x00, 0x00, 0x00,
    0x00, 0x00, 0x00, 0x00, 0x00, 0x00, 0x00, 0x01, 0x05, 0x0B, 0x12, 0x1A, 0x24, 0x2D, 0x35, 0x3B,
    0x41, 0x46, 0x48, 0x4C, 0x4F, 0x52, 0x54, 0x56, 0x59, 0x5C, 0x5F, 0x62, 0x66, 0x6A, 0x6D, 0x6F,
    0x71, 0x73, 0x75, 0x76, 0x76, 0x76, 0x74, 0x72, 0x70, 0x6D, 0x6A, 0x65, 0x62, 0x5F, 0x5C, 0x59,
    0x56, 0x54, 0x52, 0x4F, 0x4C, 0x48, 0x46, 0x41, 0x3B, 0x35, 0x2D, 0x23, 0x1A, 0x11, 0x0A, 0x05,
    0x01, 0x00, 0x00, 0x00, 0x00, 0x00, 0x00, 0x00, 0x00, 0x00, 0x00, 0x00, 0x00, 0x00, 0x00, 0x01,
    0x01, 0x01, 0x01, 0x01, 0x01, 0x00, 0x00, 0x00, 0x00, 0x00, 0x00, 0x00, 0x00, 0x00, 0x00, 0x00,
    0x00, 0x00, 0x00, 0x00, 0x00, 0x00, 0x00, 0x00, 0x00, 0x00, 0x00, 0x00, 0x00, 0x00, 0x00, 0x00,
    0x00, 0x00, 0x00, 0x00, 0x00, 0x00, 0x00, 0x00, 0x00, 0x00, 0x00, 0x00, 0x00, 0x00, 0x00, 0x00,
    0x00, 0x00, 0x00, 0x00, 0x00, 0x00, 0x00, 0x00, 0x00, 0x00, 0x00, 0x00, 0x00, 0x00, 0x00, 0x00,
    0x00, 0x00, 0x00, 0x00, 0x00, 0x00, 0x00, 0x00, 0x00, 0x00, 0x00, 0x00, 0x00, 0x00, 0x00, 0x00,
    0x00, 0x00, 0x00, 0x00, 0x00, 0x00, 0x00, 0x00, 0x00, 0x00, 0x00, 0x00, 0x00, 0x00, 0x00, 0x00,
    0x00, 0x00, 0x00, 0x00, 0x00, 0x00, 0x00, 0x00, 0x00, 0x00, 0x00, 0x00, 0x00, 0x00, 0x00, 0x00,
    0x00, 0x00, 0x00, 0x00, 0x00, 0x00, 0x00, 0x00, 0x00, 0x00, 0x00, 0x00, 0x00, 0x00, 0x00, 0x00,
    0x01, 0x03, 0x06, 0x09, 0x0E, 0x12, 0x15, 0x18, 0x1B, 0x1D, 0x1E, 0x20, 0x21, 0x23, 0x23, 0x25,
    0x26, 0x29, 0x2B, 0x2F, 0x34, 0x39, 0x3C, 0x40, 0x43, 0x46, 0x47, 0x48, 0x49, 0x48, 0x46, 0x44,
    0x41, 0x3C, 0x39, 0x33, 0x2F, 0x2B, 0x29, 0x26, 0x25, 0x23, 0x23, 0x21, 0x20, 0x1E, 0x1D, 0x1B,
    0x18, 0x15, 0x12, 0x0E, 0x09, 0x06, 0x03, 0x01, 0x00, 0x00, 0x00, 0x00, 0x00, 0x00, 0x00, 0x00,
    0x00, 0x00, 0x00, 0x00, 0x00, 0x00, 0x00, 0x00, 0x00, 0x00, 0x00, 0x00, 0x00, 0x00, 0x00, 0x00,
    0x00, 0x00, 0x00, 0x00, 0x00, 0x00, 0x00, 0x00, 0x00, 0x00, 0x00, 0x00, 0x00, 0x00, 0x00, 0x00,
    0x00, 0x00, 0x00, 0x00, 0x00, 0x00, 0x00, 0x00, 0x00, 0x00, 0x00, 0x00, 0x00, 0x00, 0x00, 0x00,
    0x00, 0x00, 0x00, 0x00, 0x00, 0x00, 0x00, 0x00, 0x00, 0x00, 0x00, 0x00, 0x00, 0x00, 0x00, 0x00,
    0x00, 0x00, 0x00, 0x00, 0x00, 0x00, 0x00, 0x00, 0x00, 0x00, 0x00, 0x00, 0x00, 0x00, 0x00, 0x00,
    0x00, 0x00, 0x00, 0x00, 0x00, 0x00, 0x00, 0x00, 0x00, 0x00, 0x00, 0x00, 0x00, 0x00, 0x00, 0x00,
    0x00, 0x00, 0x00, 0x00, 0x00, 0x00, 0x00, 0x00, 0x00, 0x00, 0x00, 0x00, 0x00, 0x00, 0x00, 0x00,
    0x00, 0x00, 0x00, 0x00, 0x00, 0x00, 0x00, 0x00, 0x00, 0x01, 0x01, 0x01, 0x01, 0x02, 0x02, 0x02,
    0x02, 0x02, 0x02, 0x02, 0x02, 0x02, 0x01, 0x01, 0x01, 0x00, 0x00, 0x00, 0x00, 0x00, 0x01, 0x00,
    0x01, 0x02, 0x01, 0x01, 0x02, 0x02, 0x02, 0x03, 0x03, 0x05, 0x08, 0x0C, 0x11, 0x17, 0x1B, 0x1F,
    0x22, 0x26, 0x28, 0x29, 0x2A, 0x29, 0x27, 0x23, 0x20, 0x1B, 0x17, 0x10, 0x0C, 0x08, 0x05, 0x03,
    0x03, 0x02, 0x02, 0x02, 0x01, 0x01, 0x02, 0x01, 0x00, 0x01, 0x00, 0x00, 0x00, 0x00, 0x00, 0x01,
    0x01, 0x01, 0x02, 0x02, 0x02, 0x02, 0x02, 0x02, 0x02, 0x02, 0x02, 0x01, 0x01, 0x01, 0x01, 0x00,
    0x00, 0x00, 0x00, 0x00, 0x00, 0x00, 0x00, 0x00, 0x00, 0x00, 0x00, 0x00, 0x00, 0x00, 0x00, 0x00,
    0x00, 0x00, 0x00, 0x00, 0x00, 0x00, 0x00, 0x00, 0x00, 0x00, 0x00, 0x00, 0x00, 0x00, 0x00, 0x00,
    0x00, 0x00, 0x00, 0x00, 0x00, 0x00, 0x00, 0x00, 0x00, 0x00, 0x00, 0x00, 0x00, 0x00, 0x00, 0x00,
    0x00, 0x00, 0x00, 0x00, 0x00, 0x00, 0x00, 0x00, 0x00, 0x00, 0x00, 0x00, 0x00, 0x00, 0x00, 0x00,
    0x00, 0x00, 0x00, 0x00, 0x00, 0x00, 0x00, 0x00, 0x00, 0x00, 0x00, 0x00, 0x00, 0x00, 0x00, 0x00,
    0x00, 0x00, 0x00, 0x00, 0x00, 0x00, 0x00, 0x00, 0x00, 0x00, 0x00, 0x00, 0x00, 0x00, 0x00, 0x00,
    0x00, 0x00, 0x00, 0x00, 0x00, 0x00, 0x00, 0x00, 0x00, 0x00, 0x00, 0x00, 0x00, 0x00, 0x00, 0x00,
    0x01, 0x01, 0x02, 0x02, 0x03, 0x04, 0x04, 0x04, 0x04, 0x04, 0x04, 0x03, 0x03, 0x02, 0x01, 0x00,
    0x00, 0x00, 0x00, 0x00, 0x00, 0x00, 0x00, 0x00, 0x00, 0x00, 0x00, 0x00, 0x00, 0x00, 0x00, 0x00,
    0x00, 0x00, 0x00, 0x00, 0x00, 0x00, 0x04, 0x08, 0x0C, 0x0F, 0x12, 0x13, 0x14, 0x13, 0x10, 0x0D,
    0x09, 0x04, 0x00, 0x00, 0x00, 0x00, 0x00, 0x00, 0x00, 0x00, 0x00, 0x00, 0x00, 0x00, 0x00, 0x00,
    0x00, 0x00, 0x00, 0x00, 0x00, 0x00, 0x00, 0x00, 0x00, 0x01, 0x02, 0x03, 0x04, 0x04, 0x04, 0x04,
    0x04, 0x04, 0x04, 0x03, 0x02, 0x02, 0x01, 0x01, 0x00, 0x00, 0x00, 0x00, 0x00, 0x00, 0x00, 0x00,
    0x00, 0x00, 0x00, 0x00, 0x00, 0x00, 0x00, 0x00, 0x00, 0x00, 0x00, 0x00, 0x00, 0x00, 0x00, 0x00,
    0x00, 0x00, 0x00, 0x00, 0x00, 0x00, 0x00, 0x00, 0x00, 0x00, 0x00, 0x00, 0x00, 0x00, 0x00, 0x00,
    0x00, 0x00, 0x00, 0x00, 0x00, 0x00, 0x00, 0x00, 0x00, 0x00, 0x00, 0x00, 0x00, 0x00, 0x00, 0x00,
};
